clause_id,document_id,parent_clause_id,chapter,section,clause_number,clause_title,start_page,end_page,raw_text,normalized_text,summary,content_type,source_element_ids,review_status,review_memo
LAW1-1_1_1,LAW1,,제1장 총 칙,제1절 목 적,1-1-1,,1,1,1-1-1. 이 기준은 「서울특별시 안심주택 공급 지원에 관한 조례」(이하 “안심주택 조례”라 한다)에서 위임하는 사항과 그 시행에 필요한 사항을 규정함을 목적 으로 한다.,1-1-1. 이 기준은 「서울특별시 안심주택 공급 지원에 관한 조례」(이하 “안심주택 조례”라 한다)에서 위임하는 사항과 그 시행에 필요한 사항을 규정함을 목적 으로 한다.,,기준,LAW1-E1607,자동 추출,
LAW1-1_2_1,LAW1,,제1장 총 칙,제2절 적용범위 및 원칙,1-2-1,,1,1,"1-2-1. 이 기준은 청년․어르신․신혼부부 또는 1인가구를 입주대상으로 사업계획
을 수립하는 경우에 적용한다.",1-2-1. 이 기준은 청년․어르신․신혼부부 또는 1인가구를 입주대상으로 사업계획 을 수립하는 경우에 적용한다.,,기준,"LAW1-E1609,LAW1-E1610",자동 추출,
LAW1-1_2_2,LAW1,,제1장 총 칙,제2절 적용범위 및 원칙,1-2-2,,1,1,"1-2-2. 안심주택(안심주택 조례 제2장을 따른다) 사업계획 수립 시 「공공주택 특 별법」(이하 “공공주택법”이라 한다), 「민간임대주택에 관한 특별법」(이하 “민간임대주택법”이라 한다), 「국토의 계획 및 이용에 관한 법률」(이하 “국 토계획법”이라 한다), 「주택법」, 「건축법」 및 다른 법령 등에 특별한 규 정이 있는 경우를 제외하고는 이 기준이 정하는 바에 따른다.","1-2-2. 안심주택(안심주택 조례 제2장을 따른다) 사업계획 수립 시 「공공주택 특 별법」(이하 “공공주택법”이라 한다), 「민간임대주택에 관한 특별법」(이하 “민간임대주택법”이라 한다), 「국토의 계획 및 이용에 관한 법률」(이하 “국 토계획법”이라 한다), 「주택법」, 「건축법」 및 다른 법령 등에 특별한 규 정이 있는 경우를 제외하고는 이 기준이 정하는 바에 따른다.",,기준,LAW1-E1611,자동 추출,
LAW1-1_3_1,LAW1,,제1장 총 칙,제3절 용어의 정의,1-3-1,,1,2,"1-3-1. “대중교통 중심지역”이란 안심주택 조례 제2조제1호의 지역으로 지하철 및 버스 등 대중교통의 편리한 이용이 가능한 지역으로 다음 각 목의 어느 하나 를 말한다.
가. “역세권”이란 안심주택 조례 제2조제1호 가목의 지역을 말하며, 지하철, 국 철 및 경전철 등의 역(개통이 예정된 역을 포함한다)의 각 승강장 경계로부터 직각으로 250미터 이내의 지역을 말한다. 서울특별시장(이하 ‘시장’이라 한
다)은 다음 어느 하나에 해당하는 경우 안심주택 조례 제20조에 따른 공공지 원민간임대주택 통합심의위원회의 심의를 거쳐 역의 각 승강장 경계 및 출입 구로부터 350미터 이내의 토지를 사업대상지로 지정할 수 있다. 이 경우 용 도지역 변경에 관한 사항도 350미터를 기준으로 한다.
1) 승강장 위치가 도로의 선형과 일치하지 않는 역의 경우(해당역은 충무로역, 신이문역, 왕십리역, 길음역, 신금호역, 신도림역, 신길역, 동작역, 개화산 역, 발산역, 종합운동장역, 일원역, 구룡역, 양재시민의숲역을 말한다)
[일반적인 경우]
역세권
범위
25Om
25Om
승강장
승강장 경계
[승강장이 도로선형과 일치하지 않는 경우]
역세권
25Om
범위
25Om
지하철 출입구 _
25Om
25Om
25Om
승강장
25Om
승강장 경계
지하철 출입구
2) 주변지역 여건을 고려하여 사업추진이 필요하다고 인정되는 경우
3) 개통이 예정된 역이란 지하철, 국철 및 경전철 등의 역으로서 재정사업은 사업계획이 승인된 경우, 민자사업은 사업시행자가 지정된 경우를 말한다.
나. “간선도로변”이란 안심주택 조례 제2조제1호나목의 지역을 말하며, 도로법 제14조(특별시도의 지정 ⸱ 고시)에 따라 고시 ⸱ 운영 중인 특별시도 중 1-3-1.가 목의 역세권 외부에 위치한 폭 20m 이상의 주간선도로, 보조간선도로의 경 계로부터 직각으로 50m 이내의 지역을 말한다.(도시고속도로는 제외한다)
[간선도로변]
간선 도로변
5Om ;'
역세권
간선 도로변
25Om
5Om
25Om
승강장
간선도로(2Om이상)
5Om
(2Om
간선 도로변
이상)","1-3-1. “대중교통 중심지역”이란 안심주택 조례 제2조제1호의 지역으로 지하철 및 버스 등 대중교통의 편리한 이용이 가능한 지역으로 다음 각 목의 어느 하나 를 말한다. 가. “역세권”이란 안심주택 조례 제2조제1호 가목의 지역을 말하며, 지하철, 국 철 및 경전철 등의 역(개통이 예정된 역을 포함한다)의 각 승강장 경계로부터 직각으로 250미터 이내의 지역을 말한다. 서울특별시장(이하 ‘시장’이라 한 다)은 다음 어느 하나에 해당하는 경우 안심주택 조례 제20조에 따른 공공지 원민간임대주택 통합심의위원회의 심의를 거쳐 역의 각 승강장 경계 및 출입 구로부터 350미터 이내의 토지를 사업대상지로 지정할 수 있다. 이 경우 용 도지역 변경에 관한 사항도 350미터를 기준으로 한다. 1) 승강장 위치가 도로의 선형과 일치하지 않는 역의 경우(해당역은 충무로역, 신이문역, 왕십리역, 길음역, 신금호역, 신도림역, 신길역, 동작역, 개화산 역, 발산역, 종합운동장역, 일원역, 구룡역, 양재시민의숲역을 말한다) [일반적인 경우] 역세권 범위 25Om 25Om 승강장 승강장 경계 [승강장이 도로선형과 일치하지 않는 경우] 역세권 25Om 범위 25Om 지하철 출입구 _ 25Om 25Om 25Om 승강장 25Om 승강장 경계 지하철 출입구 2) 주변지역 여건을 고려하여 사업추진이 필요하다고 인정되는 경우 3) 개통이 예정된 역이란 지하철, 국철 및 경전철 등의 역으로서 재정사업은 사업계획이 승인된 경우, 민자사업은 사업시행자가 지정된 경우를 말한다. 나. “간선도로변”이란 안심주택 조례 제2조제1호나목의 지역을 말하며, 도로법 제14조(특별시도의 지정 ⸱ 고시)에 따라 고시 ⸱ 운영 중인 특별시도 중 1-3-1.가 목의 역세권 외부에 위치한 폭 20m 이상의 주간선도로, 보조간선도로의 경 계로부터 직각으로 50m 이내의 지역을 말한다.(도시고속도로는 제외한다) [간선도로변] 간선 도로변 5Om ;' 역세권 간선 도로변 25Om 5Om 25Om 승강장 간선도로(2Om이상) 5Om (2Om 간선 도로변 이상)",,표/도식 포함,"LAW1-E1613,LAW1-E1614,LAW1-E1615,LAW1-E1616,LAW1-E1617,LAW1-E1620,LAW1-E1622,LAW1-E1625,LAW1-E1626,LAW1-E1631,LAW1-E1633,LAW1-E1636,LAW1-E1618,LAW1-E1619,LAW1-E1621,LAW1-E1624,LAW1-E1623,LAW1-E1629,LAW1-E1628,LAW1-E1627,LAW1-E1630,LAW1-E1632,LAW1-E1634,LAW1-E1635,LAW1-E1637,LAW1-E1638,LAW1-P002-LIST-0037,LAW1-E1641,LAW1-E1643,LAW1-E1642,LAW1-E1644,LAW1-E1645,LAW1-E1646,LAW1-E1647,LAW1-E1648,LAW1-E1649,LAW1-E1651,LAW1-E1650,LAW1-E1652,LAW1-E1653,LAW1-E1654,LAW1-E1655,LAW1-E1656",자동 추출,
LAW1-1_3_2,LAW1,,제1장 총 칙,제3절 용어의 정의,1-3-2,,3,3,"1-3-2. “의료시설 중심지역”이란 안심주택 조례 제2조제2호의 지역으로 의료시설 대상부지 경계로부터 350미터 이내의 지역으로 다음 각 목의 어느 하나를 말한다.
가. 의료법 제3조에 따른 종합병원
나. 의료법 제3조에 따른 병원 중 서울특별시가 관리하는 시립병원
다. 지역보건법 제2조에 따른 보건소
미표시신",1-3-2. “의료시설 중심지역”이란 안심주택 조례 제2조제2호의 지역으로 의료시설 대상부지 경계로부터 350미터 이내의 지역으로 다음 각 목의 어느 하나를 말한다. 가. 의료법 제3조에 따른 종합병원 나. 의료법 제3조에 따른 병원 중 서울특별시가 관리하는 시립병원 다. 지역보건법 제2조에 따른 보건소 미표시신,,표/도식 포함,"LAW1-E1657,LAW1-P003-LIST-0055,LAW1-E1661,LAW1-E1662",자동 추출,
LAW1-1_3_3,LAW1,,제1장 총 칙,제3절 용어의 정의,1-3-3,,3,3,"1-3-3. “안심주택”이란 청년․어르신․신혼부부․1인가구 중 입주대상을 단독 또는 복합으로 공급하는 주택을 말한다. 이 때 청년은 안심주택 조례 제2조제3호, 신혼부부는 안심주택 조례 제2조제4호, 어르신은 안심주택 조례 제2조제5 호, 1인가구는 안심주택 조례 제2조제6호의 자격을 따른다.","1-3-3. “안심주택”이란 청년․어르신․신혼부부․1인가구 중 입주대상을 단독 또는 복합으로 공급하는 주택을 말한다. 이 때 청년은 안심주택 조례 제2조제3호, 신혼부부는 안심주택 조례 제2조제4호, 어르신은 안심주택 조례 제2조제5 호, 1인가구는 안심주택 조례 제2조제6호의 자격을 따른다.",,정의,LAW1-P003-LIST-0058,자동 추출,
LAW1-1_3_4,LAW1,,제1장 총 칙,제3절 용어의 정의,1-3-4,,3,3,"1-3-4. “서울형 공유주택”이란 안심주택 중 입주대상을 1인가구로 공급하는 주택으 로 조례 제2조제7호다목에 해당되는 주택을 말하며, 제3장의 기준을 따른 다.","1-3-4. “서울형 공유주택”이란 안심주택 중 입주대상을 1인가구로 공급하는 주택으 로 조례 제2조제7호다목에 해당되는 주택을 말하며, 제3장의 기준을 따른 다.",,정의,LAW1-P003-LIST-0058,자동 추출,
LAW1-1_3_5,LAW1,,제1장 총 칙,제3절 용어의 정의,1-3-5,,3,3,"1-3-5. “복합주택”이란 안심주택 중 1-3-3과 1-3-4의 주택을 하나의 대지에 복합 하여 건축하는 경우를 말하며, 제4장의 기준을 따른다.","1-3-5. “복합주택”이란 안심주택 중 1-3-3과 1-3-4의 주택을 하나의 대지에 복합 하여 건축하는 경우를 말하며, 제4장의 기준을 따른다.",,정의,LAW1-P003-LIST-0058,자동 추출,
LAW1-1_3_6,LAW1,,제1장 총 칙,제3절 용어의 정의,1-3-6,,3,3,"1-3-6. “공공임대주택”이란 안심주택 조례 제2조제7호 가목의 주택으로써, 서울주 택도시공사(이하 ‘SH공사’라 한다)가 사업시행자 전체 주택 연면적의 30% 이내에서 매입하여 공급 할 수 있다. 다만, 서울형 공유주택은 SH공사에서 매입하는 것을 제외한다.","1-3-6. “공공임대주택”이란 안심주택 조례 제2조제7호 가목의 주택으로써, 서울주 택도시공사(이하 ‘SH공사’라 한다)가 사업시행자 전체 주택 연면적의 30% 이내에서 매입하여 공급 할 수 있다. 다만, 서울형 공유주택은 SH공사에서 매입하는 것을 제외한다.",,정의,LAW1-P003-LIST-0058,자동 추출,
LAW1-1_3_7,LAW1,,제1장 총 칙,제3절 용어의 정의,1-3-7,,4,4,"1-3-7. “공공지원민간임대주택”이란 안심주택 조례 제2조제7호 나목의 주택으로써, 촉진지구에서 건설·공급되는 전체 주택 호수의 50% 이상으로 계획하여야 한 다. 공공지원민간임대주택 중 일반공급주택과 특별공급주택 공급비율은 민간 임대주택법에 따른다.","1-3-7. “공공지원민간임대주택”이란 안심주택 조례 제2조제7호 나목의 주택으로써, 촉진지구에서 건설·공급되는 전체 주택 호수의 50% 이상으로 계획하여야 한 다. 공공지원민간임대주택 중 일반공급주택과 특별공급주택 공급비율은 민간 임대주택법에 따른다.",,정의,LAW1-P004-LIST-0059,자동 추출,
LAW1-1_3_8,LAW1,,제1장 총 칙,제3절 용어의 정의,1-3-8,,4,4,"1-3-8. “분양주택”이란 관련 법령에 따라 공급하는 주택으로서, 복합 또는 단독으로 공급하는 경우와 상관없이 전체 주택호수의 최대 30%까지 분양주택으로 공 급할 수 있다. (주택연면적 기준: 분양주택 비율 + 10%P) ※ 서울형 공유주택과 복합하는 경우, 전체주택호수는 서울형 공유주택 실수를 제외한 호 수를 기준으로 산정한다.","1-3-8. “분양주택”이란 관련 법령에 따라 공급하는 주택으로서, 복합 또는 단독으로 공급하는 경우와 상관없이 전체 주택호수의 최대 30%까지 분양주택으로 공 급할 수 있다. (주택연면적 기준: 분양주택 비율 + 10%P) ※ 서울형 공유주택과 복합하는 경우, 전체주택호수는 서울형 공유주택 실수를 제외한 호 수를 기준으로 산정한다.",,정의,LAW1-P004-LIST-0059,자동 추출,
LAW1-1_3_9,LAW1,,제1장 총 칙,제3절 용어의 정의,1-3-9,,4,4,1-3-9. “기본용적률”이란 안심주택 조례 제2조제8호의 용적률을 말한다.,1-3-9. “기본용적률”이란 안심주택 조례 제2조제8호의 용적률을 말한다.,,정의,LAW1-P004-LIST-0059,자동 추출,
LAW1-1_3_10,LAW1,,제1장 총 칙,제3절 용어의 정의,1-3-10,,4,4,1-3-10. “상한용적률”이란 안심주택 조례 제2조제9호의 용적률을 말한다.,1-3-10. “상한용적률”이란 안심주택 조례 제2조제9호의 용적률을 말한다.,,정의,LAW1-P004-LIST-0059,자동 추출,
LAW1-1_3_11,LAW1,,제1장 총 칙,제3절 용어의 정의,1-3-11,,4,4,"1-3-11. “공공시설등”이란 「국토계획법」 제2조 제13호의 공공시설, 또는 「서울 특별시 도시계획 조례」(이하 “도시계획 조례”라 한다) 제20조 제2항의 기 반시설을 말한다.","1-3-11. “공공시설등”이란 「국토계획법」 제2조 제13호의 공공시설, 또는 「서울 특별시 도시계획 조례」(이하 “도시계획 조례”라 한다) 제20조 제2항의 기 반시설을 말한다.",,정의,LAW1-P004-LIST-0059,자동 추출,
LAW1-1_3_12,LAW1,,제1장 총 칙,제3절 용어의 정의,1-3-12,,4,4,"1-3-12. “관련 위원회”란 안심주택 조례 제20조에 따른 “공공지원민간임대주택 통
합심의위원회”를 말한다.",1-3-12. “관련 위원회”란 안심주택 조례 제20조에 따른 “공공지원민간임대주택 통 합심의위원회”를 말한다.,,본문,"LAW1-P004-LIST-0059,LAW1-E1674",자동 추출,
LAW1-1_3_13,LAW1,,제1장 총 칙,제3절 용어의 정의,1-3-13,,4,4,"1-3-13. “공공지원민간임대주택 운영자문위원회”란 공공지원민간임대주택 사업의 원활한 추진을 위하여 임대료 산정, 주민공동시설 및 서울형 공유주택의 공 유공간 운영방안 등에 대하여 자문하기 위한 위원회를 말한다.","1-3-13. “공공지원민간임대주택 운영자문위원회”란 공공지원민간임대주택 사업의 원활한 추진을 위하여 임대료 산정, 주민공동시설 및 서울형 공유주택의 공 유공간 운영방안 등에 대하여 자문하기 위한 위원회를 말한다.",,본문,LAW1-P004-LIST-0061,자동 추출,
LAW1-1_3_14,LAW1,,제1장 총 칙,제3절 용어의 정의,1-3-14,,4,4,"1-3-14. “공공기여율”이란 안심주택 조례 제2조 제10호의 ‘공공임대주택 등의 제공
비율’을 말한다.",1-3-14. “공공기여율”이란 안심주택 조례 제2조 제10호의 ‘공공임대주택 등의 제공 비율’을 말한다.,,정의,"LAW1-P004-LIST-0061,LAW1-E1677",자동 추출,
LAW1-1_3_15,LAW1,,제1장 총 칙,제3절 용어의 정의,1-3-15,,4,4,"1-3-15. “촉진지구”란 안심주택 조례 제2조 제11호의 ‘공공지원민간임대주택 촉진
지구’를 말한다.",1-3-15. “촉진지구”란 안심주택 조례 제2조 제11호의 ‘공공지원민간임대주택 촉진 지구’를 말한다.,,본문,"LAW1-E1678,LAW1-E1679",자동 추출,
LAW1-1_3_16,LAW1,,제1장 총 칙,제3절 용어의 정의,1-3-16,,4,4,"1-3-16. “커뮤니티 지원시설”이란 「주택건설기준 등에 관한 규정」 및 「서울특별 시 주택 조례」에 따른 주민공동시설과 별도로 지역사회 주민들이 공동으로 사용하거나 거주의 일상생활을 지원하는 시설을 말한다. (예시. 공용식당, 어 르신 관련 프로그램 지원시설, 데이케어센터, 공동육아 나눔터, 키즈카페 등) 다만, 서울형 공유주택은 제외한다.","1-3-16. “커뮤니티 지원시설”이란 「주택건설기준 등에 관한 규정」 및 「서울특별 시 주택 조례」에 따른 주민공동시설과 별도로 지역사회 주민들이 공동으로 사용하거나 거주의 일상생활을 지원하는 시설을 말한다. (예시. 공용식당, 어 르신 관련 프로그램 지원시설, 데이케어센터, 공동육아 나눔터, 키즈카페 등) 다만, 서울형 공유주택은 제외한다.",,정의,LAW1-E1680,자동 추출,
LAW1-1_3_17,LAW1,,제1장 총 칙,제3절 용어의 정의,1-3-17,,5,5,"1-3-17. “상생형 임차시설”이란 사업시행자가 비주거시설 일부를 임차가능시설로 계획하여 관리·운영비용을 제외한 임차수익을 임차인 관리비 인하를 위해 제 공할 목적으로 설치하는 시설을 말한다. 다만, 서울형 공유주택은 제외한다.","1-3-17. “상생형 임차시설”이란 사업시행자가 비주거시설 일부를 임차가능시설로 계획하여 관리·운영비용을 제외한 임차수익을 임차인 관리비 인하를 위해 제 공할 목적으로 설치하는 시설을 말한다. 다만, 서울형 공유주택은 제외한다.",,정의,LAW1-P005-LIST-0066,자동 추출,
LAW1-1_3_18,LAW1,,제1장 총 칙,제3절 용어의 정의,1-3-18,,5,5,"1-3-18. 서울형 공유주택은 “개인공간”, “공유공간”, “상생형 특화공간” 등이 있으며 다음과 같다.
가. “개인공간”이란 서울형 공유주택 내부에서 침실 등 개인이 거주하는 공간으로 지상층에 있는 것을 말한다.
나. “공유공간”이란 내부에서 개인공간과 이동을 위한 복도, 계단, 승강기 및 주 차장을 제외한 다수의 거주자가 공동으로 사용하는 거실․주방 등을 말한다.
다. “상생형 특화공간”이란 서울형 공유주택에서 사업시행자등이 비주거시설 일부 에 특화공간을 설치하여 입주자에게 사용료를 할인하고 일반인을 대상으로 수 익사업을 할 수 있는 유료 공유공간을 말한다.","1-3-18. 서울형 공유주택은 “개인공간”, “공유공간”, “상생형 특화공간” 등이 있으며 다음과 같다. 가. “개인공간”이란 서울형 공유주택 내부에서 침실 등 개인이 거주하는 공간으로 지상층에 있는 것을 말한다. 나. “공유공간”이란 내부에서 개인공간과 이동을 위한 복도, 계단, 승강기 및 주 차장을 제외한 다수의 거주자가 공동으로 사용하는 거실․주방 등을 말한다. 다. “상생형 특화공간”이란 서울형 공유주택에서 사업시행자등이 비주거시설 일부 에 특화공간을 설치하여 입주자에게 사용료를 할인하고 일반인을 대상으로 수 익사업을 할 수 있는 유료 공유공간을 말한다.",,정의,"LAW1-P005-LIST-0066,LAW1-P005-LIST-0067",자동 추출,
LAW1-2_1_1,LAW1,,"제2장 안심주택 (청년, 어르신, 신혼부부 대상)",제1절 사업대상지,2-1-1,,5,5,2-1-1. 안심주택의 사업대상지는 1-3-1 가목의 “역세권” 또는 나목의 “간선도로변” 또는 1-3-2의 “의료시설 중심지역” 중 하나로 한다. 이 경우 의료시설 중심 지역은 분양주택을 제외한 임대주택 100%를 어르신에게 공급하는 안심주택 에만 적용한다.,2-1-1. 안심주택의 사업대상지는 1-3-1 가목의 “역세권” 또는 나목의 “간선도로변” 또는 1-3-2의 “의료시설 중심지역” 중 하나로 한다. 이 경우 의료시설 중심 지역은 분양주택을 제외한 임대주택 100%를 어르신에게 공급하는 안심주택 에만 적용한다.,,본문,LAW1-P005-LIST-0070,자동 추출,
LAW1-2_1_2,LAW1,,"제2장 안심주택 (청년, 어르신, 신혼부부 대상)",제1절 사업대상지,2-1-2,,5,6,"2-1-2. 사업대상지의 최소 면적 기준은 1,000㎡로 한다. 다만, 분양주택을 제외한 임대주택을 어르신에게 100% 공급하는 경우, 자연녹지지역(개발제한구역 제외), 제1종일반주거지역은 2-1-1의 사업대상지 조건과 상관없이 최소 면
적 기준을 5,000㎡로 한다.","2-1-2. 사업대상지의 최소 면적 기준은 1,000㎡로 한다. 다만, 분양주택을 제외한 임대주택을 어르신에게 100% 공급하는 경우, 자연녹지지역(개발제한구역 제외), 제1종일반주거지역은 2-1-1의 사업대상지 조건과 상관없이 최소 면 적 기준을 5,000㎡로 한다.",,기준,"LAW1-P005-LIST-0070,LAW1-E1691",자동 추출,
LAW1-2_1_3,LAW1,,"제2장 안심주택 (청년, 어르신, 신혼부부 대상)",제1절 사업대상지,2-1-3,,6,6,"2-1-3. 안심주택(안심주택 조례 제5조 제1항을 따른다)에서 ‘시장이 정하는 지역’이 란 제1종일반주거지역, 제2종일반주거지역, 제3종일반주거지역, 준주거지역 을 말한다. 다만, 자연녹지지역, 제1종일반주거지역은 제2종일반주거지역으 로 용도지역 변경이 있는 경우(분양주택을 제외한 임대주택을 어르신에게 100% 공급하는 경우만 적용)에만 사업대상지에 해당되며, 제2종일반주거지 역 및 제3종일반주거지역은 준주거지역 이상으로 용도지역 변경이 있는 경우 에만 사업대상지로 한다.","2-1-3. 안심주택(안심주택 조례 제5조 제1항을 따른다)에서 ‘시장이 정하는 지역’이 란 제1종일반주거지역, 제2종일반주거지역, 제3종일반주거지역, 준주거지역 을 말한다. 다만, 자연녹지지역, 제1종일반주거지역은 제2종일반주거지역으 로 용도지역 변경이 있는 경우(분양주택을 제외한 임대주택을 어르신에게 100% 공급하는 경우만 적용)에만 사업대상지에 해당되며, 제2종일반주거지 역 및 제3종일반주거지역은 준주거지역 이상으로 용도지역 변경이 있는 경우 에만 사업대상지로 한다.",,기준,LAW1-P006-LIST-0072,자동 추출,
LAW1-2_1_4,LAW1,,"제2장 안심주택 (청년, 어르신, 신혼부부 대상)",제1절 사업대상지,2-1-4,,6,6,2-1-4. 사업대상지가 「도시계획 조례」에 따른 서울도심 기본계획의 범역 내에 위 치할 경우에는 “서울도심 기본계획”의 범위 내에서 용도지역의 변경 없이 율 곡로·사직로 북측과 퇴계로 남측지역을 제외한 일반상업지역에서 안심주택 사업을 추진할 수 있다.,2-1-4. 사업대상지가 「도시계획 조례」에 따른 서울도심 기본계획의 범역 내에 위 치할 경우에는 “서울도심 기본계획”의 범위 내에서 용도지역의 변경 없이 율 곡로·사직로 북측과 퇴계로 남측지역을 제외한 일반상업지역에서 안심주택 사업을 추진할 수 있다.,,본문,LAW1-P006-LIST-0072,자동 추출,
LAW1-2_1_5,LAW1,,"제2장 안심주택 (청년, 어르신, 신혼부부 대상)",제1절 사업대상지,2-1-5,,6,6,2-1-5. 시장은 특정 역세권 또는 자치구에 안심주택이 과도하게 밀집하는 경우 지 역 균형발전과 안심주택의 균형공급을 위해 추가적인 사업을 제한할 수 있다.,2-1-5. 시장은 특정 역세권 또는 자치구에 안심주택이 과도하게 밀집하는 경우 지 역 균형발전과 안심주택의 균형공급을 위해 추가적인 사업을 제한할 수 있다.,,본문,LAW1-P006-LIST-0072,자동 추출,
LAW1-2_1_6,LAW1,,"제2장 안심주택 (청년, 어르신, 신혼부부 대상)",제1절 사업대상지,2-1-6,,6,6,2-1-6. 「교육환경 보호에 관한 법률」 제2조제2호에 따른 학교의 출입문으로부터 50m 이내의 지역의 경우 사업대상지에서 제외한다.,2-1-6. 「교육환경 보호에 관한 법률」 제2조제2호에 따른 학교의 출입문으로부터 50m 이내의 지역의 경우 사업대상지에서 제외한다.,,본문,LAW1-P006-LIST-0072,자동 추출,
LAW1-2_2_1,LAW1,,"제2장 안심주택 (청년, 어르신, 신혼부부 대상)",제2절 사업의 유형,2-2-1,,6,6,2-2-1. 안심주택은 「건축법」에 따른 건축과 「주택법」에 따른 주택건설사업으로 공급한다.,2-2-1. 안심주택은 「건축법」에 따른 건축과 「주택법」에 따른 주택건설사업으로 공급한다.,,본문,LAW1-P006-LIST-0074,자동 추출,
LAW1-2_2_2,LAW1,,"제2장 안심주택 (청년, 어르신, 신혼부부 대상)",제2절 사업의 유형,2-2-2,,6,7,"2-2-2. 안심주택은 분양 또는 SH선매입 중 하나의 방식을 선택하거나, 두 방식을 중복하여 사업을 추진할 수 있다.
< 안심주택의 사업방식 >
분양 방식 | SH선매입 방식
분양 [ 공공지원민간임대주택50%+공공임대주택 ( 공공기여 )] | 공공임대(SH선매입) (주택연면적의 30% 이하)
제외한주택 공공임대(공공기여) | 공공임대(공공기여)
공공지원민간임대(일반공급) | 공공지원민간임대(일반공급)
공공지원민간임대(특별공급) | 공공지원민간임대(특별공급)
가. SH공사의 선매입은 촉진지구내 공공지원민간임대주택 공급 기준(전체 주택 호수의 50% 이상)을 충족하는 범위내에서 전체 주택 연면적의 최대 30% 이내로 하되, 사업규모, 공공기여, 주변임대시장 여건 등을 고려하여 관련위원 회에서 비율을 조정할 수 있다. 다만, 기 승인된 건설·공급 호수 등 촉진계획 의 변경 없이 SH선매입 비율만 변경하는 경우는 관련위원회 심의를 생략할 수 있다.
나. 분양은 사업규모, 공공기여, 주변임대시장 여건 등을 고려하여 관련위원회에서 비율을 조정할 수 있다. 다만 기 승인된 건설·공급 호수 등 촉진계획의 변경 없이 분양 비율만 변경하는 경우는 관련위원회 심의를 생략할 수 있다.
다. 공공지원민간임대주택의 특별공급 및 일반공급의 비율은 관련법규에서 정한
비율의 범위에서 다음 기준에 따른다.
1) 공급비율
가) 특별공급 : 공공지원민간임대주택
총 공급 호수의 20% 이상
나) 일반공급 : 공공지원민간임대주택 총 공급 호수의 80% 미만
2) 임대료
가) 특별공급 : (20%~30%) 입주자 모집공고 전 조사 주변시세의 70% 이하 (30% 이상) 입주자 모집공고 전 조사 주변시세의 75% 이하
나) 일반공급 : 입주자
모집공고 전 조사 주변시세의 85% 이하","2-2-2. 안심주택은 분양 또는 SH선매입 중 하나의 방식을 선택하거나, 두 방식을 중복하여 사업을 추진할 수 있다. < 안심주택의 사업방식 > 분양 방식 | SH선매입 방식 분양 [ 공공지원민간임대주택50%+공공임대주택 ( 공공기여 )] | 공공임대(SH선매입) (주택연면적의 30% 이하) 제외한주택 공공임대(공공기여) | 공공임대(공공기여) 공공지원민간임대(일반공급) | 공공지원민간임대(일반공급) 공공지원민간임대(특별공급) | 공공지원민간임대(특별공급) 가. SH공사의 선매입은 촉진지구내 공공지원민간임대주택 공급 기준(전체 주택 호수의 50% 이상)을 충족하는 범위내에서 전체 주택 연면적의 최대 30% 이내로 하되, 사업규모, 공공기여, 주변임대시장 여건 등을 고려하여 관련위원 회에서 비율을 조정할 수 있다. 다만, 기 승인된 건설·공급 호수 등 촉진계획 의 변경 없이 SH선매입 비율만 변경하는 경우는 관련위원회 심의를 생략할 수 있다. 나. 분양은 사업규모, 공공기여, 주변임대시장 여건 등을 고려하여 관련위원회에서 비율을 조정할 수 있다. 다만 기 승인된 건설·공급 호수 등 촉진계획의 변경 없이 분양 비율만 변경하는 경우는 관련위원회 심의를 생략할 수 있다. 다. 공공지원민간임대주택의 특별공급 및 일반공급의 비율은 관련법규에서 정한 비율의 범위에서 다음 기준에 따른다. 1) 공급비율 가) 특별공급 : 공공지원민간임대주택 총 공급 호수의 20% 이상 나) 일반공급 : 공공지원민간임대주택 총 공급 호수의 80% 미만 2) 임대료 가) 특별공급 : (20%~30%) 입주자 모집공고 전 조사 주변시세의 70% 이하 (30% 이상) 입주자 모집공고 전 조사 주변시세의 75% 이하 나) 일반공급 : 입주자 모집공고 전 조사 주변시세의 85% 이하",,표/도식 포함,"LAW1-P006-LIST-0074,LAW1-E1699,LAW1-P007-LIST-0076,LAW1-E1703,LAW1-E1704,LAW1-E1705,LAW1-E1706,LAW1-E1707,LAW1-E1708,LAW1-P007-LIST-0083,LAW1-E1711",자동 추출,
LAW1-2_2_3,LAW1,,"제2장 안심주택 (청년, 어르신, 신혼부부 대상)",제2절 사업의 유형,2-2-3,,7,7,"2-2-3. 시장은 안심주택 조례 제20조에 따라 안심주택의 품질 향상과 사업의 원활
한 추진을 위하여 “통합심의위원회 사전자문”, “전문가 디자인 자문” 등을 운 영할 수 있다.
가. “통합심의위원회 사전자문”은 촉진지구 지정 대상 사업에 대하여 도시계획, 건 축계획, 교통계획 등 관련 사항을 자문하며 자문 후 2년 이내에 안심주택 조례 제7조에 따른 사업계획을 접수하지 않는 경우는 자문의 효력을 상실한다.
나. “전문가 디자인 자문”은 “서울시 공공건축가”, “서울시 청신호 건축가” 등 시 가 지정하는 전문가가 하되, 별도 운영 또는 사전자문시 관계전문가 참여방식 으로 할 수 있다.","2-2-3. 시장은 안심주택 조례 제20조에 따라 안심주택의 품질 향상과 사업의 원활 한 추진을 위하여 “통합심의위원회 사전자문”, “전문가 디자인 자문” 등을 운 영할 수 있다. 가. “통합심의위원회 사전자문”은 촉진지구 지정 대상 사업에 대하여 도시계획, 건 축계획, 교통계획 등 관련 사항을 자문하며 자문 후 2년 이내에 안심주택 조례 제7조에 따른 사업계획을 접수하지 않는 경우는 자문의 효력을 상실한다. 나. “전문가 디자인 자문”은 “서울시 공공건축가”, “서울시 청신호 건축가” 등 시 가 지정하는 전문가가 하되, 별도 운영 또는 사전자문시 관계전문가 참여방식 으로 할 수 있다.",,본문,"LAW1-E1712,LAW1-E1713,LAW1-P007-LIST-0087",자동 추출,
LAW1-2_2_4,LAW1,,"제2장 안심주택 (청년, 어르신, 신혼부부 대상)",제2절 사업의 유형,2-2-4,,7,8,"2-2-4. 안심주택 조례 제9조에 따른 사업계획의 결정절차는 다음과 같다. 다만 운
영기준 시행일로부터 1년간 2-2-4 나목의 사업대상은 2-2-4 가목의 결정
절차를 따른다. 다만, 청년에게 100% 공급하는 주택의 경우는 제외한다. 가. 사업면적 2,000㎡ 초과[촉진지구 지정과 인·허가 통합승인(시)]
통합심의위원회
사업제안서
주민열람공고
사업계획서 접수
접수 및 검토
사전자문
서물시 자치구
서울시
서울시
서울시
착공 및 사용승인
속진지구 지정
통합심의위원회
축진지구 완료공고
지구계획승인및 고시
심의
자치구
서울시
서울시
나. 사업면적 1,000㎡ 이상 ~ 2,000㎡ 이하[촉진지구지정(시) 인허가(자치구)]
자문결과 통보(시-구)
주민열람공고
통합심의위원회
사업제안서
사업계획서접수
접수 및 검토
사전자문
관계부서 협의
자치구
서울시
자치구
자치구
착공 및 사용승인
사업계획승인
통합심의위원회
축진지구완료공고
(건축히가)
지구계획승인및 고시
심의
자치구
자치구
서울시
서울시
※ 통합심의위원회 사전자문 및 심의시 자치구 참석","2-2-4. 안심주택 조례 제9조에 따른 사업계획의 결정절차는 다음과 같다. 다만 운 영기준 시행일로부터 1년간 2-2-4 나목의 사업대상은 2-2-4 가목의 결정 절차를 따른다. 다만, 청년에게 100% 공급하는 주택의 경우는 제외한다. 가. 사업면적 2,000㎡ 초과[촉진지구 지정과 인·허가 통합승인(시)] 통합심의위원회 사업제안서 주민열람공고 사업계획서 접수 접수 및 검토 사전자문 서물시 자치구 서울시 서울시 서울시 착공 및 사용승인 속진지구 지정 통합심의위원회 축진지구 완료공고 지구계획승인및 고시 심의 자치구 서울시 서울시 나. 사업면적 1,000㎡ 이상 ~ 2,000㎡ 이하[촉진지구지정(시) 인허가(자치구)] 자문결과 통보(시-구) 주민열람공고 통합심의위원회 사업제안서 사업계획서접수 접수 및 검토 사전자문 관계부서 협의 자치구 서울시 자치구 자치구 착공 및 사용승인 사업계획승인 통합심의위원회 축진지구완료공고 (건축히가) 지구계획승인및 고시 심의 자치구 자치구 서울시 서울시 ※ 통합심의위원회 사전자문 및 심의시 자치구 참석",,표/도식 포함,"LAW1-E1716,LAW1-E1717,LAW1-E1718,LAW1-E1721,LAW1-E1719,LAW1-E1720,LAW1-E1722,LAW1-E1723,LAW1-E1724,LAW1-E1725,LAW1-E1729,LAW1-E1726,LAW1-E1727,LAW1-E1728,LAW1-E1730,LAW1-E1731,LAW1-E1732,LAW1-E1733,LAW1-E1734,LAW1-E1735,LAW1-E1736,LAW1-E1737,LAW1-E1738,LAW1-E1739,LAW1-E1740,LAW1-E1741,LAW1-E1744,LAW1-E1743,LAW1-E1742,LAW1-E1745,LAW1-E1746,LAW1-E1747,LAW1-E1748,LAW1-E1749,LAW1-E1750,LAW1-E1751,LAW1-E1752,LAW1-E1753,LAW1-E1754,LAW1-E1755,LAW1-E1756,LAW1-E1757,LAW1-E1758,LAW1-E1759,LAW1-E1760,LAW1-E1761,LAW1-E1762,LAW1-E1763,LAW1-E1764",자동 추출,
LAW1-2_3_1,LAW1,,"제2장 안심주택 (청년, 어르신, 신혼부부 대상)",제3절 사업계획 수립 기준,2-3-1,,8,13,"2-3-1. 안심주택(안심주택 조례 제7조 제3항을 따른다)의 용도지역 변경 기준은 다 음과 같으며 구체적인 사항은 라목의 사례별 기준을 따른다.
가. 현재 용도지역 기준
1) 제2종일반주거지역으로의 변경: 자연녹지지역, 제1종일반주거지역 ※ 어르신에게 임대주택을 100% 공급하는 경우만 적용
2) 준주거지역으로 변경: 제2종·제3종일반주거지역
3) 일반 또는 근린상업지역으로 변경: 제2종·제3종일반주거지역, 준주거지역 나. 인접 및 도로 기준
1) 준주거지역이나 일반 또는 근린상업지역에 바로 접하고 있어야 한다.
2) 준주거지역이나 일반 또는 근린상업지역과 폭 20m 이하의 도로를 사이에 두고 접하고 있어야 한다.
3) 20m 이상의 간선도로에 접하고 있어야 한다.
[인접 및 도로기준(예시)]
용도지역 변경 가능 대상지 범위
2)
2)
2)
2)
2)
2)
2)
20m 이하
상업지역
3)
3)
3)
1),3)
2),3)
3)
3)
3)
3)
20m 이상 간선도로
승강장 또는 의료시설
20m 이상 간선도로
[인접 사례(예시)]
상업지역에 20m 이하의 도로를 사이에 인접에 해당
두고
고
접
함:
인
접
에 해당
20m 이상의 간선도로에
접
함
다. 사업대상지 인정 기준
1) 안심주택(안심주택 조례 제5조 제2항을 따른다)의 사업대상지의 과반이 대 중교통 또는 의료시설 중심지역에 포함되지 않아 관련위원회의 심의를 통해 사업대상지로 인정 받은 경우 추가 공공기여를 제공하여야 한다. 다만, 이 경우 적용되는 역세권 및 의료시설 중심지역 범위는 승강장 경계로부터 250m 이내와 의료시설 대상부지 경계로부터 350m 이내를 말한 다.(1-3-1 가목을 인정받는 경우 승강장 경계로부터 350m 이내로 적용) 가) 검토 대상지 및 사업대상지 인정 시 추가 공공기여 기준
(1) 검토 대상지 : 사업대상지 면적 중 대중교통 또는 의료시설 중심지 역내 면적이 50% 미만인 경우
(2) 추가 공공기여 : 전체 사업면적의 절반에서 대중교통 또는 의료시설 중심지역내 포함된 면적을 제외한 면적의 비율을 고려하여 산정 ※ 공공기여 대상 면적(예시)
0%
50%
100%(사업예정지 면적 비율)
역세권등
추가 공공기여대상
內 면적
역세권 : 250m 이내
역세권 : 250m 밖 간선도로변 : 50m
간선도로변 : 50m 이내
간선도로변 : 50m 밖
의료시설 중심지역 : 350m 이내
의료시설 중심지역 : 350m 밖
(3) 추가 공공기여량 산정방식
(가) 추가 공공기여 대상면적(㎡)
=(전체 사업대상지 면적)×0.5-(대중교통 또는 의료시설 중심지 역내 면적)
(나) 추가 공공기여량(㎡)
=(추가공공기여대상면적)×(추가공공기여율)×(조정계수)
(4) 추가 공공기여율
대상면적 용도 비율 지역계획 | 0~10%미만 | 10~20%미만 | 20~30%미만 | 30~40%미만 | 40~50%미만
용도지역 유지 | 2% | 4% | 6% | 8% | 10%
준주거지역 변경 | 3% | 6% | 9% | 12% | 15%
상업지역 변경 | 5% | 10% | 15% | 20% | 25%
※ 추가 공공기여 대상면적 비율(%): 추가공공기여 대상면적/사업 예정지 면적×100
(5) 조정계수 : 다음 사항들을 고려하여 위원회 심의를 통해 결정
(가) 사업예정지 형상과 도로, 철도, 하천 등 주변 지형지물 현황에 따른 보행 접근성
(나) 용도지역 및 경관상 주변지역과의 조화(높이, 건축물 디자인 등)
(다) 공공기여 내용의 공공성 확보 여부
(라) 커뮤니티시설의 공간적·기능적 품질 등을 종합적으로 심의하여 적합한 경우 0.5~1.0의 계수 중 위원회 심의를 통해 적용
2) 사업대상지 인정을 위한 요건은 다음과 같다.
다) 본 기준에 따른 추가 공공기여량은 추가적인 상한 용적률을 제공하지 않음
라) 계획이 기준에 부합하더라도 위원회 심의를 통해 사업예정지가 안심주
택 건립 장소로 부적합하다고 판단되는 경우 사업대상지로 인정되지 않 을 수 있음
라. 사례별 기준
1) 준주거지역으로 변경
가) 사업대상지가 제2종·제3종일반주거지역(사업대상지에 준주거지역 또는 상업지역이 함께 포함된 경우 포함(이하 동일), 나)목도 동일하게 적용) 이고, 준주거지역, 일반 또는 근린상업지역에 인접하는 경우(2-3-1 나 목의 인접 및 도로기준 1)~2)을 만족)에는 준주거지역으로 용도지역을 세분 변경할 수 있다.
나) 사업대상지가 제2종·제3종일반주거지역이고, 폭 20m 이상 간선도로변 에 접해있는 경우에는 준주거지역으로 용도지역을 세분 변경 할 수 있 다. 다만, 부지 이면부에 차량 진출입을 위한 적절한 교통처리계획을 우 선적으로 검토하여야 한다.
다) 사업대상지가 제2종·제3종일반주거지역이고, 준주거지역 또는 상업지역 이 있는 역세권이거나 중심지(도심, 광역, 지역, 지구중심) 역세권(준주 거, 상업지역이 없는 경우 포함)에 위치한 경우, 관련위원회 심의를 거쳐 준주거지역으로 용도지역을 세분 변경할 수 있다.
라) 사업대상지가 제2종·제3종일반주거지역이고, 부지면적이 2,000㎡ 이상 일 때는 준주거지역 또는 상업지역이 인접하지 않은 경우라도 관련위원 회 심의에서 인정하는 경우 준주거지역으로 용도지역을 세분 변경할 수 있다.
2) 일반 또는 근린상업지역으로 변경
준주거지역이고, 전체 사업면적 중 노선상업지역이 20% 이상인 경우에 일반상업지역으로 용도지역을 변경할 수 있다. 다만, 부지면적이 2,000 ㎡ 이상인 경우와 관련 위원회의 자문을 통해 입지여건의 적정성 등이 인정되는 경우에는 노선상업지역이 20% 미만이더라도 일반상업지역으 로 변경할 수 있다.
다) 사업대상지가 제2종·제3종일반주거지역 또는 준주거지역이고, 일반 또 는 근린상업지역(노선상업지역 제외)이 있는 역세권의 폭 20m 이상의 간선도로변에 접해있는 경우에는 일반 또는 근린상업지역으로 용도지역 을 변경할 수 있다.
라) 사업대상지가 제2종일반주거지역으로서 (사업대상지에 준주거지역 또는 제3종일반주거지역이 함께 포함된 경우 포함) 일반 또는 근린상업지역에 바로 접하고 관련 위원회의 자문을 통해 입지여건의 적정성 등이 인정되 는 경우에는 일반 또는 근린상업지역으로 용도지역을 변경할 수 있다.
마) 사업대상지가 근린상업지역으로서 2-3-1 나목의 인접 및 도로기준 3) 을 만족하는 경우, 일반상업지역으로 용도지역을 변경할 수 있다.
※ 중심지체계에 따른 일반 또는 근린상업지역 변경(가), 다), 라), 마)목의 경우 적용)
해당 역세권이 ‘2040 서울도시기본계획’ 상 중심지체계(도심, 광역, 지역, 지구중심) 에 해당하는 경우
· 해당 역세권에 일반상업지역이 있는 경우는 일반상업지역으로 변경 검토
· 해당 역세권에 일반상업지역에 해당하지 않는 경우는 근린상업지역으로 변경 검토
· 사업대상지 이면부에 차량 진출입을 위한 적절한 교통처리계획을 우선적으로 검토
※ 용도지역 변경 기준표(요약정리)
용도지역 변경 전 준주거지역, | 변경 기준(인접 및 도로 기준) | 용도지역 변경 후
제2 · 3종일반주거지역 | 준주거지역, 일반 또는 근린상업지역과 직접 접하거나 폭20m 이하의 도로를 사이에 두고 접한 경우 폭 20m 이상 간선도로변 준주거, 일반(근린)상업지역이 있는 역세권등*으로서 | 준주거지역
 | 중심지(도심, 광역, 지역, 지구중심) 역세권등*으로서 관련위원회가 인정하는 경우
 | 관련위원회가 인정하는 경우 2,000㎡ 이상으로서 관련위원회가 인정하는
제3종일반주거지역, 준주거지역 일반 폭 | 또는 근린상업지역과 직접 접하거나 20m 이하의 도로를 사이에 두고 접한
용도지역 변경 전 | 변경 기준(인접 및 도로 기준) 노선상업지역 20% 이상 | 용도지역 변경 후
제2 · 3종일반주거지역, 준주거지역 | (관련 위원회가 인정시 예외 적용) | 일반상업지역
제2·3종일반주거지역, 준주거지역 일반 | 또는 근린상업지역이 있는 역세권등 * , 폭 20m 이상 간선도로변 | 일반 혹은 근린상업지역
제 2종일반주거지역 | 일반 또는 근린상업지역과 직접 (관련 위원회 자문 통해 인정) | 일반 혹은 근린상업지역
근린상업지역 중심지 | 역세권등 * 의 폭 20m 이상 간선도로변 | 일반상업지역
* 역세권등 : 역세권 또는 의료시설 중심지역
※ 진입도로, 도로의 판단 기준은 주택법 또는 건축법 기준 적용","2-3-1. 안심주택(안심주택 조례 제7조 제3항을 따른다)의 용도지역 변경 기준은 다 음과 같으며 구체적인 사항은 라목의 사례별 기준을 따른다. 가. 현재 용도지역 기준 1) 제2종일반주거지역으로의 변경: 자연녹지지역, 제1종일반주거지역 ※ 어르신에게 임대주택을 100% 공급하는 경우만 적용 2) 준주거지역으로 변경: 제2종·제3종일반주거지역 3) 일반 또는 근린상업지역으로 변경: 제2종·제3종일반주거지역, 준주거지역 나. 인접 및 도로 기준 1) 준주거지역이나 일반 또는 근린상업지역에 바로 접하고 있어야 한다. 2) 준주거지역이나 일반 또는 근린상업지역과 폭 20m 이하의 도로를 사이에 두고 접하고 있어야 한다. 3) 20m 이상의 간선도로에 접하고 있어야 한다. [인접 및 도로기준(예시)] 용도지역 변경 가능 대상지 범위 2) 2) 2) 2) 2) 2) 2) 20m 이하 상업지역 3) 3) 3) 1),3) 2),3) 3) 3) 3) 3) 20m 이상 간선도로 승강장 또는 의료시설 20m 이상 간선도로 [인접 사례(예시)] 상업지역에 20m 이하의 도로를 사이에 인접에 해당 두고 고 접 함: 인 접 에 해당 20m 이상의 간선도로에 접 함 다. 사업대상지 인정 기준 1) 안심주택(안심주택 조례 제5조 제2항을 따른다)의 사업대상지의 과반이 대 중교통 또는 의료시설 중심지역에 포함되지 않아 관련위원회의 심의를 통해 사업대상지로 인정 받은 경우 추가 공공기여를 제공하여야 한다. 다만, 이 경우 적용되는 역세권 및 의료시설 중심지역 범위는 승강장 경계로부터 250m 이내와 의료시설 대상부지 경계로부터 350m 이내를 말한 다.(1-3-1 가목을 인정받는 경우 승강장 경계로부터 350m 이내로 적용) 가) 검토 대상지 및 사업대상지 인정 시 추가 공공기여 기준 (1) 검토 대상지 : 사업대상지 면적 중 대중교통 또는 의료시설 중심지 역내 면적이 50% 미만인 경우 (2) 추가 공공기여 : 전체 사업면적의 절반에서 대중교통 또는 의료시설 중심지역내 포함된 면적을 제외한 면적의 비율을 고려하여 산정 ※ 공공기여 대상 면적(예시) 0% 50% 100%(사업예정지 면적 비율) 역세권등 추가 공공기여대상 內 면적 역세권 : 250m 이내 역세권 : 250m 밖 간선도로변 : 50m 간선도로변 : 50m 이내 간선도로변 : 50m 밖 의료시설 중심지역 : 350m 이내 의료시설 중심지역 : 350m 밖 (3) 추가 공공기여량 산정방식 (가) 추가 공공기여 대상면적(㎡) =(전체 사업대상지 면적)×0.5-(대중교통 또는 의료시설 중심지 역내 면적) (나) 추가 공공기여량(㎡) =(추가공공기여대상면적)×(추가공공기여율)×(조정계수) (4) 추가 공공기여율 대상면적 용도 비율 지역계획 | 0~10%미만 | 10~20%미만 | 20~30%미만 | 30~40%미만 | 40~50%미만 용도지역 유지 | 2% | 4% | 6% | 8% | 10% 준주거지역 변경 | 3% | 6% | 9% | 12% | 15% 상업지역 변경 | 5% | 10% | 15% | 20% | 25% ※ 추가 공공기여 대상면적 비율(%): 추가공공기여 대상면적/사업 예정지 면적×100 (5) 조정계수 : 다음 사항들을 고려하여 위원회 심의를 통해 결정 (가) 사업예정지 형상과 도로, 철도, 하천 등 주변 지형지물 현황에 따른 보행 접근성 (나) 용도지역 및 경관상 주변지역과의 조화(높이, 건축물 디자인 등) (다) 공공기여 내용의 공공성 확보 여부 (라) 커뮤니티시설의 공간적·기능적 품질 등을 종합적으로 심의하여 적합한 경우 0.5~1.0의 계수 중 위원회 심의를 통해 적용 2) 사업대상지 인정을 위한 요건은 다음과 같다. 다) 본 기준에 따른 추가 공공기여량은 추가적인 상한 용적률을 제공하지 않음 라) 계획이 기준에 부합하더라도 위원회 심의를 통해 사업예정지가 안심주 택 건립 장소로 부적합하다고 판단되는 경우 사업대상지로 인정되지 않 을 수 있음 라. 사례별 기준 1) 준주거지역으로 변경 가) 사업대상지가 제2종·제3종일반주거지역(사업대상지에 준주거지역 또는 상업지역이 함께 포함된 경우 포함(이하 동일), 나)목도 동일하게 적용) 이고, 준주거지역, 일반 또는 근린상업지역에 인접하는 경우(2-3-1 나 목의 인접 및 도로기준 1)~2)을 만족)에는 준주거지역으로 용도지역을 세분 변경할 수 있다. 나) 사업대상지가 제2종·제3종일반주거지역이고, 폭 20m 이상 간선도로변 에 접해있는 경우에는 준주거지역으로 용도지역을 세분 변경 할 수 있 다. 다만, 부지 이면부에 차량 진출입을 위한 적절한 교통처리계획을 우 선적으로 검토하여야 한다. 다) 사업대상지가 제2종·제3종일반주거지역이고, 준주거지역 또는 상업지역 이 있는 역세권이거나 중심지(도심, 광역, 지역, 지구중심) 역세권(준주 거, 상업지역이 없는 경우 포함)에 위치한 경우, 관련위원회 심의를 거쳐 준주거지역으로 용도지역을 세분 변경할 수 있다. 라) 사업대상지가 제2종·제3종일반주거지역이고, 부지면적이 2,000㎡ 이상 일 때는 준주거지역 또는 상업지역이 인접하지 않은 경우라도 관련위원 회 심의에서 인정하는 경우 준주거지역으로 용도지역을 세분 변경할 수 있다. 2) 일반 또는 근린상업지역으로 변경 준주거지역이고, 전체 사업면적 중 노선상업지역이 20% 이상인 경우에 일반상업지역으로 용도지역을 변경할 수 있다. 다만, 부지면적이 2,000 ㎡ 이상인 경우와 관련 위원회의 자문을 통해 입지여건의 적정성 등이 인정되는 경우에는 노선상업지역이 20% 미만이더라도 일반상업지역으 로 변경할 수 있다. 다) 사업대상지가 제2종·제3종일반주거지역 또는 준주거지역이고, 일반 또 는 근린상업지역(노선상업지역 제외)이 있는 역세권의 폭 20m 이상의 간선도로변에 접해있는 경우에는 일반 또는 근린상업지역으로 용도지역 을 변경할 수 있다. 라) 사업대상지가 제2종일반주거지역으로서 (사업대상지에 준주거지역 또는 제3종일반주거지역이 함께 포함된 경우 포함) 일반 또는 근린상업지역에 바로 접하고 관련 위원회의 자문을 통해 입지여건의 적정성 등이 인정되 는 경우에는 일반 또는 근린상업지역으로 용도지역을 변경할 수 있다. 마) 사업대상지가 근린상업지역으로서 2-3-1 나목의 인접 및 도로기준 3) 을 만족하는 경우, 일반상업지역으로 용도지역을 변경할 수 있다. ※ 중심지체계에 따른 일반 또는 근린상업지역 변경(가), 다), 라), 마)목의 경우 적용) 해당 역세권이 ‘2040 서울도시기본계획’ 상 중심지체계(도심, 광역, 지역, 지구중심) 에 해당하는 경우 · 해당 역세권에 일반상업지역이 있는 경우는 일반상업지역으로 변경 검토 · 해당 역세권에 일반상업지역에 해당하지 않는 경우는 근린상업지역으로 변경 검토 · 사업대상지 이면부에 차량 진출입을 위한 적절한 교통처리계획을 우선적으로 검토 ※ 용도지역 변경 기준표(요약정리) 용도지역 변경 전 준주거지역, | 변경 기준(인접 및 도로 기준) | 용도지역 변경 후 제2 · 3종일반주거지역 | 준주거지역, 일반 또는 근린상업지역과 직접 접하거나 폭20m 이하의 도로를 사이에 두고 접한 경우 폭 20m 이상 간선도로변 준주거, 일반(근린)상업지역이 있는 역세권등*으로서 | 준주거지역 | 중심지(도심, 광역, 지역, 지구중심) 역세권등*으로서 관련위원회가 인정하는 경우 | 관련위원회가 인정하는 경우 2,000㎡ 이상으로서 관련위원회가 인정하는 제3종일반주거지역, 준주거지역 일반 폭 | 또는 근린상업지역과 직접 접하거나 20m 이하의 도로를 사이에 두고 접한 용도지역 변경 전 | 변경 기준(인접 및 도로 기준) 노선상업지역 20% 이상 | 용도지역 변경 후 제2 · 3종일반주거지역, 준주거지역 | (관련 위원회가 인정시 예외 적용) | 일반상업지역 제2·3종일반주거지역, 준주거지역 일반 | 또는 근린상업지역이 있는 역세권등 * , 폭 20m 이상 간선도로변 | 일반 혹은 근린상업지역 제 2종일반주거지역 | 일반 또는 근린상업지역과 직접 (관련 위원회 자문 통해 인정) | 일반 혹은 근린상업지역 근린상업지역 중심지 | 역세권등 * 의 폭 20m 이상 간선도로변 | 일반상업지역 * 역세권등 : 역세권 또는 의료시설 중심지역 ※ 진입도로, 도로의 판단 기준은 주택법 또는 건축법 기준 적용",,표/도식 포함,"LAW1-E1766,LAW1-E1767,LAW1-P008-LIST-0140,LAW1-P008-LIST-0141,LAW1-E1773,LAW1-E1774,LAW1-E1775,LAW1-E1776,LAW1-E1777,LAW1-E1778,LAW1-E1779,LAW1-E1780,LAW1-E1781,LAW1-E1782,LAW1-E1783,LAW1-E1784,LAW1-E1789,LAW1-E1785,LAW1-E1786,LAW1-E1787,LAW1-E1788,LAW1-E1790,LAW1-E1791,LAW1-E1792,LAW1-E1793,LAW1-E1794,LAW1-E1795,LAW1-E1796,LAW1-E1797,LAW1-E1798,LAW1-E1799,LAW1-E1800,LAW1-E1801,LAW1-E1802,LAW1-E1803,LAW1-E1804,LAW1-E1805,LAW1-E1806,LAW1-E1807,LAW1-E1808,LAW1-E1809,LAW1-E1810,LAW1-E1811,LAW1-E1812,LAW1-E1813,LAW1-E1814,LAW1-E1816,LAW1-E1815,LAW1-E1817,LAW1-E1818,LAW1-E1819,LAW1-E1820,LAW1-E1821,LAW1-E1822,LAW1-E1823,LAW1-E1824,LAW1-E1825,LAW1-E1826,LAW1-E1827,LAW1-E1828,LAW1-E1829,LAW1-E1830,LAW1-E1831,LAW1-E1832,LAW1-E1833,LAW1-E1834,LAW1-E1835,LAW1-E1836,LAW1-P010-LIST-0206,LAW1-E1841,LAW1-P011-LIST-0208,LAW1-E1846,LAW1-E1847,LAW1-E1848,LAW1-P011-LIST-0212,LAW1-E1853,LAW1-E1856,LAW1-P012-LIST-0215,LAW1-E1860,LAW1-E1861,LAW1-E1862,LAW1-E1863,LAW1-E1864,LAW1-E1865,LAW1-E1866,LAW1-E1867,LAW1-E1868,LAW1-E1869",자동 추출,
LAW1-2_3_2,LAW1,,"제2장 안심주택 (청년, 어르신, 신혼부부 대상)",제3절 사업계획 수립 기준,2-3-2,,13,15,"2-3-2. 안심주택 조례 제7조 제3항에 따라 “간선도로변”의 용도지역 변경 기준은 2-3-1의 기준에 따르되 다음 각 목의 기준을 충족하여야 한다.
가. 용도지역 변경 기준
1) 간선도로변 직접 접하는 경우 : 준주거지역으로 변경을 원칙으로 하되 2-3-1 나목의 인접 및 도로기준 1), 2)에 해당하는 경우 관련 위원회의 심 의를 통해 일반 또는 근린상업지역으로 변경할 수 있다.
2) 간선도로변에 직접 접하지 않는 경우(이면도로) : 준주거지역, 다만, 간선도 로변에 직접 접한 대지의 용도지역을 초과할 수 없다.
나. 입지 및 면적 기준
1) 제1종일반주거지역의 저층주거지(공원, 도로 등 제외)와 연접한 경우는 관 련위원회의 자문을 거쳐 사업 추진여부을 결정할 수 있다.
2) 사업대상지가 간선도로변에 접한 경우 2면 이상(이면도로에 접한 경우 1면 이상)이 도로에 접하면서, 한 면은 최소 6m 이상의 도로에 접해야 한다. 차량진출입은 이면도로에 계획하여야 하며, 간선도로변에서 직접 연결되는 이면도로에 차량진출입구를 설치하는 경우, 간선도로변에서의 이격거리는 최 소 15m 이상으로 한다.
3) 간선도로변에 접한 경우 간선도로에 접한 대지의 길이는 최소 15m 이상으 로 한다.
가) 면적 및 도로기준(예시)
간선도로변
이면도로변
(사업가능)
좀
간선도로변이
간선도로
(사업가능)
6mn도로
이면도로변 0
간선도로
6mn도로
간선도로변 0
이면도로변0
간선도로
15m 이상
간선도로변 0
간선도로
(사업불가)
(사업불가)
간선도로
6mn도로
이면도로변 0
간선도로
사업불가
4m도로
사업물가
간선도로
간선도로
4m도로
사업
불가
간선도로
(간선도로 연결도로 및 이면부 진출입도로 요건 미충족)
6mn도로
사업불가
간선도로
(간선도로 연결도로 및 이면부 진출입도로 요건 미충족)
나) 저층주거지역와 연접하는 경우로서 관련위원회 판단 사례 예시
[제1종일반주거지역과 연접하는 경우]
[제1종일반주거지역과 부분 연접하는 경우]
밑반주거지역
위원회 판단 필요
물
밑반주거지먹
{간선도로}
저고좀
위원회 판단 필요
일반주거지려
{간선도로}","2-3-2. 안심주택 조례 제7조 제3항에 따라 “간선도로변”의 용도지역 변경 기준은 2-3-1의 기준에 따르되 다음 각 목의 기준을 충족하여야 한다. 가. 용도지역 변경 기준 1) 간선도로변 직접 접하는 경우 : 준주거지역으로 변경을 원칙으로 하되 2-3-1 나목의 인접 및 도로기준 1), 2)에 해당하는 경우 관련 위원회의 심 의를 통해 일반 또는 근린상업지역으로 변경할 수 있다. 2) 간선도로변에 직접 접하지 않는 경우(이면도로) : 준주거지역, 다만, 간선도 로변에 직접 접한 대지의 용도지역을 초과할 수 없다. 나. 입지 및 면적 기준 1) 제1종일반주거지역의 저층주거지(공원, 도로 등 제외)와 연접한 경우는 관 련위원회의 자문을 거쳐 사업 추진여부을 결정할 수 있다. 2) 사업대상지가 간선도로변에 접한 경우 2면 이상(이면도로에 접한 경우 1면 이상)이 도로에 접하면서, 한 면은 최소 6m 이상의 도로에 접해야 한다. 차량진출입은 이면도로에 계획하여야 하며, 간선도로변에서 직접 연결되는 이면도로에 차량진출입구를 설치하는 경우, 간선도로변에서의 이격거리는 최 소 15m 이상으로 한다. 3) 간선도로변에 접한 경우 간선도로에 접한 대지의 길이는 최소 15m 이상으 로 한다. 가) 면적 및 도로기준(예시) 간선도로변 이면도로변 (사업가능) 좀 간선도로변이 간선도로 (사업가능) 6mn도로 이면도로변 0 간선도로 6mn도로 간선도로변 0 이면도로변0 간선도로 15m 이상 간선도로변 0 간선도로 (사업불가) (사업불가) 간선도로 6mn도로 이면도로변 0 간선도로 사업불가 4m도로 사업물가 간선도로 간선도로 4m도로 사업 불가 간선도로 (간선도로 연결도로 및 이면부 진출입도로 요건 미충족) 6mn도로 사업불가 간선도로 (간선도로 연결도로 및 이면부 진출입도로 요건 미충족) 나) 저층주거지역와 연접하는 경우로서 관련위원회 판단 사례 예시 [제1종일반주거지역과 연접하는 경우] [제1종일반주거지역과 부분 연접하는 경우] 밑반주거지역 위원회 판단 필요 물 밑반주거지먹 {간선도로} 저고좀 위원회 판단 필요 일반주거지려 {간선도로}",,표/도식 포함,"LAW1-E1870,LAW1-E1871,LAW1-P013-LIST-0228,LAW1-E1874,LAW1-P013-LIST-0230,LAW1-E1878,LAW1-E1879,LAW1-E1880,LAW1-E1882,LAW1-E1887,LAW1-E1885,LAW1-E1888,LAW1-E1883,LAW1-E1884,LAW1-E1886,LAW1-E1889,LAW1-E1890,LAW1-E1891,LAW1-E1892,LAW1-E1894,LAW1-E1893,LAW1-E1881,LAW1-E1898,LAW1-E1899,LAW1-E1901,LAW1-E1902,LAW1-E1895,LAW1-E1896,LAW1-E1897,LAW1-E1900,LAW1-E1904,LAW1-E1903,LAW1-E1905,LAW1-E1906,LAW1-E1907,LAW1-E1908,LAW1-E1910,LAW1-E1912,LAW1-E1914,LAW1-E1915,LAW1-E1917,LAW1-E1909,LAW1-E1911,LAW1-E1913,LAW1-E1916,LAW1-E1918,LAW1-E1919,LAW1-E1920,LAW1-E1921,LAW1-E1922,LAW1-E1925,LAW1-E1926,LAW1-E1929,LAW1-E1930,LAW1-E1931,LAW1-E1923,LAW1-E1924,LAW1-E1927,LAW1-E1928,LAW1-E1932",자동 추출,
LAW1-2_3_3,LAW1,,"제2장 안심주택 (청년, 어르신, 신혼부부 대상)",제3절 사업계획 수립 기준,2-3-3,,15,16,"2-3-3. 안심주택 조례 제7조 제3항에 따라 “의료시설 중심지역”의 용도지역 변경 기준은 2-3-1의 기준에 따르되 다음의 요건을 충족하여야 한다.
가. 의료시설의 대상부지에 의료시설 외 용도의 건물이 있는 경우 의료시설 건물 과 의료시설 외의 건축물의 중심 또는 도로중심선을 경계로 한다. 해당 범위 의 구체적인 사항은 시장이 별도로 정할 수 있다.
[의료시설 외의 건축물의 중심]
의료시설의대상부지
의료시설외
건축물의중심
용도의건축물
의학대학(원)
기숙사등
의로시설
중심지역
[해당 부지에 도로가 있는 경우]
의료시설의대상부지
의료시설외
의료시설
용도의건축물
중심지역
의학다학(원)
가숙사등
부지내도로중심선
나. 사업대상지는 최소 6m 이상의 도로에 접하고 이면도로에서 차량 진출입을 우선적으로 검토한다.",2-3-3. 안심주택 조례 제7조 제3항에 따라 “의료시설 중심지역”의 용도지역 변경 기준은 2-3-1의 기준에 따르되 다음의 요건을 충족하여야 한다. 가. 의료시설의 대상부지에 의료시설 외 용도의 건물이 있는 경우 의료시설 건물 과 의료시설 외의 건축물의 중심 또는 도로중심선을 경계로 한다. 해당 범위 의 구체적인 사항은 시장이 별도로 정할 수 있다. [의료시설 외의 건축물의 중심] 의료시설의대상부지 의료시설외 건축물의중심 용도의건축물 의학대학(원) 기숙사등 의로시설 중심지역 [해당 부지에 도로가 있는 경우] 의료시설의대상부지 의료시설외 의료시설 용도의건축물 중심지역 의학다학(원) 가숙사등 부지내도로중심선 나. 사업대상지는 최소 6m 이상의 도로에 접하고 이면도로에서 차량 진출입을 우선적으로 검토한다.,,표/도식 포함,"LAW1-E1933,LAW1-E1934,LAW1-E1935,LAW1-E1937,LAW1-E1939,LAW1-E1942,LAW1-E1941,LAW1-E1943,LAW1-E1944,LAW1-E1949,LAW1-E1948,LAW1-E1951,LAW1-E1936,LAW1-E1938,LAW1-E1940,LAW1-E1946,LAW1-E1945,LAW1-E1947,LAW1-E1950,LAW1-E1952,LAW1-E1953,LAW1-E1954,LAW1-E1955",자동 추출,
LAW1-2_4_1,LAW1,,"제2장 안심주택 (청년, 어르신, 신혼부부 대상)",제4절 용적률 및 공공기여 등,2-4-1,,16,19,"2-4-1. 안심주택 조례 제7조 제3항에 따라 용도지역 변경이 있는 경우 용적률, 공 공기여율 등 기준은 다음과 같다.
가. 준주거지역으로 변경되는 경우
1) 기본용적률 : 400% 이하
2) 공공기여율
가) 제2종일반주거지역에서 상향되는 경우: 15% 이상
나) 제3종일반주거지역에서 상향되는 경우: 10% 이상
3) 용도별 비율
가) 주거 비율 : 85% 이상
나. 근린상업지역으로 변경되는 경우
1) 기본용적률 : 540% 이하
2) 공공기여율
가) 제2종일반주거지역에서 상향되는 경우 : 25% 이상
나) 제3종일반주거지역에서 상향되는 경우 : 20% 이상
다) 준주거지역에서 상향되는 경우 : 10% 이상
3) 용도별 비율
가) 주거 비율 : 80% 이상
나) 비주거 비율 : 10% 이상 (가로변 비주거 설치 의무)
다. 일반상업지역으로 변경되는 경우
1) 기본용적률 : 680% 이하
2) 공공기여율
가) 제2종일반주거지역에서 상향되는 경우 : 30% 이상
나) 제3종일반주거지역에서 상향되는
경우 : 25% 이상
다) 준주거지역에서 상향되는 경우 : 20% 이상
3) 용도별 비율
가) 주거 비율 : 80% 이상
나) 비주거 비율 : 10% 이상 (가로변 비주거 설치 의무)
라. 근린상업지역에서 일반상업지역으로 변경되는 경우
1) 기본용적률 : 700% 이하
2) 공공기여율 : 10%
3) 용도별 비율
가) 주거 비율 : 80% 이상
나) 비주거 비율 : 10% 이상 (가로변 비주거 설치 의무)
마. 제2종일반주거지역으로 변경되는 경우
1) 기본용적률 : 200% 이하
2) 공공기여율
가) 자연녹지지역에서 상향되는 경우 : 30% 이상
나) 제1종일반주거지역에서 상향되는 경우 : 10% 이상
바. 기타
1) 공공기여율 산정기준 등
가) 기본용적률 부여에 따른 공공기여율은 부지면적을 기준으로 한다. 이때
부지면적은 용도지역 또는 용적률이 상향되는 부지를 기준으로 한다.
※ 사업대상지 내 경하지 않는다.
도로 등 공공시설을 설치할 경우에 도로 등 부지는 용도지역을 변
나) 상한용적률은 「민간임대주택법」(제21조 및 제35조) 또는 「국토계획 법」(시행령 제46조)에 따라 용적률 상한까지 완화할 수 있다.
※ 공공시설(건축물) 등을 제공하는 경우 기본용적률 적용에 따른 공공기여분은시설의 토지지분과 건축비용을 토지로 환산(감정평가)한 면적을 합산하여 적용하고, 기본용 적률을 초과하여 완화 받는 경우 ‘서울시 공공시설등기부채납 용적률 인센티브 운영기 준’을 따른다. (해당 기준이 변경되는 경우 변경된 기준에 따름)
※ 공공시설(건축물) 등을 제공하여 기본용적률을 초과하여 완화받는 경우, 완화 받는 용적률은 상한용적률에서 기본용적률을 뺀 용적률의 50퍼센트를 넘을 수 없다.
다) 기본용적률 및 상한용적률 적용에 따른 공공기여는 공공임대주택 공급 을 우선으로 한다. 다만, 공공시설 등이 일부 필요하다고 인정되는 경우 에는 관련 위원회의 자문 또는 심의를 거쳐 공공시설등을 일부 설치·제 공할 수 있으며, 커뮤니티시설 등 추가 확보 또는 자문이나 심의의견 반 영으로 사업성이 감소되는 경우 자문 또는 심의를 거쳐 공공기여량을 최 대 5%p까지 완화할 수 있다.
라) 상한용적률 적용 시 공공임대주택 총 공공기여량 산출은 전체 공공임대 주택의 토지지분으로 산출한다.
마) 지역 특성 등을 감안하여 도시계획적으로 필요한 공공시설등은 반드시 설치하여야 하며, 입안권자 또는 관련 위원회에서 필요하다고 인정한 공 공시설등은 별도로 확보하게 할 수 있다.
※ 부지면적 5,000㎡ 이상(임대주택 100% 어르신 공급) : 전용면적 300㎡ 이상 의 보건지소 또는 사회복지시설 설치(자치구 필요시)
바) 사업시행자등이 국·공유지 등 토지를 장기 임차하는 등의 특별한 사유로 인하여 공공임대주택의 부속토지 기부채납이 불가능한 경우는 「민간임 대주택법」 제21조의2 제1항 제2호에 따라 부속토지에 해당하는 가격 을 현금으로 납부하여야 한다. 이 경우 토지의 가격은 사업계획승인 또 는 건축허가 신청 당시 표준지공시지가를 기준으로 「감정평가 및 감정 평가사에 관한 법률」 제2조제4호에 따른 감정평가법인등이 평가한 금 액으로 한다. 다만, 용도지역 변경이 있는 경우에는 변경 후 용도지역에 대한 토지 가격을 말한다.(붙임2 현금납부 예시 참조)
2) 용도별 비율 산정기준
가) 비주거 비율은 연면적을 기준으로 산정한다.
나) 비주거 용도는 지하 2층에서 지상 2층에 위치하여야 한다. 다만, 대지 의 형태 및 고저차 등의 사유와 상업지역에서 지상 2층까지 비주거 비율 10% 이상 확보가 불가능한 경우 및 용도변경의 경우에는 관련 위원회 의 자문 또는 심의를 거쳐 위치 및 비율을 조정할 수 있다.
다) 공공청사 등 건축물로 설치·제공하는 공공시설등은 비주거 비율에 포함 한다.
※ 용도지역 변경이 있는 경우 용적률, 공공기여율 및 용도별 비율표
※ 자연녹지지역의 공공기여는 임대주택을 원칙으로 한다.
※ 자연녹지지역, 제1종일반주거지역의 용도지역 변경은 임대주택 100%를 어르신에게 공급하는 주택의 경우로 한정한다.
※ 역세권 외 간선도로 이면부 사업대상지의 경우 준주거지역까지 용도지역 변경 가능하며, 기본용적률 (400%)만 적용한다.","2-4-1. 안심주택 조례 제7조 제3항에 따라 용도지역 변경이 있는 경우 용적률, 공 공기여율 등 기준은 다음과 같다. 가. 준주거지역으로 변경되는 경우 1) 기본용적률 : 400% 이하 2) 공공기여율 가) 제2종일반주거지역에서 상향되는 경우: 15% 이상 나) 제3종일반주거지역에서 상향되는 경우: 10% 이상 3) 용도별 비율 가) 주거 비율 : 85% 이상 나. 근린상업지역으로 변경되는 경우 1) 기본용적률 : 540% 이하 2) 공공기여율 가) 제2종일반주거지역에서 상향되는 경우 : 25% 이상 나) 제3종일반주거지역에서 상향되는 경우 : 20% 이상 다) 준주거지역에서 상향되는 경우 : 10% 이상 3) 용도별 비율 가) 주거 비율 : 80% 이상 나) 비주거 비율 : 10% 이상 (가로변 비주거 설치 의무) 다. 일반상업지역으로 변경되는 경우 1) 기본용적률 : 680% 이하 2) 공공기여율 가) 제2종일반주거지역에서 상향되는 경우 : 30% 이상 나) 제3종일반주거지역에서 상향되는 경우 : 25% 이상 다) 준주거지역에서 상향되는 경우 : 20% 이상 3) 용도별 비율 가) 주거 비율 : 80% 이상 나) 비주거 비율 : 10% 이상 (가로변 비주거 설치 의무) 라. 근린상업지역에서 일반상업지역으로 변경되는 경우 1) 기본용적률 : 700% 이하 2) 공공기여율 : 10% 3) 용도별 비율 가) 주거 비율 : 80% 이상 나) 비주거 비율 : 10% 이상 (가로변 비주거 설치 의무) 마. 제2종일반주거지역으로 변경되는 경우 1) 기본용적률 : 200% 이하 2) 공공기여율 가) 자연녹지지역에서 상향되는 경우 : 30% 이상 나) 제1종일반주거지역에서 상향되는 경우 : 10% 이상 바. 기타 1) 공공기여율 산정기준 등 가) 기본용적률 부여에 따른 공공기여율은 부지면적을 기준으로 한다. 이때 부지면적은 용도지역 또는 용적률이 상향되는 부지를 기준으로 한다. ※ 사업대상지 내 경하지 않는다. 도로 등 공공시설을 설치할 경우에 도로 등 부지는 용도지역을 변 나) 상한용적률은 「민간임대주택법」(제21조 및 제35조) 또는 「국토계획 법」(시행령 제46조)에 따라 용적률 상한까지 완화할 수 있다. ※ 공공시설(건축물) 등을 제공하는 경우 기본용적률 적용에 따른 공공기여분은시설의 토지지분과 건축비용을 토지로 환산(감정평가)한 면적을 합산하여 적용하고, 기본용 적률을 초과하여 완화 받는 경우 ‘서울시 공공시설등기부채납 용적률 인센티브 운영기 준’을 따른다. (해당 기준이 변경되는 경우 변경된 기준에 따름) ※ 공공시설(건축물) 등을 제공하여 기본용적률을 초과하여 완화받는 경우, 완화 받는 용적률은 상한용적률에서 기본용적률을 뺀 용적률의 50퍼센트를 넘을 수 없다. 다) 기본용적률 및 상한용적률 적용에 따른 공공기여는 공공임대주택 공급 을 우선으로 한다. 다만, 공공시설 등이 일부 필요하다고 인정되는 경우 에는 관련 위원회의 자문 또는 심의를 거쳐 공공시설등을 일부 설치·제 공할 수 있으며, 커뮤니티시설 등 추가 확보 또는 자문이나 심의의견 반 영으로 사업성이 감소되는 경우 자문 또는 심의를 거쳐 공공기여량을 최 대 5%p까지 완화할 수 있다. 라) 상한용적률 적용 시 공공임대주택 총 공공기여량 산출은 전체 공공임대 주택의 토지지분으로 산출한다. 마) 지역 특성 등을 감안하여 도시계획적으로 필요한 공공시설등은 반드시 설치하여야 하며, 입안권자 또는 관련 위원회에서 필요하다고 인정한 공 공시설등은 별도로 확보하게 할 수 있다. ※ 부지면적 5,000㎡ 이상(임대주택 100% 어르신 공급) : 전용면적 300㎡ 이상 의 보건지소 또는 사회복지시설 설치(자치구 필요시) 바) 사업시행자등이 국·공유지 등 토지를 장기 임차하는 등의 특별한 사유로 인하여 공공임대주택의 부속토지 기부채납이 불가능한 경우는 「민간임 대주택법」 제21조의2 제1항 제2호에 따라 부속토지에 해당하는 가격 을 현금으로 납부하여야 한다. 이 경우 토지의 가격은 사업계획승인 또 는 건축허가 신청 당시 표준지공시지가를 기준으로 「감정평가 및 감정 평가사에 관한 법률」 제2조제4호에 따른 감정평가법인등이 평가한 금 액으로 한다. 다만, 용도지역 변경이 있는 경우에는 변경 후 용도지역에 대한 토지 가격을 말한다.(붙임2 현금납부 예시 참조) 2) 용도별 비율 산정기준 가) 비주거 비율은 연면적을 기준으로 산정한다. 나) 비주거 용도는 지하 2층에서 지상 2층에 위치하여야 한다. 다만, 대지 의 형태 및 고저차 등의 사유와 상업지역에서 지상 2층까지 비주거 비율 10% 이상 확보가 불가능한 경우 및 용도변경의 경우에는 관련 위원회 의 자문 또는 심의를 거쳐 위치 및 비율을 조정할 수 있다. 다) 공공청사 등 건축물로 설치·제공하는 공공시설등은 비주거 비율에 포함 한다. ※ 용도지역 변경이 있는 경우 용적률, 공공기여율 및 용도별 비율표 ※ 자연녹지지역의 공공기여는 임대주택을 원칙으로 한다. ※ 자연녹지지역, 제1종일반주거지역의 용도지역 변경은 임대주택 100%를 어르신에게 공급하는 주택의 경우로 한정한다. ※ 역세권 외 간선도로 이면부 사업대상지의 경우 준주거지역까지 용도지역 변경 가능하며, 기본용적률 (400%)만 적용한다.",,기준,"LAW1-E1957,LAW1-E1958,LAW1-P016-LIST-0312,LAW1-P016-LIST-0313,LAW1-E1963,LAW1-E1964,LAW1-E1965,LAW1-P016-LIST-0317,LAW1-P016-LIST-0318,LAW1-E1971,LAW1-P016-LIST-0320,LAW1-E1974,LAW1-P017-LIST-0322,LAW1-P017-LIST-0323,LAW1-E1979,LAW1-E1980,LAW1-E1981,LAW1-P017-LIST-0327,LAW1-E1984,LAW1-P017-LIST-0329,LAW1-P017-LIST-0330,LAW1-E1990,LAW1-P017-LIST-0332,LAW1-P017-LIST-0333,LAW1-E1995,LAW1-E1996,LAW1-E1997,LAW1-E1998,LAW1-E1999,LAW1-E2000,LAW1-E2001,LAW1-P018-LIST-0341,LAW1-P018-LIST-0342,LAW1-E2007,LAW1-E2008,LAW1-E2009,LAW1-P019-LIST-0346,LAW1-P019-LIST-0347",자동 추출,
LAW1-2_4_2,LAW1,,"제2장 안심주택 (청년, 어르신, 신혼부부 대상)",제4절 용적률 및 공공기여 등,2-4-2,,19,21,"2-4-2. 안심주택 조례 제7조 제3항에 따라 용도지역 변경이 없는 경우 용적률, 공 공기여율 등 기준은 다음과 같다.
가. 준주거지역의 경우
1) 기본용적률 및 공공기여율
가) 기본용적률 500% 이하 및 공공기여율 6% 이상
2) 용도별 비율은 준주거지역으로 변경되는 경우와 동일
※ 서울도심은 기본용적률 400% 이하 및 공공기여율 4% 이상으로 하며, 높이는 서울도 심기본계획의 높이계획을 따름
※ 기본용적률 적용은 관련 위원회 자문 또는 심의를 거쳐 허용
나. 준공업지역의 경우
1) 기본용적률 및 공공기여율
가) 기본용적률 : 400% 이하
나) 공공기여율
(1) 공장비율 10% 미만인 경우 : 10% 이상
(2) 공장비율 10% 이상인 경우 : 15% 이상 (단, 공공기여율의 2분의 1은 공공임대주택, 2분의1은 임대산업시설로 확보)
2) 용도별 비율 등
가) 용도별 비율은 준주거지역으로 변경되는 경우와 동일
나) 공장비율 10% 이상인 경우 산업부지 확보비율은 「도시계획 조례」 별표 17에도 불구하고 관련 위원회 심의를 통해 2분의 1까지 완화할 수 있다.
다) 공장의 범위는 「도시계획 조례」 별표 17의 1호에 따른다.
다. 근린상업지역의 경우
1) 기본용적률 및 공공기여율
가) 기본용적률 600% 이하인 경우 공공기여율 8% 이상
나) 기본용적률 700% 이하인 경우 공공기여율 10% 이상
다) 기본용적률 800% 이하인 경우 공공기여율 12% 이상
※ 서울도심은 기본용적률 500% 이하 및 공공기여율 6% 이상으로 하며, 높이는 서
울도심기본계획의 높이계획을 따름
※ 기본용적률 적용은 관련 위원회 자문 또는 심의를 거쳐 허용
2) 용도별 비율은 일반상업지역으로 변경되는 경우와 동일
라. 일반상업지역의 경우
1) 기본용적률 및 공공기여율
가) 기본용적률이 800% 이하인 경우 공공기여율 10% 이상
나) 기본용적률이 900% 이하인 경우 공공기여율 12% 이상
다) 기본용적률이 1,000% 이하인 경우 공공기여율 14% 이상
※ 서울도심은 기본용적률 600% 이하 및 공공기여율 8% 이상으로 하며, 높이는 서
울도심기본계획의 높이계획을 따름
※ 기본용적률 적용은 관련 위원회 자문 또는 심의를 거쳐 허용
2) 용도별 비율은 일반상업지역으로 변경되는 경우와 동일
마. 공공기여율 및 용도별 비율 산정기준은 2-4-1 바목에 따른다.
※ 용도지역 변경이 없는 경우 용적률, 공공기여율 및 용도별 비율표
용도지역 | 준주거지역 500% | 준공업지역 | 근린상업지역 600% | 일반상업지역 800%
[( )는 역세권외 이면부 또는 서울도심 내] 임대기간 | 500% (400%) | 400% | (500%) | 700% | 800% | (600%) | 900% | 1,000%
상한 용적률 (역세권외 이면부) | 임대기간 10년이상 임대기간 20년이상 | 575 (400%) 600 (500%) | 400% |  | 900% |  | 1,300%
20년이상 기본 공공기여율 [( )는 역세권외 이면부 | 6% (4%) | 10~15% | 8% (6%) | 10% | 12% | 10% (8%) | 12% | 14%
또는 용도별 비율 | 주거 | 85%이상 | 80% 이상
비주거 | - | 10% 이상 (가로변 비주거 설치 의무)","2-4-2. 안심주택 조례 제7조 제3항에 따라 용도지역 변경이 없는 경우 용적률, 공 공기여율 등 기준은 다음과 같다. 가. 준주거지역의 경우 1) 기본용적률 및 공공기여율 가) 기본용적률 500% 이하 및 공공기여율 6% 이상 2) 용도별 비율은 준주거지역으로 변경되는 경우와 동일 ※ 서울도심은 기본용적률 400% 이하 및 공공기여율 4% 이상으로 하며, 높이는 서울도 심기본계획의 높이계획을 따름 ※ 기본용적률 적용은 관련 위원회 자문 또는 심의를 거쳐 허용 나. 준공업지역의 경우 1) 기본용적률 및 공공기여율 가) 기본용적률 : 400% 이하 나) 공공기여율 (1) 공장비율 10% 미만인 경우 : 10% 이상 (2) 공장비율 10% 이상인 경우 : 15% 이상 (단, 공공기여율의 2분의 1은 공공임대주택, 2분의1은 임대산업시설로 확보) 2) 용도별 비율 등 가) 용도별 비율은 준주거지역으로 변경되는 경우와 동일 나) 공장비율 10% 이상인 경우 산업부지 확보비율은 「도시계획 조례」 별표 17에도 불구하고 관련 위원회 심의를 통해 2분의 1까지 완화할 수 있다. 다) 공장의 범위는 「도시계획 조례」 별표 17의 1호에 따른다. 다. 근린상업지역의 경우 1) 기본용적률 및 공공기여율 가) 기본용적률 600% 이하인 경우 공공기여율 8% 이상 나) 기본용적률 700% 이하인 경우 공공기여율 10% 이상 다) 기본용적률 800% 이하인 경우 공공기여율 12% 이상 ※ 서울도심은 기본용적률 500% 이하 및 공공기여율 6% 이상으로 하며, 높이는 서 울도심기본계획의 높이계획을 따름 ※ 기본용적률 적용은 관련 위원회 자문 또는 심의를 거쳐 허용 2) 용도별 비율은 일반상업지역으로 변경되는 경우와 동일 라. 일반상업지역의 경우 1) 기본용적률 및 공공기여율 가) 기본용적률이 800% 이하인 경우 공공기여율 10% 이상 나) 기본용적률이 900% 이하인 경우 공공기여율 12% 이상 다) 기본용적률이 1,000% 이하인 경우 공공기여율 14% 이상 ※ 서울도심은 기본용적률 600% 이하 및 공공기여율 8% 이상으로 하며, 높이는 서 울도심기본계획의 높이계획을 따름 ※ 기본용적률 적용은 관련 위원회 자문 또는 심의를 거쳐 허용 2) 용도별 비율은 일반상업지역으로 변경되는 경우와 동일 마. 공공기여율 및 용도별 비율 산정기준은 2-4-1 바목에 따른다. ※ 용도지역 변경이 없는 경우 용적률, 공공기여율 및 용도별 비율표 용도지역 | 준주거지역 500% | 준공업지역 | 근린상업지역 600% | 일반상업지역 800% [( )는 역세권외 이면부 또는 서울도심 내] 임대기간 | 500% (400%) | 400% | (500%) | 700% | 800% | (600%) | 900% | 1,000% 상한 용적률 (역세권외 이면부) | 임대기간 10년이상 임대기간 20년이상 | 575 (400%) 600 (500%) | 400% | | 900% | | 1,300% 20년이상 기본 공공기여율 [( )는 역세권외 이면부 | 6% (4%) | 10~15% | 8% (6%) | 10% | 12% | 10% (8%) | 12% | 14% 또는 용도별 비율 | 주거 | 85%이상 | 80% 이상 비주거 | - | 10% 이상 (가로변 비주거 설치 의무)",,표/도식 포함,"LAW1-E2018,LAW1-E2019,LAW1-E2020,LAW1-E2021,LAW1-E2022,LAW1-P019-LIST-0353,LAW1-E2025,LAW1-E2026,LAW1-P020-LIST-0356,LAW1-P020-LIST-0357,LAW1-E2031,LAW1-P020-LIST-0359,LAW1-E2035,LAW1-E2036,LAW1-P020-LIST-0362,LAW1-E2040,LAW1-E2041,LAW1-E2042,LAW1-E2043,LAW1-E2044,LAW1-E2045,LAW1-P020-LIST-0369,LAW1-E2049,LAW1-E2050,LAW1-E2051,LAW1-E2052,LAW1-E2053,LAW1-E2054,LAW1-E2055",자동 추출,
LAW1-2_5_1,LAW1,,"제2장 안심주택 (청년, 어르신, 신혼부부 대상)",제5절 건축 및 주차계획 등,2-5-1,,21,21,"2-5-1. 건축물의 높이는 서울특별시 지구단위계획 수립기준에 따라 부지 규모, 주변 과의 조화 등을 고려하여 검토·제시되어야 하며 지구단위계획과 관련된 다음 의 사항은 관련 위원회의 심의를 거쳐 완화할 수 있다.
가. 가로구역별 최고높이나 지구단위계획에 결정되어 있는 최고높이","2-5-1. 건축물의 높이는 서울특별시 지구단위계획 수립기준에 따라 부지 규모, 주변 과의 조화 등을 고려하여 검토·제시되어야 하며 지구단위계획과 관련된 다음 의 사항은 관련 위원회의 심의를 거쳐 완화할 수 있다. 가. 가로구역별 최고높이나 지구단위계획에 결정되어 있는 최고높이",,기준,"LAW1-E2057,LAW1-E2058",자동 추출,
LAW1-2_5_2,LAW1,,"제2장 안심주택 (청년, 어르신, 신혼부부 대상)",제5절 건축 및 주차계획 등,2-5-2,,21,21,"2-5-2. 경관계획 시 다음 사항을 검토하여야 한다.
가. 주변지역과 조화로운 스카이라인을 형성하도록 권장한다.
나. 상업지역이나 준주거지역으로 변경 시 사업대상지 이면부에 제3종일반주거지 역 이하의 저층 주거지가 있는 경우에는 일조, 경관 등의 부영향 저감방안을 마련하여야 한다.","2-5-2. 경관계획 시 다음 사항을 검토하여야 한다. 가. 주변지역과 조화로운 스카이라인을 형성하도록 권장한다. 나. 상업지역이나 준주거지역으로 변경 시 사업대상지 이면부에 제3종일반주거지 역 이하의 저층 주거지가 있는 경우에는 일조, 경관 등의 부영향 저감방안을 마련하여야 한다.",,기준,"LAW1-E2058,LAW1-P021-LIST-0380",자동 추출,
LAW1-2_5_3,LAW1,,"제2장 안심주택 (청년, 어르신, 신혼부부 대상)",제5절 건축 및 주차계획 등,2-5-3,,21,23,"2-5-3. 건축물의 주거환경을 미래지향적으로 조성하기 위하여 지속가능형 공동주택, 친환경 건축물, 커뮤니티 지원시설 설치, 상생형 임차시설 설치, 공공시설물 (의무 공공기여 제외) 설치, ｢서울특별시 건축물 심의기준｣에 규정한 발코니 (개방형 발코니, 돌출개방형 발코니, 돌출형 발코니) 설치 중 2가지 사항 이 상을 의무적으로 이행하여야 한다.
가. “지속가능형 공동주택”은 건축물의 노후화 억제, 기능향상 등을 통해 건축물 의 내구연한을 증대시켜 자원의 절약 및 건설폐기물 최소화 등 친환경성을 지 속적으로 유지하기 위하여 「건축법」 제8조에 의한 “리모델링이 쉬운 구조” 인 공동주택 또는 「주택법」 제38조에 의한 “장수명 주택”으로 계획하여야
하며, 적합 여부는 「서울특별시 건축물 심의기준」을 참조하여 관련위원회에 서 결정한다.
나. “친환경 건축물”은 녹색건축물 활성화 도모를 위한 것으로 「서울특별시 녹색 건축물 설계기준(서울특별시 고시)」을 다음과 같이 적용한다.
1) 「서울특별시 녹색건축물 설계기준(서울특별시 고시)」에 의한 해당 적용대 상의 구분을 적용하여 ㉠ 환경성능부문 ㉡ 에너지성능부문 ㉢ 에너지관리부 문 ㉣ 신·재생에너지부문 중 2가지 이상을 적용대상의 구분에서 상향단계를 적용한다.
(예시 :  기준 →  기준으로 ㉠~㉣중 2가지 이상 적용)
※「서울특별시 녹색건축물 설계기준(서울특별시 고시)」: 적용대상의 구분
※ 단, 「서울특별시 녹색건축물 설계기준(서울특별시 고시)」 적용대상의 구분이 최상일 경우(  )는 해당 적용대상의 구분과 동일 고시의 녹색건축물 인센티브의 제로에너지 건축물 인증 등급 5등급을 추가 적용한다.
2) 친환경 건축물의 적용은 사업계획승인 또는 건축허가 시 계획내용을 제출·확 인하고 착공 전까지 예비인증을 받아야 하며, 사용승인 시 인증받아야 한다.
다. “커뮤니티 지원시설 설치”는 1-3-16에 따른 시설을 확보하기 위한 것으로, 다음의 기준을 적용하여 계획한다.
1) 규모 : 「주택건설기준 등에 관한 규정」 및 「서울특별시 주택 조례」에 따른 주민공동시설 및 2-5-14의 커뮤니티시설과 별도로 전체 건립호수에 따라 다음 기준 면적 이상으로 설치해야 한다.
2) 용도 : 주변 입지여건, 거주민 특성 등을 고려하여 입안권자와 서울시가 협 의 후 결정하여 사업자가 설치토록 하고, 추후 커뮤니티 지원시설 용도가 적 정하지 않다고 판단될 경우 주민 설문조사 등을 통해 수요에 맞춰 용도를
변경할 수 있으며, 용도변경 시 서울시와 사전 협의를 이행하여야 한다.(예 시: 공동육아 나눔터, 키즈카페, 공용식당, 어르신 관련 프로그램 지원시설, 데이케어센터 등)
3) 입지 : 생활공유가로변 등 접근이 편리한 위치에 설치하여야 한다.
4) 운영 및 관리 : 커뮤니티 지원시설은 지역주민에게 개방하고 비영리재단(사 회적 기업, 협동단체 등) 및 전문기업, 민간, 공공 등 입안권자 또는 서울시 가 인정하는 운영자와 사용대차 또는 임대차계약 등을 통해 운영 및 관리될
수 있도록 하여야 한다.
라. “상생형 임차시설 설치”는 1-3-17에 따른 시설의 설치를 말하며, 설치규모 는 2-5-14에 따른 건립호수별 커뮤니티시설 면적의 50% 이상이어야 한다.","2-5-3. 건축물의 주거환경을 미래지향적으로 조성하기 위하여 지속가능형 공동주택, 친환경 건축물, 커뮤니티 지원시설 설치, 상생형 임차시설 설치, 공공시설물 (의무 공공기여 제외) 설치, ｢서울특별시 건축물 심의기준｣에 규정한 발코니 (개방형 발코니, 돌출개방형 발코니, 돌출형 발코니) 설치 중 2가지 사항 이 상을 의무적으로 이행하여야 한다. 가. “지속가능형 공동주택”은 건축물의 노후화 억제, 기능향상 등을 통해 건축물 의 내구연한을 증대시켜 자원의 절약 및 건설폐기물 최소화 등 친환경성을 지 속적으로 유지하기 위하여 「건축법」 제8조에 의한 “리모델링이 쉬운 구조” 인 공동주택 또는 「주택법」 제38조에 의한 “장수명 주택”으로 계획하여야 하며, 적합 여부는 「서울특별시 건축물 심의기준」을 참조하여 관련위원회에 서 결정한다. 나. “친환경 건축물”은 녹색건축물 활성화 도모를 위한 것으로 「서울특별시 녹색 건축물 설계기준(서울특별시 고시)」을 다음과 같이 적용한다. 1) 「서울특별시 녹색건축물 설계기준(서울특별시 고시)」에 의한 해당 적용대 상의 구분을 적용하여 ㉠ 환경성능부문 ㉡ 에너지성능부문 ㉢ 에너지관리부 문 ㉣ 신·재생에너지부문 중 2가지 이상을 적용대상의 구분에서 상향단계를 적용한다. (예시 :  기준 →  기준으로 ㉠~㉣중 2가지 이상 적용) ※「서울특별시 녹색건축물 설계기준(서울특별시 고시)」: 적용대상의 구분 ※ 단, 「서울특별시 녹색건축물 설계기준(서울특별시 고시)」 적용대상의 구분이 최상일 경우(  )는 해당 적용대상의 구분과 동일 고시의 녹색건축물 인센티브의 제로에너지 건축물 인증 등급 5등급을 추가 적용한다. 2) 친환경 건축물의 적용은 사업계획승인 또는 건축허가 시 계획내용을 제출·확 인하고 착공 전까지 예비인증을 받아야 하며, 사용승인 시 인증받아야 한다. 다. “커뮤니티 지원시설 설치”는 1-3-16에 따른 시설을 확보하기 위한 것으로, 다음의 기준을 적용하여 계획한다. 1) 규모 : 「주택건설기준 등에 관한 규정」 및 「서울특별시 주택 조례」에 따른 주민공동시설 및 2-5-14의 커뮤니티시설과 별도로 전체 건립호수에 따라 다음 기준 면적 이상으로 설치해야 한다. 2) 용도 : 주변 입지여건, 거주민 특성 등을 고려하여 입안권자와 서울시가 협 의 후 결정하여 사업자가 설치토록 하고, 추후 커뮤니티 지원시설 용도가 적 정하지 않다고 판단될 경우 주민 설문조사 등을 통해 수요에 맞춰 용도를 변경할 수 있으며, 용도변경 시 서울시와 사전 협의를 이행하여야 한다.(예 시: 공동육아 나눔터, 키즈카페, 공용식당, 어르신 관련 프로그램 지원시설, 데이케어센터 등) 3) 입지 : 생활공유가로변 등 접근이 편리한 위치에 설치하여야 한다. 4) 운영 및 관리 : 커뮤니티 지원시설은 지역주민에게 개방하고 비영리재단(사 회적 기업, 협동단체 등) 및 전문기업, 민간, 공공 등 입안권자 또는 서울시 가 인정하는 운영자와 사용대차 또는 임대차계약 등을 통해 운영 및 관리될 수 있도록 하여야 한다. 라. “상생형 임차시설 설치”는 1-3-17에 따른 시설의 설치를 말하며, 설치규모 는 2-5-14에 따른 건립호수별 커뮤니티시설 면적의 50% 이상이어야 한다.",,기준,"LAW1-E2061,LAW1-E2062,LAW1-E2063,LAW1-E2064,LAW1-E2065,LAW1-E2066,LAW1-P022-LIST-0387,LAW1-E2070,LAW1-E2071,LAW1-P022-LIST-0390,LAW1-P023-LIST-0391,LAW1-E2078,LAW1-E2079",자동 추출,
LAW1-2_5_4,LAW1,,"제2장 안심주택 (청년, 어르신, 신혼부부 대상)",제5절 건축 및 주차계획 등,2-5-4,,23,23,"2-5-4. 사업시행자는 지역 환경과 조화되고 입주자에게 쾌적한 주거환경을 제공하 기 위해 건축디자인 및 품질향상에 노력하여야 한다.
가. 주변지역과 어울리고, 조형성이 반영된 입면특화 계획 수립
나. 건물 저층부는 개방감을 확보하고 도로변 보행의 연속성을 확보하여야 함
다. 쾌적한 주거환경을 위해 채광과 환기가 양호하도록 하며, 천장높이 2.4m 이 상 확보하여야 함
라. 단위세대는 가구유형에 대응한 특화공간 등 다양한 평면계획 수립
마. 공간분할, 수납형 벽체, 모듈시스템 가구 등 공간구조의 개방성·유연성 확보
권장","2-5-4. 사업시행자는 지역 환경과 조화되고 입주자에게 쾌적한 주거환경을 제공하 기 위해 건축디자인 및 품질향상에 노력하여야 한다. 가. 주변지역과 어울리고, 조형성이 반영된 입면특화 계획 수립 나. 건물 저층부는 개방감을 확보하고 도로변 보행의 연속성을 확보하여야 함 다. 쾌적한 주거환경을 위해 채광과 환기가 양호하도록 하며, 천장높이 2.4m 이 상 확보하여야 함 라. 단위세대는 가구유형에 대응한 특화공간 등 다양한 평면계획 수립 마. 공간분할, 수납형 벽체, 모듈시스템 가구 등 공간구조의 개방성·유연성 확보 권장",,기준,"LAW1-E2080,LAW1-P023-LIST-0395,LAW1-E2086",자동 추출,
LAW1-2_5_5,LAW1,,"제2장 안심주택 (청년, 어르신, 신혼부부 대상)",제5절 건축 및 주차계획 등,2-5-5,,23,24,"2-5-5. 사업시행자는 안심주택에 다음 각 목의 사항을 건축계획에 반영하여야 한다. 가. 신혼부부 주거공간
1) 신혼부부 특성과 세대원 구성 변화에 맞는 다양한 평면 제공(예시: 알파룸,
자녀방 등)하여야 한다.
2) 필요시설 설치(권장) : 150호 이상은 맞춤형 육아시설 (키즈카페 등)
나. 어르신 주거공간
1) 무장애 설계 : 어르신들의 신체적 특징을 고려하여 이동하기 편리하고 생활 하기에 안전한 설계를 하여야 하며, [붙임6]의 무장애 설계 가이드라인을
준수하여야 한다.
2) 첨단 특화설계 : 스마트기기와 연결한 IoT 서비스, 침실 및 화장실 등 비상 벨[응급구조 자동전송(병원 또는 소방서) 시스템 포함], 동작감지센서 설치
3) 필요시설 설치 : 대지면적 5,000㎡ 이상(어르신에게 임대주택 100%를 공급하는 경우) 보건지소 또는 복지시설(전용면적 300㎡ 이상) 등 우선 설 치 검토, 150호 이상은 어르신들의 식사지원을 위한 식당 설치
4) 어르신주택 계획 시 기본적으로 건축법 및 주택법 등의 관련 법규를 적용하 여 계획하여야 한다.","2-5-5. 사업시행자는 안심주택에 다음 각 목의 사항을 건축계획에 반영하여야 한다. 가. 신혼부부 주거공간 1) 신혼부부 특성과 세대원 구성 변화에 맞는 다양한 평면 제공(예시: 알파룸, 자녀방 등)하여야 한다. 2) 필요시설 설치(권장) : 150호 이상은 맞춤형 육아시설 (키즈카페 등) 나. 어르신 주거공간 1) 무장애 설계 : 어르신들의 신체적 특징을 고려하여 이동하기 편리하고 생활 하기에 안전한 설계를 하여야 하며, [붙임6]의 무장애 설계 가이드라인을 준수하여야 한다. 2) 첨단 특화설계 : 스마트기기와 연결한 IoT 서비스, 침실 및 화장실 등 비상 벨[응급구조 자동전송(병원 또는 소방서) 시스템 포함], 동작감지센서 설치 3) 필요시설 설치 : 대지면적 5,000㎡ 이상(어르신에게 임대주택 100%를 공급하는 경우) 보건지소 또는 복지시설(전용면적 300㎡ 이상) 등 우선 설 치 검토, 150호 이상은 어르신들의 식사지원을 위한 식당 설치 4) 어르신주택 계획 시 기본적으로 건축법 및 주택법 등의 관련 법규를 적용하 여 계획하여야 한다.",,기준,"LAW1-E2087,LAW1-E2088,LAW1-E2089,LAW1-E2090,LAW1-E2091,LAW1-E2092,LAW1-E2093,LAW1-P024-LIST-0404",자동 추출,
LAW1-2_5_6,LAW1,,"제2장 안심주택 (청년, 어르신, 신혼부부 대상)",제5절 건축 및 주차계획 등,2-5-6,,24,24,2-5-6. 공공임대주택과 공공지원민간임대주택 또는 분양주택 상호간에 차별화된 구 조와 동선체계로 하거나 주민공동시설 사용상의 불리 등 차별 및 불편 문제 가 발생하지 않도록 사회혼합(social mixing)을 고려한 건축계획을 수립하 여야 한다.,2-5-6. 공공임대주택과 공공지원민간임대주택 또는 분양주택 상호간에 차별화된 구 조와 동선체계로 하거나 주민공동시설 사용상의 불리 등 차별 및 불편 문제 가 발생하지 않도록 사회혼합(social mixing)을 고려한 건축계획을 수립하 여야 한다.,,본문,LAW1-P024-LIST-0405,자동 추출,
LAW1-2_5_7,LAW1,,"제2장 안심주택 (청년, 어르신, 신혼부부 대상)",제5절 건축 및 주차계획 등,2-5-7,,24,24,"2-5-7. 공공임대주택만을 별동으로 건립하는 것을 지양한다. 다만, 관련위원회에서 합리적 주동 배치, 경관 등 단지계획상 필요하다고 인정하는 경우에는 별동 으로 건립할 수 있다.","2-5-7. 공공임대주택만을 별동으로 건립하는 것을 지양한다. 다만, 관련위원회에서 합리적 주동 배치, 경관 등 단지계획상 필요하다고 인정하는 경우에는 별동 으로 건립할 수 있다.",,본문,LAW1-P024-LIST-0405,자동 추출,
LAW1-2_5_8,LAW1,,"제2장 안심주택 (청년, 어르신, 신혼부부 대상)",제5절 건축 및 주차계획 등,2-5-8,,24,25,"2-5-8. 단위세대 계획 시 민간임대주택, 공공임대주택 구분 없이 다음 항목을 의무 적으로 설치하여야 하며, 공공임대주택에 설치하는 냉장고, 세탁기, 에어컨의 설치비용을 공공임대주택 매입 계약금액에 실비로 반영하여 정산할 수 있다.
구 분 현관 | 가 구 | 가 전 - | 비
현관 | 수납장(신발장) | - | 
침실·거실·주방 | 붙박이장 (옷장 ), 싱크대 | 냉장고 : (1인) 150리터 이상 (2인) 400리터 이상 세탁기 : (1인) 9kg 이상 (2인) 12kg 이상 에어컨 : (1인) 1대 이상 (각 6평형 이상) (2인) 2대 이상 전자레인지 인덕션(쿡탑) : (1인) 2구 이상 (2인) 3구 이상 | 
욕실·화장실 | 수납장(욕실장) | - | 
가. 가전제품은 가능한 에너지효율 1등급을 적용한다.
나. 어르신 사용 가구는 어르신 신체특성을 고려하여 높이를 계획한다.
다. 인덕션은 다이얼식 또는 조작시 화재 위험이 적은 장치를 권장한다.
라. 에어컨은 천장 매립형으로 설치를 권장한다.
마. 에어컨 실외기는 개별제어 및 개별 요금 부과 등 요건을 만족하는 경우 통합 실외기 설치 허용
※ 통합실외기실 설치기준을 준수하고 관련위원회 심의 시 [붙임4] 체크리스트 제출","2-5-8. 단위세대 계획 시 민간임대주택, 공공임대주택 구분 없이 다음 항목을 의무 적으로 설치하여야 하며, 공공임대주택에 설치하는 냉장고, 세탁기, 에어컨의 설치비용을 공공임대주택 매입 계약금액에 실비로 반영하여 정산할 수 있다. 구 분 현관 | 가 구 | 가 전 - | 비 현관 | 수납장(신발장) | - | 침실·거실·주방 | 붙박이장 (옷장 ), 싱크대 | 냉장고 : (1인) 150리터 이상 (2인) 400리터 이상 세탁기 : (1인) 9kg 이상 (2인) 12kg 이상 에어컨 : (1인) 1대 이상 (각 6평형 이상) (2인) 2대 이상 전자레인지 인덕션(쿡탑) : (1인) 2구 이상 (2인) 3구 이상 | 욕실·화장실 | 수납장(욕실장) | - | 가. 가전제품은 가능한 에너지효율 1등급을 적용한다. 나. 어르신 사용 가구는 어르신 신체특성을 고려하여 높이를 계획한다. 다. 인덕션은 다이얼식 또는 조작시 화재 위험이 적은 장치를 권장한다. 라. 에어컨은 천장 매립형으로 설치를 권장한다. 마. 에어컨 실외기는 개별제어 및 개별 요금 부과 등 요건을 만족하는 경우 통합 실외기 설치 허용 ※ 통합실외기실 설치기준을 준수하고 관련위원회 심의 시 [붙임4] 체크리스트 제출",,표/도식 포함,"LAW1-P024-LIST-0405,LAW1-E2100,LAW1-P024-LIST-0407,LAW1-P025-LIST-0408,LAW1-E2106",자동 추출,
LAW1-2_5_9,LAW1,,"제2장 안심주택 (청년, 어르신, 신혼부부 대상)",제5절 건축 및 주차계획 등,2-5-9,,25,25,"2-5-9. 발코니를 설치하는 경우 다음의 용도 및 규모 기준을 준수한다.
가. 발코니의 용도 : 발코니 확장시 「건축법 시행령」 제2조 제14호에 따른 용 도(거실 ・ 침실 ・ 창고 등) 기준을 준용하여 계획하며, 설비 ・ 배관 등이 들어가 는 유사 용도의 평면계획을 지양한다.
나. 발코니 확장 이전의 거실 폭원 : 발코니 확장 전 거실의 유효폭(안목)은 2.1m 이상으로 계획한다.
다. 2-5-3에서 규정하는 발코니의 설치기준은 다음과 같다.
주거전용면적 | 발코니면적 | 비고
44㎡이상 60㎡미만 | 발코니 1개소 면적 7㎡이상 | -","2-5-9. 발코니를 설치하는 경우 다음의 용도 및 규모 기준을 준수한다. 가. 발코니의 용도 : 발코니 확장시 「건축법 시행령」 제2조 제14호에 따른 용 도(거실 ・ 침실 ・ 창고 등) 기준을 준용하여 계획하며, 설비 ・ 배관 등이 들어가 는 유사 용도의 평면계획을 지양한다. 나. 발코니 확장 이전의 거실 폭원 : 발코니 확장 전 거실의 유효폭(안목)은 2.1m 이상으로 계획한다. 다. 2-5-3에서 규정하는 발코니의 설치기준은 다음과 같다. 주거전용면적 | 발코니면적 | 비고 44㎡이상 60㎡미만 | 발코니 1개소 면적 7㎡이상 | -",,표/도식 포함,"LAW1-E2106,LAW1-P025-LIST-0410,LAW1-E2110",자동 추출,
LAW1-2_5_10,LAW1,,"제2장 안심주택 (청년, 어르신, 신혼부부 대상)",제5절 건축 및 주차계획 등,2-5-10,,25,26,"2-5-10. 안심주택의 “다락” 설치 기준
「건축법 시행령」 제119조 제1항 제3호 라목에 따라 바닥면적에서 제외 할 수 있는 다락은 층고가 1.5미터(경사진 형태의 지붕인 경우에는 각 부분 높이에 따른 면적에 따라 가중평균한 높이1.8미터)이하이고, 거실의 목적으 로 사용하지 않는 경우로서 다음 각 호의 기준에 적합한 경우로 한정한다.
가. 구조 및 형태기준
1) 주변 경관과의 조화를 위해 원칙적으로 최상층에만 허용 다만, 통합심의위원회 등 관련 위원회 심의를 거쳐 조화롭고 창의적인 건축 디자인을 계획하여 미관·구조·방화 등에 지장이 없다고 인정하는 경우에는
그러하지 아니한다.
2) 지붕구조물 내부에 설치되는 것으로 한정하고, 다락 설치 목적의 별도 구조 물(외벽 및 일부 경사지붕 등) 설치 불가
3) 다락층까지 연속된 주계단은 설치불가
4) 다락에서 외부로 나가는 문 설치 불가(다락 창호는 바닥에서 60cm 이상 위에 설치)
난방, 급수시설, 위생설비 등 설치를 금지하며 건축허가 조건 및 입주자모집공고 시 다락을 거실로 사용할 수 없음과 바닥면적에서 제외되는 면적임을 명기한다.","2-5-10. 안심주택의 “다락” 설치 기준 「건축법 시행령」 제119조 제1항 제3호 라목에 따라 바닥면적에서 제외 할 수 있는 다락은 층고가 1.5미터(경사진 형태의 지붕인 경우에는 각 부분 높이에 따른 면적에 따라 가중평균한 높이1.8미터)이하이고, 거실의 목적으 로 사용하지 않는 경우로서 다음 각 호의 기준에 적합한 경우로 한정한다. 가. 구조 및 형태기준 1) 주변 경관과의 조화를 위해 원칙적으로 최상층에만 허용 다만, 통합심의위원회 등 관련 위원회 심의를 거쳐 조화롭고 창의적인 건축 디자인을 계획하여 미관·구조·방화 등에 지장이 없다고 인정하는 경우에는 그러하지 아니한다. 2) 지붕구조물 내부에 설치되는 것으로 한정하고, 다락 설치 목적의 별도 구조 물(외벽 및 일부 경사지붕 등) 설치 불가 3) 다락층까지 연속된 주계단은 설치불가 4) 다락에서 외부로 나가는 문 설치 불가(다락 창호는 바닥에서 60cm 이상 위에 설치) 난방, 급수시설, 위생설비 등 설치를 금지하며 건축허가 조건 및 입주자모집공고 시 다락을 거실로 사용할 수 없음과 바닥면적에서 제외되는 면적임을 명기한다.",,기준,"LAW1-E2111,LAW1-E2112,LAW1-E2113,LAW1-E2114,LAW1-E2115,LAW1-P025-LIST-0417,LAW1-E2120",자동 추출,
LAW1-2_5_11,LAW1,,"제2장 안심주택 (청년, 어르신, 신혼부부 대상)",제5절 건축 및 주차계획 등,2-5-11,,26,26,"2-5-11. 진·출입도로 최소폭원 관련사항은 이 기준에서 정하지 않은 사항은 「주택 법」 대상사업의 경우 「주택건설기준 등에 관한 규정」 제25조, 「건축법」 대상사업의 경우 「건축법」 제44조 규정에 따른다.","2-5-11. 진·출입도로 최소폭원 관련사항은 이 기준에서 정하지 않은 사항은 「주택 법」 대상사업의 경우 「주택건설기준 등에 관한 규정」 제25조, 「건축법」 대상사업의 경우 「건축법」 제44조 규정에 따른다.",,기준,LAW1-P026-LIST-0419,자동 추출,
LAW1-2_5_12,LAW1,,"제2장 안심주택 (청년, 어르신, 신혼부부 대상)",제5절 건축 및 주차계획 등,2-5-12,,26,26,"2-5-12. 안심주택 건립 시 다음 각 목의 기준에 따라 자주식 주차장으로 설치하여 야 한다. 다만, 사업대상지 면적, 사업여건 등을 감안하여 위원회가 특별히 인정하는 경우 자주식 주차장 비율과 진출입 방법에 대해 조정할 수 있다.
가. 자주식 주차장 비율
1) 대상지 면적 2,000㎡
미만 : 계획 주차대수의 10분의 3 이상 설치
2) 대상지 면적 2,000㎡
이상 : 계획 주차대수의 10분의 5 이상 설치
나. 주차장 진출입 방법
1) 대상지 면적 2,000㎡
미만 : 승강시설(카리프트)
트 ) 허 용
2) 대상지 면적 2,000㎡ 이상~3,000㎡ 미만 : 경사로 설치 또는 위원회 인 정시 승강시설(카리프트) 허용
3) 대상지 면적 3,000㎡ 이상 : 경사로 설치
사업면적(A,㎡) 의무 면적에 | 의무 자주식 주차비율(R,%) | 비 고
1,000㎡~2,000㎡  | 면적에 따라 30%~50% 의무 비율 비례        | 승강시설(카리프트) 허용
2,000㎡~3,000㎡ | 50% | 경사로 또는 위원회 인정시 승강시설(카리프트) 허용
3,000㎡ 이상 | 50% | 경사로","2-5-12. 안심주택 건립 시 다음 각 목의 기준에 따라 자주식 주차장으로 설치하여 야 한다. 다만, 사업대상지 면적, 사업여건 등을 감안하여 위원회가 특별히 인정하는 경우 자주식 주차장 비율과 진출입 방법에 대해 조정할 수 있다. 가. 자주식 주차장 비율 1) 대상지 면적 2,000㎡ 미만 : 계획 주차대수의 10분의 3 이상 설치 2) 대상지 면적 2,000㎡ 이상 : 계획 주차대수의 10분의 5 이상 설치 나. 주차장 진출입 방법 1) 대상지 면적 2,000㎡ 미만 : 승강시설(카리프트) 트 ) 허 용 2) 대상지 면적 2,000㎡ 이상~3,000㎡ 미만 : 경사로 설치 또는 위원회 인 정시 승강시설(카리프트) 허용 3) 대상지 면적 3,000㎡ 이상 : 경사로 설치 사업면적(A,㎡) 의무 면적에 | 의무 자주식 주차비율(R,%) | 비 고 1,000㎡~2,000㎡  | 면적에 따라 30%~50% 의무 비율 비례        | 승강시설(카리프트) 허용 2,000㎡~3,000㎡ | 50% | 경사로 또는 위원회 인정시 승강시설(카리프트) 허용 3,000㎡ 이상 | 50% | 경사로",,표/도식 포함,"LAW1-P026-LIST-0419,LAW1-E2123,LAW1-E2124,LAW1-E2125,LAW1-E2126,LAW1-E2127,LAW1-E2128,LAW1-E2129,LAW1-E2130,LAW1-E2131,LAW1-P026-LIST-0429,LAW1-E2134",자동 추출,
LAW1-2_5_13,LAW1,,"제2장 안심주택 (청년, 어르신, 신혼부부 대상)",제5절 건축 및 주차계획 등,2-5-13,,26,26,"2-5-13. 제2종일반주거지역, 준공업지역에서는 「주택법 시행령」 제10조 제2항 에 따라 도시형생활주택과 그 밖의 주택을 함께 건축할 수 없고, 「주택건설 기준 등에 관한 규칙」 제6조의2 제1항 제3호에 따라 기계식 주차장치를 설 치할 수 없다.","2-5-13. 제2종일반주거지역, 준공업지역에서는 「주택법 시행령」 제10조 제2항 에 따라 도시형생활주택과 그 밖의 주택을 함께 건축할 수 없고, 「주택건설 기준 등에 관한 규칙」 제6조의2 제1항 제3호에 따라 기계식 주차장치를 설 치할 수 없다.",,기준,LAW1-E2135,자동 추출,
LAW1-2_5_14,LAW1,,"제2장 안심주택 (청년, 어르신, 신혼부부 대상)",제5절 건축 및 주차계획 등,2-5-14,,27,27,"2-5-14. 안심주택 사업 추진 시 다음의 기준에 따라 커뮤니티시설을 설치하여야 한 다. 커뮤니티시설은 입주자들의 사용이 편리한 위치(필요시 층별 면적 분할 하여 설치)에 설치하여야 한다. 또한 이 시설은 입주자 모집공고 후 임차인 과 협의를 통해 운영방안을 결정하고 공급자는 이를 지원하여야 하고 임대의 무기간 이후에 공공지원민간임대주택을 분양·매매 할 경우에는 분양 등을 받 은 자들이 이 시설 운영에 대한 지원을 계속하도록 사전에 고지하여야 한다.
가. 커뮤니티시설 설치면적
1) 100호 미만 : 100㎡ 이상
2) 100호 이상 ~ 300호 미만 : 150㎡ 이상
3) 300호 이상 ~ 364호 미만 : 200㎡ 이상
4) 364호 이상 : (전체 건립호수 도시형생활주택수)×2.5×1.25
나. 설치용도 : 주변 입지여건, 거주자 특성 등을 고려하여 관련위원회에서 결정
된 시설을 사업자가 설치하고 추후 커뮤니티시설 용도가 적정하지 않다고 판 단될 경우 임차인 설문조사 등을 통해 수요에 맞춰 용도를 변경할 수 있으며, 용도변경 시 서울시와 사전 협의를 이행하여야 한다.
※ 예시) 헬스장, 물리치료실, 코인세탁실, 바둑·장기실, 프로그램실, 북카페 등
※ 단, 주택법 제15조에 따른 사업계획승인 대상인 경우 커뮤니티시설을 「주택건설기준등 에 관한 규정」 제55조의2 및 「서울특별시 주택 조례」 제8조의4에 따른 주민공동시 설로 대체할 수 있으며, 동 규정에 따른 의무시설 설치대상이 아닌 경우 용도 계획 시 운영재원 마련 등을 위해 커뮤니티시설의 일부를","2-5-14. 안심주택 사업 추진 시 다음의 기준에 따라 커뮤니티시설을 설치하여야 한 다. 커뮤니티시설은 입주자들의 사용이 편리한 위치(필요시 층별 면적 분할 하여 설치)에 설치하여야 한다. 또한 이 시설은 입주자 모집공고 후 임차인 과 협의를 통해 운영방안을 결정하고 공급자는 이를 지원하여야 하고 임대의 무기간 이후에 공공지원민간임대주택을 분양·매매 할 경우에는 분양 등을 받 은 자들이 이 시설 운영에 대한 지원을 계속하도록 사전에 고지하여야 한다. 가. 커뮤니티시설 설치면적 1) 100호 미만 : 100㎡ 이상 2) 100호 이상 ~ 300호 미만 : 150㎡ 이상 3) 300호 이상 ~ 364호 미만 : 200㎡ 이상 4) 364호 이상 : (전체 건립호수 도시형생활주택수)×2.5×1.25 나. 설치용도 : 주변 입지여건, 거주자 특성 등을 고려하여 관련위원회에서 결정 된 시설을 사업자가 설치하고 추후 커뮤니티시설 용도가 적정하지 않다고 판 단될 경우 임차인 설문조사 등을 통해 수요에 맞춰 용도를 변경할 수 있으며, 용도변경 시 서울시와 사전 협의를 이행하여야 한다. ※ 예시) 헬스장, 물리치료실, 코인세탁실, 바둑·장기실, 프로그램실, 북카페 등 ※ 단, 주택법 제15조에 따른 사업계획승인 대상인 경우 커뮤니티시설을 「주택건설기준등 에 관한 규정」 제55조의2 및 「서울특별시 주택 조례」 제8조의4에 따른 주민공동시 설로 대체할 수 있으며, 동 규정에 따른 의무시설 설치대상이 아닌 경우 용도 계획 시 운영재원 마련 등을 위해 커뮤니티시설의 일부를",,기준,"LAW1-E2136,LAW1-E2137,LAW1-P027-LIST-0434,LAW1-E2142,LAW1-E2143,LAW1-P027-LIST-0437",자동 추출,
LAW1-2_5_3_2,LAW1,,"제2장 안심주택 (청년, 어르신, 신혼부부 대상)",제5절 건축 및 주차계획 등,2-5-3,,27,27,2-5-3. 라목의 ‘상생형 임차시설’로 대 체하여 설치 할 수 있다.,2-5-3. 라목의 ‘상생형 임차시설’로 대 체하여 설치 할 수 있다.,,본문,LAW1-P027-LIST-0437,자동 추출,
LAW1-2_6_1,LAW1,,"제2장 안심주택 (청년, 어르신, 신혼부부 대상)",제6절 규모별 공급면적 및 입주대상자,2-6-1,,27,28,"2-6-1. 안심주택 조례 제15조에 따라 시장이 정하는 주택의 면적 및 건설규모 비율은 다음과 같다.
및
가. 전용면적 23㎡~60㎡ 내외에서 다음의 면적규모를 따라야 하며 2인 이상 세대는 2룸을 원칙으로 한다. 단, 면적·규모별 공급비율은 관련 위원회에서 필요하다고 인정할 경우 조정할 수 있다.
1) 1인 세대 전용면적 23㎡ 이상
2) 2인 이상 세대는 전용면적 44㎡ 이상(2룸 이상) 권장
다. 진행 중인(준공 전) 청년안심주택 사업의 분양주택 호수는 1-3-8 기준을 적
용(설계변경을 통해 신혼부부, 어르신주택 증가하는 경우 포함)할 수 있다. ※ 주차대수 산정은 주차관련 규정 적용","2-6-1. 안심주택 조례 제15조에 따라 시장이 정하는 주택의 면적 및 건설규모 비율은 다음과 같다. 및 가. 전용면적 23㎡~60㎡ 내외에서 다음의 면적규모를 따라야 하며 2인 이상 세대는 2룸을 원칙으로 한다. 단, 면적·규모별 공급비율은 관련 위원회에서 필요하다고 인정할 경우 조정할 수 있다. 1) 1인 세대 전용면적 23㎡ 이상 2) 2인 이상 세대는 전용면적 44㎡ 이상(2룸 이상) 권장 다. 진행 중인(준공 전) 청년안심주택 사업의 분양주택 호수는 1-3-8 기준을 적 용(설계변경을 통해 신혼부부, 어르신주택 증가하는 경우 포함)할 수 있다. ※ 주차대수 산정은 주차관련 규정 적용",,기준,"LAW1-E2147,LAW1-E2148,LAW1-E2149,LAW1-P027-LIST-0442,LAW1-E2153,LAW1-E2154",자동 추출,
LAW1-2_6_2,LAW1,,"제2장 안심주택 (청년, 어르신, 신혼부부 대상)",제6절 규모별 공급면적 및 입주대상자,2-6-2,,28,28,"2-6-2. 안심주택 조례 제17조에 따른 공공임대주택의 임차인 자격 및 선정기준에 관해서는 관계법규에 따라 다음 기준으로 공급할 수 있다.
가. 공공임대주택의 30% 이내에서 주택이 위치한 지역의 자치구가 추천하는 주 거불안정 청년, 신혼부부, 어르신에게 우선 공급할 수 있다. 이 경우 소득 및 자산 기준 등 입주자격은 관계법령에 적합하여야 한다.
나. 입주 후 본인 또는 타인 명의의 차량을 소유 또는 운행하고자 하는 경우에는 차량 가액이 해당 시점의 ‘공공주택 입주자 소득·자산기준’ 이하여야 함","2-6-2. 안심주택 조례 제17조에 따른 공공임대주택의 임차인 자격 및 선정기준에 관해서는 관계법규에 따라 다음 기준으로 공급할 수 있다. 가. 공공임대주택의 30% 이내에서 주택이 위치한 지역의 자치구가 추천하는 주 거불안정 청년, 신혼부부, 어르신에게 우선 공급할 수 있다. 이 경우 소득 및 자산 기준 등 입주자격은 관계법령에 적합하여야 한다. 나. 입주 후 본인 또는 타인 명의의 차량을 소유 또는 운행하고자 하는 경우에는 차량 가액이 해당 시점의 ‘공공주택 입주자 소득·자산기준’ 이하여야 함",,기준,"LAW1-E2155,LAW1-P028-LIST-0446",자동 추출,
LAW1-2_6_3,LAW1,,"제2장 안심주택 (청년, 어르신, 신혼부부 대상)",제6절 규모별 공급면적 및 입주대상자,2-6-3,,28,29,"2-6-3. 안심주택의 부설주차장에 대한 주차공간 배분 및 운영 원칙은 다음과 같다. 다만, 지역 여건 및 실제 운영상황에 따라 입주자와 임대사업자가 협의하여 탄력적으로 운영할 수 있다.
가. 필수(입주자 등) 및 활용(외부개방 등) 배분에 따라 부설주차장을 이용하여 야 함
나. 부설주차장의 공간적 배분 및 배정원칙
1) 공간적 배분
구 분 | 비율(%) 예시 | 설정 기준
합계 | 100 | 
필수 주차공간 | 소계 | 15 | 
장애인, 국가유공자 | 3 | 법정 기준
비주거(상가등) | 12 | 법정 기준
활용가능 주차공간 | 소계 | 85 | 
거주자우선주차 | 10 | 자치구 수요조사 반영
나눔카 | - | 필요시 외부개방 주차공간 일부 활용
일반입주자 및 외부개방 | 75 | 
2) 배정원칙: 순위별 배정을 기본으로 하되 1순위 장애인, 국가유공자용을 제 외한 대상자별 배정 물량, 주차요금은 단지별 상황에 따라 입주자와 임대사 업자가 협의 결정할 수 있음
구분 | 1순위(3% 이하) | 2순위(10% | 이하) | 3순위 | 그 외
대상 | 입주자 필수 (장애인·국가유공자) | 거주자우선주차 | 나눔카 | 입주자 일반 | 외부인 (인근 거주자 등 )
주차요금 | 공영주차장 요금 | 공영주차장 요금 | 협의 요금 | 민영주차장 요금
70% | 100%
※ 운영자문위원회를 통해 유자녀 대상 1순위 포함 가능(10% 이하)
다. 부설주차장 수익은 전액 입주자 관리비 절감을 전제로 하며, 1순위 주차요금 징수 여부는 입주자 협의를 통해 결정, 거주자 우선주차 금액 수준 이내(장애 인, 국가유공자 50%)로 권장
라. 운영위원회의 자문을 거쳐 결정된 부설주차장의 운영계획은 협약서 및 입주 자 모집공고 내용에 포함하여야 한다.
징수 수입
필수 주차(입주자) 거주자 우선주차 나눔카 일반 입주자 , 외부개방 주차
지출 비용
입주자 관리비 인하
-
일반관리비, 인건비, 운영비(보험등), 감가상각, 임대사업자 운영, 관리비용
=
임차인 대표회의 사업시행자 등 이 해관계인 협의(협약) 통해 사용
1) 부설주차장 개방에 따른 수입과 지출에 대한 금액을 매월 임차인 관리비 고 지서에 명기하여야 함
2) 주차계획 및 징수·운영방안에 대해 공공지원민간임대주택 운영자문위원회의 자문을 거쳐 자문결과에 의거하여 협약을 체결하고, 여건에 따라 자치구, 나 눔카 등 운영업체와 계약을 시행·운영한다.
거주자우선주차(나눔카) 등 수요 | 사업시행자
↓ | 
부설주차장 관리 세부계획 수립 및 운영자문위원회 (입주자 및 외부 개방 주차장 계획 | 서울시
↓ | 
협약서 체결 | 서울시, 사업시행자
↓ | 
관련 업체와 자치단체장 협의(계약) | 후 운영 사업시행자","2-6-3. 안심주택의 부설주차장에 대한 주차공간 배분 및 운영 원칙은 다음과 같다. 다만, 지역 여건 및 실제 운영상황에 따라 입주자와 임대사업자가 협의하여 탄력적으로 운영할 수 있다. 가. 필수(입주자 등) 및 활용(외부개방 등) 배분에 따라 부설주차장을 이용하여 야 함 나. 부설주차장의 공간적 배분 및 배정원칙 1) 공간적 배분 구 분 | 비율(%) 예시 | 설정 기준 합계 | 100 | 필수 주차공간 | 소계 | 15 | 장애인, 국가유공자 | 3 | 법정 기준 비주거(상가등) | 12 | 법정 기준 활용가능 주차공간 | 소계 | 85 | 거주자우선주차 | 10 | 자치구 수요조사 반영 나눔카 | - | 필요시 외부개방 주차공간 일부 활용 일반입주자 및 외부개방 | 75 | 2) 배정원칙: 순위별 배정을 기본으로 하되 1순위 장애인, 국가유공자용을 제 외한 대상자별 배정 물량, 주차요금은 단지별 상황에 따라 입주자와 임대사 업자가 협의 결정할 수 있음 구분 | 1순위(3% 이하) | 2순위(10% | 이하) | 3순위 | 그 외 대상 | 입주자 필수 (장애인·국가유공자) | 거주자우선주차 | 나눔카 | 입주자 일반 | 외부인 (인근 거주자 등 ) 주차요금 | 공영주차장 요금 | 공영주차장 요금 | 협의 요금 | 민영주차장 요금 70% | 100% ※ 운영자문위원회를 통해 유자녀 대상 1순위 포함 가능(10% 이하) 다. 부설주차장 수익은 전액 입주자 관리비 절감을 전제로 하며, 1순위 주차요금 징수 여부는 입주자 협의를 통해 결정, 거주자 우선주차 금액 수준 이내(장애 인, 국가유공자 50%)로 권장 라. 운영위원회의 자문을 거쳐 결정된 부설주차장의 운영계획은 협약서 및 입주 자 모집공고 내용에 포함하여야 한다. 징수 수입 필수 주차(입주자) 거주자 우선주차 나눔카 일반 입주자 , 외부개방 주차 지출 비용 입주자 관리비 인하 - 일반관리비, 인건비, 운영비(보험등), 감가상각, 임대사업자 운영, 관리비용 = 임차인 대표회의 사업시행자 등 이 해관계인 협의(협약) 통해 사용 1) 부설주차장 개방에 따른 수입과 지출에 대한 금액을 매월 임차인 관리비 고 지서에 명기하여야 함 2) 주차계획 및 징수·운영방안에 대해 공공지원민간임대주택 운영자문위원회의 자문을 거쳐 자문결과에 의거하여 협약을 체결하고, 여건에 따라 자치구, 나 눔카 등 운영업체와 계약을 시행·운영한다. 거주자우선주차(나눔카) 등 수요 | 사업시행자 ↓ | 부설주차장 관리 세부계획 수립 및 운영자문위원회 (입주자 및 외부 개방 주차장 계획 | 서울시 ↓ | 협약서 체결 | 서울시, 사업시행자 ↓ | 관련 업체와 자치단체장 협의(계약) | 후 운영 사업시행자",,표/도식 포함,"LAW1-E2158,LAW1-P028-LIST-0448,LAW1-E2161,LAW1-E2162,LAW1-E2163,LAW1-E2164,LAW1-E2165,LAW1-P029-LIST-0454,LAW1-E2168,LAW1-E2171,LAW1-E2169,LAW1-E2170,LAW1-E2172,LAW1-E2173,LAW1-E2174,LAW1-E2175,LAW1-P029-LIST-0463,LAW1-E2178",자동 추출,
LAW1-2_7_1,LAW1,,"제2장 안심주택 (청년, 어르신, 신혼부부 대상)",제7절 임대주택의 매입 및 공급,2-7-1,,30,30,"2-7-1. 공공기여하는 공공임대주택의 매입가격은 「공공주택 특별법」 제50조의3 제1항에 따른 공공건설임대주택의 분양전환가격 산정기준에서 정하는 건축비 로 하고, 그 부속토지는 시·도지사에게 기부채납한 것으로 본다.","2-7-1. 공공기여하는 공공임대주택의 매입가격은 「공공주택 특별법」 제50조의3 제1항에 따른 공공건설임대주택의 분양전환가격 산정기준에서 정하는 건축비 로 하고, 그 부속토지는 시·도지사에게 기부채납한 것으로 본다.",,기준,LAW1-P030-LIST-0466,자동 추출,
LAW1-2_7_2,LAW1,,"제2장 안심주택 (청년, 어르신, 신혼부부 대상)",제7절 임대주택의 매입 및 공급,2-7-2,,30,30,2-7-2. 공공임대주택은 사업시행자가 표준협약서를 체결하기 이전에 서울시에 매입 신청하여야 한다. 협약 체결 담당공무원은 공공임대주택 매입신청 여부를 확 인 후 협약 추진하여야 한다.,2-7-2. 공공임대주택은 사업시행자가 표준협약서를 체결하기 이전에 서울시에 매입 신청하여야 한다. 협약 체결 담당공무원은 공공임대주택 매입신청 여부를 확 인 후 협약 추진하여야 한다.,,기준,LAW1-P030-LIST-0466,자동 추출,
LAW1-2_7_3,LAW1,,"제2장 안심주택 (청년, 어르신, 신혼부부 대상)",제7절 임대주택의 매입 및 공급,2-7-3,,30,30,"2-7-3. 입주대상자가 신혼부부인 공공임대주택의 경우 임차인이 20년 거주하면, 우 선 매수청구권을 부여할 수 있으며 세부기준은 장기전세주택Ⅱ를 따른다.","2-7-3. 입주대상자가 신혼부부인 공공임대주택의 경우 임차인이 20년 거주하면, 우 선 매수청구권을 부여할 수 있으며 세부기준은 장기전세주택Ⅱ를 따른다.",,기준,LAW1-P030-LIST-0466,자동 추출,
LAW1-2_7_4,LAW1,,"제2장 안심주택 (청년, 어르신, 신혼부부 대상)",제7절 임대주택의 매입 및 공급,2-7-4,,30,30,"2-7-4. 입주대상자가 신혼부부인 민간임대주택의 경우 임차인이 10년 거주하면, 우 선 양도권을 부여할 수 있으며 매매가격은 시세가격으로 한다.","2-7-4. 입주대상자가 신혼부부인 민간임대주택의 경우 임차인이 10년 거주하면, 우 선 양도권을 부여할 수 있으며 매매가격은 시세가격으로 한다.",,본문,LAW1-P030-LIST-0466,자동 추출,
LAW1-3_1_1,LAW1,,제3장 안심주택 (서울형 공유주택),제1절 사업대상지,3-1-1,,30,30,3-1-1. 서울형 공유주택 사업대상지는 1-3-1 가목의 “역세권” 또는 나목의 “간선도 로변” 또는 1-3-2의 “의료시설 중심지역”으로 한다.,3-1-1. 서울형 공유주택 사업대상지는 1-3-1 가목의 “역세권” 또는 나목의 “간선도 로변” 또는 1-3-2의 “의료시설 중심지역”으로 한다.,,본문,LAW1-P030-LIST-0469,자동 추출,
LAW1-3_1_2,LAW1,,제3장 안심주택 (서울형 공유주택),제1절 사업대상지,3-1-2,,30,30,"3-1-2. 사업대상지의 최소 면적 기준은 1,000㎡로 한다.","3-1-2. 사업대상지의 최소 면적 기준은 1,000㎡로 한다.",,기준,LAW1-P030-LIST-0469,자동 추출,
LAW1-3_1_5,LAW1,,제3장 안심주택 (서울형 공유주택),제1절 사업대상지,3-1-5,,31,31,3-1-5. 시장은 특정 역세권 및 자치구에 서울형 공유주택이 과도하게 밀집하는 경 우 지역 균형발전과 서울형 공유주택의 균형공급을 위해 추가적인 사업을 제 한할 수 있다.,3-1-5. 시장은 특정 역세권 및 자치구에 서울형 공유주택이 과도하게 밀집하는 경 우 지역 균형발전과 서울형 공유주택의 균형공급을 위해 추가적인 사업을 제 한할 수 있다.,,본문,LAW1-E2193,자동 추출,
LAW1-3_2_1,LAW1,,제3장 안심주택 (서울형 공유주택),제2절 사업의 유형,3-2-1,,31,31,3-2-1. 서울형 공유주택은 「건축법」에 따른 건축으로 공급한다.,3-2-1. 서울형 공유주택은 「건축법」에 따른 건축으로 공급한다.,,본문,LAW1-P031-LIST-0472,자동 추출,
LAW1-3_2_2,LAW1,,제3장 안심주택 (서울형 공유주택),제2절 사업의 유형,3-2-2,,31,32,"3-2-2. 서울형 공유주택은 임대 방식으로 사업을 추진하여야 한다.
< 서울형 공유주택의 사업방식 >
공공임대(공공기여)
공공지원민간임대(일반공급)
공공지원민간임대(특별공급)
가. 공공지원민간임대주택의 특별공급 및 일반공급의 비율은 관련법규에서 정한 비율의 범위에서 다음 기준에 따른다.
1) 공급비율
가) 특별공급 : 공공지원민간임대주택
총 공급 호수의 30% 이상
나) 일반공급 : 공공지원민간임대주택
총 공급 호수의 70% 미만
가. 결정절차
사업제안서
통합심의위원회
주민열람공고
사업계획서 접수
접수 및 검토
관계부서 협의
사전자분
서울시
서울시 자치구
서울시
착공 및 사용승인
통합심의위원회
축진지구 완료공고
지구계획승인및 고시
심의
자치구
서울시
서울시
※ 통합심의위원회 사전자문 및 심의시 자치구 참석",3-2-2. 서울형 공유주택은 임대 방식으로 사업을 추진하여야 한다. < 서울형 공유주택의 사업방식 > 공공임대(공공기여) 공공지원민간임대(일반공급) 공공지원민간임대(특별공급) 가. 공공지원민간임대주택의 특별공급 및 일반공급의 비율은 관련법규에서 정한 비율의 범위에서 다음 기준에 따른다. 1) 공급비율 가) 특별공급 : 공공지원민간임대주택 총 공급 호수의 30% 이상 나) 일반공급 : 공공지원민간임대주택 총 공급 호수의 70% 미만 가. 결정절차 사업제안서 통합심의위원회 주민열람공고 사업계획서 접수 접수 및 검토 관계부서 협의 사전자분 서울시 서울시 자치구 서울시 착공 및 사용승인 통합심의위원회 축진지구 완료공고 지구계획승인및 고시 심의 자치구 서울시 서울시 ※ 통합심의위원회 사전자문 및 심의시 자치구 참석,,표/도식 포함,"LAW1-P031-LIST-0472,LAW1-E2197,LAW1-E2198,LAW1-E2199,LAW1-E2200,LAW1-E2201,LAW1-E2202,LAW1-E2203,LAW1-E2208,LAW1-E2209,LAW1-E2210,LAW1-E2211,LAW1-E2212,LAW1-E2213,LAW1-E2214,LAW1-E2216,LAW1-E2215,LAW1-E2218,LAW1-E2219,LAW1-E2217,LAW1-E2220,LAW1-E2221,LAW1-E2222,LAW1-E2223,LAW1-E2224,LAW1-E2225,LAW1-E2226,LAW1-E2227,LAW1-E2228",자동 추출,
LAW1-3_3_1,LAW1,,제3장 안심주택 (서울형 공유주택),제3절 사업계획 수립 기준,3-3-1,,32,37,"3-3-1. 서울형 공유주택(안심주택 조례 제7조 제3항을 따른다)의 용도지역 변경 기 준은 다음과 같으며 구체적인 사항은 라목의 사례별 기준을 따른다.
가. 현재 용도지역 기준
1) 제3종일반주거지역으로의 변경 : 제2종일반주거지역
2) 준주거지역으로 변경 : 제2종·제3종일반주거지역
3) 일반 또는 근린상업지역으로 변경 : 제2종·제3종일반주거지역, 준주거지역 나. 인접 및 도로 기준
1) 제3종일반주거지역, 준주거지역이나 일반 또는 근린상업지역에 바로 접하고 있어야 한다.
2) 제3종일반주거지역, 준주거지역이나 일반 또는 근린상업지역과 폭 20m 이 하의 도로를 사이에 두고 접하고 있어야 한다.
3) 폭 20m 이상의 간선도로에 접하고 있어야 한다.
4) 폭 15m 이상의 도로에 접하고 있어야 한다.
[인접 및 도로기준(예시)]
용도지역 변경 가능 대상지 범위
2)
2)
2)
2)
2)
2)
2)
20m 이하
상업지역
3)
3)
3)
1),3)
2),3)
3)
3)
3)
3)
20m 이상 간선도로
승강장 또는 의료시설
20m 이상 간선도로
[인접 사례(예시)]
상업지역에 20m 이하의 도로를 사이에 인접에 해당
두고
고
접
함:
인
접
에 해당
20m 이상의 간선도로에 접 함
다. 사업대상지 인정 기준
1) 서울형 공유주택(안심주택 조례 제5조 제2항을 따른다)의 사업대상지의 과 반이 대중교통 또는 의료시설 중심지역에 포함되지 않아 관련위원회의 심의 를 통해 사업대상지로 인정받은 경우 추가 공공기여를 제공하여야 한다. 다 만, 이 경우 적용되는 역세권 및 의료시설 중심지역 범위는 승강장 경계로부 터 250m 이내와 의료시설 대상부지 경계로부터 350m 이내를 말한 다.(1-3-1 가목을 인정받는 경우 승강장 경계로부터 350m 이내로 적용) 가) 검토 대상지 및 사업대상지 인정 시 추가 공공기여 기준
(1) 검토 대상지 : 사업대상지 면적 중 대중교통 또는 의료시설 중심지 역내 면적이 50% 미만인 경우
(2) 추가 공공기여 : 전체 사업면적의 절반에서 대중교통 또는 의료시설 중심지역내 포함된 면적을 제외한 면적의 비율을 고려하여 산정
※ 공공기여 대상 면적(예시)
0%
50%
100%(사업예정지 면적 비율)
역세권등
추가 공공기여대상
內 면적
역세권 : 250m 이내
역세권 : 250m 밖 간선도로변 : 50m
간선도로변 : 50m 이내
간선도로변 : 50m 밖
의료시설 중심지역 : 350m 이내
의료시설 중심지역 : 350m 밖
(3) 추가 공공기여량 산정방식
(가) 추가 공공기여 대상면적(㎡)
=(전체 사업대상지 면적)×0.5-(대중교통 또는 의료시설 중심지 역내 면적)
(나) 추가 공공기여량(㎡)
=(추가공공기여대상면적)×(추가공공기여율)×(조정계수)
(4) 추가 공공기여율
대상면적 용도 지역계획 | 비율 0~10%미만 | 10~20%미만 | 20~30%미만 | 30~40%미만 | 40~50%미만
용도지역 유지 | 2% | 4% | 6% | 8% | 10%
준주거지역 변경 | 3% | 6% | 9% | 12% | 15%
상업지역 변경 | 5% | 10% | 15% | 20% | 25%
※ 추가 공공기여 대상면적 비율(%): 추가공공기여 대상면적/사업 예정지 면적×100
(5) 조정계수 : 다음 사항들을 고려하여 위원회 심의를 통해 결정
(가) 사업예정지 형상과 도로, 철도, 하천 등 주변 지형지물 현황에 따른 보행 접근성
(나) 용도지역 및 경관상 주변지역과의 조화(높이, 건축물 디자인 등)
(다) 공공기여 내용의 공공성 확보 여부
(라) 커뮤니티시설의 공간적·기능적 품질 등을 종합적으로 심의하여 적합한 경우 0.5~1.0의 계수 중 위원회 심의를 통해 적용
2) 사업대상지 인정을 위한 요건은 다음과 같다.
가) 사업시행자가 공공기여 내용(공공임대주택, 기반시설) 제안
나) 공공기여는 공공임대주택 공급, 입주자들을 위한 공공시설 우선 검토
다) 본 기준에 따른 추가 공공기여량은 추가적인 상한 용적률을 제공하지
않음
라) 계획이 기준에 부합하더라도 위원회 심의를 통해 사업예정지가 서울형 공유주택 건립 장소로 부적합하다고 판단되는 경우 사업대상지로 인정되 지 않을 수 있음
라. 사례별 기준
1) 제3종일반주거지역으로 변경
가) 사업대상지가 제2종일반주거지역(사업대상에 제3종일반주거지역이 함께 포함된 경우 포함)이고, 제3종일반주거지역에 인접하는 경우(3-3-1 나 목의 인접 및 도로기준 4)를 만족)에는 제3종일반주거지역으로 용도지 역을 세분 변경할 수 있다.
나) 사업대상지가 제2종일반주거지역이고, 폭 15m 이상 도로변에 접해있 는 경우에는 제3종일반주거지역으로 세분 변경할 수 있다. 다만, 부지 이면부에 차량 진출입을 위한 적절한 교통처리계획을 우선적으로 검토하 여야 한다.
2) 준주거지역으로 변경
가) 사업대상지가 제2종·제3종일반주거지역(사업대상지에 준주거지역 또는 상업지역이 함께 포함된 경우 포함(이하 동일), 나)목도 동일하게 적용) 이고, 준주거지역, 일반 또는 근린상업지역에 인접하는 경우(3-3-1 나 목의 인접 및 도로기준 1)~2)을 만족)에는 준주거지역으로 용도지역을 세분 변경할 수 있다.
나) 사업대상지가 제2종·제3종일반주거지역이고, 폭 20m 이상 간선도로변 에 접해있는 경우에는 준주거지역으로 용도지역을 세분 변경 할 수 있 다. 다만, 부지 이면부에 차량 진출입을 위한 적절한 교통처리계획을 우 선적으로 검토하여야 한다.
다) 사업대상지가 제2종·제3종일반주거지역이고, 준주거지역 또는 상업지역 이 있는 역세권이거나 중심지(도심, 광역, 지역, 지구중심) 역세권(준주 거, 상업지역이 없는 경우 포함)에 위치한 경우, 관련위원회 심의를 거쳐 준주거지역으로 용도지역을 세분 변경할 수 있다.
라) 사업대상지가 제2종·제3종일반주거지역이고, 부지면적이 2,000㎡ 이상
일 때는 준주거지역 또는 상업지역이 인접하지 않은 경우라도 관련위원회 심의에서 인정하는 경우 준주거지역으로 용도지역을 세분 변경할 수 있다.
3) 일반 또는 근린상업지역으로 변경
가) 사업대상지가 제3종일반주거지역 또는 준주거지역(사업대상지에 상업지 역이 함께 포함된 경우 포함(이하 동일))이고, 일반 또는 근린상업지역 에 인접하는 경우(인접 및 도로 기준 1)~2))에는 일반 또는 근린상업 지역으로 용도지역을 변경할 수 있다.
나) 사업대상지가 노선상업지역을 포함하는 제2종·제3종일반주거지역 또는 준주거지역이고, 전체 사업면적 중 노선상업지역이 20% 이상인 경우에 일반상업지역으로 용도지역을 변경할 수 있다. 다만, 부지면적이 2,000 ㎡ 이상인 경우와 관련 위원회의 자문을 통해 입지여건의 적정성 등이 인정되는 경우에는 노선상업지역이 20% 미만이더라도 일반상업지역으 로 변경할 수 있다.
다) 사업대상지가 제2종·제3종일반주거지역 또는 준주거지역이고, 일반 또 는 근린상업지역(노선상업지역 제외)이 있는 역세권의 폭 20m 이상의 간선도로변에 접해있는 경우에는 일반 또는 근린상업지역으로 용도지역 을 변경할 수 있다.
라) 사업대상지가 제2종일반주거지역으로서 (사업대상지에 준주거지역 또는 제3종일반주거지역이 함께 포함된 경우 포함) 일반 또는 근린상업지역에 바로 접하고 관련 위원회의 자문을 통해 입지여건의 적정성 등이 인정되 는 경우에는 일반 또는 근린상업지역으로 용도지역을 변경할 수 있다.
마) 사업대상지가 근린상업지역으로서 3-3-1 나목의 인접 및 도로기준 3) 을 만족하는 경우, 일반상업지역으로 용도지역을 변경할 수 있다.
※ 중심지체계에 따른 일반 또는 근린상업지역 변경(가), 다), 라), 마)목의 경우 적용)
해당 역세권이 ‘2040 서울도시기본계획’ 상 중심지체계(도심, 광역, 지역, 지구중심) 에 해당하는 경우
해당 역세권에 일반상업지역이 있는 경우는 일반상업지역으로 변경 검토
해당 역세권에 일반상업지역에 해당하지 않는 경우는 근린상업지역으로 변경 검토
사업대상지 이면부에 차량 진출입을 위한 적절한 교통처리계획을 우선적으로 검토
※ 용도지역 변경 기준표(요약정리)
용도지역 변경 전 | 변경 기준(인접 및 도로 기준) | 용도지역 변경 후
제2종일반주거지역 | 제3종일반주거지역 직접 접하거나 폭20m 이하의 도로를 사이에 두고 접한 경우 | 제3종일반주거지역 접하거나 경우
폭 15m 이상 도로변
제2 · 3종일반주거지역 | 준주거지역, 일반 또는 근린상업지역과 직접 접하거나 폭20m 이하의 도로를 사이에 두고 접한 경우 | 준주거지역
중심지(도심, 광역, 지역, 지구중심) 역세권등*으로서 관련위원회가 인정하는 경우
또는 근린상업지역과 직접 접하거나 20m 이하의 도로를 사이에 두고 접한
제2·3종일반주거지역, 준주거지역 | 노선상업지역 20% 이상 (관련 위원회가 인정시 예외 적용) | 일반상업지역
제2·3종일반주거지역, 준주거지역 일반 | 또는 근린상업지역이 있는 역세권등 * , 폭 20m 이상 간선도로변 | 일반 혹은 근린상업지역
제2종일반주거지역 | 일반 또는 근린상업지역과 직접 (관련 위원회 자문 통해 인정) | 일반 혹은 근린상업지역
근린상업지역 중심지 | 역세권등 * 의 폭 20m 이상 간선도로변 | 일반상업지역
* 역세권등 : 역세권 또는 의료시설 중심지역
※ 진입도로, 도로의 판단 기준은 주택법 또는 건축법 기준 적용","3-3-1. 서울형 공유주택(안심주택 조례 제7조 제3항을 따른다)의 용도지역 변경 기 준은 다음과 같으며 구체적인 사항은 라목의 사례별 기준을 따른다. 가. 현재 용도지역 기준 1) 제3종일반주거지역으로의 변경 : 제2종일반주거지역 2) 준주거지역으로 변경 : 제2종·제3종일반주거지역 3) 일반 또는 근린상업지역으로 변경 : 제2종·제3종일반주거지역, 준주거지역 나. 인접 및 도로 기준 1) 제3종일반주거지역, 준주거지역이나 일반 또는 근린상업지역에 바로 접하고 있어야 한다. 2) 제3종일반주거지역, 준주거지역이나 일반 또는 근린상업지역과 폭 20m 이 하의 도로를 사이에 두고 접하고 있어야 한다. 3) 폭 20m 이상의 간선도로에 접하고 있어야 한다. 4) 폭 15m 이상의 도로에 접하고 있어야 한다. [인접 및 도로기준(예시)] 용도지역 변경 가능 대상지 범위 2) 2) 2) 2) 2) 2) 2) 20m 이하 상업지역 3) 3) 3) 1),3) 2),3) 3) 3) 3) 3) 20m 이상 간선도로 승강장 또는 의료시설 20m 이상 간선도로 [인접 사례(예시)] 상업지역에 20m 이하의 도로를 사이에 인접에 해당 두고 고 접 함: 인 접 에 해당 20m 이상의 간선도로에 접 함 다. 사업대상지 인정 기준 1) 서울형 공유주택(안심주택 조례 제5조 제2항을 따른다)의 사업대상지의 과 반이 대중교통 또는 의료시설 중심지역에 포함되지 않아 관련위원회의 심의 를 통해 사업대상지로 인정받은 경우 추가 공공기여를 제공하여야 한다. 다 만, 이 경우 적용되는 역세권 및 의료시설 중심지역 범위는 승강장 경계로부 터 250m 이내와 의료시설 대상부지 경계로부터 350m 이내를 말한 다.(1-3-1 가목을 인정받는 경우 승강장 경계로부터 350m 이내로 적용) 가) 검토 대상지 및 사업대상지 인정 시 추가 공공기여 기준 (1) 검토 대상지 : 사업대상지 면적 중 대중교통 또는 의료시설 중심지 역내 면적이 50% 미만인 경우 (2) 추가 공공기여 : 전체 사업면적의 절반에서 대중교통 또는 의료시설 중심지역내 포함된 면적을 제외한 면적의 비율을 고려하여 산정 ※ 공공기여 대상 면적(예시) 0% 50% 100%(사업예정지 면적 비율) 역세권등 추가 공공기여대상 內 면적 역세권 : 250m 이내 역세권 : 250m 밖 간선도로변 : 50m 간선도로변 : 50m 이내 간선도로변 : 50m 밖 의료시설 중심지역 : 350m 이내 의료시설 중심지역 : 350m 밖 (3) 추가 공공기여량 산정방식 (가) 추가 공공기여 대상면적(㎡) =(전체 사업대상지 면적)×0.5-(대중교통 또는 의료시설 중심지 역내 면적) (나) 추가 공공기여량(㎡) =(추가공공기여대상면적)×(추가공공기여율)×(조정계수) (4) 추가 공공기여율 대상면적 용도 지역계획 | 비율 0~10%미만 | 10~20%미만 | 20~30%미만 | 30~40%미만 | 40~50%미만 용도지역 유지 | 2% | 4% | 6% | 8% | 10% 준주거지역 변경 | 3% | 6% | 9% | 12% | 15% 상업지역 변경 | 5% | 10% | 15% | 20% | 25% ※ 추가 공공기여 대상면적 비율(%): 추가공공기여 대상면적/사업 예정지 면적×100 (5) 조정계수 : 다음 사항들을 고려하여 위원회 심의를 통해 결정 (가) 사업예정지 형상과 도로, 철도, 하천 등 주변 지형지물 현황에 따른 보행 접근성 (나) 용도지역 및 경관상 주변지역과의 조화(높이, 건축물 디자인 등) (다) 공공기여 내용의 공공성 확보 여부 (라) 커뮤니티시설의 공간적·기능적 품질 등을 종합적으로 심의하여 적합한 경우 0.5~1.0의 계수 중 위원회 심의를 통해 적용 2) 사업대상지 인정을 위한 요건은 다음과 같다. 가) 사업시행자가 공공기여 내용(공공임대주택, 기반시설) 제안 나) 공공기여는 공공임대주택 공급, 입주자들을 위한 공공시설 우선 검토 다) 본 기준에 따른 추가 공공기여량은 추가적인 상한 용적률을 제공하지 않음 라) 계획이 기준에 부합하더라도 위원회 심의를 통해 사업예정지가 서울형 공유주택 건립 장소로 부적합하다고 판단되는 경우 사업대상지로 인정되 지 않을 수 있음 라. 사례별 기준 1) 제3종일반주거지역으로 변경 가) 사업대상지가 제2종일반주거지역(사업대상에 제3종일반주거지역이 함께 포함된 경우 포함)이고, 제3종일반주거지역에 인접하는 경우(3-3-1 나 목의 인접 및 도로기준 4)를 만족)에는 제3종일반주거지역으로 용도지 역을 세분 변경할 수 있다. 나) 사업대상지가 제2종일반주거지역이고, 폭 15m 이상 도로변에 접해있 는 경우에는 제3종일반주거지역으로 세분 변경할 수 있다. 다만, 부지 이면부에 차량 진출입을 위한 적절한 교통처리계획을 우선적으로 검토하 여야 한다. 2) 준주거지역으로 변경 가) 사업대상지가 제2종·제3종일반주거지역(사업대상지에 준주거지역 또는 상업지역이 함께 포함된 경우 포함(이하 동일), 나)목도 동일하게 적용) 이고, 준주거지역, 일반 또는 근린상업지역에 인접하는 경우(3-3-1 나 목의 인접 및 도로기준 1)~2)을 만족)에는 준주거지역으로 용도지역을 세분 변경할 수 있다. 나) 사업대상지가 제2종·제3종일반주거지역이고, 폭 20m 이상 간선도로변 에 접해있는 경우에는 준주거지역으로 용도지역을 세분 변경 할 수 있 다. 다만, 부지 이면부에 차량 진출입을 위한 적절한 교통처리계획을 우 선적으로 검토하여야 한다. 다) 사업대상지가 제2종·제3종일반주거지역이고, 준주거지역 또는 상업지역 이 있는 역세권이거나 중심지(도심, 광역, 지역, 지구중심) 역세권(준주 거, 상업지역이 없는 경우 포함)에 위치한 경우, 관련위원회 심의를 거쳐 준주거지역으로 용도지역을 세분 변경할 수 있다. 라) 사업대상지가 제2종·제3종일반주거지역이고, 부지면적이 2,000㎡ 이상 일 때는 준주거지역 또는 상업지역이 인접하지 않은 경우라도 관련위원회 심의에서 인정하는 경우 준주거지역으로 용도지역을 세분 변경할 수 있다. 3) 일반 또는 근린상업지역으로 변경 가) 사업대상지가 제3종일반주거지역 또는 준주거지역(사업대상지에 상업지 역이 함께 포함된 경우 포함(이하 동일))이고, 일반 또는 근린상업지역 에 인접하는 경우(인접 및 도로 기준 1)~2))에는 일반 또는 근린상업 지역으로 용도지역을 변경할 수 있다. 나) 사업대상지가 노선상업지역을 포함하는 제2종·제3종일반주거지역 또는 준주거지역이고, 전체 사업면적 중 노선상업지역이 20% 이상인 경우에 일반상업지역으로 용도지역을 변경할 수 있다. 다만, 부지면적이 2,000 ㎡ 이상인 경우와 관련 위원회의 자문을 통해 입지여건의 적정성 등이 인정되는 경우에는 노선상업지역이 20% 미만이더라도 일반상업지역으 로 변경할 수 있다. 다) 사업대상지가 제2종·제3종일반주거지역 또는 준주거지역이고, 일반 또 는 근린상업지역(노선상업지역 제외)이 있는 역세권의 폭 20m 이상의 간선도로변에 접해있는 경우에는 일반 또는 근린상업지역으로 용도지역 을 변경할 수 있다. 라) 사업대상지가 제2종일반주거지역으로서 (사업대상지에 준주거지역 또는 제3종일반주거지역이 함께 포함된 경우 포함) 일반 또는 근린상업지역에 바로 접하고 관련 위원회의 자문을 통해 입지여건의 적정성 등이 인정되 는 경우에는 일반 또는 근린상업지역으로 용도지역을 변경할 수 있다. 마) 사업대상지가 근린상업지역으로서 3-3-1 나목의 인접 및 도로기준 3) 을 만족하는 경우, 일반상업지역으로 용도지역을 변경할 수 있다. ※ 중심지체계에 따른 일반 또는 근린상업지역 변경(가), 다), 라), 마)목의 경우 적용) 해당 역세권이 ‘2040 서울도시기본계획’ 상 중심지체계(도심, 광역, 지역, 지구중심) 에 해당하는 경우 해당 역세권에 일반상업지역이 있는 경우는 일반상업지역으로 변경 검토 해당 역세권에 일반상업지역에 해당하지 않는 경우는 근린상업지역으로 변경 검토 사업대상지 이면부에 차량 진출입을 위한 적절한 교통처리계획을 우선적으로 검토 ※ 용도지역 변경 기준표(요약정리) 용도지역 변경 전 | 변경 기준(인접 및 도로 기준) | 용도지역 변경 후 제2종일반주거지역 | 제3종일반주거지역 직접 접하거나 폭20m 이하의 도로를 사이에 두고 접한 경우 | 제3종일반주거지역 접하거나 경우 폭 15m 이상 도로변 제2 · 3종일반주거지역 | 준주거지역, 일반 또는 근린상업지역과 직접 접하거나 폭20m 이하의 도로를 사이에 두고 접한 경우 | 준주거지역 중심지(도심, 광역, 지역, 지구중심) 역세권등*으로서 관련위원회가 인정하는 경우 또는 근린상업지역과 직접 접하거나 20m 이하의 도로를 사이에 두고 접한 제2·3종일반주거지역, 준주거지역 | 노선상업지역 20% 이상 (관련 위원회가 인정시 예외 적용) | 일반상업지역 제2·3종일반주거지역, 준주거지역 일반 | 또는 근린상업지역이 있는 역세권등 * , 폭 20m 이상 간선도로변 | 일반 혹은 근린상업지역 제2종일반주거지역 | 일반 또는 근린상업지역과 직접 (관련 위원회 자문 통해 인정) | 일반 혹은 근린상업지역 근린상업지역 중심지 | 역세권등 * 의 폭 20m 이상 간선도로변 | 일반상업지역 * 역세권등 : 역세권 또는 의료시설 중심지역 ※ 진입도로, 도로의 판단 기준은 주택법 또는 건축법 기준 적용",,표/도식 포함,"LAW1-E2230,LAW1-E2231,LAW1-P032-LIST-0504,LAW1-P032-LIST-0505,LAW1-E2239,LAW1-E2240,LAW1-E2241,LAW1-E2242,LAW1-E2243,LAW1-E2244,LAW1-E2245,LAW1-E2246,LAW1-E2247,LAW1-E2248,LAW1-E2249,LAW1-E2254,LAW1-E2250,LAW1-E2251,LAW1-E2252,LAW1-E2253,LAW1-E2255,LAW1-E2256,LAW1-E2257,LAW1-E2258,LAW1-E2259,LAW1-E2260,LAW1-E2261,LAW1-E2262,LAW1-E2263,LAW1-E2264,LAW1-E2266,LAW1-E2267,LAW1-E2268,LAW1-E2269,LAW1-E2270,LAW1-E2271,LAW1-E2272,LAW1-E2273,LAW1-E2265,LAW1-E2274,LAW1-E2275,LAW1-E2276,LAW1-P033-LIST-0544,LAW1-E2279,LAW1-E2281,LAW1-E2280,LAW1-E2282,LAW1-E2283,LAW1-E2284,LAW1-E2285,LAW1-E2286,LAW1-E2287,LAW1-E2288,LAW1-E2289,LAW1-E2290,LAW1-E2291,LAW1-E2292,LAW1-E2293,LAW1-E2294,LAW1-E2295,LAW1-E2296,LAW1-E2297,LAW1-E2298,LAW1-E2299,LAW1-E2300,LAW1-E2301,LAW1-P034-LIST-0568,LAW1-E2306,LAW1-P034-LIST-0570,LAW1-E2309,LAW1-E2310,LAW1-E2311,LAW1-E2312,LAW1-E2313,LAW1-P035-LIST-0576,LAW1-E2316,LAW1-P035-LIST-0578,LAW1-E2321,LAW1-E2322,LAW1-P036-LIST-0581,LAW1-E2328,LAW1-P036-LIST-0583,LAW1-E2333,LAW1-E2334,LAW1-E2335,LAW1-E2336",자동 추출,
LAW1-3_3_2,LAW1,,제3장 안심주택 (서울형 공유주택),제3절 사업계획 수립 기준,3-3-2,,37,39,"3-3-2. 안심주택 조례 제7조 제3항에 따라 “간선도로변”의 용도지역 변경 기준은 3-3-1의 기준에 따르되 다음 각 목의 기준을 충족하여야 한다.
가. 용도지역 변경 기준
1) 간선도로변 직접 접하는 경우: 준주거지역으로 변경을 원칙으로 하되 3-3-1 나목의 인접 및 도로기준 1), 2)에 해당하는 경우는 통합심의위원회 심의를 통해 일반 또는 근린상업지역으로 변경할 수 있다.
2) 간선도로변에 직접 접하지 않는 경우(이면도로): 준주거지역, 다만, 간선도 로변에 직접 접한 대지의 용도지역을 초과할 수 없다.
나. 입지 기준
1) 제1종일반주거지역의 저층주거지(공원, 도로 등 제외)와 연접한 경우는 통 합심의위원회 자문을 거쳐 사업 추진여부을 결정할 수 있다.
2) 사업대상지가 간선도로변에 접한 경우 2면 이상(이면도로에 접한 경우 1면 이상)이 도로에 접하면서, 한 면은 최소 폭원 6m 이상의 도로에 접해야 한 다. 차량진출입은 이면도로에 계획하여야 하며, 도로 폭원 6m에 미달하는 경우, 사업대상지 내에 도로를 확보할 수 있다. 이 경우 사업대상지 내에 확 보한 도로는 공공기여율에 포함하지 않는다
가) 면적 및 도로기준(예시)
(사업가능)
간선도로변
(사업가능)
이면도로변
4m도로
이면부 6m도로 진출입
간선도로연결도로 6m 확보
간선도로
6mn도로
간선도로변 0
간선도로
이면부차량 진출입
6m도로
이면도로변 0
이면부 6m도로진출입
간선도로연결도로 6r 확보
간선도로
6rn도로
해
이면도로변0
간선도로
이면부사량 진출입
6m도로
2m 확보
면적 1천n 이상
간선도로변 0
이면부 6m도로 진출입
간선도로연결도로 6m 확보
간선도로
(대지내 도로 확폭구간은 공공기여율에 포함하지 않음)
이면부 차량 진출입
6m도로
이면도로변 0
면적 1천n 이상
이면부 6m도로 진출입
간선도로연결도로 6m 확보
간선도로
(사업불가)
(사업불가)
이면부차량 진출입
사업불가
4m도로
이면부차량 진출입
4m도로
사업불가
간선도로연결도로 6 확보
간선도로
이면부 차량 진출입
4m도로
사업
불가
간선도로연결도로 6m 확보
간선도로
(간선도로 연결도로 및 이면부 진출입도로 요건 미충족)
이면부 4도로 진출입
간선도로연결도로 6m 확보
간선도로
이면부차량 진출입
6m도로
사업불가
면적 1천m이상
이면부 6rn도로 진출입
간선도로연결도로 6m 미확보
간선도로
(간선도로 연결도로 및 이면부 진출입도로 요건 미충족)
나) 저층주거지역와 연접하는 경우로서 통합심의위원회 판단 사례 예시
[제1종일반주거지역과 연접하는 경우]
[제1종일반주거지역과 부분 연접하는 경우]
제품
밑반주거지역
위원회 판단 필요
민반주거지먹
{간선도로}
민반주거지먹
인반주거지력
위원회 판단 필요
물
{간선도로}","3-3-2. 안심주택 조례 제7조 제3항에 따라 “간선도로변”의 용도지역 변경 기준은 3-3-1의 기준에 따르되 다음 각 목의 기준을 충족하여야 한다. 가. 용도지역 변경 기준 1) 간선도로변 직접 접하는 경우: 준주거지역으로 변경을 원칙으로 하되 3-3-1 나목의 인접 및 도로기준 1), 2)에 해당하는 경우는 통합심의위원회 심의를 통해 일반 또는 근린상업지역으로 변경할 수 있다. 2) 간선도로변에 직접 접하지 않는 경우(이면도로): 준주거지역, 다만, 간선도 로변에 직접 접한 대지의 용도지역을 초과할 수 없다. 나. 입지 기준 1) 제1종일반주거지역의 저층주거지(공원, 도로 등 제외)와 연접한 경우는 통 합심의위원회 자문을 거쳐 사업 추진여부을 결정할 수 있다. 2) 사업대상지가 간선도로변에 접한 경우 2면 이상(이면도로에 접한 경우 1면 이상)이 도로에 접하면서, 한 면은 최소 폭원 6m 이상의 도로에 접해야 한 다. 차량진출입은 이면도로에 계획하여야 하며, 도로 폭원 6m에 미달하는 경우, 사업대상지 내에 도로를 확보할 수 있다. 이 경우 사업대상지 내에 확 보한 도로는 공공기여율에 포함하지 않는다 가) 면적 및 도로기준(예시) (사업가능) 간선도로변 (사업가능) 이면도로변 4m도로 이면부 6m도로 진출입 간선도로연결도로 6m 확보 간선도로 6mn도로 간선도로변 0 간선도로 이면부차량 진출입 6m도로 이면도로변 0 이면부 6m도로진출입 간선도로연결도로 6r 확보 간선도로 6rn도로 해 이면도로변0 간선도로 이면부사량 진출입 6m도로 2m 확보 면적 1천n 이상 간선도로변 0 이면부 6m도로 진출입 간선도로연결도로 6m 확보 간선도로 (대지내 도로 확폭구간은 공공기여율에 포함하지 않음) 이면부 차량 진출입 6m도로 이면도로변 0 면적 1천n 이상 이면부 6m도로 진출입 간선도로연결도로 6m 확보 간선도로 (사업불가) (사업불가) 이면부차량 진출입 사업불가 4m도로 이면부차량 진출입 4m도로 사업불가 간선도로연결도로 6 확보 간선도로 이면부 차량 진출입 4m도로 사업 불가 간선도로연결도로 6m 확보 간선도로 (간선도로 연결도로 및 이면부 진출입도로 요건 미충족) 이면부 4도로 진출입 간선도로연결도로 6m 확보 간선도로 이면부차량 진출입 6m도로 사업불가 면적 1천m이상 이면부 6rn도로 진출입 간선도로연결도로 6m 미확보 간선도로 (간선도로 연결도로 및 이면부 진출입도로 요건 미충족) 나) 저층주거지역와 연접하는 경우로서 통합심의위원회 판단 사례 예시 [제1종일반주거지역과 연접하는 경우] [제1종일반주거지역과 부분 연접하는 경우] 제품 밑반주거지역 위원회 판단 필요 민반주거지먹 {간선도로} 민반주거지먹 인반주거지력 위원회 판단 필요 물 {간선도로}",,표/도식 포함,"LAW1-E2337,LAW1-E2338,LAW1-P037-LIST-0590,LAW1-E2341,LAW1-P038-LIST-0592,LAW1-E2344,LAW1-E2347,LAW1-E2345,LAW1-E2348,LAW1-E2346,LAW1-E2352,LAW1-E2355,LAW1-E2357,LAW1-E2359,LAW1-E2349,LAW1-E2361,LAW1-E2364,LAW1-E2366,LAW1-E2351,LAW1-E2353,LAW1-E2354,LAW1-E2356,LAW1-E2358,LAW1-E2360,LAW1-E2350,LAW1-E2362,LAW1-E2363,LAW1-E2365,LAW1-E2367,LAW1-E2368,LAW1-E2369,LAW1-E2372,LAW1-E2374,LAW1-E2377,LAW1-E2376,LAW1-E2379,LAW1-E2381,LAW1-E2383,LAW1-E2370,LAW1-E2371,LAW1-E2373,LAW1-E2375,LAW1-E2378,LAW1-E2380,LAW1-E2382,LAW1-E2384,LAW1-E2385,LAW1-E2388,LAW1-E2392,LAW1-E2390,LAW1-E2389,LAW1-E2391,LAW1-E2393,LAW1-E2395,LAW1-E2397,LAW1-E2386,LAW1-E2399,LAW1-E2401,LAW1-E2403,LAW1-E2405,LAW1-E2408,LAW1-E2410,LAW1-E2412,LAW1-E2394,LAW1-E2396,LAW1-E2398,LAW1-E2387,LAW1-E2400,LAW1-E2402,LAW1-E2404,LAW1-E2406,LAW1-E2407,LAW1-E2409,LAW1-E2411,LAW1-E2413,LAW1-E2414,LAW1-E2415,LAW1-E2416,LAW1-E2417,LAW1-E2419,LAW1-E2420,LAW1-E2423,LAW1-E2426,LAW1-E2427,LAW1-E2418,LAW1-E2422,LAW1-E2421,LAW1-E2424,LAW1-E2425,LAW1-E2428",자동 추출,
LAW1-3_3_3,LAW1,,제3장 안심주택 (서울형 공유주택),제3절 사업계획 수립 기준,3-3-3,,39,40,"3-3-3. “의료시설 중심지역”의 용도지역 변경 기준은 3-3-1의 기준에 따르되 다음 의 요건을 충족하여야 한다.
가. 의료시설 대상부지에 의료시설 외 용도의 건축물이 있는 경우 의료시설 건축 물과 의료시설 외 건축물간의 중심선 또는 도로중심선을 경계로 한다. 해당 범위의 구체적인 사항은 시장이 별도로 정할 수 있다.
[의료시설 외의 건축물의 중심]
의로시설의대상부지
의료시설외
건축물의중심
용도의건축물
의학대학(원)
의로시설
중심지역
[해당 부지에 도로가 있는 경우]
의로시설의대상부지
의료시설외
의료시설
용도의건축물
중심지역
의학대학(원)
기숙사등
부지내도로중심선
나. 사업대상지는 최소 6m 이상의 도로에 접하고 이면도로에서 차량 진출입을 우선적으로 검토한다.",3-3-3. “의료시설 중심지역”의 용도지역 변경 기준은 3-3-1의 기준에 따르되 다음 의 요건을 충족하여야 한다. 가. 의료시설 대상부지에 의료시설 외 용도의 건축물이 있는 경우 의료시설 건축 물과 의료시설 외 건축물간의 중심선 또는 도로중심선을 경계로 한다. 해당 범위의 구체적인 사항은 시장이 별도로 정할 수 있다. [의료시설 외의 건축물의 중심] 의로시설의대상부지 의료시설외 건축물의중심 용도의건축물 의학대학(원) 의로시설 중심지역 [해당 부지에 도로가 있는 경우] 의로시설의대상부지 의료시설외 의료시설 용도의건축물 중심지역 의학대학(원) 기숙사등 부지내도로중심선 나. 사업대상지는 최소 6m 이상의 도로에 접하고 이면도로에서 차량 진출입을 우선적으로 검토한다.,,표/도식 포함,"LAW1-E2429,LAW1-E2430,LAW1-E2431,LAW1-E2433,LAW1-E2435,LAW1-E2438,LAW1-E2437,LAW1-E2439,LAW1-E2440,LAW1-E2444,LAW1-E2446,LAW1-E2432,LAW1-E2434,LAW1-E2436,LAW1-E2442,LAW1-E2441,LAW1-E2443,LAW1-E2445,LAW1-E2447,LAW1-E2448,LAW1-E2449,LAW1-E2450",자동 추출,
LAW1-3_4_1,LAW1,,제3장 안심주택 (서울형 공유주택),제4절 용적률 및 공공기여 등,3-4-1,,40,43,"3-4-1. 용도지역 변경이 있는 경우 용적률, 공공기여율 등 기준은 다음과 같다.
가. 제3종일반주거지역으로 변경되는 경우
1) 기본용적률 : 250% 이하
2) 공공기여율
가) 제2종일반주거지역에서 상향되는 경우 : 10% 이상
나. 준주거지역으로 변경되는 경우
1) 기본용적률 : 400% 이하
2) 공공기여율
가) 제2종일반주거지역에서 상향되는 경우 : 15% 이상
나) 제3종일반주거지역에서 상향되는
경우 : 10% 이상
3) 용도별 비율
가) 주거 비율 : 85% 이상
다. 근린상업지역으로 변경되는 경우
1) 기본용적률 : 540% 이하
2) 공공기여율
가) 제2종일반주거지역에서 상향되는
경우 : 25% 이상
나) 제3종일반주거지역에서 상향되는 경우 : 20% 이상
다) 준주거지역에서 상향되는
경우 : 10% 이상
3) 용도별 비율
가) 주거 비율 : 80% 이상
나) 비주거 비율 : 10% 이상 (가로변 비주거 설치 의무)
라. 일반상업지역으로 변경되는 경우
1) 기본용적률 : 680% 이하
2) 공공기여율
가) 제2종일반주거지역에서 상향되는 경우 : 30% 이상
나) 제3종일반주거지역에서 상향되는 경우 : 25% 이상
다) 준주거지역에서 상향되는 경우: 20% 이상
3) 용도별 비율
가) 주거 비율 : 80% 이상
나) 비주거 비율 : 10% 이상 (가로변 비주거 설치 의무)
마. 근린상업지역에서 일반상업지역으로 변경되는 경우
1) 기본용적률 : 700% 이하
2) 공공기여율 : 10%
3) 용도별 비율
가) 주거 비율 : 80% 이상
나) 비주거 비율 : 10% 이상 (가로변 비주거 설치 의무)
바. 기타
1) 공공기여율 산정기준 등
가) 기본용적률 부여에 따른 공공기여율은 부지면적을 기준으로 한다. 이때
부지면적은 용도지역 또는 용적률이 상향되는 부지를 기준으로 한다.
※ 사업대상지 내 경하지 않는다.
도로 등 공공시설을 설치할 경우에 도로 등 부지는 용도지역을 변
나) 상한용적률은 「민간임대주택법」(제21조 및 제35조) 또는 「국토계획 법」(시행령 제46조)에 따라 용적률 상한까지 완화할 수 있다.
※ 공공시설(건축물) 등을 제공하는 경우 공공기여율은 기본용적률 적용에 따른 공공
기여에 반영하고 토지지분과 건축비용을 토지로 환산(감정평가)한 면적을 합산 적
용한다. 이 경우 건축비용은 ‘공공건축물 건립 공사비 책정 가이드라인’의 용도별 건축비를 적용한다.
다) 기본용적률 및 상한용적률 적용에 따른 공공기여는 공공임대주택 공급 을 우선으로 한다. 다만, 공공시설 등이 일부 필요하다고 인정되는 경우 에는 관련 위원회의 자문 또는 심의를 거쳐 공공시설등을 일부 설치·제 공할 수 있으며, 공유공간 등 추가 확보 또는 자문이나 심의의견 반영으 로 사업성이 감소되는 경우 자문 또는 심의를 거쳐 공공기여량을 최대 5%p까지 완화할 수 있다.
라) 상한용적률 적용 시 공공임대주택 총 공공기여량 산출은 전체 공공임대 주택의 토지지분으로 산출한다.
마) 지역 특성 등을 감안하여 도시계획적으로 필요한 공공시설등은 반드시 설치하여야 하며, 입안권자가 또는 관련 위원회에서 필요하다고 인정한 공공시설등은 별도로 확보하게 할 수 있다.
바) 사업시행자등이 국·공유지 등 토지를 장기 임차하는 등의 특별한 사유로 인하여 공공임대주택의 부속토지 기부채납이 불가능한 경우는 「민간임 대주택법」 제21조의2 제1항 제4호에 따라 20년 이상 민간임대주택으 로 공급하여야 한다. 이 경우 사업시행자는 부속토지에 해당하는 가격 (지가상승률 고려)에 대응하는 민간임대주택으로 공급기간 산정내역, 근 거 및 타당성 검증자료 등 서울시에서 지정하는 검증기관을 통하여 자료 를 제출하여야 하며, 기간은 운영자문위원회에서 정한다.
사) 사업대상지의 기존 도시계획시설을 폐지하고 사업을 진행할 경우 공공 기여율을 5~10% 추가 확보하여야 한다.
시설폐지면적 | 공공기여율 | 비 고
3,000㎡ 이하 | 5% | 
3,000㎡초과~5,000㎡미만 | 5% 초과 ~ 10% 미만 | 직선보간법 적용
5,000㎡ 이상 | 10% | 
2) 용도별 비율 산정기준
가) 비주거 비율은 연면적을 기준으로 산정한다.
나) 비주거 용도는 지하 2층에서 지상 2층에 위치하여야 한다. 다만, 대지 의 형태 및 고저차 등의 사유와 상업지역에서 지상 2층까지 비주거 비율 10% 이상 확보가 불가능한 경우 및 용도변경의 경우에는 관련 위원회 의 자문 또는 심의를 거쳐 위치 및 비율을 조정할 수 있다.
다) 공공청사 등 건축물로 설치·제공하는 공공시설등은 비주거 비율에 포함 한다.
3) 제1종일반주거지역의 용도지역 변경
가) 국·공유지를 장기 임차하는 등의 특별한 경우에 한하여 통합심의위원회 심의에서 용도지역 상향이 가능하다고 판단하는 경우에 제3종일반주거지 역 또는 준주거지역으로 상향할 수 있다.
나) 제3종일반주거지역으로 변경
(1) 기본용적률 : 250% 이하
(2) 공공기여율 : 20%
다) 준주거지역으로 변경
(1) 기본용적률 : 400% 이하
(2) 공공기여율 : 25%
※ 용도지역 변경이 있는 경우 용적률, 공공기여율 및 용도별 비율표
현재 용도지역 | 제2종일반 주거지역 | 제2종일반 주거지역 | 제3종일반 주거지역 | 제2종일반 주거지역 | 제3종일반 주거지역 | 준주거 지역 | 제2종일반 주거지역 | 제3종일반 주거지역 | 준주거 지역 | 근린상업 지역
변경 용도지역 | 제3종일반 주거지역 | 준주거지역 | 근린상업지역 | 일반상업지역
기본용적률 250% | 250% | 400% | 540% | 680% | 700%
공공기여율 10% | 10% | 15% | 10% | 25% | 20% | 10% | 30% | 25% | 20% | 10%
상한용적률 300% | 300% | 500% | 900% | 1,300%
용도별 비율 | 주거 | - | 85% 이상 | 80% 이상
비주거 | - | - | 10% 이상 (가로변 비주거 설치 의무)
※ 역세권 외 간선도로 이면부 사업대상지의 경우 준주거지역까지 용도지역 변경 가능하며, 기본용적률 (400%)만 적용한다.","3-4-1. 용도지역 변경이 있는 경우 용적률, 공공기여율 등 기준은 다음과 같다. 가. 제3종일반주거지역으로 변경되는 경우 1) 기본용적률 : 250% 이하 2) 공공기여율 가) 제2종일반주거지역에서 상향되는 경우 : 10% 이상 나. 준주거지역으로 변경되는 경우 1) 기본용적률 : 400% 이하 2) 공공기여율 가) 제2종일반주거지역에서 상향되는 경우 : 15% 이상 나) 제3종일반주거지역에서 상향되는 경우 : 10% 이상 3) 용도별 비율 가) 주거 비율 : 85% 이상 다. 근린상업지역으로 변경되는 경우 1) 기본용적률 : 540% 이하 2) 공공기여율 가) 제2종일반주거지역에서 상향되는 경우 : 25% 이상 나) 제3종일반주거지역에서 상향되는 경우 : 20% 이상 다) 준주거지역에서 상향되는 경우 : 10% 이상 3) 용도별 비율 가) 주거 비율 : 80% 이상 나) 비주거 비율 : 10% 이상 (가로변 비주거 설치 의무) 라. 일반상업지역으로 변경되는 경우 1) 기본용적률 : 680% 이하 2) 공공기여율 가) 제2종일반주거지역에서 상향되는 경우 : 30% 이상 나) 제3종일반주거지역에서 상향되는 경우 : 25% 이상 다) 준주거지역에서 상향되는 경우: 20% 이상 3) 용도별 비율 가) 주거 비율 : 80% 이상 나) 비주거 비율 : 10% 이상 (가로변 비주거 설치 의무) 마. 근린상업지역에서 일반상업지역으로 변경되는 경우 1) 기본용적률 : 700% 이하 2) 공공기여율 : 10% 3) 용도별 비율 가) 주거 비율 : 80% 이상 나) 비주거 비율 : 10% 이상 (가로변 비주거 설치 의무) 바. 기타 1) 공공기여율 산정기준 등 가) 기본용적률 부여에 따른 공공기여율은 부지면적을 기준으로 한다. 이때 부지면적은 용도지역 또는 용적률이 상향되는 부지를 기준으로 한다. ※ 사업대상지 내 경하지 않는다. 도로 등 공공시설을 설치할 경우에 도로 등 부지는 용도지역을 변 나) 상한용적률은 「민간임대주택법」(제21조 및 제35조) 또는 「국토계획 법」(시행령 제46조)에 따라 용적률 상한까지 완화할 수 있다. ※ 공공시설(건축물) 등을 제공하는 경우 공공기여율은 기본용적률 적용에 따른 공공 기여에 반영하고 토지지분과 건축비용을 토지로 환산(감정평가)한 면적을 합산 적 용한다. 이 경우 건축비용은 ‘공공건축물 건립 공사비 책정 가이드라인’의 용도별 건축비를 적용한다. 다) 기본용적률 및 상한용적률 적용에 따른 공공기여는 공공임대주택 공급 을 우선으로 한다. 다만, 공공시설 등이 일부 필요하다고 인정되는 경우 에는 관련 위원회의 자문 또는 심의를 거쳐 공공시설등을 일부 설치·제 공할 수 있으며, 공유공간 등 추가 확보 또는 자문이나 심의의견 반영으 로 사업성이 감소되는 경우 자문 또는 심의를 거쳐 공공기여량을 최대 5%p까지 완화할 수 있다. 라) 상한용적률 적용 시 공공임대주택 총 공공기여량 산출은 전체 공공임대 주택의 토지지분으로 산출한다. 마) 지역 특성 등을 감안하여 도시계획적으로 필요한 공공시설등은 반드시 설치하여야 하며, 입안권자가 또는 관련 위원회에서 필요하다고 인정한 공공시설등은 별도로 확보하게 할 수 있다. 바) 사업시행자등이 국·공유지 등 토지를 장기 임차하는 등의 특별한 사유로 인하여 공공임대주택의 부속토지 기부채납이 불가능한 경우는 「민간임 대주택법」 제21조의2 제1항 제4호에 따라 20년 이상 민간임대주택으 로 공급하여야 한다. 이 경우 사업시행자는 부속토지에 해당하는 가격 (지가상승률 고려)에 대응하는 민간임대주택으로 공급기간 산정내역, 근 거 및 타당성 검증자료 등 서울시에서 지정하는 검증기관을 통하여 자료 를 제출하여야 하며, 기간은 운영자문위원회에서 정한다. 사) 사업대상지의 기존 도시계획시설을 폐지하고 사업을 진행할 경우 공공 기여율을 5~10% 추가 확보하여야 한다. 시설폐지면적 | 공공기여율 | 비 고 3,000㎡ 이하 | 5% | 3,000㎡초과~5,000㎡미만 | 5% 초과 ~ 10% 미만 | 직선보간법 적용 5,000㎡ 이상 | 10% | 2) 용도별 비율 산정기준 가) 비주거 비율은 연면적을 기준으로 산정한다. 나) 비주거 용도는 지하 2층에서 지상 2층에 위치하여야 한다. 다만, 대지 의 형태 및 고저차 등의 사유와 상업지역에서 지상 2층까지 비주거 비율 10% 이상 확보가 불가능한 경우 및 용도변경의 경우에는 관련 위원회 의 자문 또는 심의를 거쳐 위치 및 비율을 조정할 수 있다. 다) 공공청사 등 건축물로 설치·제공하는 공공시설등은 비주거 비율에 포함 한다. 3) 제1종일반주거지역의 용도지역 변경 가) 국·공유지를 장기 임차하는 등의 특별한 경우에 한하여 통합심의위원회 심의에서 용도지역 상향이 가능하다고 판단하는 경우에 제3종일반주거지 역 또는 준주거지역으로 상향할 수 있다. 나) 제3종일반주거지역으로 변경 (1) 기본용적률 : 250% 이하 (2) 공공기여율 : 20% 다) 준주거지역으로 변경 (1) 기본용적률 : 400% 이하 (2) 공공기여율 : 25% ※ 용도지역 변경이 있는 경우 용적률, 공공기여율 및 용도별 비율표 현재 용도지역 | 제2종일반 주거지역 | 제2종일반 주거지역 | 제3종일반 주거지역 | 제2종일반 주거지역 | 제3종일반 주거지역 | 준주거 지역 | 제2종일반 주거지역 | 제3종일반 주거지역 | 준주거 지역 | 근린상업 지역 변경 용도지역 | 제3종일반 주거지역 | 준주거지역 | 근린상업지역 | 일반상업지역 기본용적률 250% | 250% | 400% | 540% | 680% | 700% 공공기여율 10% | 10% | 15% | 10% | 25% | 20% | 10% | 30% | 25% | 20% | 10% 상한용적률 300% | 300% | 500% | 900% | 1,300% 용도별 비율 | 주거 | - | 85% 이상 | 80% 이상 비주거 | - | - | 10% 이상 (가로변 비주거 설치 의무) ※ 역세권 외 간선도로 이면부 사업대상지의 경우 준주거지역까지 용도지역 변경 가능하며, 기본용적률 (400%)만 적용한다.",,표/도식 포함,"LAW1-E2452,LAW1-E2453,LAW1-P040-LIST-0703,LAW1-E2456,LAW1-E2457,LAW1-P040-LIST-0706,LAW1-P040-LIST-0707,LAW1-E2462,LAW1-E2463,LAW1-E2464,LAW1-E2465,LAW1-P040-LIST-0712,LAW1-E2468,LAW1-E2469,LAW1-E2470,LAW1-E2471,LAW1-E2472,LAW1-E2473,LAW1-P041-LIST-0719,LAW1-E2476,LAW1-P041-LIST-0721,LAW1-P041-LIST-0722,LAW1-E2482,LAW1-P041-LIST-0724,LAW1-E2485,LAW1-P041-LIST-0726,LAW1-P041-LIST-0727,LAW1-E2491,LAW1-E2492,LAW1-E2493,LAW1-E2494,LAW1-E2495,LAW1-E2496,LAW1-E2497,LAW1-E2498,LAW1-E2499,LAW1-E2500,LAW1-P042-LIST-0738,LAW1-E2506,LAW1-E2507,LAW1-E2508,LAW1-P043-LIST-0742,LAW1-E2511,LAW1-P043-LIST-0744,LAW1-P043-LIST-0745,LAW1-E2516,LAW1-P043-LIST-0747,LAW1-E2519,LAW1-E2520,LAW1-E2521",자동 추출,
LAW1-3_4_2,LAW1,,제3장 안심주택 (서울형 공유주택),제4절 용적률 및 공공기여 등,3-4-2,,43,45,"3-4-2. 안심주택 조례 제7조 제3항에 따라 용도지역 변경이 없는 경우 용적률, 공 공기여율 등 기준은 다음과 같다.
가. 제3종일반주거지역의 경우
1) 기본용적률 및 공공기여율 가) 기본용적률 300% 이하 및 공공기여율 3% 이상
2) 용도별 비율은 제3종일반주거지역으로 변경되는 경우와 동일
나. 준주거지역의 경우
1) 기본용적률 및 공공기여율 가) 기본용적률 500% 이하 및 공공기여율 6% 이상
2) 용도별 비율은 준주거지역으로 변경되는 경우와 동일
※ 서울도심은 기본용적률 400% 이하 및 공공기여율 4% 이상으로 하며, 높이는 서울도
심기본계획의 높이계획을 따름
※
기본용적률 적용은 관련 위원회 자문 또는 심의를 거쳐 허용
다. 준공업지역의 경우
1) 기본용적률 및 공공기여율
가) 기본용적률 : 400% 이하
나) 공공기여율
(1) 공장비율 10% 미만인 경우 : 10% 이상
(2) 공장비율 10% 이상인 경우 : 15% 이상
(단, 공공기여율의 2분의 1은 공공임대주택, 2분의 1은 임대산업시설로 확보)
2) 용도별 비율 등
가) 용도별 비율은 준주거지역으로 변경되는 경우와 동일
나) 공장비율 10% 이상인 경우 산업부지 확보비율은 「도시계획 조례」 별표 17에도 불구하고 관련 위원회 심의를 통해 2분의 1까지 완화할 수 있다.
다) 공장의 범위는 「도시계획 조례」 별표 17의 1호에 따른다. 라. 근린상업지역의 경우
1) 기본용적률 및 공공기여율
가) 기본용적률 600% 이하인 경우 공공기여율 8% 이상
나) 기본용적률 700% 이하인 경우 공공기여율 10% 이상
다) 기본용적률 800% 이하인 경우 공공기여율 12% 이상
※ 서울도심은 기본용적률 500% 이하 및 공공기여율 6% 이상으로 하며, 높이는 서
울도심기본계획의 높이계획을 따름
※ 기본용적률 적용은 관련 위원회 자문 또는 심의를 거쳐 허용
2) 용도별 비율은 근린상업지역으로 변경되는 경우와 동일
마. 일반상업지역의 경우
1) 기본용적률 및 공공기여율
가) 기본용적률이 800% 이하인 경우 공공기여율 10% 이상
나) 기본용적률이 900% 이하인 경우 공공기여율 12% 이상
다) 기본용적률이 1,000% 이하인 경우 공공기여율 14% 이상 ※ 서울도심은 기본용적률 600% 이하 및 공공기여율 8% 이상으로 하며, 높이는 서 울도심기본계획의 높이계획을 따름
※ 기본용적률 적용은 관련 위원회 자문 또는 심의를 거쳐 허용
2) 용도별 비율은 일반상업지역으로 변경되는 경우와 동일 바. 공공기여율 및 용도별 비율 산정기준은 3-4-1 바목에 따른다.
※ 용도지역 변경이 없는 경우 용적률, 공공기여율 및 용도별 비율표
용도지역 | 제3종일반 주거지역 | 준주거지역 |  | 근린상업지역 | 일반상업지역
[( )는 역세권외 이면부 또는 서울도심 내] | 300% | 500% (400%) | 400% | 600% (500%) | 700% | 800% | 800% (600%) | 900% | 1,000%
상한 용적률 (역세권외 | 임대기간 10년이상 임대기간 | 345% 360% | 575% (400%) 600% | 400% |  | 900% |  |  | 1,300% | 
(역세권외 이면부) 임대기간 20년이상 기본 공공기여율 [( )는 역세권외 이면부 또는 서울도심 내] | 360% | 6% (4%) | 10~15% | 8% (6%) | 10% | 12% | 10% (8%) | 12% | 14%
용도별 | 주거 | - | 85%이상 | 80% 이상
비율 | 비주거 | - | - |  | 10% 이상 | (가로변 | 비주거 설치 | 의무)","3-4-2. 안심주택 조례 제7조 제3항에 따라 용도지역 변경이 없는 경우 용적률, 공 공기여율 등 기준은 다음과 같다. 가. 제3종일반주거지역의 경우 1) 기본용적률 및 공공기여율 가) 기본용적률 300% 이하 및 공공기여율 3% 이상 2) 용도별 비율은 제3종일반주거지역으로 변경되는 경우와 동일 나. 준주거지역의 경우 1) 기본용적률 및 공공기여율 가) 기본용적률 500% 이하 및 공공기여율 6% 이상 2) 용도별 비율은 준주거지역으로 변경되는 경우와 동일 ※ 서울도심은 기본용적률 400% 이하 및 공공기여율 4% 이상으로 하며, 높이는 서울도 심기본계획의 높이계획을 따름 ※ 기본용적률 적용은 관련 위원회 자문 또는 심의를 거쳐 허용 다. 준공업지역의 경우 1) 기본용적률 및 공공기여율 가) 기본용적률 : 400% 이하 나) 공공기여율 (1) 공장비율 10% 미만인 경우 : 10% 이상 (2) 공장비율 10% 이상인 경우 : 15% 이상 (단, 공공기여율의 2분의 1은 공공임대주택, 2분의 1은 임대산업시설로 확보) 2) 용도별 비율 등 가) 용도별 비율은 준주거지역으로 변경되는 경우와 동일 나) 공장비율 10% 이상인 경우 산업부지 확보비율은 「도시계획 조례」 별표 17에도 불구하고 관련 위원회 심의를 통해 2분의 1까지 완화할 수 있다. 다) 공장의 범위는 「도시계획 조례」 별표 17의 1호에 따른다. 라. 근린상업지역의 경우 1) 기본용적률 및 공공기여율 가) 기본용적률 600% 이하인 경우 공공기여율 8% 이상 나) 기본용적률 700% 이하인 경우 공공기여율 10% 이상 다) 기본용적률 800% 이하인 경우 공공기여율 12% 이상 ※ 서울도심은 기본용적률 500% 이하 및 공공기여율 6% 이상으로 하며, 높이는 서 울도심기본계획의 높이계획을 따름 ※ 기본용적률 적용은 관련 위원회 자문 또는 심의를 거쳐 허용 2) 용도별 비율은 근린상업지역으로 변경되는 경우와 동일 마. 일반상업지역의 경우 1) 기본용적률 및 공공기여율 가) 기본용적률이 800% 이하인 경우 공공기여율 10% 이상 나) 기본용적률이 900% 이하인 경우 공공기여율 12% 이상 다) 기본용적률이 1,000% 이하인 경우 공공기여율 14% 이상 ※ 서울도심은 기본용적률 600% 이하 및 공공기여율 8% 이상으로 하며, 높이는 서 울도심기본계획의 높이계획을 따름 ※ 기본용적률 적용은 관련 위원회 자문 또는 심의를 거쳐 허용 2) 용도별 비율은 일반상업지역으로 변경되는 경우와 동일 바. 공공기여율 및 용도별 비율 산정기준은 3-4-1 바목에 따른다. ※ 용도지역 변경이 없는 경우 용적률, 공공기여율 및 용도별 비율표 용도지역 | 제3종일반 주거지역 | 준주거지역 | | 근린상업지역 | 일반상업지역 [( )는 역세권외 이면부 또는 서울도심 내] | 300% | 500% (400%) | 400% | 600% (500%) | 700% | 800% | 800% (600%) | 900% | 1,000% 상한 용적률 (역세권외 | 임대기간 10년이상 임대기간 | 345% 360% | 575% (400%) 600% | 400% | | 900% | | | 1,300% | (역세권외 이면부) 임대기간 20년이상 기본 공공기여율 [( )는 역세권외 이면부 또는 서울도심 내] | 360% | 6% (4%) | 10~15% | 8% (6%) | 10% | 12% | 10% (8%) | 12% | 14% 용도별 | 주거 | - | 85%이상 | 80% 이상 비율 | 비주거 | - | - | | 10% 이상 | (가로변 | 비주거 설치 | 의무)",,표/도식 포함,"LAW1-E2522,LAW1-E2523,LAW1-P044-LIST-0753,LAW1-E2526,LAW1-P044-LIST-0755,LAW1-E2529,LAW1-E2530,LAW1-E2531,LAW1-E2532,LAW1-E2533,LAW1-E2534,LAW1-P044-LIST-0762,LAW1-P044-LIST-0763,LAW1-E2539,LAW1-E2540,LAW1-P044-LIST-0766,LAW1-E2544,LAW1-P044-LIST-0768,LAW1-E2548,LAW1-E2549,LAW1-E2550,LAW1-E2551,LAW1-E2552,LAW1-E2553,LAW1-P045-LIST-0775,LAW1-E2557,LAW1-E2558,LAW1-E2559,LAW1-E2560",자동 추출,
LAW1-3_5_1,LAW1,,제3장 안심주택 (서울형 공유주택),제5절 건축 및 주차계획 등,3-5-1,,45,45,"3-5-1. 건축물의 높이는 서울특별시 지구단위계획 수립기준에 따라 부지 규모, 주변 과의 조화 등을 고려하여 검토·제시되어야 하며 지구단위계획과 관련된 다음 의 사항은 관련 위원회의 심의를 거쳐 완화할 수 있다.
가. 가로구역별 최고높이나 지구단위계획에 결정되어 있는 최고높이","3-5-1. 건축물의 높이는 서울특별시 지구단위계획 수립기준에 따라 부지 규모, 주변 과의 조화 등을 고려하여 검토·제시되어야 하며 지구단위계획과 관련된 다음 의 사항은 관련 위원회의 심의를 거쳐 완화할 수 있다. 가. 가로구역별 최고높이나 지구단위계획에 결정되어 있는 최고높이",,기준,"LAW1-E2562,LAW1-E2563",자동 추출,
LAW1-3_5_2,LAW1,,제3장 안심주택 (서울형 공유주택),제5절 건축 및 주차계획 등,3-5-2,,45,45,"3-5-2. 경관계획 시 다음의 사항을 검토하여야 한다.
가. 주변지역과 조화로운 스카이라인을 형성하도록 권장한다.
나. 상업지역이나 준주거지역으로 변경 시 사업대상지 이면부에 제3종일반주거지 역 이하의 저층 주거지가 있는 경우에는 일조, 경관 등의 부영향 저감방안을 마련하여야 한다.","3-5-2. 경관계획 시 다음의 사항을 검토하여야 한다. 가. 주변지역과 조화로운 스카이라인을 형성하도록 권장한다. 나. 상업지역이나 준주거지역으로 변경 시 사업대상지 이면부에 제3종일반주거지 역 이하의 저층 주거지가 있는 경우에는 일조, 경관 등의 부영향 저감방안을 마련하여야 한다.",,기준,"LAW1-E2564,LAW1-P045-LIST-0784",자동 추출,
LAW1-3_5_3,LAW1,,제3장 안심주택 (서울형 공유주택),제5절 건축 및 주차계획 등,3-5-3,,46,46,3-5-3. 주거서비스 품질 향상 및 유지관리를 위하여 임대의무기간 동안 「공공지원 민간임대주택 등에 관한 업무처리지침」 제89조에 따른 민간임대주택 주거 서비스 인증(우수 등급 이상)을 이행하여야 한다.,3-5-3. 주거서비스 품질 향상 및 유지관리를 위하여 임대의무기간 동안 「공공지원 민간임대주택 등에 관한 업무처리지침」 제89조에 따른 민간임대주택 주거 서비스 인증(우수 등급 이상)을 이행하여야 한다.,,기준,LAW1-P046-LIST-0785,자동 추출,
LAW1-3_5_4,LAW1,,제3장 안심주택 (서울형 공유주택),제5절 건축 및 주차계획 등,3-5-4,,46,46,3-5-4. 건축물의 안전한 생활환경을 조성하기 위하여 범죄예방 건축기준을 준수하 여야 한다.,3-5-4. 건축물의 안전한 생활환경을 조성하기 위하여 범죄예방 건축기준을 준수하 여야 한다.,,기준,LAW1-P046-LIST-0785,자동 추출,
LAW1-3_5_5,LAW1,,제3장 안심주택 (서울형 공유주택),제5절 건축 및 주차계획 등,3-5-5,,46,46,"3-5-5. 사업시행자는 지역 환경과 조화되고 입주자에게 쾌적한 주거환경을 제공하 기 위해 건축디자인 및 품질향상에 노력하여야 한다.
가. 주변지역과 어울리고, 조형성이 반영된 입면특화 계획 수립
나. 건물 저층부는 개방감을 확보하고 도로변 보행의 연속성을 확보하여야 함
다. 쾌적한 주거환경을 위해 채광과 환기가 양호하도록 하며, 천장높이 2.4m 이 상 확보하여야 함
라. 실별 수용 유형에 대응한 특화공간 등 다양한 평면계획 수립
마. 공간분할, 수납형 벽체, 모듈시스템 가구 등 공간구조의 개방성·유연성 확보 권장","3-5-5. 사업시행자는 지역 환경과 조화되고 입주자에게 쾌적한 주거환경을 제공하 기 위해 건축디자인 및 품질향상에 노력하여야 한다. 가. 주변지역과 어울리고, 조형성이 반영된 입면특화 계획 수립 나. 건물 저층부는 개방감을 확보하고 도로변 보행의 연속성을 확보하여야 함 다. 쾌적한 주거환경을 위해 채광과 환기가 양호하도록 하며, 천장높이 2.4m 이 상 확보하여야 함 라. 실별 수용 유형에 대응한 특화공간 등 다양한 평면계획 수립 마. 공간분할, 수납형 벽체, 모듈시스템 가구 등 공간구조의 개방성·유연성 확보 권장",,기준,"LAW1-P046-LIST-0785,LAW1-P046-LIST-0786",자동 추출,
LAW1-3_5_6,LAW1,,제3장 안심주택 (서울형 공유주택),제5절 건축 및 주차계획 등,3-5-6,,46,47,"3-5-6. 사업시행자는 서울형 공유주택 건립시 「기숙사 건축기준」 이외에 다음 각 목의 사항을 건축계획에 반영하여야 한다.
가. “개인공간”은 1-3-18 가목에 따른 공간을 말하며, 1인 1실을 기본으로 하고 최대 2인 1실을 넘지 않는 공간으로 계획한다.
나. “공유공간”은 1-3-18 나목에 따른 시설을 확보하기 위한 것으로, 다음의 기 준을 적용하여 계획한다.
1) 규모 : 전체 수용 인원에 따라 다음의 기준 면적 이상으로 설치해야 한다.
수용인원 | 공유공간 면적 | 비 고
150인 이하 6㎡ | 6 ㎡ / 인 | 
150인 초과 300인 이하 | 900㎡ + 150인 초과 인원 x 5㎡ / | 
300인 초과 500인 이하 | 1,650㎡ + 300인 초과 인원 x 4㎡ | 
500인 초과 | 2,450㎡ + 500인 초과 인원 x 2.5㎡ | 
가) 기본생활공간 : 기본적인 주거기능을 위한 공간
나) 지원생활공간 : 개인공간 활용도 제고 및 편의 지원을 위한 공간
다) 커뮤니티공간 : 휴식 및 자연스러운 공존을 위한 공간
라) 특화공간 : 여가, 취미, 업무, 특별활동을 위한 공간
구 분 | 공간 사례 | 비 율 | 비 고
 | 기본생활공간 | 공유주방, 공유식당, 공유세탁실, 운동시설 | 70% 이하 연습실, | 공간별 15%이상
 | 지원생활공간 | 개별창고, 택배보관실, 관리사무소 등
 | 커뮤니티공간 | 휴게공간, 라운지, 북카페, 루 프탑 등
특화공간 | 게 스 트 룸 , 공유 취 사실, 스 터 디룸 , 연 습 실, 게임 존 , 반 려 동물 목욕실 등 | 30% 이상 | 1개소 이상 의무
※ 필수공간은 「기숙사 건축기준」 면적 이상으로 확보하여야 하고, 비율은 관련위원회에서 인정 하는 경우 변경할 수 있다.
※ 특화공간 면적은 최대 1/2에 한하여 외부에 설치할 수 있으며, 외부에 설치하는 경우 그 면적 의 1/2로 산정한다.
다. “상생형 특화공간“은 1-3-18 다목에 따른 시설의 설치를 말하며, 규모는 3-5-6 나 2) 라)에 따른 특화공간 면적의 2분의 1 이내로 계획하여야 한다. 상생형 특화공간은 입주자에게 사용료 할인 등의 운영계획을 수립하여 제출하 여야 한다.
라. 복도 최소폭은 편복도 1.5미터 이상, 중복도 1.8미터 이상으로 한다.
마. 실간 소음방지를 위하여 「주택건설기준 등에 관한 규정」 제14조 및 제14 조의2에 따른 기준에 적합하여야 한다.
바. 수용인원 500인 이상인 경우 구내식당 설치를 검토하여야 한다.","3-5-6. 사업시행자는 서울형 공유주택 건립시 「기숙사 건축기준」 이외에 다음 각 목의 사항을 건축계획에 반영하여야 한다. 가. “개인공간”은 1-3-18 가목에 따른 공간을 말하며, 1인 1실을 기본으로 하고 최대 2인 1실을 넘지 않는 공간으로 계획한다. 나. “공유공간”은 1-3-18 나목에 따른 시설을 확보하기 위한 것으로, 다음의 기 준을 적용하여 계획한다. 1) 규모 : 전체 수용 인원에 따라 다음의 기준 면적 이상으로 설치해야 한다. 수용인원 | 공유공간 면적 | 비 고 150인 이하 6㎡ | 6 ㎡ / 인 | 150인 초과 300인 이하 | 900㎡ + 150인 초과 인원 x 5㎡ / | 300인 초과 500인 이하 | 1,650㎡ + 300인 초과 인원 x 4㎡ | 500인 초과 | 2,450㎡ + 500인 초과 인원 x 2.5㎡ | 가) 기본생활공간 : 기본적인 주거기능을 위한 공간 나) 지원생활공간 : 개인공간 활용도 제고 및 편의 지원을 위한 공간 다) 커뮤니티공간 : 휴식 및 자연스러운 공존을 위한 공간 라) 특화공간 : 여가, 취미, 업무, 특별활동을 위한 공간 구 분 | 공간 사례 | 비 율 | 비 고 | 기본생활공간 | 공유주방, 공유식당, 공유세탁실, 운동시설 | 70% 이하 연습실, | 공간별 15%이상 | 지원생활공간 | 개별창고, 택배보관실, 관리사무소 등 | 커뮤니티공간 | 휴게공간, 라운지, 북카페, 루 프탑 등 특화공간 | 게 스 트 룸 , 공유 취 사실, 스 터 디룸 , 연 습 실, 게임 존 , 반 려 동물 목욕실 등 | 30% 이상 | 1개소 이상 의무 ※ 필수공간은 「기숙사 건축기준」 면적 이상으로 확보하여야 하고, 비율은 관련위원회에서 인정 하는 경우 변경할 수 있다. ※ 특화공간 면적은 최대 1/2에 한하여 외부에 설치할 수 있으며, 외부에 설치하는 경우 그 면적 의 1/2로 산정한다. 다. “상생형 특화공간“은 1-3-18 다목에 따른 시설의 설치를 말하며, 규모는 3-5-6 나 2) 라)에 따른 특화공간 면적의 2분의 1 이내로 계획하여야 한다. 상생형 특화공간은 입주자에게 사용료 할인 등의 운영계획을 수립하여 제출하 여야 한다. 라. 복도 최소폭은 편복도 1.5미터 이상, 중복도 1.8미터 이상으로 한다. 마. 실간 소음방지를 위하여 「주택건설기준 등에 관한 규정」 제14조 및 제14 조의2에 따른 기준에 적합하여야 한다. 바. 수용인원 500인 이상인 경우 구내식당 설치를 검토하여야 한다.",,표/도식 포함,"LAW1-E2575,LAW1-P046-LIST-0788,LAW1-E2578,LAW1-E2579,LAW1-P047-LIST-0791,LAW1-E2585,LAW1-P047-LIST-0793,LAW1-P047-LIST-0794",자동 추출,
LAW1-3_5_7,LAW1,,제3장 안심주택 (서울형 공유주택),제5절 건축 및 주차계획 등,3-5-7,,47,47,3-5-7. 공공임대주택과 공공지원민간임대주택 상호간에 차별화된 구조와 동선체계 로 하거나 공유공간 사용상의 불리 등 차별 및 불편 문제가 발생하지 않도록 사회혼합(social mixing)을 고려한 건축계획을 수립하여야 한다.,3-5-7. 공공임대주택과 공공지원민간임대주택 상호간에 차별화된 구조와 동선체계 로 하거나 공유공간 사용상의 불리 등 차별 및 불편 문제가 발생하지 않도록 사회혼합(social mixing)을 고려한 건축계획을 수립하여야 한다.,,기준,LAW1-P047-LIST-0795,자동 추출,
LAW1-3_5_8,LAW1,,제3장 안심주택 (서울형 공유주택),제5절 건축 및 주차계획 등,3-5-8,,47,47,"3-5-8. 공공임대주택만을 별동으로 건립하는 것을 지양한다. 다만, 관련위원회에서 합리적 주동 배치, 경관 등 단지계획상 필요하다고 인정하는 경우에는 별동 으로 건립할 수 있다.","3-5-8. 공공임대주택만을 별동으로 건립하는 것을 지양한다. 다만, 관련위원회에서 합리적 주동 배치, 경관 등 단지계획상 필요하다고 인정하는 경우에는 별동 으로 건립할 수 있다.",,본문,LAW1-P047-LIST-0795,자동 추출,
LAW1-3_5_9,LAW1,,제3장 안심주택 (서울형 공유주택),제5절 건축 및 주차계획 등,3-5-9,,48,48,"3-5-9. 개인공간 계획 시 형태와 수용인원 구분 없이 다음 항목을 의무적으로 설치 하여야 하며, 공공임대주택에 설치하는 냉장고, 에어컨의 설치비용을 공공임 대주택 매입 계약금액에 실비로 반영하여 정산할 수 있다.","3-5-9. 개인공간 계획 시 형태와 수용인원 구분 없이 다음 항목을 의무적으로 설치 하여야 하며, 공공임대주택에 설치하는 냉장고, 에어컨의 설치비용을 공공임 대주택 매입 계약금액에 실비로 반영하여 정산할 수 있다.",,기준,LAW1-P048-LIST-0796,자동 추출,
LAW1-3_5_10,LAW1,,제3장 안심주택 (서울형 공유주택),제5절 건축 및 주차계획 등,3-5-10,,48,48,"3-5-10. 발코니를 설치하는 경우 다음의 용도 및 규모 기준을 준수한다.
가. 발코니의 용도 : 발코니 확장시 「건축법 시행령」 제2조 제14호에 따른 용 도(거실 ・ 침실 ・ 창고 등) 기준을 준용하여 계획하며, 설비 ・ 배관 등이 들어가 는 유사 용도의 평면계획을 지양한다.
나. 발코니 확장 이전의 거실 폭원 : 발코니 확장 전 거실의 유효폭(안목)은 2.2m 이상으로 계획한다.","3-5-10. 발코니를 설치하는 경우 다음의 용도 및 규모 기준을 준수한다. 가. 발코니의 용도 : 발코니 확장시 「건축법 시행령」 제2조 제14호에 따른 용 도(거실 ・ 침실 ・ 창고 등) 기준을 준용하여 계획하며, 설비 ・ 배관 등이 들어가 는 유사 용도의 평면계획을 지양한다. 나. 발코니 확장 이전의 거실 폭원 : 발코니 확장 전 거실의 유효폭(안목)은 2.2m 이상으로 계획한다.",,기준,"LAW1-P048-LIST-0796,LAW1-P048-LIST-0797",자동 추출,
LAW1-3_5_11,LAW1,,제3장 안심주택 (서울형 공유주택),제5절 건축 및 주차계획 등,3-5-11,,48,48,3-5-11. 진입도로 최소폭원은 다음의 기준에 따른다.,3-5-11. 진입도로 최소폭원은 다음의 기준에 따른다.,,기준,LAW1-P048-LIST-0798,자동 추출,
LAW1-3_5_12,LAW1,,제3장 안심주택 (서울형 공유주택),제5절 건축 및 주차계획 등,3-5-12,,48,49,"3-5-12. 서울형 공유주택 건립 시 다음 각 목의 기준에 따라 계획 주차대수의 10 분의 3~10분의 5 이상을 자주식 주차장으로 설치하여야 하고, 주차장 진출 입을 위한 경사로를 설치하여야 한다. 다만, 사업대상지 면적, 사업여건 등을 감안하여 위원회가 특별히 인정하는 경우 자주식 주차장 비율과 진출입 방법 에 대해 조정할 수 있다.
가. 자주식 주차장 비율
1) 대상지 면적 2,000㎡
미만 : 계획 주차대수의 10분의 3 이상 설치
2) 대상지 면적 2,000㎡ 이상 : 계획 주차대수의 10분의 5 이상 설치
나. 주차장 진출입 방법
1) 대상지 면적 2,000㎡
미만 : 승강시설(카리프트)
트 ) 허 용
3) 대상지 면적 3,000㎡ 이상 : 경사로 설치
사업면적(A,㎡) 의무 면적에 | 의무 자주식 주차비율(R,%) | 비 고
1,000㎡~2,000㎡  | 면적에 따라 30%~50% 의무 비율 비례        | 승강시설(카리프트) 허용
2,000㎡~3,000㎡ | 50% | 경사로 또는 위원회 인정시 승강시설(카리프트) 허용
3,000㎡ 이상 | 50% | 경사로","3-5-12. 서울형 공유주택 건립 시 다음 각 목의 기준에 따라 계획 주차대수의 10 분의 3~10분의 5 이상을 자주식 주차장으로 설치하여야 하고, 주차장 진출 입을 위한 경사로를 설치하여야 한다. 다만, 사업대상지 면적, 사업여건 등을 감안하여 위원회가 특별히 인정하는 경우 자주식 주차장 비율과 진출입 방법 에 대해 조정할 수 있다. 가. 자주식 주차장 비율 1) 대상지 면적 2,000㎡ 미만 : 계획 주차대수의 10분의 3 이상 설치 2) 대상지 면적 2,000㎡ 이상 : 계획 주차대수의 10분의 5 이상 설치 나. 주차장 진출입 방법 1) 대상지 면적 2,000㎡ 미만 : 승강시설(카리프트) 트 ) 허 용 3) 대상지 면적 3,000㎡ 이상 : 경사로 설치 사업면적(A,㎡) 의무 면적에 | 의무 자주식 주차비율(R,%) | 비 고 1,000㎡~2,000㎡  | 면적에 따라 30%~50% 의무 비율 비례        | 승강시설(카리프트) 허용 2,000㎡~3,000㎡ | 50% | 경사로 또는 위원회 인정시 승강시설(카리프트) 허용 3,000㎡ 이상 | 50% | 경사로",,표/도식 포함,"LAW1-P048-LIST-0798,LAW1-E2602,LAW1-E2603,LAW1-E2604,LAW1-E2605,LAW1-E2606,LAW1-E2607,LAW1-E2608,LAW1-E2609,LAW1-E2611,LAW1-E2612",자동 추출,
LAW1-3_5_13,LAW1,,제3장 안심주택 (서울형 공유주택),제5절 건축 및 주차계획 등,3-5-13,,49,49,3-5-13. 이외 건축설계 사항은 [붙임7] 공유주택 건축설계기준을 따른다.,3-5-13. 이외 건축설계 사항은 [붙임7] 공유주택 건축설계기준을 따른다.,,기준,LAW1-E2613,자동 추출,
LAW1-3_6_1,LAW1,,제3장 안심주택 (서울형 공유주택),제6절 규모별 공급면적 및 입주대상자,3-6-1,,49,49,"3-6-1. 개인공간의 면적은 다음과 같다.
가. 1인실 최소 규모 전용면적 기준 12㎡ 이상(욕실 최소 2.5㎡ 이상 포함)
나. 2인실 21㎡ 이상",3-6-1. 개인공간의 면적은 다음과 같다. 가. 1인실 최소 규모 전용면적 기준 12㎡ 이상(욕실 최소 2.5㎡ 이상 포함) 나. 2인실 21㎡ 이상,,기준,"LAW1-E2615,LAW1-P049-LIST-0812",자동 추출,
LAW1-3_6_2,LAW1,,제3장 안심주택 (서울형 공유주택),제6절 규모별 공급면적 및 입주대상자,3-6-2,,49,49,"3-6-2. 안심주택 조례 제17조에 따른 임차인 자격 중 공공임대주택의 임차인 및 선 정기준에 관해서는 관계법규에 따라 다음의 기준에 따라 공급할 수 있다.
가. 공공임대주택의 30% 이내에서 주택이 위치한 지역의 자치구가 추천하는 주 거불안정 계층에게 우선 공급할 수 있다. 이 경우 소득 및 자산 기준 등 입주 자격은 관계법령에 적합하여야 한다.
나. 입주 후 본인 또는 타인 명의의 차량을 소유 또는 운행하고자 하는 경우에는 차량 가액이 해당 시점의 ‘공공주택 입주자 소득·자산기준’ 이하여야 함",3-6-2. 안심주택 조례 제17조에 따른 임차인 자격 중 공공임대주택의 임차인 및 선 정기준에 관해서는 관계법규에 따라 다음의 기준에 따라 공급할 수 있다. 가. 공공임대주택의 30% 이내에서 주택이 위치한 지역의 자치구가 추천하는 주 거불안정 계층에게 우선 공급할 수 있다. 이 경우 소득 및 자산 기준 등 입주 자격은 관계법령에 적합하여야 한다. 나. 입주 후 본인 또는 타인 명의의 차량을 소유 또는 운행하고자 하는 경우에는 차량 가액이 해당 시점의 ‘공공주택 입주자 소득·자산기준’ 이하여야 함,,기준,"LAW1-E2618,LAW1-P049-LIST-0814",자동 추출,
LAW1-3_6_3,LAW1,,제3장 안심주택 (서울형 공유주택),제6절 규모별 공급면적 및 입주대상자,3-6-3,,49,51,"3-6-3. 서울형 공유주택의 부설주차장에 대한 주차공간 배분 및 운영 원칙은 다음 과 같다. 다만, 지역 여건 및 실제 운영상황에 따라 입주자와 임대사업자가 협의하여 탄력적으로 운영할 수 있다.
가. 필수(입주자 등) 및 활용(외부개방 등) 배분에 따라 부설주차장을 이용하여 야 함
나. 부설주차장의 공간적 배분 및 배정원칙
구 분 | 비율(%) 예시 | 설정 기준
합계 | 100 | 
필수 주차공간 | 소계 | 15 | 
장애인, 국가유공자 | 3 | 법정 기준
비주거(상가등) | 12 | 법정 기준
활용가능 주차공간 | 소계 | 85 | 
거주자우선주차 | 10 | 자치구 수요조사 반영
나눔카 | - | 필요시 외부개방 주차공간 일부 활용
일반입주자 및 외부개방 | 75 | 
2) 배정원칙: 순위별 배정을 기본으로 하되 1순위 장애인, 국가유공자용을 제 외한 대상자별 배정 물량, 주차요금은 단지별 상황에 따라 입주자와 임대사 업자가 협의 결정할 수 있음
구분 | 1순위 | 2순위(25% | 이하) | 3순위 | 그 외
대상 | 입주자 필수 (장애인·국가유공자) | 거주자우선주차 | 나눔카 | 입주자 일반 | 외부인 (인근 거주자 등 )
주차요금 | 공영주차장 요금 | 공영주차장 요금 | 협의 요금 | 민영주차장 요금
70% | 100%
다. 부설주차장 수익은 전액 입주자 관리비 절감을 전제로 하며, 1순위 주차요금 징수 여부는 입주자 협의를 통해 결정, 거주자 우선주차 금액 수준 이내(장애 인, 국가유공자 50%)로 권장
라. 운영위원회의 자문을 거쳐 결정된 부설주차장의 운영계획은 협약서 및 입주 자 모집공고 내용에 포함하여야 한다.
징수 수입
필수 주차(입주자) 거주자 우선주차 나눔카 일반 입주자 , 외부개방 주차
지출 비용
입주자 관리비 인하
일반관리비, 인건비, 운영비(보험등), 감가상각, 임대사업자 운영, 관리비용
=
임차인 대표회의 사업시행자 등 이 해관계인 협의(협약) 통해 사용
1) 부설주차장 개방에 따른 수입과 지출에 대한 금액을 매월 임차인 관리비 고 지서에 명기하여야 함
거주자우선주차(나눔카) 등 수요 | 사업시행자
↓ | 
부설주차장 관리 세부계획 수립 및 운영자문위원회 (입주자 및 외부 개방 주차장 계획 | 서울시
↓ | 
협약서 체결 | 서울시, 사업시행자
↓ | 
관련 업체와 자치단체장 협의(계약) | 후 운영 사업시행자","3-6-3. 서울형 공유주택의 부설주차장에 대한 주차공간 배분 및 운영 원칙은 다음 과 같다. 다만, 지역 여건 및 실제 운영상황에 따라 입주자와 임대사업자가 협의하여 탄력적으로 운영할 수 있다. 가. 필수(입주자 등) 및 활용(외부개방 등) 배분에 따라 부설주차장을 이용하여 야 함 나. 부설주차장의 공간적 배분 및 배정원칙 구 분 | 비율(%) 예시 | 설정 기준 합계 | 100 | 필수 주차공간 | 소계 | 15 | 장애인, 국가유공자 | 3 | 법정 기준 비주거(상가등) | 12 | 법정 기준 활용가능 주차공간 | 소계 | 85 | 거주자우선주차 | 10 | 자치구 수요조사 반영 나눔카 | - | 필요시 외부개방 주차공간 일부 활용 일반입주자 및 외부개방 | 75 | 2) 배정원칙: 순위별 배정을 기본으로 하되 1순위 장애인, 국가유공자용을 제 외한 대상자별 배정 물량, 주차요금은 단지별 상황에 따라 입주자와 임대사 업자가 협의 결정할 수 있음 구분 | 1순위 | 2순위(25% | 이하) | 3순위 | 그 외 대상 | 입주자 필수 (장애인·국가유공자) | 거주자우선주차 | 나눔카 | 입주자 일반 | 외부인 (인근 거주자 등 ) 주차요금 | 공영주차장 요금 | 공영주차장 요금 | 협의 요금 | 민영주차장 요금 70% | 100% 다. 부설주차장 수익은 전액 입주자 관리비 절감을 전제로 하며, 1순위 주차요금 징수 여부는 입주자 협의를 통해 결정, 거주자 우선주차 금액 수준 이내(장애 인, 국가유공자 50%)로 권장 라. 운영위원회의 자문을 거쳐 결정된 부설주차장의 운영계획은 협약서 및 입주 자 모집공고 내용에 포함하여야 한다. 징수 수입 필수 주차(입주자) 거주자 우선주차 나눔카 일반 입주자 , 외부개방 주차 지출 비용 입주자 관리비 인하 일반관리비, 인건비, 운영비(보험등), 감가상각, 임대사업자 운영, 관리비용 = 임차인 대표회의 사업시행자 등 이 해관계인 협의(협약) 통해 사용 1) 부설주차장 개방에 따른 수입과 지출에 대한 금액을 매월 임차인 관리비 고 지서에 명기하여야 함 거주자우선주차(나눔카) 등 수요 | 사업시행자 ↓ | 부설주차장 관리 세부계획 수립 및 운영자문위원회 (입주자 및 외부 개방 주차장 계획 | 서울시 ↓ | 협약서 체결 | 서울시, 사업시행자 ↓ | 관련 업체와 자치단체장 협의(계약) | 후 운영 사업시행자",,표/도식 포함,"LAW1-E2621,LAW1-P049-LIST-0816,LAW1-E2625,LAW1-E2626,LAW1-E2627,LAW1-P050-LIST-0820,LAW1-E2630,LAW1-E2633,LAW1-E2631,LAW1-E2632,LAW1-E2634,LAW1-E2635,LAW1-E2636,LAW1-E2637,LAW1-E3644",자동 추출,
LAW1-3_6_4,LAW1,,제3장 안심주택 (서울형 공유주택),제6절 규모별 공급면적 및 입주대상자,3-6-4,,51,51,"3-6-4. 공유공간 중 특화공간을 제외한 기본생활공간, 지원생활공간, 커뮤니티공간 은 기본 서비스를 제공하여야 한다.","3-6-4. 공유공간 중 특화공간을 제외한 기본생활공간, 지원생활공간, 커뮤니티공간 은 기본 서비스를 제공하여야 한다.",,기준,LAW1-E3645,자동 추출,
LAW1-3_7_1,LAW1,,제3장 안심주택 (서울형 공유주택),제7절 임대주택의 매입 및 공급,3-7-1,,51,51,"3-7-1. 공공기여하는 공공임대주택의 매입가격은 「공공주택 특별법」 제50조의3 제1항에 따른 공공건설임대주택의 분양전환가격 산정기준에서 정하는 건축비 로 하고, 그 부속토지는 시장에게 기부채납한 것으로 본다.","3-7-1. 공공기여하는 공공임대주택의 매입가격은 「공공주택 특별법」 제50조의3 제1항에 따른 공공건설임대주택의 분양전환가격 산정기준에서 정하는 건축비 로 하고, 그 부속토지는 시장에게 기부채납한 것으로 본다.",,기준,LAW1-P051-LIST-0832,자동 추출,
LAW1-3_7_2,LAW1,,제3장 안심주택 (서울형 공유주택),제7절 임대주택의 매입 및 공급,3-7-2,,51,51,3-7-2. 공공임대주택은 사업시행자가 표준협약서를 체결하기 이전에 서울시에 매입 신청하여야 한다. 협약 체결 담당공무원은 공공임대주택 매입신청 여부를 확 인 후 협약 추진하여야 한다.,3-7-2. 공공임대주택은 사업시행자가 표준협약서를 체결하기 이전에 서울시에 매입 신청하여야 한다. 협약 체결 담당공무원은 공공임대주택 매입신청 여부를 확 인 후 협약 추진하여야 한다.,,기준,LAW1-P051-LIST-0832,자동 추출,
LAW1-4_1_1,LAW1,,제4장 안심주택 (복합주택),제1절 사업대상지,4-1-1,,51,52,"4-1-1. 복합주택의 사업대상지는 1-3-1 가목의 “역세권” 또는 나목의 “간선도로변” 또는 1-3-2의 “의료시설 중심지역” 중 하나로 한다. 이 경우 의료시설 중심 지역은 분양주택을 제외한 임대주택을 어르신에게 100% 공급하는 안심주택 과 시니어용 서울형 공유주택을 복합하는 경우에만 적용한다.
구 분 | (복합주택)
임차인 자격 | 청년, 신혼부부, 어르신(고령자), 1인가구
공급방식 | 임대 + 분양
분양주택 | 입주대상 공급비율에 따라 결정 (신혼 최대 30%, 어르신 최대 30%)
사업대상지 | 역세권250m (심 의시350m )또는 간선도로변50m이내 또는 의료시설 중심지역 350m 이내 ※ 의료시설 중심지역은 어르신에게 임대주택 100% 공급하는 안심주택과 시니어용 서울형 공유주택을 복 합하는 경우만 적용","4-1-1. 복합주택의 사업대상지는 1-3-1 가목의 “역세권” 또는 나목의 “간선도로변” 또는 1-3-2의 “의료시설 중심지역” 중 하나로 한다. 이 경우 의료시설 중심 지역은 분양주택을 제외한 임대주택을 어르신에게 100% 공급하는 안심주택 과 시니어용 서울형 공유주택을 복합하는 경우에만 적용한다. 구 분 | (복합주택) 임차인 자격 | 청년, 신혼부부, 어르신(고령자), 1인가구 공급방식 | 임대 + 분양 분양주택 | 입주대상 공급비율에 따라 결정 (신혼 최대 30%, 어르신 최대 30%) 사업대상지 | 역세권250m (심 의시350m )또는 간선도로변50m이내 또는 의료시설 중심지역 350m 이내 ※ 의료시설 중심지역은 어르신에게 임대주택 100% 공급하는 안심주택과 시니어용 서울형 공유주택을 복 합하는 경우만 적용",,표/도식 포함,"LAW1-E3651,LAW1-E3652",자동 추출,
LAW1-4_1_2,LAW1,,제4장 안심주택 (복합주택),제1절 사업대상지,4-1-2,,52,52,"4-1-2. 사업대상지의 최소 면적 기준은 1,000㎡로 한다. 다만, 분양주택을 제외한 임대주택을 어르신에게 100% 공급하는 안심주택과 시니어용 서울형 공유주 택을 복합하는 경우, 자연녹지지역(개발제한구역 제외), 제1종일반주거지역은 4-1-1의 사업대상지 조건과 상관없이 최소 면적 기준을 5,000㎡로 한다.","4-1-2. 사업대상지의 최소 면적 기준은 1,000㎡로 한다. 다만, 분양주택을 제외한 임대주택을 어르신에게 100% 공급하는 안심주택과 시니어용 서울형 공유주 택을 복합하는 경우, 자연녹지지역(개발제한구역 제외), 제1종일반주거지역은 4-1-1의 사업대상지 조건과 상관없이 최소 면적 기준을 5,000㎡로 한다.",,기준,LAW1-P052-LIST-0837,자동 추출,
LAW1-4_1_3,LAW1,,제4장 안심주택 (복합주택),제1절 사업대상지,4-1-3,,52,52,"4-1-3. 복합주택(안심주택 조례 제5조 제1항을 따른다)에서 ‘시장이 정하는 지역’이 란 제1종일반주거지역, 제2종일반주거지역, 제3종일반주거지역, 준주거지역 을 말하며, 다음 각 목에 적합한 경우 사업대상지로 한다.
가. 제2종일반주거지역 및 제3종일반주거지역은 준주거지역 이상으로 용도지역 변경이 있는 경우
나. 자연녹지지역, 제1종일반주거지역은 제2종일반주거지역으로 용도지역 변경이 있는 경우(분양주택을 제외한 임대주택을 어르신에게 100% 공급하는 안심주 택과 시니어용 서울형 공유주택을 복합하는 경우만 적용)
다. 제1종일반주거지역은 제3종일반주거지역 또는 준주거지역으로 용도지역 변경 이 있는 경우(사업대상지가 국·공유지를 장기 임차하는 등의 특별한 경우로 분양을 제외한 임대주택을 청년·어르신·신혼부부 일부 또는 모두를 입주대상으 로 하는 안심주택과 서울형 공유주택을 복합하고, 관련 위원회에서 용도지역 상향이 가능하다고 판단하는 경우만 적용)","4-1-3. 복합주택(안심주택 조례 제5조 제1항을 따른다)에서 ‘시장이 정하는 지역’이 란 제1종일반주거지역, 제2종일반주거지역, 제3종일반주거지역, 준주거지역 을 말하며, 다음 각 목에 적합한 경우 사업대상지로 한다. 가. 제2종일반주거지역 및 제3종일반주거지역은 준주거지역 이상으로 용도지역 변경이 있는 경우 나. 자연녹지지역, 제1종일반주거지역은 제2종일반주거지역으로 용도지역 변경이 있는 경우(분양주택을 제외한 임대주택을 어르신에게 100% 공급하는 안심주 택과 시니어용 서울형 공유주택을 복합하는 경우만 적용) 다. 제1종일반주거지역은 제3종일반주거지역 또는 준주거지역으로 용도지역 변경 이 있는 경우(사업대상지가 국·공유지를 장기 임차하는 등의 특별한 경우로 분양을 제외한 임대주택을 청년·어르신·신혼부부 일부 또는 모두를 입주대상으 로 하는 안심주택과 서울형 공유주택을 복합하고, 관련 위원회에서 용도지역 상향이 가능하다고 판단하는 경우만 적용)",,기준,"LAW1-P052-LIST-0837,LAW1-P052-LIST-0838",자동 추출,
LAW1-4_1_4,LAW1,,제4장 안심주택 (복합주택),제1절 사업대상지,4-1-4,,52,52,4-1-4. 사업대상지가 「도시계획 조례」에 따른 서울도심 기본계획의 범역 내에 위 치할 경우에는 “서울도심 기본계획”의 범위 내에서 용도지역의 변경 없이 율 곡로·사직로 북측과 퇴계로 남측지역을 제외한 일반상업지역에서 복합주택 사업을 추진할 수 있다.,4-1-4. 사업대상지가 「도시계획 조례」에 따른 서울도심 기본계획의 범역 내에 위 치할 경우에는 “서울도심 기본계획”의 범위 내에서 용도지역의 변경 없이 율 곡로·사직로 북측과 퇴계로 남측지역을 제외한 일반상업지역에서 복합주택 사업을 추진할 수 있다.,,본문,LAW1-P052-LIST-0839,자동 추출,
LAW1-4_1_5,LAW1,,제4장 안심주택 (복합주택),제1절 사업대상지,4-1-5,,52,52,4-1-5. 시장은 특정 역세권 또는 자치구에 복합주택이 과도하게 밀집하는 경우 지 역 균형발전과 복합주택의 균형공급을 위해 추가적인 사업을 제한할 수 있다.,4-1-5. 시장은 특정 역세권 또는 자치구에 복합주택이 과도하게 밀집하는 경우 지 역 균형발전과 복합주택의 균형공급을 위해 추가적인 사업을 제한할 수 있다.,,본문,LAW1-P052-LIST-0839,자동 추출,
LAW1-4_2_1,LAW1,,제4장 안심주택 (복합주택),제2절 사업의 유형,4-2-1,,53,53,4-2-1. 복합주택은 「건축법」에 따른 건축과 「주택법」에 따른 주택건설사업으로 공급한다.,4-2-1. 복합주택은 「건축법」에 따른 건축과 「주택법」에 따른 주택건설사업으로 공급한다.,,본문,LAW1-P053-LIST-0841,자동 추출,
LAW1-4_2_2,LAW1,,제4장 안심주택 (복합주택),제2절 사업의 유형,4-2-2,,53,53,"4-2-2. 복합주택 중 안심주택의 사업방식 및 공급비율은 2-2-2를 따르며, 서울형 공유주택의 공급비율은 3-2-2를 따른다.","4-2-2. 복합주택 중 안심주택의 사업방식 및 공급비율은 2-2-2를 따르며, 서울형 공유주택의 공급비율은 3-2-2를 따른다.",,기준,LAW1-P053-LIST-0841,자동 추출,
LAW1-4_2_3,LAW1,,제4장 안심주택 (복합주택),제2절 사업의 유형,4-2-3,,53,53,"4-2-3. 시장은 안심주택 조례 제20조에 따라 복합주택의 품질 향상과 사업의 원활 한 추진을 위하여 “통합심의위원회 사전자문”, “전문가 디자인 자문” 등을 운 영할 수 있다.
가. “통합심의위원회 사전자문”은 촉진지구 지정 대상 사업에 대하여 도시계획, 건 축계획, 교통계획 등 관련 사항을 자문하며 자문 후 2년 이내에 안심주택 조례 제7조에 따른 사업계획을 접수하지 않는 경우는 자문의 효력을 상실한다.
나. “전문가 디자인 자문”은 “서울시 공공건축가”, “서울시 청신호 건축가” 등 시 가 지정하는 전문가가 하되, 별도 운영 또는 사전자문시 관계전문가 참여방식 으로 할 수 있다.","4-2-3. 시장은 안심주택 조례 제20조에 따라 복합주택의 품질 향상과 사업의 원활 한 추진을 위하여 “통합심의위원회 사전자문”, “전문가 디자인 자문” 등을 운 영할 수 있다. 가. “통합심의위원회 사전자문”은 촉진지구 지정 대상 사업에 대하여 도시계획, 건 축계획, 교통계획 등 관련 사항을 자문하며 자문 후 2년 이내에 안심주택 조례 제7조에 따른 사업계획을 접수하지 않는 경우는 자문의 효력을 상실한다. 나. “전문가 디자인 자문”은 “서울시 공공건축가”, “서울시 청신호 건축가” 등 시 가 지정하는 전문가가 하되, 별도 운영 또는 사전자문시 관계전문가 참여방식 으로 할 수 있다.",,본문,"LAW1-P053-LIST-0841,LAW1-P053-LIST-0842",자동 추출,
LAW1-4_2_4,LAW1,,제4장 안심주택 (복합주택),제2절 사업의 유형,4-2-4,,53,53,"4-2-4. 안심주택 조례 제9조에 따른 사업계획의 결정절차는 다음과 같다.
가. 결정절차
사업제안서
통합심의위원회
주민열람공고
사업계획서접수
접수 및 검토
사전자문
관계부서 협의
서울시
서울시
서울시
서울시 자치구
착공 및 사용승인
통합심의위원회
지구계획승인 및 고시
심의
서울시
자치구
서울시
※ 통합심의위원회 사전자문 및 심의시 자치구 참석",4-2-4. 안심주택 조례 제9조에 따른 사업계획의 결정절차는 다음과 같다. 가. 결정절차 사업제안서 통합심의위원회 주민열람공고 사업계획서접수 접수 및 검토 사전자문 관계부서 협의 서울시 서울시 서울시 서울시 자치구 착공 및 사용승인 통합심의위원회 지구계획승인 및 고시 심의 서울시 자치구 서울시 ※ 통합심의위원회 사전자문 및 심의시 자치구 참석,,표/도식 포함,"LAW1-E3666,LAW1-E3667,LAW1-E3668,LAW1-E3669,LAW1-E3670,LAW1-E3671,LAW1-E3672,LAW1-E3673,LAW1-E3674,LAW1-E3675,LAW1-E3676,LAW1-E3677,LAW1-E3678,LAW1-E3679,LAW1-E3680,LAW1-E3681,LAW1-E3682,LAW1-E3683,LAW1-E3685,LAW1-E3684,LAW1-E3686,LAW1-E3687",자동 추출,
LAW1-4_3_1,LAW1,,제4장 안심주택 (복합주택),제3절 사업계획 수립 기준,4-3-1,,53,58,"4-3-1. 복합주택(안심주택 조례 제7조 제3항을 따른다)의 용도지역 변경 기준은 다 음과 같으며 구체적인 사항은 라목의 사례별 기준을 따른다.
가. 현재 용도지역 기준
※ 어르신에게 임대주택을 100% 공급하는 안심주택과 시니어용 서울형 공유주택을 복합 하는 경우만 적용
2) 준주거지역으로 변경 : 제2종·제3종일반주거지역
3) 일반 또는 근린상업지역으로 변경 : 제2종·제3종일반주거지역, 준주거지역 나. 인접 및 도로 기준
1) 준주거지역이나 일반 또는 근린상업지역에 바로 접하고 있어야 한다.
2) 준주거지역이나 일반 또는 근린상업지역과 폭 20m 이하의 도로를 사이에 두고 접하고 있어야 한다.
3) 20m 이상의 간선도로에 접하고 있어야 한다.
[인접 및 도로기준(예시)]
용도지역 변경 가능 대상지 범위
2)
2)
2)
2)
2)
2)
2)
20m 이하
상업지역
3)
3)
3)
1),3)
2),3)
3)
3)
3)
3)
20m 이상 간선도로
승강장 또는 의료시설
20m 이상 간선도로
[인접 사례(예시)]
상업지역에 20m 이하의 도로를 사이에 인접에 해당
두고
고
접
함:
인
접
에 해당
20m 이상의 간선도로에 접 함
다. 사업대상지 인정 기준
중교통 또는 의료시설 중심지역에 포함되지 않아 관련위원회의 심의를 통해 사업대상지로 인정받은 경우 추가 공공기여를 제공하여야 한다. 다만, 이 경 우 적용되는 역세권 및 의료시설 중심지역 범위는 승강장 경계로부터 250m 이내와 의료시설 대상부지 경계로부터 350m 이내를 말한 다.(1-3-1 가목을 인정받는 경우 승강장 경계로부터 350m 이내로 적용) 가) 검토 대상지 및 사업대상지 인정 시 추가 공공기여 기준
(1) 검토 대상지: 사업대상지 면적 중 대중교통 또는 의료시설 중심지역 내 면적이 50% 미만인 경우
(2) 추가 공공기여: 전체 사업면적의 절반에서 대중교통 또는 의료시설 중심지역내 포함된 면적을 제외한 면적의 비율을 고려하여 산정 ※ 공공기여 대상 면적(예시)
0%
50%
100%(사업예정지 면적 비율)
역세권등
추가 공공기여대상
內 면적
역세권 : 250m 이내
역세권 : 250m 밖 간선도로변 : 50m
간선도로변 : 50m 이내
간선도로변 : 50m 밖
의료시설 중심지역 : 350m 이내
의료시설 중심지역 : 350m 밖
(3) 추가 공공기여량 산정방식
(가) 추가 공공기여 대상면적(㎡)
=(전체 사업대상지 면적)×0.5-(대중교통 또는 의료시설 중심지 역내 면적)
(나) 추가 공공기여량(㎡)
=(추가공공기여대상면적)×(추가공공기여율)×(조정계수)
(4) 추가 공공기여율
대상면적 용도 비율 | 0~10%미만 | 10~20%미만 | 20~30%미만 | 30~40%미만 | 40~50%미만
지역계획 용도지역 유지 | 2% | 4% | 6% | 8% | 10%
준주거지역 변경 | 3% | 6% | 9% | 12% | 15%
상업지역 변경 | 5% | 10% | 15% | 20% | 25%
※ 추가 공공기여 대상면적 비율(%): 추가공공기여 대상면적/사업 예정지 면적×100
× 100
(5) 조정계수 : 다음 사항들을 고려하여 위원회 심의를 통해 결정 (가) 사업예정지 형상과 도로, 철도, 하천 등 주변 지형지물 현황에
따른 보행 접근성
(나) 용도지역 및 경관상 주변지역과의 조화(높이, 건축물 디자인 등)
(다) 공공기여 내용의 공공성 확보 여부
(라) 커뮤니티시설의 공간적·기능적 품질 등을 종합적으로 심의하여 적합한 경우 0.5~1.0의 계수 중 위원회 심의를 통해 적용
2) 사업대상지 인정을 위한 요건은 다음과 같다.
가) 사업시행자가 공공기여 내용(공공임대주택, 기반시설) 제안
나) 공공기여는 공공임대주택 공급, 입주자들을 위한 공공시설 우선 검토
다) 본 기준에 따른 추가 공공기여량은 추가적인 상한 용적률을 제공하지
않음
라) 계획이 기준에 부합하더라도 위원회 심의를 통해 사업예정지가 복합주 택 건립 장소로 부적합하다고 판단되는 경우 사업대상지로 인정되지 않 을 수 있음
라. 사례별 기준
1) 준주거지역으로 변경
가) 사업대상지가 제2종·제3종일반주거지역(사업대상지에 준주거지역 또는
상업지역이 함께 포함된 경우 포함(이하 동일), 나)목도 동일하게 적용) 이고, 준주거지역, 일반 또는 근린상업지역에 인접하는 경우(4-3-1 나 목의 인접 및 도로기준 1)~2)을 만족)에는 준주거지역으로 용도지역을 세분 변경할 수 있다.
나) 사업대상지가 제2종·제3종일반주거지역이고, 폭 20m 이상 간선도로변 에 접해있는 경우에는 준주거지역으로 용도지역을 세분 변경 할 수 있 다. 다만, 부지 이면부에 차량 진출입을 위한 적절한 교통처리계획을 우 선적으로 검토하여야 한다.
다) 사업대상지가 제2종·제3종일반주거지역이고, 준주거지역 또는 상업지역 이 있는 역세권이거나 중심지(도심, 광역, 지역, 지구중심) 역세권(준주 거, 상업지역이 없는 경우 포함)에 위치한 경우, 관련위원회 심의를 거쳐 준주거지역으로 용도지역을 세분 변경할 수 있다.
라) 사업대상지가 제2종·제3종일반주거지역이고, 부지면적이 2,000㎡ 이상 일 때는 준주거지역 또는 상업지역이 인접하지 않은 경우라도 관련위원회
심의에서 인정하는 경우 준주거지역으로 용도지역을 세분 변경할 수 있다.
2) 일반 또는 근린상업지역으로 변경
가) 사업대상지가 제2종·제3종일반주거지역 또는 준주거지역(사업대상지에 상업지역이 함께 포함된 경우 포함(이하 동일))이고, 일반 또는 근린상 업지역에 인접하는 경우(인접 및 도로 기준 1)~2))에는 일반 또는 근 린상업지역으로 용도지역을 변경할 수 있다.
나) 사업대상지가 노선상업지역을 포함하는 제2종·제3종일반주거지역 또는 준주거지역이고, 전체 사업면적 중 노선상업지역이 20% 이상인 경우에 일반상업지역으로 용도지역을 변경할 수 있다. 다만, 부지면적이 2,000 ㎡ 이상인 경우와 관련 위원회의 자문을 통해 입지여건의 적정성 등이 인정되는 경우에는 노선상업지역이 20% 미만이더라도 일반상업지역으 로 변경할 수 있다.
다) 사업대상지가 제2종·제3종일반주거지역 또는 준주거지역이고, 일반 또 는 근린상업지역(노선상업지역 제외)이 있는 역세권의 폭 20m 이상의 간선도로변에 접해있는 경우에는 일반 또는 근린상업지역으로 용도지역 을 변경할 수 있다.
라) 사업대상지가 제2종일반주거지역으로서 (사업대상지에 준주거지역 또는 제3종일반주거지역이 함께 포함된 경우 포함) 일반 또는 근린상업지역에 바로 접하고 관련 위원회의 자문을 통해 입지여건의 적정성 등이 인정되 는 경우에는 일반 또는 근린상업지역으로 용도지역을 변경할 수 있다.
마) 사업대상지가 근린상업지역으로서 4-3-1 나목의 인접 및 도로기준 3) 을 만족하는 경우, 일반상업지역으로 용도지역을 변경할 수 있다.
※ 중심지체계에 따른 일반 또는 근린상업지역 변경(가), 다), 라), 마)목의 경우 적용)
해당 역세권이 ‘2040 서울도시기본계획’ 상 중심지체계(도심, 광역, 지역, 지구중심) 에 해당하는 경우
· 해당 역세권에 일반상업지역이 있는 경우는 일반상업지역으로 변경 검토
· 해당 역세권에 일반상업지역에 해당하지 않는 경우는 근린상업지역으로 변경 검토
· 사업대상지 이면부에 차량 진출입을 위한 적절한 교통처리계획을 우선적으로 검토
※ 용도지역 변경 기준표(요약정리)
용도지역 변경 전 준주거지역, | 변경 기준(인접 및 도로 기준) | 용도지역 변경 후
제2 · 3종일반주거지역 | 이하의 도로를 사이에 두고 접한 경우 폭 20m 이상 간선도로변 | 준주거지역
일반(근린)상업지역이 있는 역세권등 * 관련위원회가 인정하는 경우
2,000 ㎡ 이상으로서 관련위원회가 인정하는 경우
또는 근린상업지역과 직접 접하거나 20m 이하의 도로를 사이에 두고 접한
제2·3종일반주거지역, 준주거지역 | 노선상업지역 20% 이상 (관련 위원회가 인정시 예외 적용) | 일반상업지역
제2·3종일반주거지역, 준주거지역 일반 | 또는 근린상업지역이 있는 역세권등 * , 폭 20m 이상 간선도로변 | 일반 혹은 근린상업지역
제2종일반주거지역 | 일반 또는 근린상업지역과 직접 (관련 위원회 자문 통해 인정) | 일반 혹은 근린상업지역
근린상업지역 중심지 | 역세권등 * 의 폭 20m 이상 간선도로변 | 일반상업지역
* 역세권등 : 역세권 또는 의료시설 중심지역
※ 진입도로, 도로의 판단 기준은 주택법 또는 건축법 기준 적용","4-3-1. 복합주택(안심주택 조례 제7조 제3항을 따른다)의 용도지역 변경 기준은 다 음과 같으며 구체적인 사항은 라목의 사례별 기준을 따른다. 가. 현재 용도지역 기준 ※ 어르신에게 임대주택을 100% 공급하는 안심주택과 시니어용 서울형 공유주택을 복합 하는 경우만 적용 2) 준주거지역으로 변경 : 제2종·제3종일반주거지역 3) 일반 또는 근린상업지역으로 변경 : 제2종·제3종일반주거지역, 준주거지역 나. 인접 및 도로 기준 1) 준주거지역이나 일반 또는 근린상업지역에 바로 접하고 있어야 한다. 2) 준주거지역이나 일반 또는 근린상업지역과 폭 20m 이하의 도로를 사이에 두고 접하고 있어야 한다. 3) 20m 이상의 간선도로에 접하고 있어야 한다. [인접 및 도로기준(예시)] 용도지역 변경 가능 대상지 범위 2) 2) 2) 2) 2) 2) 2) 20m 이하 상업지역 3) 3) 3) 1),3) 2),3) 3) 3) 3) 3) 20m 이상 간선도로 승강장 또는 의료시설 20m 이상 간선도로 [인접 사례(예시)] 상업지역에 20m 이하의 도로를 사이에 인접에 해당 두고 고 접 함: 인 접 에 해당 20m 이상의 간선도로에 접 함 다. 사업대상지 인정 기준 중교통 또는 의료시설 중심지역에 포함되지 않아 관련위원회의 심의를 통해 사업대상지로 인정받은 경우 추가 공공기여를 제공하여야 한다. 다만, 이 경 우 적용되는 역세권 및 의료시설 중심지역 범위는 승강장 경계로부터 250m 이내와 의료시설 대상부지 경계로부터 350m 이내를 말한 다.(1-3-1 가목을 인정받는 경우 승강장 경계로부터 350m 이내로 적용) 가) 검토 대상지 및 사업대상지 인정 시 추가 공공기여 기준 (1) 검토 대상지: 사업대상지 면적 중 대중교통 또는 의료시설 중심지역 내 면적이 50% 미만인 경우 (2) 추가 공공기여: 전체 사업면적의 절반에서 대중교통 또는 의료시설 중심지역내 포함된 면적을 제외한 면적의 비율을 고려하여 산정 ※ 공공기여 대상 면적(예시) 0% 50% 100%(사업예정지 면적 비율) 역세권등 추가 공공기여대상 內 면적 역세권 : 250m 이내 역세권 : 250m 밖 간선도로변 : 50m 간선도로변 : 50m 이내 간선도로변 : 50m 밖 의료시설 중심지역 : 350m 이내 의료시설 중심지역 : 350m 밖 (3) 추가 공공기여량 산정방식 (가) 추가 공공기여 대상면적(㎡) =(전체 사업대상지 면적)×0.5-(대중교통 또는 의료시설 중심지 역내 면적) (나) 추가 공공기여량(㎡) =(추가공공기여대상면적)×(추가공공기여율)×(조정계수) (4) 추가 공공기여율 대상면적 용도 비율 | 0~10%미만 | 10~20%미만 | 20~30%미만 | 30~40%미만 | 40~50%미만 지역계획 용도지역 유지 | 2% | 4% | 6% | 8% | 10% 준주거지역 변경 | 3% | 6% | 9% | 12% | 15% 상업지역 변경 | 5% | 10% | 15% | 20% | 25% ※ 추가 공공기여 대상면적 비율(%): 추가공공기여 대상면적/사업 예정지 면적×100 × 100 (5) 조정계수 : 다음 사항들을 고려하여 위원회 심의를 통해 결정 (가) 사업예정지 형상과 도로, 철도, 하천 등 주변 지형지물 현황에 따른 보행 접근성 (나) 용도지역 및 경관상 주변지역과의 조화(높이, 건축물 디자인 등) (다) 공공기여 내용의 공공성 확보 여부 (라) 커뮤니티시설의 공간적·기능적 품질 등을 종합적으로 심의하여 적합한 경우 0.5~1.0의 계수 중 위원회 심의를 통해 적용 2) 사업대상지 인정을 위한 요건은 다음과 같다. 가) 사업시행자가 공공기여 내용(공공임대주택, 기반시설) 제안 나) 공공기여는 공공임대주택 공급, 입주자들을 위한 공공시설 우선 검토 다) 본 기준에 따른 추가 공공기여량은 추가적인 상한 용적률을 제공하지 않음 라) 계획이 기준에 부합하더라도 위원회 심의를 통해 사업예정지가 복합주 택 건립 장소로 부적합하다고 판단되는 경우 사업대상지로 인정되지 않 을 수 있음 라. 사례별 기준 1) 준주거지역으로 변경 가) 사업대상지가 제2종·제3종일반주거지역(사업대상지에 준주거지역 또는 상업지역이 함께 포함된 경우 포함(이하 동일), 나)목도 동일하게 적용) 이고, 준주거지역, 일반 또는 근린상업지역에 인접하는 경우(4-3-1 나 목의 인접 및 도로기준 1)~2)을 만족)에는 준주거지역으로 용도지역을 세분 변경할 수 있다. 나) 사업대상지가 제2종·제3종일반주거지역이고, 폭 20m 이상 간선도로변 에 접해있는 경우에는 준주거지역으로 용도지역을 세분 변경 할 수 있 다. 다만, 부지 이면부에 차량 진출입을 위한 적절한 교통처리계획을 우 선적으로 검토하여야 한다. 다) 사업대상지가 제2종·제3종일반주거지역이고, 준주거지역 또는 상업지역 이 있는 역세권이거나 중심지(도심, 광역, 지역, 지구중심) 역세권(준주 거, 상업지역이 없는 경우 포함)에 위치한 경우, 관련위원회 심의를 거쳐 준주거지역으로 용도지역을 세분 변경할 수 있다. 라) 사업대상지가 제2종·제3종일반주거지역이고, 부지면적이 2,000㎡ 이상 일 때는 준주거지역 또는 상업지역이 인접하지 않은 경우라도 관련위원회 심의에서 인정하는 경우 준주거지역으로 용도지역을 세분 변경할 수 있다. 2) 일반 또는 근린상업지역으로 변경 가) 사업대상지가 제2종·제3종일반주거지역 또는 준주거지역(사업대상지에 상업지역이 함께 포함된 경우 포함(이하 동일))이고, 일반 또는 근린상 업지역에 인접하는 경우(인접 및 도로 기준 1)~2))에는 일반 또는 근 린상업지역으로 용도지역을 변경할 수 있다. 나) 사업대상지가 노선상업지역을 포함하는 제2종·제3종일반주거지역 또는 준주거지역이고, 전체 사업면적 중 노선상업지역이 20% 이상인 경우에 일반상업지역으로 용도지역을 변경할 수 있다. 다만, 부지면적이 2,000 ㎡ 이상인 경우와 관련 위원회의 자문을 통해 입지여건의 적정성 등이 인정되는 경우에는 노선상업지역이 20% 미만이더라도 일반상업지역으 로 변경할 수 있다. 다) 사업대상지가 제2종·제3종일반주거지역 또는 준주거지역이고, 일반 또 는 근린상업지역(노선상업지역 제외)이 있는 역세권의 폭 20m 이상의 간선도로변에 접해있는 경우에는 일반 또는 근린상업지역으로 용도지역 을 변경할 수 있다. 라) 사업대상지가 제2종일반주거지역으로서 (사업대상지에 준주거지역 또는 제3종일반주거지역이 함께 포함된 경우 포함) 일반 또는 근린상업지역에 바로 접하고 관련 위원회의 자문을 통해 입지여건의 적정성 등이 인정되 는 경우에는 일반 또는 근린상업지역으로 용도지역을 변경할 수 있다. 마) 사업대상지가 근린상업지역으로서 4-3-1 나목의 인접 및 도로기준 3) 을 만족하는 경우, 일반상업지역으로 용도지역을 변경할 수 있다. ※ 중심지체계에 따른 일반 또는 근린상업지역 변경(가), 다), 라), 마)목의 경우 적용) 해당 역세권이 ‘2040 서울도시기본계획’ 상 중심지체계(도심, 광역, 지역, 지구중심) 에 해당하는 경우 · 해당 역세권에 일반상업지역이 있는 경우는 일반상업지역으로 변경 검토 · 해당 역세권에 일반상업지역에 해당하지 않는 경우는 근린상업지역으로 변경 검토 · 사업대상지 이면부에 차량 진출입을 위한 적절한 교통처리계획을 우선적으로 검토 ※ 용도지역 변경 기준표(요약정리) 용도지역 변경 전 준주거지역, | 변경 기준(인접 및 도로 기준) | 용도지역 변경 후 제2 · 3종일반주거지역 | 이하의 도로를 사이에 두고 접한 경우 폭 20m 이상 간선도로변 | 준주거지역 일반(근린)상업지역이 있는 역세권등 * 관련위원회가 인정하는 경우 2,000 ㎡ 이상으로서 관련위원회가 인정하는 경우 또는 근린상업지역과 직접 접하거나 20m 이하의 도로를 사이에 두고 접한 제2·3종일반주거지역, 준주거지역 | 노선상업지역 20% 이상 (관련 위원회가 인정시 예외 적용) | 일반상업지역 제2·3종일반주거지역, 준주거지역 일반 | 또는 근린상업지역이 있는 역세권등 * , 폭 20m 이상 간선도로변 | 일반 혹은 근린상업지역 제2종일반주거지역 | 일반 또는 근린상업지역과 직접 (관련 위원회 자문 통해 인정) | 일반 혹은 근린상업지역 근린상업지역 중심지 | 역세권등 * 의 폭 20m 이상 간선도로변 | 일반상업지역 * 역세권등 : 역세권 또는 의료시설 중심지역 ※ 진입도로, 도로의 판단 기준은 주택법 또는 건축법 기준 적용",,표/도식 포함,"LAW1-E3689,LAW1-E3690,LAW1-E3692,LAW1-P054-LIST-0869,LAW1-P054-LIST-0870,LAW1-E3698,LAW1-E3699,LAW1-E3700,LAW1-E3701,LAW1-E3702,LAW1-E3703,LAW1-E3704,LAW1-E3705,LAW1-E3706,LAW1-E3707,LAW1-E3708,LAW1-E3713,LAW1-E3709,LAW1-E3710,LAW1-E3711,LAW1-E3712,LAW1-E3714,LAW1-E3715,LAW1-E3716,LAW1-E3717,LAW1-E3718,LAW1-E3719,LAW1-E3720,LAW1-E3721,LAW1-E3722,LAW1-E3723,LAW1-E3725,LAW1-E3726,LAW1-E3727,LAW1-E3728,LAW1-E3729,LAW1-E3730,LAW1-E3731,LAW1-E3732,LAW1-E3724,LAW1-E3733,LAW1-E3734,LAW1-E3736,LAW1-P055-LIST-0909,LAW1-E3740,LAW1-E3739,LAW1-E3741,LAW1-E3742,LAW1-E3743,LAW1-E3744,LAW1-E3745,LAW1-E3746,LAW1-E3747,LAW1-E3748,LAW1-E3749,LAW1-E3750,LAW1-E3751,LAW1-E3752,LAW1-E3753,LAW1-E3754,LAW1-E3755,LAW1-E3756,LAW1-E3757,LAW1-E3758,LAW1-E3759,LAW1-E3760,LAW1-E3761,LAW1-E3762,LAW1-P056-LIST-0934,LAW1-E3766,LAW1-P056-LIST-0936,LAW1-E3770,LAW1-E3771,LAW1-E3772,LAW1-E3773,LAW1-E3774,LAW1-E3775,LAW1-P056-LIST-0943,LAW1-E3779,LAW1-E3780,LAW1-P057-LIST-0946,LAW1-E3786,LAW1-E3787,LAW1-E3788,LAW1-E3789,LAW1-E3790,LAW1-E3791,LAW1-E3792,LAW1-E3793,LAW1-E3794",자동 추출,
LAW1-4_3_2,LAW1,,제4장 안심주택 (복합주택),제3절 사업계획 수립 기준,4-3-2,,58,60,"4-3-2. 안심주택 조례 제7조 제3항에 따라 “간선도로변”의 용도지역 변경 기준은 4-3-1의 기준에 따르되 다음 각 목의 기준을 충족하여야 한다.
가. 용도지역 변경 기준
1) 간선도로변 직접 접하는 경우 : 준주거지역으로 변경을 원칙으로 하되 4-3-1 나목의 인접 및 도로기준 1), 2)에 해당하는 경우 관련 위원회의 심 의를 통해 일반 또는 근린상업지역으로 변경할 수 있다.
2) 간선도로변에 직접 접하지 않는 경우(이면도로) : 준주거지역, 다만, 간선도 로변에 직접 접한 대지의 용도지역을 초과할 수 없다.
나. 입지 및 면적 기준
1) 제1종일반주거지역의 저층주거지(공원, 도로 등 제외)와 연접한 경우는 관 련위원회의 자문을 거쳐 사업 추진여부을 결정할 수 있다.
2) 사업대상지가 간선도로변에 접한 경우 2면 이상(이면도로에 접한 경우 1면 이상)이 도로에 접하면서, 한 면은 최소 6m 이상의 도로에 접해야 한다. 차량진출입은 이면도로에 계획하여야 하며, 간선도로변에서 직접 연결되는 이면도로에 차량진출입구를 설치하는 경우, 간선도로변에서의 이격거리는 최 소 15m 이상으로 한다.
3) 간선도로변에 접한 경우 간선도로에 접한 대지의 길이는 최소 15m 이상으 로 한다.
가) 면적 및 도로기준(예시)
간선도로변
(사업가능)
간선도로변이
좀
간선도로
이면도로변
(사업가능)
이면도로변 0
간선도로
6mn도로
간선도로변 0
15m 이상
간선도로
6m도로
이면도로변0
간선도로
6mn도로
간선도로변 0
간선도로
6m도로
이면도로변 0
간선도로
(사업불가)
사업불가
4m도로
(사업불가)
4도로
사업불가
간선도로
간선도로
사업
불가
간선도로
(간선도로 연결도로 및 이면부 진출입도로 요건 미충족)
6m도로
사업불가
간선도로
(간선도로 연결도로 및 이면부 진출입도로 요건 미충족)
나) 저층주거지역와 연접하는 경우로서 관련위원회 판단 사례 예시
[제1종일반주거지역과 연접하는 경우]
[제1종일반주거지역과 부분 연접하는 경우]
일반주거지역
위원회 판단 필요
밑반주거지먹
{간선도로)
저고품
제]품
인반주거지격
위원회 판단 필요
{간선도로)","4-3-2. 안심주택 조례 제7조 제3항에 따라 “간선도로변”의 용도지역 변경 기준은 4-3-1의 기준에 따르되 다음 각 목의 기준을 충족하여야 한다. 가. 용도지역 변경 기준 1) 간선도로변 직접 접하는 경우 : 준주거지역으로 변경을 원칙으로 하되 4-3-1 나목의 인접 및 도로기준 1), 2)에 해당하는 경우 관련 위원회의 심 의를 통해 일반 또는 근린상업지역으로 변경할 수 있다. 2) 간선도로변에 직접 접하지 않는 경우(이면도로) : 준주거지역, 다만, 간선도 로변에 직접 접한 대지의 용도지역을 초과할 수 없다. 나. 입지 및 면적 기준 1) 제1종일반주거지역의 저층주거지(공원, 도로 등 제외)와 연접한 경우는 관 련위원회의 자문을 거쳐 사업 추진여부을 결정할 수 있다. 2) 사업대상지가 간선도로변에 접한 경우 2면 이상(이면도로에 접한 경우 1면 이상)이 도로에 접하면서, 한 면은 최소 6m 이상의 도로에 접해야 한다. 차량진출입은 이면도로에 계획하여야 하며, 간선도로변에서 직접 연결되는 이면도로에 차량진출입구를 설치하는 경우, 간선도로변에서의 이격거리는 최 소 15m 이상으로 한다. 3) 간선도로변에 접한 경우 간선도로에 접한 대지의 길이는 최소 15m 이상으 로 한다. 가) 면적 및 도로기준(예시) 간선도로변 (사업가능) 간선도로변이 좀 간선도로 이면도로변 (사업가능) 이면도로변 0 간선도로 6mn도로 간선도로변 0 15m 이상 간선도로 6m도로 이면도로변0 간선도로 6mn도로 간선도로변 0 간선도로 6m도로 이면도로변 0 간선도로 (사업불가) 사업불가 4m도로 (사업불가) 4도로 사업불가 간선도로 간선도로 사업 불가 간선도로 (간선도로 연결도로 및 이면부 진출입도로 요건 미충족) 6m도로 사업불가 간선도로 (간선도로 연결도로 및 이면부 진출입도로 요건 미충족) 나) 저층주거지역와 연접하는 경우로서 관련위원회 판단 사례 예시 [제1종일반주거지역과 연접하는 경우] [제1종일반주거지역과 부분 연접하는 경우] 일반주거지역 위원회 판단 필요 밑반주거지먹 {간선도로) 저고품 제]품 인반주거지격 위원회 판단 필요 {간선도로)",,표/도식 포함,"LAW1-E3795,LAW1-E3796,LAW1-P058-LIST-0958,LAW1-E3799,LAW1-P058-LIST-0960,LAW1-E3802,LAW1-E3803,LAW1-E3804,LAW1-E3806,LAW1-E3808,LAW1-E3810,LAW1-E3812,LAW1-E3813,LAW1-E3805,LAW1-E3807,LAW1-E3809,LAW1-E3811,LAW1-E3814,LAW1-E3815,LAW1-E3817,LAW1-E3819,LAW1-E3821,LAW1-E3822,LAW1-E3816,LAW1-E3818,LAW1-E3820,LAW1-E3823,LAW1-E3824,LAW1-E3826,LAW1-E3829,LAW1-E3830,LAW1-E3825,LAW1-E3827,LAW1-E3828,LAW1-E3831,LAW1-E3832,LAW1-E3838,LAW1-E3836,LAW1-E3833,LAW1-E3837,LAW1-E3839,LAW1-E3840,LAW1-E3841,LAW1-E3834,LAW1-E3843,LAW1-E3845,LAW1-E3846,LAW1-E3848,LAW1-E3835,LAW1-E3842,LAW1-E3844,LAW1-E3847,LAW1-E3849,LAW1-E3850,LAW1-E3851,LAW1-E3852,LAW1-E3854,LAW1-E3857,LAW1-E3859,LAW1-E3861,LAW1-E3862,LAW1-E3853,LAW1-E3856,LAW1-E3855,LAW1-E3858,LAW1-E3860,LAW1-E3863",자동 추출,
LAW1-4_3_3,LAW1,,제4장 안심주택 (복합주택),제3절 사업계획 수립 기준,4-3-3,,60,61,"4-3-3. 안심주택 조례 제7조 제3항에 따라 “의료시설 중심지역”의 용도지역 변경 기준은 4-3-1의 기준에 따르되 다음의 요건을 충족하여야 한다.
가. 의료시설의 대상부지에 의료시설 외 용도의 건물이 있는 경우 의료시설 건물 과 의료시설 외의 건축물의 중심 또는 도로중심선을 경계로 한다. 해당 범위 의 구체적인 사항은 시장이 별도로 정할 수 있다.
[의료시설 외의 건축물의 중심]
의료시설의대상부지
의료시설외
건축물의중심
용도의건축물
의학대학(원)
기숙사등
의로시설
중심지역
[해당 부지에 도로가 있는 경우]
의로시설의대상부지
의료시설외
의료시설
용도의건축물
중심지역
의학대학원)
기숙사등
부지내도로중심선
나. 사업대상지는 최소 6m 이상의 도로에 접하고 이면도로에서 차량 진출입을 우선적으로 검토한다.",4-3-3. 안심주택 조례 제7조 제3항에 따라 “의료시설 중심지역”의 용도지역 변경 기준은 4-3-1의 기준에 따르되 다음의 요건을 충족하여야 한다. 가. 의료시설의 대상부지에 의료시설 외 용도의 건물이 있는 경우 의료시설 건물 과 의료시설 외의 건축물의 중심 또는 도로중심선을 경계로 한다. 해당 범위 의 구체적인 사항은 시장이 별도로 정할 수 있다. [의료시설 외의 건축물의 중심] 의료시설의대상부지 의료시설외 건축물의중심 용도의건축물 의학대학(원) 기숙사등 의로시설 중심지역 [해당 부지에 도로가 있는 경우] 의로시설의대상부지 의료시설외 의료시설 용도의건축물 중심지역 의학대학원) 기숙사등 부지내도로중심선 나. 사업대상지는 최소 6m 이상의 도로에 접하고 이면도로에서 차량 진출입을 우선적으로 검토한다.,,표/도식 포함,"LAW1-E3864,LAW1-E3865,LAW1-E3866,LAW1-E3868,LAW1-E3870,LAW1-E3873,LAW1-E3872,LAW1-E3874,LAW1-E3875,LAW1-E3880,LAW1-E3879,LAW1-E3882,LAW1-E3867,LAW1-E3869,LAW1-E3871,LAW1-E3877,LAW1-E3876,LAW1-E3878,LAW1-E3881,LAW1-E3883,LAW1-E3884,LAW1-E3885,LAW1-E3886",자동 추출,
LAW1-4_4_1,LAW1,,제4장 안심주택 (복합주택),제4절 용적률 및 공공기여 등,4-4-1,,61,65,"4-4-1. 안심주택 조례 제7조 제3항에 따라 용도지역 변경이 있는 경우 용적률, 공 공기여율 등 기준은 다음과 같다.
가. 준주거지역으로 변경되는 경우
1) 기본용적률 : 400% 이하
2) 공공기여율
가) 제2종일반주거지역에서 상향되는 경우 : 15% 이상
나) 제3종일반주거지역에서 상향되는 경우 : 10% 이상
3) 용도별 비율
가) 주거 비율 : 85% 이상
나. 근린상업지역으로 변경되는 경우
1) 기본용적률 : 540% 이하
2) 공공기여율
가) 제2종일반주거지역에서 상향되는 경우 : 25% 이상
나) 제3종일반주거지역에서 상향되는 경우 : 20% 이상
다) 준주거지역에서 상향되는 경우 : 10% 이상
3) 용도별 비율
가) 주거 비율 : 80% 이상
나) 비주거 비율 : 10% 이상 (가로변 비주거 설치 의무) 다. 일반상업지역으로 변경되는 경우
1) 기본용적률 : 680% 이하
2) 공공기여율
가) 제2종일반주거지역에서 상향되는 경우 : 30% 이상
나) 제3종일반주거지역에서 상향되는 경우 : 25% 이상
다) 준주거지역에서 상향되는 경우 : 20% 이상
3) 용도별 비율
가) 주거 비율 : 80% 이상
나) 비주거 비율 : 10% 이상 (가로변 비주거 설치 의무)
라. 근린상업지역에서 일반상업지역으로 변경되는 경우
1) 기본용적률 : 700% 이하
2) 공공기여율 : 10%
3) 용도별 비율
가) 주거 비율 : 80% 이상
나) 비주거 비율 : 10% 이상 (가로변 비주거 설치 의무)
마. 제2종일반주거지역으로 변경되는 경우
1) 기본용적률 : 200% 이하
2) 공공기여율
가) 자연녹지지역에서 상향되는 경우 : 30% 이상
나) 제1종일반주거지역에서 상향되는 경우 : 10% 이상
바. 기타
1) 공공기여율 산정기준 등
가) 기본용적률 부여에 따른 공공기여율은 부지면적을 기준으로 한다. 이때
부지면적은 용도지역 또는 용적률이 상향되는 부지를 기준으로 한다.
※ 사업대상지 내 경하지 않는다.
도로 등 공공시설을 설치할 경우에 도로 등 부지는 용도지역을 변
나) 상한용적률은 「민간임대주택법」(제21조 및 제35조) 또는 「국토계획
법」(시행령 제46조)에 따라 용적률 상한까지 완화할 수 있다.
※ 공공시설(건축물) 등을 제공하는 경우 기본용적률 적용에 따른 공공기여분은시설의 토지지분과 건축비용을 토지로 환산(감정평가)한 면적을 합산하여 적용하고, 기본용 적률을 초과하여 완화 받는 경우 ‘서울시 공공시설등기부채납 용적률 인센티브 운영기 준’을 따른다. (해당 기준이 변경되는 경우 변경된 기준에 따름)
※ 공공시설(건축물) 등을 제공하여 기본용적률을 초과하여 완화받는 경우, 완화 받는 용적률은 상한용적률에서 기본용적률을 뺀 용적률의 50퍼센트를 넘을 수 없다.
다) 기본용적률 및 상한용적률 적용에 따른 공공기여는 공공임대주택 공급 을 우선으로 한다. 다만, 공공시설 등이 일부 필요하다고 인정되는 경우 에는 관련 위원회의 자문 또는 심의를 거쳐 공공시설등을 일부 설치·제 공할 수 있으며, 커뮤니티시설 등 추가 확보 또는 자문이나 심의의견 반 영으로 사업성이 감소되는 경우 자문 또는 심의를 거쳐 공공기여량을 최 대 5%p까지 완화할 수 있다.
라) 상한용적률 적용 시 공공임대주택 총 공공기여량 산출은 전체 공공임대 주택의 토지지분으로 산출한다.
마) 지역 특성 등을 감안하여 도시계획적으로 필요한 공공시설등은 반드시 설치하여야 하며, 입안권자 또는 관련 위원회에서 필요하다고 인정한 공 공시설등은 별도로 확보하게 할 수 있다.
※ 부지면적 5,000㎡ 이상(임대주택 100%를 어르신에게 공급하는 안심주택과 시니 어용 서울형 공유주택을 복합하는 경우) : 전용면적 300㎡ 이상의 보건지소 또는 사회복지시설 설치(자치구 필요시)
바) 사업시행자등이 국·공유지 등 토지를 장기 임차하는 등의 특별한 사유로 인하여 공공임대주택의 부속토지 기부채납이 불가능한 경우는 「민간임 대주택법」 제21조의2 제1항 제4호에 따라 20년 이상 민간임대주택으 로 공급하여야 한다. 이 경우 사업시행자는 부속토지에 해당하는 가격 (지가상승률 고려)에 대응하는 민간임대주택으로 공급기간 산정내역, 근 거 및 타당성 검증자료 등 서울시에서 지정하는 검증기관을 통하여 자료 를 제출하여야 하며, 그 기간은 운영자문위원회에서 정한다.
사) 공공기여는 안심주택과 서울형 공유주택 중 한 가지 또는 2가지 이상 유형을 선택하여 적용할 수 있다.
아) 도시규제(경관, 일조, 고도 등)로 변경 용도지역의 기본용적률까지 확보
하지 못하는 사업대상지에 대하여, 현재 용도지역의 용적률에서 변경 용 도지역의 기본용적률 내에서 확보하는 용적률의 비율만큼 4-4-1에 다른 공공기여율을 완화하여 적용한다.
(1) 공공기여율 완화 예시
50096
상한용적률
400%
높이제약 X
30096
+200
2009
기본용적물
200%6
[일반지역] 제2종일반주거-준주거지역상향
15%6 *09=13596
40093
38096
높이제약O
+180
20096
현행 용적물
기본용적물
40036
[도시규제지역] 제2종일반주거-준주거지역상향
2) 용도별 비율 산정기준
가) 비주거 비율은 연면적을 기준으로 산정한다.
나) 비주거 용도는 지하 2층에서 지상 2층에 위치하여야 한다. 다만, 대지 의 형태 및 고저차 등의 사유와 상업지역에서 지상 2층까지 비주거 비율 10% 이상 확보가 불가능한 경우 및 용도변경의 경우에는 관련 위원회 의 자문 또는 심의를 거쳐 위치 및 비율을 조정할 수 있다.
다) 공공청사 등 건축물로 설치·제공하는 공공시설등은 비주거 비율에 포함 한다.
3) 제1종일반주거지역의 용도지역 변경
가) 국·공유지를 장기 임차하는 등의 특별한 경우에 한하여 통합심의위원회 심의에서 용도지역 상향이 가능하다고 판단하는 경우에 제3종일반주거지 역 또는 준주거지역으로 상향할 수 있다.
나) 제3종일반주거지역으로 변경
(1) 기본용적률 : 250% 이하
(2) 공공기여율 : 20% 이상
다) 준주거지역으로 변경
(1) 기본용적률 : 400% 이하
(2) 공공기여율 : 25% 이상
※ 용도지역 변경이 있는 경우 용적률, 공공기여율 및 용도별 비율표
현재 | 용도지역 | 자연녹지 지역 | 1종일반 제 | 2종일반 주거지역 제 | 3종일반 주거지역 | 제2종일반 주거지역 제 | 3종일반 주거지역 | 준주거 지역 제 | 2종일반 주거지역 제 | 3종일반 주거지역 | 준주거 지역 | 근린상업 지역
변경 용도지역 | 제2종일반 주거지역 | 준주거지역 | 근린상업지역 | 일반상업지역
기본용적률 | 200% | 400% | 540% | 680% | 700%
공공기여율 30% | 30% | 10% | 15% | 10% | 25% | 20% | 10% | 30% | 25% | 20% | 10%
상한용적률 | 250% | 500% | 900% | 1,300%
용도별 비율 | 주거 | - | 85%이상 | 80% 이상
비주거 | - | - | 10% 이상 (가로변 비주거 설치 의무)
※ 자연녹지지역의 공공기여는 임대주택을 원칙으로 한다.
※ 자연녹지지역, 제1종일반주거지역의 용도지역 변경은 임대주택 100%를 어르신에게 공급하는 안심주택 과 시니어용 서울형 공유주택을 복합하는 경우로 한정한다.
※ 역세권 외 간선도로 이면부 사업대상지의 경우 준주거지역까지 용도지역 변경 가능하며, 기본용적률 (400%)만 적용한다.","4-4-1. 안심주택 조례 제7조 제3항에 따라 용도지역 변경이 있는 경우 용적률, 공 공기여율 등 기준은 다음과 같다. 가. 준주거지역으로 변경되는 경우 1) 기본용적률 : 400% 이하 2) 공공기여율 가) 제2종일반주거지역에서 상향되는 경우 : 15% 이상 나) 제3종일반주거지역에서 상향되는 경우 : 10% 이상 3) 용도별 비율 가) 주거 비율 : 85% 이상 나. 근린상업지역으로 변경되는 경우 1) 기본용적률 : 540% 이하 2) 공공기여율 가) 제2종일반주거지역에서 상향되는 경우 : 25% 이상 나) 제3종일반주거지역에서 상향되는 경우 : 20% 이상 다) 준주거지역에서 상향되는 경우 : 10% 이상 3) 용도별 비율 가) 주거 비율 : 80% 이상 나) 비주거 비율 : 10% 이상 (가로변 비주거 설치 의무) 다. 일반상업지역으로 변경되는 경우 1) 기본용적률 : 680% 이하 2) 공공기여율 가) 제2종일반주거지역에서 상향되는 경우 : 30% 이상 나) 제3종일반주거지역에서 상향되는 경우 : 25% 이상 다) 준주거지역에서 상향되는 경우 : 20% 이상 3) 용도별 비율 가) 주거 비율 : 80% 이상 나) 비주거 비율 : 10% 이상 (가로변 비주거 설치 의무) 라. 근린상업지역에서 일반상업지역으로 변경되는 경우 1) 기본용적률 : 700% 이하 2) 공공기여율 : 10% 3) 용도별 비율 가) 주거 비율 : 80% 이상 나) 비주거 비율 : 10% 이상 (가로변 비주거 설치 의무) 마. 제2종일반주거지역으로 변경되는 경우 1) 기본용적률 : 200% 이하 2) 공공기여율 가) 자연녹지지역에서 상향되는 경우 : 30% 이상 나) 제1종일반주거지역에서 상향되는 경우 : 10% 이상 바. 기타 1) 공공기여율 산정기준 등 가) 기본용적률 부여에 따른 공공기여율은 부지면적을 기준으로 한다. 이때 부지면적은 용도지역 또는 용적률이 상향되는 부지를 기준으로 한다. ※ 사업대상지 내 경하지 않는다. 도로 등 공공시설을 설치할 경우에 도로 등 부지는 용도지역을 변 나) 상한용적률은 「민간임대주택법」(제21조 및 제35조) 또는 「국토계획 법」(시행령 제46조)에 따라 용적률 상한까지 완화할 수 있다. ※ 공공시설(건축물) 등을 제공하는 경우 기본용적률 적용에 따른 공공기여분은시설의 토지지분과 건축비용을 토지로 환산(감정평가)한 면적을 합산하여 적용하고, 기본용 적률을 초과하여 완화 받는 경우 ‘서울시 공공시설등기부채납 용적률 인센티브 운영기 준’을 따른다. (해당 기준이 변경되는 경우 변경된 기준에 따름) ※ 공공시설(건축물) 등을 제공하여 기본용적률을 초과하여 완화받는 경우, 완화 받는 용적률은 상한용적률에서 기본용적률을 뺀 용적률의 50퍼센트를 넘을 수 없다. 다) 기본용적률 및 상한용적률 적용에 따른 공공기여는 공공임대주택 공급 을 우선으로 한다. 다만, 공공시설 등이 일부 필요하다고 인정되는 경우 에는 관련 위원회의 자문 또는 심의를 거쳐 공공시설등을 일부 설치·제 공할 수 있으며, 커뮤니티시설 등 추가 확보 또는 자문이나 심의의견 반 영으로 사업성이 감소되는 경우 자문 또는 심의를 거쳐 공공기여량을 최 대 5%p까지 완화할 수 있다. 라) 상한용적률 적용 시 공공임대주택 총 공공기여량 산출은 전체 공공임대 주택의 토지지분으로 산출한다. 마) 지역 특성 등을 감안하여 도시계획적으로 필요한 공공시설등은 반드시 설치하여야 하며, 입안권자 또는 관련 위원회에서 필요하다고 인정한 공 공시설등은 별도로 확보하게 할 수 있다. ※ 부지면적 5,000㎡ 이상(임대주택 100%를 어르신에게 공급하는 안심주택과 시니 어용 서울형 공유주택을 복합하는 경우) : 전용면적 300㎡ 이상의 보건지소 또는 사회복지시설 설치(자치구 필요시) 바) 사업시행자등이 국·공유지 등 토지를 장기 임차하는 등의 특별한 사유로 인하여 공공임대주택의 부속토지 기부채납이 불가능한 경우는 「민간임 대주택법」 제21조의2 제1항 제4호에 따라 20년 이상 민간임대주택으 로 공급하여야 한다. 이 경우 사업시행자는 부속토지에 해당하는 가격 (지가상승률 고려)에 대응하는 민간임대주택으로 공급기간 산정내역, 근 거 및 타당성 검증자료 등 서울시에서 지정하는 검증기관을 통하여 자료 를 제출하여야 하며, 그 기간은 운영자문위원회에서 정한다. 사) 공공기여는 안심주택과 서울형 공유주택 중 한 가지 또는 2가지 이상 유형을 선택하여 적용할 수 있다. 아) 도시규제(경관, 일조, 고도 등)로 변경 용도지역의 기본용적률까지 확보 하지 못하는 사업대상지에 대하여, 현재 용도지역의 용적률에서 변경 용 도지역의 기본용적률 내에서 확보하는 용적률의 비율만큼 4-4-1에 다른 공공기여율을 완화하여 적용한다. (1) 공공기여율 완화 예시 50096 상한용적률 400% 높이제약 X 30096 +200 2009 기본용적물 200%6 [일반지역] 제2종일반주거-준주거지역상향 15%6 *09=13596 40093 38096 높이제약O +180 20096 현행 용적물 기본용적물 40036 [도시규제지역] 제2종일반주거-준주거지역상향 2) 용도별 비율 산정기준 가) 비주거 비율은 연면적을 기준으로 산정한다. 나) 비주거 용도는 지하 2층에서 지상 2층에 위치하여야 한다. 다만, 대지 의 형태 및 고저차 등의 사유와 상업지역에서 지상 2층까지 비주거 비율 10% 이상 확보가 불가능한 경우 및 용도변경의 경우에는 관련 위원회 의 자문 또는 심의를 거쳐 위치 및 비율을 조정할 수 있다. 다) 공공청사 등 건축물로 설치·제공하는 공공시설등은 비주거 비율에 포함 한다. 3) 제1종일반주거지역의 용도지역 변경 가) 국·공유지를 장기 임차하는 등의 특별한 경우에 한하여 통합심의위원회 심의에서 용도지역 상향이 가능하다고 판단하는 경우에 제3종일반주거지 역 또는 준주거지역으로 상향할 수 있다. 나) 제3종일반주거지역으로 변경 (1) 기본용적률 : 250% 이하 (2) 공공기여율 : 20% 이상 다) 준주거지역으로 변경 (1) 기본용적률 : 400% 이하 (2) 공공기여율 : 25% 이상 ※ 용도지역 변경이 있는 경우 용적률, 공공기여율 및 용도별 비율표 현재 | 용도지역 | 자연녹지 지역 | 1종일반 제 | 2종일반 주거지역 제 | 3종일반 주거지역 | 제2종일반 주거지역 제 | 3종일반 주거지역 | 준주거 지역 제 | 2종일반 주거지역 제 | 3종일반 주거지역 | 준주거 지역 | 근린상업 지역 변경 용도지역 | 제2종일반 주거지역 | 준주거지역 | 근린상업지역 | 일반상업지역 기본용적률 | 200% | 400% | 540% | 680% | 700% 공공기여율 30% | 30% | 10% | 15% | 10% | 25% | 20% | 10% | 30% | 25% | 20% | 10% 상한용적률 | 250% | 500% | 900% | 1,300% 용도별 비율 | 주거 | - | 85%이상 | 80% 이상 비주거 | - | - | 10% 이상 (가로변 비주거 설치 의무) ※ 자연녹지지역의 공공기여는 임대주택을 원칙으로 한다. ※ 자연녹지지역, 제1종일반주거지역의 용도지역 변경은 임대주택 100%를 어르신에게 공급하는 안심주택 과 시니어용 서울형 공유주택을 복합하는 경우로 한정한다. ※ 역세권 외 간선도로 이면부 사업대상지의 경우 준주거지역까지 용도지역 변경 가능하며, 기본용적률 (400%)만 적용한다.",,표/도식 포함,"LAW1-E3888,LAW1-E3889,LAW1-P061-LIST-1049,LAW1-P061-LIST-1050,LAW1-E3894,LAW1-E3895,LAW1-E3896,LAW1-P061-LIST-1054,LAW1-P061-LIST-1055,LAW1-E3902,LAW1-E3903,LAW1-E3904,LAW1-P062-LIST-1059,LAW1-P062-LIST-1060,LAW1-E3910,LAW1-P062-LIST-1062,LAW1-E3913,LAW1-P062-LIST-1064,LAW1-P062-LIST-1065,LAW1-E3919,LAW1-P062-LIST-1067,LAW1-P062-LIST-1068,LAW1-E3924,LAW1-E3925,LAW1-E3926,LAW1-E3927,LAW1-E3928,LAW1-E3929,LAW1-E3930,LAW1-E3931,LAW1-P063-LIST-1077,LAW1-P063-LIST-1078,LAW1-E3937,LAW1-P063-LIST-1080,LAW1-E3941,LAW1-E3942,LAW1-E3943,LAW1-E3945,LAW1-E3947,LAW1-E3948,LAW1-E3950,LAW1-E3952,LAW1-E3953,LAW1-E3956,LAW1-E3958,LAW1-E3961,LAW1-E3963,LAW1-E3944,LAW1-E3946,LAW1-E3949,LAW1-E3951,LAW1-E3955,LAW1-E3954,LAW1-E3957,LAW1-E3959,LAW1-E3960,LAW1-E3962,LAW1-E3964,LAW1-E3965,LAW1-P064-LIST-1106,LAW1-E3969,LAW1-P064-LIST-1108,LAW1-P064-LIST-1109,LAW1-E3974,LAW1-E3975,LAW1-E3976,LAW1-E3977,LAW1-E3978,LAW1-P065-LIST-1115",자동 추출,
LAW1-4_4_2,LAW1,,제4장 안심주택 (복합주택),제4절 용적률 및 공공기여 등,4-4-2,,65,66,"4-4-2. 안심주택 조례 제7조 제3항에 따라 용도지역 변경이 없는 경우 용적률, 공 공기여율 등 기준은 다음과 같다.
가. 준주거지역의 경우
1) 기본용적률 및 공공기여율 가) 기본용적률 500% 이하 및 공공기여율 6% 이상
2) 용도별 비율은 준주거지역으로 변경되는 경우와 동일
※ 서울도심은 기본용적률 400% 이하 및 공공기여율 4% 이상으로 하며, 높이는 서울도 심기본계획의 높이계획을 따름
※ 기본용적률 적용은 관련 위원회 자문 또는 심의를 거쳐 허용
나. 준공업지역의 경우
1) 기본용적률 및 공공기여율
가) 기본용적률 : 400% 이하
나) 공공기여율
(1) 공장비율 10% 미만인 경우 : 10% 이상
(2) 공장비율 10% 이상인 경우 : 15% 이상
(단, 공공기여율의 2분의 1은 공공임대주택, 2분의1은 임대산업시설로 확보)
2) 용도별 비율 등
가) 용도별 비율은 준주거지역으로 변경되는 경우와 동일
나) 공장비율 10% 이상인 경우 산업부지 확보비율은 「도시계획 조례」 별표 17에도 불구하고 관련 위원회 심의를 통해 2분의 1까지 완화할 수 있다.
다) 공장의 범위는 「도시계획 조례」 별표 17의 1호에 따른다.
다. 근린상업지역의 경우
1) 기본용적률 및 공공기여율
가) 기본용적률 600% 이하인 경우 공공기여율 8% 이상
나) 기본용적률 700% 이하인 경우 공공기여율 10% 이상
다) 기본용적률 800% 이하인 경우 공공기여율 12% 이상
※ 서울도심은 기본용적률 500% 이하 및 공공기여율 6% 이상으로 하며, 높이는 서 울도심기본계획의 높이계획을 따름
※ 기본용적률 적용은 관련 위원회 자문 또는 심의를 거쳐 허용
2) 용도별 비율은 일반상업지역으로 변경되는 경우와 동일
라. 일반상업지역의 경우
1) 기본용적률 및 공공기여율
가) 기본용적률이 800% 이하인 경우 공공기여율 10% 이상
나) 기본용적률이 900% 이하인 경우 공공기여율 12% 이상
다) 기본용적률이 1,000% 이하인 경우 공공기여율 14% 이상 ※ 서울도심은 기본용적률 600% 이하 및 공공기여율 8% 이상으로 하며, 높이는 서 울도심기본계획의 높이계획을 따름
※ 기본용적률 적용은 관련 위원회 자문 또는 심의를 거쳐 허용
2) 용도별 비율은 일반상업지역으로 변경되는 경우와 동일
마. 공공기여율 및 용도별 비율 산정기준은 4-4-1 바목에 따른다.
※ 용도지역 변경이 없는 경우 용적률, 공공기여율 및 용도별 비율표
용도지역 | 준주거지역 500% | 준공업지역 | 근린상업지역 600% | 일반상업지역 800%
[( )는 역세권외 이면부 또는 서울도심 내] 상한 임대기간 | 500% (400%) | 400% | (500%) | 700% | 800% | (600%) | 900% | 1,000%
 | 임대기간 10년이상 임대기간 | 575 (400%) 600 (500%) | 400% | 900% | 1,300%
이면부) 기본 공공기여율 [( )는 역세권외 이면부 | (500%) 6% (4%) | 10~15% | 8% (6%) | 10% | 12% | 10% (8%) | 12% | 14%
또는 용도별 비율 | 주거 | 85% 이상 | 80% 이상
비주거 | - | 10% 이상 (가로변 비주거 설치 의무)","4-4-2. 안심주택 조례 제7조 제3항에 따라 용도지역 변경이 없는 경우 용적률, 공 공기여율 등 기준은 다음과 같다. 가. 준주거지역의 경우 1) 기본용적률 및 공공기여율 가) 기본용적률 500% 이하 및 공공기여율 6% 이상 2) 용도별 비율은 준주거지역으로 변경되는 경우와 동일 ※ 서울도심은 기본용적률 400% 이하 및 공공기여율 4% 이상으로 하며, 높이는 서울도 심기본계획의 높이계획을 따름 ※ 기본용적률 적용은 관련 위원회 자문 또는 심의를 거쳐 허용 나. 준공업지역의 경우 1) 기본용적률 및 공공기여율 가) 기본용적률 : 400% 이하 나) 공공기여율 (1) 공장비율 10% 미만인 경우 : 10% 이상 (2) 공장비율 10% 이상인 경우 : 15% 이상 (단, 공공기여율의 2분의 1은 공공임대주택, 2분의1은 임대산업시설로 확보) 2) 용도별 비율 등 가) 용도별 비율은 준주거지역으로 변경되는 경우와 동일 나) 공장비율 10% 이상인 경우 산업부지 확보비율은 「도시계획 조례」 별표 17에도 불구하고 관련 위원회 심의를 통해 2분의 1까지 완화할 수 있다. 다) 공장의 범위는 「도시계획 조례」 별표 17의 1호에 따른다. 다. 근린상업지역의 경우 1) 기본용적률 및 공공기여율 가) 기본용적률 600% 이하인 경우 공공기여율 8% 이상 나) 기본용적률 700% 이하인 경우 공공기여율 10% 이상 다) 기본용적률 800% 이하인 경우 공공기여율 12% 이상 ※ 서울도심은 기본용적률 500% 이하 및 공공기여율 6% 이상으로 하며, 높이는 서 울도심기본계획의 높이계획을 따름 ※ 기본용적률 적용은 관련 위원회 자문 또는 심의를 거쳐 허용 2) 용도별 비율은 일반상업지역으로 변경되는 경우와 동일 라. 일반상업지역의 경우 1) 기본용적률 및 공공기여율 가) 기본용적률이 800% 이하인 경우 공공기여율 10% 이상 나) 기본용적률이 900% 이하인 경우 공공기여율 12% 이상 다) 기본용적률이 1,000% 이하인 경우 공공기여율 14% 이상 ※ 서울도심은 기본용적률 600% 이하 및 공공기여율 8% 이상으로 하며, 높이는 서 울도심기본계획의 높이계획을 따름 ※ 기본용적률 적용은 관련 위원회 자문 또는 심의를 거쳐 허용 2) 용도별 비율은 일반상업지역으로 변경되는 경우와 동일 마. 공공기여율 및 용도별 비율 산정기준은 4-4-1 바목에 따른다. ※ 용도지역 변경이 없는 경우 용적률, 공공기여율 및 용도별 비율표 용도지역 | 준주거지역 500% | 준공업지역 | 근린상업지역 600% | 일반상업지역 800% [( )는 역세권외 이면부 또는 서울도심 내] 상한 임대기간 | 500% (400%) | 400% | (500%) | 700% | 800% | (600%) | 900% | 1,000% | 임대기간 10년이상 임대기간 | 575 (400%) 600 (500%) | 400% | 900% | 1,300% 이면부) 기본 공공기여율 [( )는 역세권외 이면부 | (500%) 6% (4%) | 10~15% | 8% (6%) | 10% | 12% | 10% (8%) | 12% | 14% 또는 용도별 비율 | 주거 | 85% 이상 | 80% 이상 비주거 | - | 10% 이상 (가로변 비주거 설치 의무)",,표/도식 포함,"LAW1-E3982,LAW1-E3983,LAW1-P065-LIST-1118,LAW1-P065-LIST-1119,LAW1-E3988,LAW1-E3989,LAW1-P065-LIST-1122,LAW1-P065-LIST-1123,LAW1-E3994,LAW1-E3995,LAW1-E3996,LAW1-P066-LIST-1127,LAW1-E3999,LAW1-E4000,LAW1-P066-LIST-1130,LAW1-P066-LIST-1131,LAW1-E4006,LAW1-E4007,LAW1-E4008,LAW1-P066-LIST-1135,LAW1-E4012,LAW1-E4013,LAW1-E4014,LAW1-E4015,LAW1-E4016",자동 추출,
LAW1-4_4_3,LAW1,,제4장 안심주택 (복합주택),제4절 용적률 및 공공기여 등,4-4-3,,67,67,4-4-3. 안심주택과 서울형 공유주택을 복합하는 경우에 적용되는 공공기여율 완화 (4-4-1 아목)는 본 운영기준 시행일로부터 3년 이내에 사업제안서(4-2-4) 를 제출하는 경우에 한하여 적용한다.,4-4-3. 안심주택과 서울형 공유주택을 복합하는 경우에 적용되는 공공기여율 완화 (4-4-1 아목)는 본 운영기준 시행일로부터 3년 이내에 사업제안서(4-2-4) 를 제출하는 경우에 한하여 적용한다.,,기준,LAW1-E4017,자동 추출,
LAW1-4_5_1,LAW1,,제4장 안심주택 (복합주택),제5절 건축 및 주차계획 등,4-5-1,,67,67,4-5-1. 안심주택(청년․어르신․신혼부부)과 서울형 공유주택을 복합하여 건축할 경우 서울형 공유주택의 비율은 전체 연면적의 15% 이상으로 한다.,4-5-1. 안심주택(청년․어르신․신혼부부)과 서울형 공유주택을 복합하여 건축할 경우 서울형 공유주택의 비율은 전체 연면적의 15% 이상으로 한다.,,기준,LAW1-P067-LIST-1143,자동 추출,
LAW1-4_5_2,LAW1,,제4장 안심주택 (복합주택),제5절 건축 및 주차계획 등,4-5-2,,67,67,"4-5-2. 건축 및 주차계획 등은 안심주택의 경우에는 2-5의 기준을 따르며, 서울형 공유주택의 경우에는 3-5의 기준을 따른다. 다만, 서울형 공유주택의 실수가 100실 이하인 경우, 3-5-6의 공간별 비율은 관련 위원회에서 완화하여 적 용할 수 있다.","4-5-2. 건축 및 주차계획 등은 안심주택의 경우에는 2-5의 기준을 따르며, 서울형 공유주택의 경우에는 3-5의 기준을 따른다. 다만, 서울형 공유주택의 실수가 100실 이하인 경우, 3-5-6의 공간별 비율은 관련 위원회에서 완화하여 적 용할 수 있다.",,기준,LAW1-P067-LIST-1143,자동 추출,
LAW1-4_6_1,LAW1,,제4장 안심주택 (복합주택),제6절 규모별 공급면적 및 입주대상자,4-6-1,,67,67,"4-6-1. 규모별 공급면적 및 입주대상자는 안심주택의 경우에는 2-6의 기준을 따르
며, 서울형 공유주택의 경우에는 3-6의 기준을 따른다.","4-6-1. 규모별 공급면적 및 입주대상자는 안심주택의 경우에는 2-6의 기준을 따르 며, 서울형 공유주택의 경우에는 3-6의 기준을 따른다.",,기준,"LAW1-E4022,LAW1-E4023",자동 추출,
LAW1-4_7_1,LAW1,,제4장 안심주택 (복합주택),제7절 임대주택의 매입 및 공급,4-7-1,,67,67,"4-7-1. 공공기여하는 공공임대주택의 매입가격은 「공공주택 특별법」 제50조의3 제1항에 따른 공공건설임대주택의 분양전환가격 산정기준에서 정하는 건축비 로 하고, 그 부속토지는 시·도지사에게 기부채납한 것으로 본다.","4-7-1. 공공기여하는 공공임대주택의 매입가격은 「공공주택 특별법」 제50조의3 제1항에 따른 공공건설임대주택의 분양전환가격 산정기준에서 정하는 건축비 로 하고, 그 부속토지는 시·도지사에게 기부채납한 것으로 본다.",,기준,LAW1-P067-LIST-1148,자동 추출,
LAW1-4_7_2,LAW1,,제4장 안심주택 (복합주택),제7절 임대주택의 매입 및 공급,4-7-2,,67,67,"4-7-2. 공공임대주택은 사업시행자가 표준협약서를 체결하기 이전에 서울시에 매입
신청하여야 한다. 협약 체결 담당공무원은 공공임대주택 매입신청 여부를 확 인 후 협약 추진하여야 한다.",4-7-2. 공공임대주택은 사업시행자가 표준협약서를 체결하기 이전에 서울시에 매입 신청하여야 한다. 협약 체결 담당공무원은 공공임대주택 매입신청 여부를 확 인 후 협약 추진하여야 한다.,,기준,"LAW1-P067-LIST-1148,LAW1-E4027",자동 추출,
LAW1-4_7_3,LAW1,,제4장 안심주택 (복합주택),제7절 임대주택의 매입 및 공급,4-7-3,,67,67,"4-7-3. 입주대상자가 신혼부부인 공공임대주택의 경우 임차인이 20년 거주하면, 우 선 매수청구권을 부여할 수 있으며 세부기준은 장기전세주택Ⅱ를 따른다.","4-7-3. 입주대상자가 신혼부부인 공공임대주택의 경우 임차인이 20년 거주하면, 우 선 매수청구권을 부여할 수 있으며 세부기준은 장기전세주택Ⅱ를 따른다.",,기준,LAW1-P067-LIST-1150,자동 추출,
LAW1-4_7_4,LAW1,,제4장 안심주택 (복합주택),제7절 임대주택의 매입 및 공급,4-7-4,,67,84,"4-7-4. 입주대상자가 신혼부부인 민간임대주택의 경우 임차인이 10년 거주하면, 우
선 양도권을 부여할 수 있으며 매매가격은 시세가격으로 한다.
현금납부 예시
대상지: 부지면적:
3,000㎡(철도부지), 제3종일반주거지역 → 준주거지역
기본용적률 및 상한용적률 부여에 따른 공공기여량 산정
기본용적률 | 상한용적률
400% | 500%
구 분 | 산출근거
기본용적률 | 공공기여율 | 부지면적의 10%
공공기여 | 토지면적 | 300 ㎡ ( = 3,000 ㎡ × 0.1)
상한용적률 공공기여 | 완 화용적률 | 100% ( = 500% - 400%)
공공기여량 | 50% ( = 100% × 1/2)
공공기여율 | 10% ( = 50% / 500%)
토지면적 | 300 ㎡ ( = 3,000 ㎡ × 0.1)
공공기여 총 량(토지면적) | 600 ㎡ ( = 300 ㎡ + 300 ㎡ )
현 금 납부 | 감정평가 액 | 6,000,000원/ ㎡
납부 액 | 3,600,000,000원
구분 | 통합실외기 설치기준 | 유지 · 관리 기준 | 반영여부 (○, ×) 실외 규모
‧ 바닥 면적 6.5 x 1.03 = 6.7 ㎡ 이상 | ‧ 주택건설기준 관한 규 정 실외 기 열 교 환 및 유지보수 반영 ‧ 실외기를 공유하는 세대의 규모 에 따라 효 율적인 기기 선정 ‧ 실외기 보관장소의 입지와 면적의 적정 성 위원회에서 검토 | 등에 에 대해 | 실외기 실면적
‧ 에너지 효 율 등급 1등급~2등급 만족 | ‧ 주요시 책 사 항 중 에너지1등급을 선택 할 경우해당시설기준반 드 시준수 |  | 냉방 능력
‧ 단상 2선식 220 V 60H Z ‧ 실외기 및 실내기 전원은 반 드 시 주 전원차단기와 ELB ( 누 전차단기)를 설 치하고 각 개별 실외기용 전원차단기 와 ELB 를 설치해 야 한다 ‧ 배전반에서실외기간 거리가 50 M 이상 시 전 압 강화고 려 전선 굵 기 재 선정 필요 | ‧ 세대별, 전체가 제어 가능한 시 스 템 이여 야 하고, 세대별 전 력 사용 량에 따른 요 금 을 배분 할 것 |  | 전원
‧ 장배관 50m 이하, 고 저 차10m 이하 | ‧ 길 이 50m 이하, 고 저 차 10m 이 하. 다만, 효 율 성 등을 감안, 위원회 에서 인정하는 경우 예외적으로 가능 |  | 배관
‧ 매년 1회 정기적인 점 검과 유지보수 에 필요한 조치를 하여 야 함 ‧ 실내기별개별 운전 제어 / 관리실운전및 장비 상 태 모 니터 링 / 원 격 제어중택일 | ‧ 정기 점 검비용 및 교체 · 보수비용 은 사업주 부 담 ‧ 서울시, SH소유의 경우는 개별사 업장별로 사업주와 협의에 의함 |  | 제어
‧ 단면 형상이 매 끈할 것 (우수방지용 루버 사용 불 가), ‧ 루버 면적 > 실외기 토출면적+ 흡 입면 적, 개구율 80% 이상일 것 , 흡 입 풍 속 은2m/ s 이하일 것 ‧ 루버 각도는 수평을 권장하며 최대 20 도를 넘 지 않을 것 |  |  | 실외기 루버
내 용 | 반영여부 ( ○ , × ) | 미반영 사유
안심주택사업 대상지의 적정성 여부 |  | 
• 역세권 범 위 내 위치 • 인접 및 도로기준 만족 |  | 
• 의료시설 범 위 만족 (임대주택 100% 어르신세대 계획 시) |  | 
• 도시 환 경정비구역, 정비예정구역 여부 등 확인 |  | 
• 노후 건축물 기준 만족 여부 |  | 
• 도로 등의 설치 시 용도지역상향 |  | 
• 일조 수인한도 만족여부 |  | 
용적률 적용사항 |  | 
• 용적률 적용의 적정성 |  | 
• 공공기여율 기본, 상한으로 |  | 
• 커뮤니티시설 설치 면적의 적정여부 |  | 
• 커뮤니티시설 계획 프로그램의 |  | 
• 부설주차장 설치여부 |  | 
• 소셜 믹스 계획의 적정 여부 |  | 
건축 계획 |  | 
배치 계획 |  | 
• 지하 철 역 또는 버스 정 류 장부터 주 출입구까지 합리적인 보행 접근 체계도 제시 |  | 
• 광역교통도면 제시 |  | 
• 주유소 등의 이격 |  | 
• 진출입도로 6m 확보 |  | 
• 대지안의 공지기준(건축법) |  | 
• 채 광방 향 건축물의 높 이 제한 준수(준주거지역, 근린상업지역) |  | 
내 | 용 반영여부 ( ○ , × ) | 미반영 사유
계획 |  | 
• 남녀 • • • 모든 • • 우 편 물 가능하도 • 쓰 • 소방자동차 • CCTV 코어 계획 E/V • 엘 리 베 |  | 
정의 | 이터 대수 산 적정 성 | 
• | 계획(어르신 세대 계획 시) | 
 | 화장실 출입구가 대면하지 않도 록 계획 | 
 | 외기에 면한 공간에 충분한 공간의 방 풍 실 계획 | 
 | 근린생활시설의 복 도는 안목치수 2m 이상 계획 | 
 | 근생이 내부 복 도로 연결 되 도 록 계획 | 
 | 주거부 코어와 연계한 로비공간 계획 | 
택배함 | 수 취 함(무인 등) 계획(경비실 등에서 자연적 감시 | 
 | 레기 처리시설(조업 주차 공간 마련) 계획 | 
 | 전용구획 설치 (해당시) | 
 | 설치 위치도 제시 | 
 | 계획 | 
 | • 계단실형 코어는 계단실마다 계획 | 
 | • 엘 리 베 이터 홀 의 너비는 안목치수 2.8m 이상 | 
 | 계단실 계획 | 
 | • 직통계단 개소의 적정 성 | 
 | • 특별 피난 계단, 피난 계단 계획의 | 
 | 적정 성 | 
 | 복도 계획 | 
측복 |  | 
내 용 | 반영여부 ( ○ , × ) | 미반영 사유
• 중복도 문이 양쪽에 있을 • 출입문이 한쪽에만 있을 |  | 
• 출입문이 한 쪽 에만 있을 때 안목치수 1.6m 이상 |  | 
• 기계식 주차 타워 가 개인공간에 인접 할 경우 소음 · 진동방지 대 책 마련 |  | 
• 측벽 세대는 가능한 2면 |  | 
• 전용면적 기준 1인 세대 23 ㎡ 이상, 2인 세대 44 ㎡ 이상(권장) 으로 계획 |  | 
• 단위세대 내 빌 트인 가구, 가전 설치 (내역, 사양, 에너지 효 율등급 등 제시) |  | 
• 보일 러 실, 실외기 설치 공간 확보하거나 통합실외기실 설치 |  | 
• 전기 · 가 스 · 수도 등 검침용 기기는 세대 외부에 설치 |  | 
• 실제 이용 가능한 옥상조경 |  | 
• 태양광 설비 설치의 |  | 
• 엘 리 베 이터가 옥 상 층 까지 연결 되 도 록 계획 |  | 
• 방풍실 설치 |  | 
• 현관문, 거실 · 욕실문 유 효 폭 0.9m 이상 확보 |  | 
• 거실, 침실은 무단차로 |  | 
• 어르신 신체특 징 을 고 려 한 세면대, 싱크대 설치 |  | 
• 화장실 안전 손잡 이 설치, 샤워 실 벽 면의자 설치 |  | 
• 실내도어는 미닫이문 |  | 
• 충격 흡수성 및 미끄럼방지 |  | 
• 침실, 화장실 등 동 작 감지설비 및 응 급구조 자동전 송 시 스템 설치 |  | 
• 돌출부, 예각부 원형 처리 |  | 
• 스마트 기기와 연동 IoT |  | 
내 용 반영여부 ( ○ , × ) | 미반영 사유
간선 도로변에 측벽 계획 지양 주변 건물 현 황 표현 (자동차, 사 람 , 나무, 주변 건물의 재질 , 창문 BIPV 시 스템 도입하여 계획 | 
• 기준층 층고 3m 이상 (최상층과 최하층은 공간 확보), 천장높이 2.4m 이상 | 
• 지하 주차장으로 내려가는 경사로 높이는 2.7m | 
• 장비 반입구 계획 입면 계획 | 
• | 
• 위치) | 
• | 
• 수직배관 노출 설치지양 (설치 시 세대 내 침입 불 가능하도 록 방안마련) | 
동선 계획 | 
• 차량동선이 순환되 도 록 계획, 막 다른 길 일 경우 회차공간 설치 | 
• 비주거 / 주거 주차구획이 구분 되 도 록 차단기 설치 | 
• 지상층 긴급(의료)차량 주차 공간 확보 | 
• 평행주차 지양 | 
• 나눔카 집 중 배치(설치 시) | 
• 주차장 내부에서 회전 시 R값 5m 이상 확보 권장 | 
• 차로 폭 6.5m 이상 권장 | 
• 장애인 전용 주차구획은 코어 인근에 배치 | 
• 장애인 전용 주차구획에서 코어까지 진입하는 | 
• 기둥과 벽에 의한 사각지대가 생기지 않도록 | 
내 용 | 반영여부 ( ○ , × ) | 미반영
 | 기계식 주차 |  | 
 | 초과되는 20대마다 대기주차 구획 |  | 
 | 확보, 필요시 턴테이블 설치 |  | 
 | 장치의 스펙 제시 |  | 
[붙임4]
서울형 공유주택 계획 체크리스트
내 용 | 반영여부 ( ○ , × ) | 미반영 사유
서울형 공유주택사업 대상지의 • 역세권 범위 내 위치 |  | 
• 역세권 범 위 내 위치 • 인접 및 도로기준 만족 • 의료시설 범 위 만족 |  | 
• 도시 환 경정비구역, 정비예정구역 여부 등 확인 |  | 
• 도로 등의 설치 시 용도지역상 향 제외 여부 |  | 
• 일조 수인한도 만족여부 |  | 
용적률 적용사항 |  | 
• 용적률 적용의 적정 성 |  | 
• 공공기여율 기본, 상한으로 분리하여 제시 |  | 
• 소 셜 믹스 계획의 적정 여부 |  | 
건축 계획 |  | 
건축 계획 |  | 
• 광역교통도면 제시 |  | 
• 주유소 등의 이 격 |  | 
• 진출입도로 6m 확보 |  | 
• 대지안의 공지기준 (건축법) |  | 
• 범죄 예방 건축기준 준수 |  | 
평면 계획 |  | 
평면 계획 저층부 계획 |  | 
• 계획고, 현황고 등 표시 |  | 
• 주거/비주거 동선 분리 |  | 
• 대지 규모 별 자주식 주차장 비율 및 진출입 계획 |  | 
내 용 반영여부 ( ○ , × ) | 미반영 | 사유
• 남녀 화장실 출입구가 |  | 
• 외기에 면한 공간에 충분한 공간의 방 풍 실 계획 |  | 
• 근린생활시설의 복도는 • 모든 근생이 내부 복도로 |  | 
• 모든 근생이 내부 복 도로 연결 되 도 록 계획 |  | 
• 주거부 코어와 연계한 로비공간 계획 |  | 
• 쓰 레기 처리시설(조업 주차 공간 마련) 계획 |  | 
• 소방자동차 전용구획 설치 (해당시) |  | 
• CCTV 설치 위치도 제시 |  | 
• 전기 · 가 스 · 수도 등 통합관리 가능하도 록 계획 |  | 
E/V 계획 |  | 
E/V 계획 |  | 
• 계단실형 코어는 계단실마다 • 엘리베이터 홀의 너비는 |  | 
• 엘 리 베 이터 홀 의 너비는 안목치수 1.5m |  | 
이상 |  | 
계단실 계획 |  | 
• 계단실간 거리의 적정 성 |  | 
• 특별 피난 계단, 피난 계단 계획의 적정 성 |  | 
• 양 측복 도 끝 이 외기에 접하도 록 (자연 환 기, 채 광) 계획 |  | 
• 개인공간 출입문이 마주보지 않고 피난 방 향 으로 개 폐 |  | 
• 중 복 도 문이 양 쪽 에 있을 때 안목치수 1.8m 이상 |  | 
• 출입문이 한쪽에만 있을 기준층 계획 |  | 
기준층 계획 |  | 
• 측벽 개인공간은 가능한 |  | 
• 통합 보일러실, 통합 실외기 |  | 
내 용 | 반영여부 ( ○ , × ) | 미반영 사유
• 주거서비 스 인증(우수 이상) 이행 • 특화공간 외부 설치시 면적의 1/2로 산 정 • 접근 동선을 고 려 한 계획 • 공유주방(식당) 및 공유세탁실은 5개 층 이내 배치 권장 • 공유공간 용도 적정 성 제시 • 500인 이상인 경우 구내식당 설치 권장 • 우 편 물 수 취 함(택배보관실 등) 계획 • 1인당 1 ㎥ 이상 개별 창고 계획 |  | 
공유공간 계획 |  | 
계획 |  | 
단면 |  | 
• 주거부와 비주거부 사이 충분한 공간의 PIT층 계획, 점 검구 |  | 
계획 |  | 
• 천장 높 이 2.4m 이상 |  | 
내 용 반영여부 | ( ○ , × ) | 미반영 사유
• 지하 주차장으로 내 려 가는 경사로 높 이는 2.7m 이상 (탑차 출입 가능) |  | 
• 장비 반입구 계획 |  | 
입면 계획 |  | 
• 주변 건물 현 황 표현 (자동차, 사 람 , 나무, 주변 건물의 재질 , 창문 위치) |  | 
• BIPV 시 스템 도입하여 계획 |  | 
• 수직배관 노출 설치지양 (설치 시 개인공간 내 침입 불 가능하도 록 방안마련) |  | 
주차 계획 |  | 
주차 계획 |  | 
• 차량동선이 순환되 도 록 계획, 막 다른 길 일 경우 회차공간 설치 |  | 
• 비주거 / 주거 주차구획이 구분 되 도 록 차단기 설치 |  | 
• 입주자용, 개방용 대수 구분하여 표시 |  | 
배치 계획 |  | 
• 평행주차 지양 |  | 
• 나눔카 집 중 배치 |  | 
• 주차장 내부에서 회전 시 R값 5m 이상 확보 권장 |  | 
• 차로 폭 6.5m 이상 권장 |  | 
• 장애인 전용 주차구획은 코어 인근에 배치 |  | 
• 장애인 전용 주차구획에서 코어까지 진입하는 경로 표현 |  | 
• 기 둥 과 벽 에 의한 사각지대가 생기지 않도 록 배치 |  | 
기계식 주차 |  | 
• 20대가 초과되는 20대마다 |  | 
• 회전 공간 확보, 필요시 |  | 
• 기계식주차 장치의 스펙 |  | 
무장애 설계 가이드라인
부문 | 범주 | 평가항목 | 세부평가기준 | 반영여부 (O, X) 미반영사유
1.매개 시설 |  | 1.1.1 유 효 폭 | 전체구간의 접근로 유 효 폭 1.2m 이상 |  | 
 | 1.1.2 단차 | 전체구간 중 일부에 단차 2 c m 이하 |  | 
 | 1.1.3 기울기 | 접근로 전체구간 기울기가 1/18 (5%) 이하 |  | 
1.1 접근로 | 1.1.4 바닥 마감 | 모든 출입 접근로 중에서 50% 이상이 걸려 넘 어 질 염려 가 없 는 타 일 혹은 보도 블록 마감인 경우로 줄눈 이 있는 경우 1.0 c m 이하 |  | 
 | 1.1.5 보행 장애물 | 보행 장애물 | 접근로에 가로등, 간판 등이 설치 되 어 있는 경우 접근 방지용 난 간 또는 보 호벽 을 설치하여 보행자의 안전한 접근이 연 속 적으로 가능함 |  | 
 | 접근로와 차도의 경계 | 보행통로와 차도에 경계 석 이 설치 되 고 재질 과 색상 모 두 구분 됨 |  | 
 | 1.1.6 덮 개 | 높 이차 전 혀 없 으며, 격 자구 멍 ( 틈새 ) 등이 양방 향 모 두 2 c m 이하 |  | 
1.2 장애인 전용주 차구역 | 1.2.1 주차장에서 출입구까지의 경로 | 경사로를 이용하여 접근가능하며, 기울기가 1/12(8%) 이하로 설치 |  | 
 | 1.2.2 주차구역 크기 | 폭 3.3m 이상, 길 이 5.0m, 휠 체어 활동공간 노면표시 |  | 
 | 1.2.3 보행안전 통로 | 모든 구간에 안전보행통로(폭 1.2m 이상)가 연 속 적으로 설치 및 안전보행통로에서 출입구까지 동선은 차량의 간 섭없 이 안전하게 이동가능토 록 안전통로와 같 이 조치 |  | 
 | 1.2.4 안내 및 유도표시 | 주차장 입구에서 장애인 전용구역이 바 로 보이며, 바닥 및 입식 안내표시 설치 |  | 
1.3 출입구 | 1.3.1 | 높 이차이 | 0.75m 이상 단차가 발생 할 경우 (1.2m 이상 유 효 폭 경사로 설치) |  | 
(문) | 출입구(문)의 높 이차이 | 경사로 기울기 | 기울기 1/12(8%) 이하 |  | 
부문 | 범주 | 평가항목 | 세부평가기준 | 반영여부 (O, X) 미반영사유
2.내부 | 일반 출입문 | 1.3.2 출입문형 태 | 주출입구는 자동문을 1개소 이상 설치 |  | 
1.3.3 유 효 폭 | 출입구(문)의 유 효 폭 0.9m 이상 |  | 
1.3.4 단차 | 출입구(문) 단차 2 c m 이하 |  | 
1.3.5 전면 유 효 거리 | 출입구(문)의 전면 유 효 거리 1.2m 이상 |  | 
1.3.6 손잡 이 | 손잡 이는 0.8~0.9m에 위치, 레 버 형, 수평 또는 수직 막 대형 중 한 종 류 |  | 
1.3.7 경고 블록 | 출입구(문) 0.3m 전후면에 문폭만 큼 바닥 색상 및 재질 의 변화를 통하여 경고 표시 |  | 
시설 | 2.1 | 2.1.1 단차 | 모든 문에 단차 2 c m 이하 or 턱 낮 추기를 통하여 단차 극복 |  | 
2.1.2 유 효 폭 | 모든 문의 유 효 폭 0.9m 이상 |  | 
2.1.3 전면유 효 거리 | 휠 체어 사용자가 이용하는 모든 문의 전, 후면 유 효 거리 1.2m 이상 |  | 
2.1.4 손잡 이 | 손잡 이 높 이 : 중 앙 지 점 이 바닥 면으로부터 0.8~0.9m에 위치하도 록 설치 손잡 이형 태 : 레 버 형, 수평 또는 수직 막 대형 출입문: 여 닫 이 형 태 일 경우 출입문 옆 에 0.6m 이상의 활동공간 확보 |  | 
2.2 복 도 | 2.2.1 유 효 폭 | 모든 복 도의 유 효 폭 1.6m 이상 |  | 
2.2.2 단차 | 2 c m 이상 단차 발생 시 기울기 1/12(8%) 이하의 경사로 설치 |  | 
2.2.3 바닥 마감 | 미 끄럽 지 않으며 걸려 넘 어 질 염려 없 음 |  | 
2.2.4 보행장애물 | 벽 면에 돌 출물이 있으나 0.1m 이내로 설치 |  | 
2.2.5 연 속손잡 이 | 연 속손잡 이 설치(1단 설치) |  | 고령자 복지주택 적용
범주 | 평가항목 | 세부평가기준 | 반영여부 (O, X) 미반영사유
2.3 계단 | 2.3.1 형 태 및 유 효 폭 | 모든 계단 및 참 의 유 효 폭 1.2m 이상 확보 |  | 
2.3.2 챌 면 및 디딤 판 | 모든 계단에 챌 면 설치, 챌 면 0.18m 이하, 디딤 판 0.28m 이상, 챌 면의 기울기는 디딤 판의 수평면으로부터 60 ˚ 이상으로 설치 / 계단코는 3 c m이하로 설치 |  | 
2.3.3 바닥 마감 | 계단코에 경 질 고무 류 , 줄눈 등의 미 끄럼 방지 설비를 설치하고, 걸려 넘 어 질 염려 없 음 |  | 
2.3.4 손잡 이 | 연 속손잡 이 1단 설치 / 주변으로부터 쉽 게 구분가능 |  | 
2.3.5 점 형 블록 | 계단 참 을 포함하여 계단의 시 작 과 끝 지 점 에 바닥 재질 변화를 통한 경고표시 설치 |  | 
2.4 경사로 | 2.4.1 유 효 폭 | 경사로의 유 효 폭이 1.2m 이상 |  | 
2.4.2 기울기 | 1/12(8%) 이하로 설치하고, 횡 단 구배가 없 음 |  | 
2.4.3 바닥 마감 | 사용하고, 걸려 넘어질 염려 없음 |  | 
2.4.4 활동공간 및 휴식 참 | 바닥 면으로부터 높 이0.75m 이내마다 수평면으로 된 1.5m이상을 휴식 참 설치, 경사로의 시 작 과 끝 , 굴 절부분 및 참 에는 1.5m x 1.5m이상의 활동공간 확보 |  | 
2.4.5 손잡 이 | 연 속손잡 이 1단 설치 / 색상 및 명 도차이가 명 확해서 주변으로부터 쉽 게 구분 가능 |  | 
2.5 승강기 | 2.5.1 전면활동공간 | 전면에 1.5 X 1.5m 이상의 활동공간 확보 |  | 
2.5.2 통과 유 효 폭 | 통과 유 효 폭 0.8m 이상, 승강장 바닥 과 승강기 바닥 의 틈 은 3 c m 이하, 되열림 장치 설치 |  | 
2.5.3 유 효 바닥 면적 | 폭 1.6m이상, 깊 이 1.35m 이상 |  | 
범주 | 평가항목 | 세부평가기준 |  | 반영여부 (O, X) | 미반영사유
 |  | 0.8~1.2m, 양각형태의 | 외부 조 작 설비 태 의 버튼 식 설치, 버튼 을 누 르면 표시등이 켜짐 |  | 
 | 2.5.4 이용자 조 작 설비 | 내부 가로 조 작 설비 | 양각형 태 의 버튼 식을 설치, 버튼 을 누 르면 점멸 등이 켜 지고, 음 성 으로 층 수 안내, 버튼 크기 최소 2 c m이상, 설치 높 이0.8~1.2m, 내부 모 서리로부터 최소 0.4m 떨 어 져 서 설치 |  | 
 |  | 내부 세로 조 작 설비 | 양각형 태 의 버튼 식 설치, 버튼 을 누 르면 표시등이 켜 지고 음 성 으로 층 수 안내 ( 버튼 크기 2 c m 이상), 설치 높 이 1.5m의 범 위 내에 설치, |  | 
 | 2.5.5 시각 및 청각 장애인 안내장치 |  | 승강장에 승강기 도 착 여부를 점멸 과 음 향 으로 안내, 승강기 내부에 승강기의 운행 상 황 , 도 착층 을 표시하는 표시등 및 음 성 으로 안내 |  | 
 | 2.5.6 수평 손잡 이 |  | 수평 손잡 이가 높 이 0.85 c m ± 5 c m, 지 름 3.2~3.8 c m로 벽 과 손잡 이 간 격 5 c m 내외로 설치 |  | 
3.1 장애인 등이 이용 가능한 화장실 | 3.1.1 장애유형별 대 응 방법 |  | 최소 1개 이상의 장애인 등이 이용가능한 화장실 (장애인 대변기는 남 자용 및 여자용 각각1개 이상 설치) |  | 
 | 3.1.2 안내표지판 |  | 화장실 출입문 및 벽 면의 1.5m 높 이에 점 자표기를 포함한 남 ․ 여 구분 안내표지 있음 점 자표지 0.3m 전면에 바닥재질 변화를 통한 경고표시 설치 |  | 
3.2 장애인 등이 이용 가능한 화장실 의접근 | 3.2.1 유 효 폭및 단차 | 유 효 폭 | 0.9m 이상 통로폭 확보 |  | 
 |  | 단차 | 단차 2 c m 이하 또는 경사로 1/12이하 설치 |  | 
 | 3.2.2 바닥 마감 |  | 물이 묻 어도 미 끄럽 지 않은 타 일 혹은 판 석 마감, 줄눈 1 c m 이하 |  | 
 | 3.2.3 출입구(문) |  | 유 효 폭 0.9m 이상의 여 닫 이, 미 닫 이 등의 출입문 형 태 로 설치 |  | 
3.3 장애인 등이 이용 가능한 대변기 | 3.3.1 칸막 이 | 유 효 폭 | 유 효 폭 0.9m 이상. |  | 
 |  | 형 태 | 내부공간이 확보 된 밖 여 닫 이문 또는 미 닫 이 형 태 |  | 
 | 출입문 | 사용여부 설비 | 색상으로 사용여부 알 수 있음 |  | 
 | 잠금 장치 |  | 잠금 장치 설치 |  | 
범주 | 평가항목 | 세부평가기준 | 반영여부 (O, X) 미반영사유
 | 3.3.2 활동공간 | 대변기 유 효바닥 면적이 폭 1.6m이상, 깊 이 2.0m이상, 대변기 측 면 활동공간 0.75m 이상 확보 대변기 전면 활동공간 1.4mx1.4m 이상 확보 |  | 
 | 3.3.3 형 태 | 대변기는 양변기 설치, 좌 대 높 이는 바닥 면으로부터 0.4~0.45m |  | 
 | 3.3.4 손잡 이 | 대변기 양 옆 에 수평 손잡 이는 높 이 0.6m~0.7m 위치에 설치 변기 중심에서 좌 우 0.45m 이내의 지 점 에 고정하여 설치 다른 쪽 손잡 이는 회전식으로 간 격 은 0.6m 내외로 설치 손잡 이간의 간 격 0.7m 내외 설치 수직 손잡 이는 수평 손잡 이와 연결하여 0.9m 이상 길 이로 설치 손잡 이 두 께 는 지 름 3.2 c m~3.8 c m가 되 도 록 설치 |  | 
 | 3.3.5 기 타 설비 | 대변기에 비상 호 출 벨 및 등 받 이 설치 앉 은 상 태 에서 화장지 걸 이등의 기 타 설비가 이용 가능하도 록 설치 세정장치는 바닥 및 벽 면 누름 버튼 장치 설치 or 광감지식 비상용 벨 은 대변기 가까운 곳 에 0.6m~0.9m 높 이 사이에 위치, 바닥 면으로부터 0.2m내외 높 이에서도이용가능 자동문 설치시, 버튼 은 0.8m~0.9m 높 이로 설치, 코너로부터 0.4m 이상 이 격 설치 조 명스 위치 및 화장지 걸 이는 0.8m~1.2m 높 이 이내 설치 |  | 
3.4 소변기 | 3.4.1 소변기형 태 및 손잡 이 | 수평 손잡 이는 높 이 0.8m~0.9m, 길 이는 벽 면으로부터 0.55m 내외, 좌 우 손잡 이간 격 0.6m 내외, 수직 손잡 이는 높 이 1.1m~1.2m, 돌 출폭 벽 면으로부터 0.25m 내외, 하단부가 휠 체어의 이동에 방해가 되 지 않도 록 설치 / 손잡 이 두 께 는 지 름 3.2~3.8m |  | 
3.5 세면대 | 3.5.1 형 태 | 세면대의 상단 높 이는 바닥 면으로부터 0.85m, 하단은 깊 이 0.45m, 높 이 0.65m 확보 |  | 
3.5.2 거울 | 세로 길 이 0.65m 이상, 하단 높 이 바닥 면으로부터 0.9m 이내 전면거울 설치 |  | 
3.5.3 수도 꼭 지 | 누름버튼 식, 레 버 식 등 사용하기 쉬 운 형 태 로 설치하며, 냉, 온 수 점 자표시 |  | 
부문 | 범주 | 평가항목 | 세부평가기준 | 반영여부 (O, X) 미반영사유 마감
4.단위 세대 | 5.1 단위 세대 | 4.1.1 내부 바닥 | 바닥 면에 높 이차이를 두지 않으며, 표면은 미 끄럽 지 않는 재질 로 평 탄 하게 마감 |  | 
4.1.2 유 효 폭 및 단차 | 출입문 통과 유 효 폭 0.9m이상, 출입문 단차 2 ㎝ 이하 |  | 
4.1.3 유 효바닥 면 | 화장실 유 효 바닥 면적이 폭1.6m 이상, 깊 이 2.0m 이상이 되 도 록 설치 |  | 
4.1.4 손잡 이 | - 대변기 양 옆 에 수평 손잡 이는 높 이 0.6m~0.7m 위치에 설치 변기중심에서 0.4m이내의 지 점 에 고정하여 설치 -반대 쪽 손잡 이는 좌 ․ 우 회전식 또는 상 ․ 하회전식으로 간 격 은 0.75m내로 설치 -수직 손잡 이는 수평 손잡 이와 연결하여 0.8m~0.9m 길 이로 설치 - 손잡 이 두 께 는 지 름 3.2 ㎝ ~3.8 ㎝ 가 되 도 록 설치 |  | 
4.1.5 설치 높 이 | 콘 센트, 스 위치, 수납선반, 옷 걸 이 등의 설치 높 이는 바닥 면으로부터 0.8m~1.2m 이하로 설치 |  | 
[붙임6] 서울형 공유주택 건축설계기준 (별첨)","4-7-4. 입주대상자가 신혼부부인 민간임대주택의 경우 임차인이 10년 거주하면, 우 선 양도권을 부여할 수 있으며 매매가격은 시세가격으로 한다. 현금납부 예시 대상지: 부지면적: 3,000㎡(철도부지), 제3종일반주거지역 → 준주거지역 기본용적률 및 상한용적률 부여에 따른 공공기여량 산정 기본용적률 | 상한용적률 400% | 500% 구 분 | 산출근거 기본용적률 | 공공기여율 | 부지면적의 10% 공공기여 | 토지면적 | 300 ㎡ ( = 3,000 ㎡ × 0.1) 상한용적률 공공기여 | 완 화용적률 | 100% ( = 500% - 400%) 공공기여량 | 50% ( = 100% × 1/2) 공공기여율 | 10% ( = 50% / 500%) 토지면적 | 300 ㎡ ( = 3,000 ㎡ × 0.1) 공공기여 총 량(토지면적) | 600 ㎡ ( = 300 ㎡ + 300 ㎡ ) 현 금 납부 | 감정평가 액 | 6,000,000원/ ㎡ 납부 액 | 3,600,000,000원 구분 | 통합실외기 설치기준 | 유지 · 관리 기준 | 반영여부 (○, ×) 실외 규모 ‧ 바닥 면적 6.5 x 1.03 = 6.7 ㎡ 이상 | ‧ 주택건설기준 관한 규 정 실외 기 열 교 환 및 유지보수 반영 ‧ 실외기를 공유하는 세대의 규모 에 따라 효 율적인 기기 선정 ‧ 실외기 보관장소의 입지와 면적의 적정 성 위원회에서 검토 | 등에 에 대해 | 실외기 실면적 ‧ 에너지 효 율 등급 1등급~2등급 만족 | ‧ 주요시 책 사 항 중 에너지1등급을 선택 할 경우해당시설기준반 드 시준수 | | 냉방 능력 ‧ 단상 2선식 220 V 60H Z ‧ 실외기 및 실내기 전원은 반 드 시 주 전원차단기와 ELB ( 누 전차단기)를 설 치하고 각 개별 실외기용 전원차단기 와 ELB 를 설치해 야 한다 ‧ 배전반에서실외기간 거리가 50 M 이상 시 전 압 강화고 려 전선 굵 기 재 선정 필요 | ‧ 세대별, 전체가 제어 가능한 시 스 템 이여 야 하고, 세대별 전 력 사용 량에 따른 요 금 을 배분 할 것 | | 전원 ‧ 장배관 50m 이하, 고 저 차10m 이하 | ‧ 길 이 50m 이하, 고 저 차 10m 이 하. 다만, 효 율 성 등을 감안, 위원회 에서 인정하는 경우 예외적으로 가능 | | 배관 ‧ 매년 1회 정기적인 점 검과 유지보수 에 필요한 조치를 하여 야 함 ‧ 실내기별개별 운전 제어 / 관리실운전및 장비 상 태 모 니터 링 / 원 격 제어중택일 | ‧ 정기 점 검비용 및 교체 · 보수비용 은 사업주 부 담 ‧ 서울시, SH소유의 경우는 개별사 업장별로 사업주와 협의에 의함 | | 제어 ‧ 단면 형상이 매 끈할 것 (우수방지용 루버 사용 불 가), ‧ 루버 면적 > 실외기 토출면적+ 흡 입면 적, 개구율 80% 이상일 것 , 흡 입 풍 속 은2m/ s 이하일 것 ‧ 루버 각도는 수평을 권장하며 최대 20 도를 넘 지 않을 것 | | | 실외기 루버 내 용 | 반영여부 ( ○ , × ) | 미반영 사유 안심주택사업 대상지의 적정성 여부 | | • 역세권 범 위 내 위치 • 인접 및 도로기준 만족 | | • 의료시설 범 위 만족 (임대주택 100% 어르신세대 계획 시) | | • 도시 환 경정비구역, 정비예정구역 여부 등 확인 | | • 노후 건축물 기준 만족 여부 | | • 도로 등의 설치 시 용도지역상향 | | • 일조 수인한도 만족여부 | | 용적률 적용사항 | | • 용적률 적용의 적정성 | | • 공공기여율 기본, 상한으로 | | • 커뮤니티시설 설치 면적의 적정여부 | | • 커뮤니티시설 계획 프로그램의 | | • 부설주차장 설치여부 | | • 소셜 믹스 계획의 적정 여부 | | 건축 계획 | | 배치 계획 | | • 지하 철 역 또는 버스 정 류 장부터 주 출입구까지 합리적인 보행 접근 체계도 제시 | | • 광역교통도면 제시 | | • 주유소 등의 이격 | | • 진출입도로 6m 확보 | | • 대지안의 공지기준(건축법) | | • 채 광방 향 건축물의 높 이 제한 준수(준주거지역, 근린상업지역) | | 내 | 용 반영여부 ( ○ , × ) | 미반영 사유 계획 | | • 남녀 • • • 모든 • • 우 편 물 가능하도 • 쓰 • 소방자동차 • CCTV 코어 계획 E/V • 엘 리 베 | | 정의 | 이터 대수 산 적정 성 | • | 계획(어르신 세대 계획 시) | | 화장실 출입구가 대면하지 않도 록 계획 | | 외기에 면한 공간에 충분한 공간의 방 풍 실 계획 | | 근린생활시설의 복 도는 안목치수 2m 이상 계획 | | 근생이 내부 복 도로 연결 되 도 록 계획 | | 주거부 코어와 연계한 로비공간 계획 | 택배함 | 수 취 함(무인 등) 계획(경비실 등에서 자연적 감시 | | 레기 처리시설(조업 주차 공간 마련) 계획 | | 전용구획 설치 (해당시) | | 설치 위치도 제시 | | 계획 | | • 계단실형 코어는 계단실마다 계획 | | • 엘 리 베 이터 홀 의 너비는 안목치수 2.8m 이상 | | 계단실 계획 | | • 직통계단 개소의 적정 성 | | • 특별 피난 계단, 피난 계단 계획의 | | 적정 성 | | 복도 계획 | 측복 | | 내 용 | 반영여부 ( ○ , × ) | 미반영 사유 • 중복도 문이 양쪽에 있을 • 출입문이 한쪽에만 있을 | | • 출입문이 한 쪽 에만 있을 때 안목치수 1.6m 이상 | | • 기계식 주차 타워 가 개인공간에 인접 할 경우 소음 · 진동방지 대 책 마련 | | • 측벽 세대는 가능한 2면 | | • 전용면적 기준 1인 세대 23 ㎡ 이상, 2인 세대 44 ㎡ 이상(권장) 으로 계획 | | • 단위세대 내 빌 트인 가구, 가전 설치 (내역, 사양, 에너지 효 율등급 등 제시) | | • 보일 러 실, 실외기 설치 공간 확보하거나 통합실외기실 설치 | | • 전기 · 가 스 · 수도 등 검침용 기기는 세대 외부에 설치 | | • 실제 이용 가능한 옥상조경 | | • 태양광 설비 설치의 | | • 엘 리 베 이터가 옥 상 층 까지 연결 되 도 록 계획 | | • 방풍실 설치 | | • 현관문, 거실 · 욕실문 유 효 폭 0.9m 이상 확보 | | • 거실, 침실은 무단차로 | | • 어르신 신체특 징 을 고 려 한 세면대, 싱크대 설치 | | • 화장실 안전 손잡 이 설치, 샤워 실 벽 면의자 설치 | | • 실내도어는 미닫이문 | | • 충격 흡수성 및 미끄럼방지 | | • 침실, 화장실 등 동 작 감지설비 및 응 급구조 자동전 송 시 스템 설치 | | • 돌출부, 예각부 원형 처리 | | • 스마트 기기와 연동 IoT | | 내 용 반영여부 ( ○ , × ) | 미반영 사유 간선 도로변에 측벽 계획 지양 주변 건물 현 황 표현 (자동차, 사 람 , 나무, 주변 건물의 재질 , 창문 BIPV 시 스템 도입하여 계획 | • 기준층 층고 3m 이상 (최상층과 최하층은 공간 확보), 천장높이 2.4m 이상 | • 지하 주차장으로 내려가는 경사로 높이는 2.7m | • 장비 반입구 계획 입면 계획 | • | • 위치) | • | • 수직배관 노출 설치지양 (설치 시 세대 내 침입 불 가능하도 록 방안마련) | 동선 계획 | • 차량동선이 순환되 도 록 계획, 막 다른 길 일 경우 회차공간 설치 | • 비주거 / 주거 주차구획이 구분 되 도 록 차단기 설치 | • 지상층 긴급(의료)차량 주차 공간 확보 | • 평행주차 지양 | • 나눔카 집 중 배치(설치 시) | • 주차장 내부에서 회전 시 R값 5m 이상 확보 권장 | • 차로 폭 6.5m 이상 권장 | • 장애인 전용 주차구획은 코어 인근에 배치 | • 장애인 전용 주차구획에서 코어까지 진입하는 | • 기둥과 벽에 의한 사각지대가 생기지 않도록 | 내 용 | 반영여부 ( ○ , × ) | 미반영 | 기계식 주차 | | | 초과되는 20대마다 대기주차 구획 | | | 확보, 필요시 턴테이블 설치 | | | 장치의 스펙 제시 | | [붙임4] 서울형 공유주택 계획 체크리스트 내 용 | 반영여부 ( ○ , × ) | 미반영 사유 서울형 공유주택사업 대상지의 • 역세권 범위 내 위치 | | • 역세권 범 위 내 위치 • 인접 및 도로기준 만족 • 의료시설 범 위 만족 | | • 도시 환 경정비구역, 정비예정구역 여부 등 확인 | | • 도로 등의 설치 시 용도지역상 향 제외 여부 | | • 일조 수인한도 만족여부 | | 용적률 적용사항 | | • 용적률 적용의 적정 성 | | • 공공기여율 기본, 상한으로 분리하여 제시 | | • 소 셜 믹스 계획의 적정 여부 | | 건축 계획 | | 건축 계획 | | • 광역교통도면 제시 | | • 주유소 등의 이 격 | | • 진출입도로 6m 확보 | | • 대지안의 공지기준 (건축법) | | • 범죄 예방 건축기준 준수 | | 평면 계획 | | 평면 계획 저층부 계획 | | • 계획고, 현황고 등 표시 | | • 주거/비주거 동선 분리 | | • 대지 규모 별 자주식 주차장 비율 및 진출입 계획 | | 내 용 반영여부 ( ○ , × ) | 미반영 | 사유 • 남녀 화장실 출입구가 | | • 외기에 면한 공간에 충분한 공간의 방 풍 실 계획 | | • 근린생활시설의 복도는 • 모든 근생이 내부 복도로 | | • 모든 근생이 내부 복 도로 연결 되 도 록 계획 | | • 주거부 코어와 연계한 로비공간 계획 | | • 쓰 레기 처리시설(조업 주차 공간 마련) 계획 | | • 소방자동차 전용구획 설치 (해당시) | | • CCTV 설치 위치도 제시 | | • 전기 · 가 스 · 수도 등 통합관리 가능하도 록 계획 | | E/V 계획 | | E/V 계획 | | • 계단실형 코어는 계단실마다 • 엘리베이터 홀의 너비는 | | • 엘 리 베 이터 홀 의 너비는 안목치수 1.5m | | 이상 | | 계단실 계획 | | • 계단실간 거리의 적정 성 | | • 특별 피난 계단, 피난 계단 계획의 적정 성 | | • 양 측복 도 끝 이 외기에 접하도 록 (자연 환 기, 채 광) 계획 | | • 개인공간 출입문이 마주보지 않고 피난 방 향 으로 개 폐 | | • 중 복 도 문이 양 쪽 에 있을 때 안목치수 1.8m 이상 | | • 출입문이 한쪽에만 있을 기준층 계획 | | 기준층 계획 | | • 측벽 개인공간은 가능한 | | • 통합 보일러실, 통합 실외기 | | 내 용 | 반영여부 ( ○ , × ) | 미반영 사유 • 주거서비 스 인증(우수 이상) 이행 • 특화공간 외부 설치시 면적의 1/2로 산 정 • 접근 동선을 고 려 한 계획 • 공유주방(식당) 및 공유세탁실은 5개 층 이내 배치 권장 • 공유공간 용도 적정 성 제시 • 500인 이상인 경우 구내식당 설치 권장 • 우 편 물 수 취 함(택배보관실 등) 계획 • 1인당 1 ㎥ 이상 개별 창고 계획 | | 공유공간 계획 | | 계획 | | 단면 | | • 주거부와 비주거부 사이 충분한 공간의 PIT층 계획, 점 검구 | | 계획 | | • 천장 높 이 2.4m 이상 | | 내 용 반영여부 | ( ○ , × ) | 미반영 사유 • 지하 주차장으로 내 려 가는 경사로 높 이는 2.7m 이상 (탑차 출입 가능) | | • 장비 반입구 계획 | | 입면 계획 | | • 주변 건물 현 황 표현 (자동차, 사 람 , 나무, 주변 건물의 재질 , 창문 위치) | | • BIPV 시 스템 도입하여 계획 | | • 수직배관 노출 설치지양 (설치 시 개인공간 내 침입 불 가능하도 록 방안마련) | | 주차 계획 | | 주차 계획 | | • 차량동선이 순환되 도 록 계획, 막 다른 길 일 경우 회차공간 설치 | | • 비주거 / 주거 주차구획이 구분 되 도 록 차단기 설치 | | • 입주자용, 개방용 대수 구분하여 표시 | | 배치 계획 | | • 평행주차 지양 | | • 나눔카 집 중 배치 | | • 주차장 내부에서 회전 시 R값 5m 이상 확보 권장 | | • 차로 폭 6.5m 이상 권장 | | • 장애인 전용 주차구획은 코어 인근에 배치 | | • 장애인 전용 주차구획에서 코어까지 진입하는 경로 표현 | | • 기 둥 과 벽 에 의한 사각지대가 생기지 않도 록 배치 | | 기계식 주차 | | • 20대가 초과되는 20대마다 | | • 회전 공간 확보, 필요시 | | • 기계식주차 장치의 스펙 | | 무장애 설계 가이드라인 부문 | 범주 | 평가항목 | 세부평가기준 | 반영여부 (O, X) 미반영사유 1.매개 시설 | | 1.1.1 유 효 폭 | 전체구간의 접근로 유 효 폭 1.2m 이상 | | | 1.1.2 단차 | 전체구간 중 일부에 단차 2 c m 이하 | | | 1.1.3 기울기 | 접근로 전체구간 기울기가 1/18 (5%) 이하 | | 1.1 접근로 | 1.1.4 바닥 마감 | 모든 출입 접근로 중에서 50% 이상이 걸려 넘 어 질 염려 가 없 는 타 일 혹은 보도 블록 마감인 경우로 줄눈 이 있는 경우 1.0 c m 이하 | | | 1.1.5 보행 장애물 | 보행 장애물 | 접근로에 가로등, 간판 등이 설치 되 어 있는 경우 접근 방지용 난 간 또는 보 호벽 을 설치하여 보행자의 안전한 접근이 연 속 적으로 가능함 | | | 접근로와 차도의 경계 | 보행통로와 차도에 경계 석 이 설치 되 고 재질 과 색상 모 두 구분 됨 | | | 1.1.6 덮 개 | 높 이차 전 혀 없 으며, 격 자구 멍 ( 틈새 ) 등이 양방 향 모 두 2 c m 이하 | | 1.2 장애인 전용주 차구역 | 1.2.1 주차장에서 출입구까지의 경로 | 경사로를 이용하여 접근가능하며, 기울기가 1/12(8%) 이하로 설치 | | | 1.2.2 주차구역 크기 | 폭 3.3m 이상, 길 이 5.0m, 휠 체어 활동공간 노면표시 | | | 1.2.3 보행안전 통로 | 모든 구간에 안전보행통로(폭 1.2m 이상)가 연 속 적으로 설치 및 안전보행통로에서 출입구까지 동선은 차량의 간 섭없 이 안전하게 이동가능토 록 안전통로와 같 이 조치 | | | 1.2.4 안내 및 유도표시 | 주차장 입구에서 장애인 전용구역이 바 로 보이며, 바닥 및 입식 안내표시 설치 | | 1.3 출입구 | 1.3.1 | 높 이차이 | 0.75m 이상 단차가 발생 할 경우 (1.2m 이상 유 효 폭 경사로 설치) | | (문) | 출입구(문)의 높 이차이 | 경사로 기울기 | 기울기 1/12(8%) 이하 | | 부문 | 범주 | 평가항목 | 세부평가기준 | 반영여부 (O, X) 미반영사유 2.내부 | 일반 출입문 | 1.3.2 출입문형 태 | 주출입구는 자동문을 1개소 이상 설치 | | 1.3.3 유 효 폭 | 출입구(문)의 유 효 폭 0.9m 이상 | | 1.3.4 단차 | 출입구(문) 단차 2 c m 이하 | | 1.3.5 전면 유 효 거리 | 출입구(문)의 전면 유 효 거리 1.2m 이상 | | 1.3.6 손잡 이 | 손잡 이는 0.8~0.9m에 위치, 레 버 형, 수평 또는 수직 막 대형 중 한 종 류 | | 1.3.7 경고 블록 | 출입구(문) 0.3m 전후면에 문폭만 큼 바닥 색상 및 재질 의 변화를 통하여 경고 표시 | | 시설 | 2.1 | 2.1.1 단차 | 모든 문에 단차 2 c m 이하 or 턱 낮 추기를 통하여 단차 극복 | | 2.1.2 유 효 폭 | 모든 문의 유 효 폭 0.9m 이상 | | 2.1.3 전면유 효 거리 | 휠 체어 사용자가 이용하는 모든 문의 전, 후면 유 효 거리 1.2m 이상 | | 2.1.4 손잡 이 | 손잡 이 높 이 : 중 앙 지 점 이 바닥 면으로부터 0.8~0.9m에 위치하도 록 설치 손잡 이형 태 : 레 버 형, 수평 또는 수직 막 대형 출입문: 여 닫 이 형 태 일 경우 출입문 옆 에 0.6m 이상의 활동공간 확보 | | 2.2 복 도 | 2.2.1 유 효 폭 | 모든 복 도의 유 효 폭 1.6m 이상 | | 2.2.2 단차 | 2 c m 이상 단차 발생 시 기울기 1/12(8%) 이하의 경사로 설치 | | 2.2.3 바닥 마감 | 미 끄럽 지 않으며 걸려 넘 어 질 염려 없 음 | | 2.2.4 보행장애물 | 벽 면에 돌 출물이 있으나 0.1m 이내로 설치 | | 2.2.5 연 속손잡 이 | 연 속손잡 이 설치(1단 설치) | | 고령자 복지주택 적용 범주 | 평가항목 | 세부평가기준 | 반영여부 (O, X) 미반영사유 2.3 계단 | 2.3.1 형 태 및 유 효 폭 | 모든 계단 및 참 의 유 효 폭 1.2m 이상 확보 | | 2.3.2 챌 면 및 디딤 판 | 모든 계단에 챌 면 설치, 챌 면 0.18m 이하, 디딤 판 0.28m 이상, 챌 면의 기울기는 디딤 판의 수평면으로부터 60 ˚ 이상으로 설치 / 계단코는 3 c m이하로 설치 | | 2.3.3 바닥 마감 | 계단코에 경 질 고무 류 , 줄눈 등의 미 끄럼 방지 설비를 설치하고, 걸려 넘 어 질 염려 없 음 | | 2.3.4 손잡 이 | 연 속손잡 이 1단 설치 / 주변으로부터 쉽 게 구분가능 | | 2.3.5 점 형 블록 | 계단 참 을 포함하여 계단의 시 작 과 끝 지 점 에 바닥 재질 변화를 통한 경고표시 설치 | | 2.4 경사로 | 2.4.1 유 효 폭 | 경사로의 유 효 폭이 1.2m 이상 | | 2.4.2 기울기 | 1/12(8%) 이하로 설치하고, 횡 단 구배가 없 음 | | 2.4.3 바닥 마감 | 사용하고, 걸려 넘어질 염려 없음 | | 2.4.4 활동공간 및 휴식 참 | 바닥 면으로부터 높 이0.75m 이내마다 수평면으로 된 1.5m이상을 휴식 참 설치, 경사로의 시 작 과 끝 , 굴 절부분 및 참 에는 1.5m x 1.5m이상의 활동공간 확보 | | 2.4.5 손잡 이 | 연 속손잡 이 1단 설치 / 색상 및 명 도차이가 명 확해서 주변으로부터 쉽 게 구분 가능 | | 2.5 승강기 | 2.5.1 전면활동공간 | 전면에 1.5 X 1.5m 이상의 활동공간 확보 | | 2.5.2 통과 유 효 폭 | 통과 유 효 폭 0.8m 이상, 승강장 바닥 과 승강기 바닥 의 틈 은 3 c m 이하, 되열림 장치 설치 | | 2.5.3 유 효 바닥 면적 | 폭 1.6m이상, 깊 이 1.35m 이상 | | 범주 | 평가항목 | 세부평가기준 | | 반영여부 (O, X) | 미반영사유 | | 0.8~1.2m, 양각형태의 | 외부 조 작 설비 태 의 버튼 식 설치, 버튼 을 누 르면 표시등이 켜짐 | | | 2.5.4 이용자 조 작 설비 | 내부 가로 조 작 설비 | 양각형 태 의 버튼 식을 설치, 버튼 을 누 르면 점멸 등이 켜 지고, 음 성 으로 층 수 안내, 버튼 크기 최소 2 c m이상, 설치 높 이0.8~1.2m, 내부 모 서리로부터 최소 0.4m 떨 어 져 서 설치 | | | | 내부 세로 조 작 설비 | 양각형 태 의 버튼 식 설치, 버튼 을 누 르면 표시등이 켜 지고 음 성 으로 층 수 안내 ( 버튼 크기 2 c m 이상), 설치 높 이 1.5m의 범 위 내에 설치, | | | 2.5.5 시각 및 청각 장애인 안내장치 | | 승강장에 승강기 도 착 여부를 점멸 과 음 향 으로 안내, 승강기 내부에 승강기의 운행 상 황 , 도 착층 을 표시하는 표시등 및 음 성 으로 안내 | | | 2.5.6 수평 손잡 이 | | 수평 손잡 이가 높 이 0.85 c m ± 5 c m, 지 름 3.2~3.8 c m로 벽 과 손잡 이 간 격 5 c m 내외로 설치 | | 3.1 장애인 등이 이용 가능한 화장실 | 3.1.1 장애유형별 대 응 방법 | | 최소 1개 이상의 장애인 등이 이용가능한 화장실 (장애인 대변기는 남 자용 및 여자용 각각1개 이상 설치) | | | 3.1.2 안내표지판 | | 화장실 출입문 및 벽 면의 1.5m 높 이에 점 자표기를 포함한 남 ․ 여 구분 안내표지 있음 점 자표지 0.3m 전면에 바닥재질 변화를 통한 경고표시 설치 | | 3.2 장애인 등이 이용 가능한 화장실 의접근 | 3.2.1 유 효 폭및 단차 | 유 효 폭 | 0.9m 이상 통로폭 확보 | | | | 단차 | 단차 2 c m 이하 또는 경사로 1/12이하 설치 | | | 3.2.2 바닥 마감 | | 물이 묻 어도 미 끄럽 지 않은 타 일 혹은 판 석 마감, 줄눈 1 c m 이하 | | | 3.2.3 출입구(문) | | 유 효 폭 0.9m 이상의 여 닫 이, 미 닫 이 등의 출입문 형 태 로 설치 | | 3.3 장애인 등이 이용 가능한 대변기 | 3.3.1 칸막 이 | 유 효 폭 | 유 효 폭 0.9m 이상. | | | | 형 태 | 내부공간이 확보 된 밖 여 닫 이문 또는 미 닫 이 형 태 | | | 출입문 | 사용여부 설비 | 색상으로 사용여부 알 수 있음 | | | 잠금 장치 | | 잠금 장치 설치 | | 범주 | 평가항목 | 세부평가기준 | 반영여부 (O, X) 미반영사유 | 3.3.2 활동공간 | 대변기 유 효바닥 면적이 폭 1.6m이상, 깊 이 2.0m이상, 대변기 측 면 활동공간 0.75m 이상 확보 대변기 전면 활동공간 1.4mx1.4m 이상 확보 | | | 3.3.3 형 태 | 대변기는 양변기 설치, 좌 대 높 이는 바닥 면으로부터 0.4~0.45m | | | 3.3.4 손잡 이 | 대변기 양 옆 에 수평 손잡 이는 높 이 0.6m~0.7m 위치에 설치 변기 중심에서 좌 우 0.45m 이내의 지 점 에 고정하여 설치 다른 쪽 손잡 이는 회전식으로 간 격 은 0.6m 내외로 설치 손잡 이간의 간 격 0.7m 내외 설치 수직 손잡 이는 수평 손잡 이와 연결하여 0.9m 이상 길 이로 설치 손잡 이 두 께 는 지 름 3.2 c m~3.8 c m가 되 도 록 설치 | | | 3.3.5 기 타 설비 | 대변기에 비상 호 출 벨 및 등 받 이 설치 앉 은 상 태 에서 화장지 걸 이등의 기 타 설비가 이용 가능하도 록 설치 세정장치는 바닥 및 벽 면 누름 버튼 장치 설치 or 광감지식 비상용 벨 은 대변기 가까운 곳 에 0.6m~0.9m 높 이 사이에 위치, 바닥 면으로부터 0.2m내외 높 이에서도이용가능 자동문 설치시, 버튼 은 0.8m~0.9m 높 이로 설치, 코너로부터 0.4m 이상 이 격 설치 조 명스 위치 및 화장지 걸 이는 0.8m~1.2m 높 이 이내 설치 | | 3.4 소변기 | 3.4.1 소변기형 태 및 손잡 이 | 수평 손잡 이는 높 이 0.8m~0.9m, 길 이는 벽 면으로부터 0.55m 내외, 좌 우 손잡 이간 격 0.6m 내외, 수직 손잡 이는 높 이 1.1m~1.2m, 돌 출폭 벽 면으로부터 0.25m 내외, 하단부가 휠 체어의 이동에 방해가 되 지 않도 록 설치 / 손잡 이 두 께 는 지 름 3.2~3.8m | | 3.5 세면대 | 3.5.1 형 태 | 세면대의 상단 높 이는 바닥 면으로부터 0.85m, 하단은 깊 이 0.45m, 높 이 0.65m 확보 | | 3.5.2 거울 | 세로 길 이 0.65m 이상, 하단 높 이 바닥 면으로부터 0.9m 이내 전면거울 설치 | | 3.5.3 수도 꼭 지 | 누름버튼 식, 레 버 식 등 사용하기 쉬 운 형 태 로 설치하며, 냉, 온 수 점 자표시 | | 부문 | 범주 | 평가항목 | 세부평가기준 | 반영여부 (O, X) 미반영사유 마감 4.단위 세대 | 5.1 단위 세대 | 4.1.1 내부 바닥 | 바닥 면에 높 이차이를 두지 않으며, 표면은 미 끄럽 지 않는 재질 로 평 탄 하게 마감 | | 4.1.2 유 효 폭 및 단차 | 출입문 통과 유 효 폭 0.9m이상, 출입문 단차 2 ㎝ 이하 | | 4.1.3 유 효바닥 면 | 화장실 유 효 바닥 면적이 폭1.6m 이상, 깊 이 2.0m 이상이 되 도 록 설치 | | 4.1.4 손잡 이 | - 대변기 양 옆 에 수평 손잡 이는 높 이 0.6m~0.7m 위치에 설치 변기중심에서 0.4m이내의 지 점 에 고정하여 설치 -반대 쪽 손잡 이는 좌 ․ 우 회전식 또는 상 ․ 하회전식으로 간 격 은 0.75m내로 설치 -수직 손잡 이는 수평 손잡 이와 연결하여 0.8m~0.9m 길 이로 설치 - 손잡 이 두 께 는 지 름 3.2 ㎝ ~3.8 ㎝ 가 되 도 록 설치 | | 4.1.5 설치 높 이 | 콘 센트, 스 위치, 수납선반, 옷 걸 이 등의 설치 높 이는 바닥 면으로부터 0.8m~1.2m 이하로 설치 | | [붙임6] 서울형 공유주택 건축설계기준 (별첨)",,표/도식 포함,"LAW1-P067-LIST-1150,LAW1-E4030,LAW1-E4032,LAW1-E4033,LAW1-E4034,LAW1-E4035,LAW1-E4036,LAW1-E4037,LAW1-E4040,LAW1-E4043,LAW1-E4044,LAW1-E4045,LAW1-E4046,LAW1-E4047,LAW1-E4048,LAW1-E4049,LAW1-E4050,LAW1-E4051,LAW1-E4052,LAW1-E4053,LAW1-E4054,LAW1-E4055,LAW1-E4056,LAW1-E4057,LAW1-E4058,LAW1-E4059,LAW1-E4060,LAW1-E4061",자동 추출,
LAW2-1,LAW2,,제1장 총칙,,제1조,목적,1,1,"제1조(목적) 이 조례는 대중교통 또는 의료시설 중심지역의 효율적인 개발을 통해 임대주택 공급촉진에 필요한 사 항을 규정함으로써 청년, 신혼부부, 어르신 및 1인가구의 주거안정을 도모하는 것을 목적으로 한다.","제1조(목적) 이 조례는 대중교통 또는 의료시설 중심지역의 효율적인 개발을 통해 임대주택 공급촉진에 필요한 사 항을 규정함으로써 청년, 신혼부부, 어르신 및 1인가구의 주거안정을 도모하는 것을 목적으로 한다.",,본문,LAW2-P001-LIST-0006,자동 추출,
LAW2-2,LAW2,,제1장 총칙,,제2조,정의,1,2,"제2조(정의) 이 조례에서 사용하는 용어의 뜻은 다음과 같다.<개정 2025.5.19>
1. ""대중교통 중심지역""이란 지하철 및 버스 등 대중교통의 편리한 이용이 가능한 지역으로 다음 각 목의 어느 하 나를 말한다.
가. ""역세권""이란 지구단위계획구역으로서 지하철, 국철 및 경전철 등의 역(승강장 기준으로 개통이 예정된 역을 포함한다)의 각 승강장 경계로부터 250미터 이내의 지역을 말한다. 다만, 서울특별시장(이하 ""시장""이라 한다)은 다음 어느 하나에 해당하는 경우 제20조에 따른 공공지원민간임대주택 통합심의위원회의 심의를 거쳐 역의 각 승강장 경계 및 출입구로부터 350미터 이내의 토지를 사업대상지로 지정할 수 있다.
1) 역의 승강장 위치가 도로의 선형과 일치하지 않은 경우
2) 주변지역 여건을 고려하여 사업추진이 필요하다고 인정되는 경우
나. ""간선도로변""이란 「도로법」 제14조에 따라 시장이 지정ㆍ고시한 특별시도 중 주간선도로 및 보조간선도로의 경계에서 50미터 이내의 지역을 말하며, 구체적인 사항은 시장이 별도로 정할 수 있다.
2. ""의료시설 중심지역""이란 다음 각 목의 하나에 해당하는 의료시설 대상부지 경계로부터 350미터 이내의 지역 을 말하며, 구체적인 사항은 시장이 별도로 정할 수 있다.
가. 「의료법」 제3조에 따른 종합병원
나. 「의료법」 제3조에 따른 병원 중 서울특별시가 관리하는 시립병원
다. 「지역보건법」 제2조에 따른 보건소
3. ""청년""이란 19세 이상 39세 이하로서 미혼인 무주택자를 말한다.
4. ""신혼부부""란 혼인 후 7년 이내인 사람 또는 예비신혼부부(입주 전까지 혼인사실을 증명할 수 있는 사람)로서 세대구성원 모두 무주택자를 말한다.
5. ""어르신""이란 「노인복지법」에 따른 65세 이상으로서 무주택자를 말한다.
6. ""1인가구""란 1명이 단독으로 생계를 유지하는 생활단위를 갖춘 무주택자를 말한다.
7. ""안심주택""이란 시장, 서울주택도시개발공사(이하 ""공사""라 한다) 또는 「민간임대주택에 관한 특별법」(이하 ""민간임대주택법""이라 한다) 제2조제7호에 따른 임대사업자가 청년 또는 신혼부부, 어르신, 1인가구 중 입주대 상을 단독 또는 복합으로 공급하기 위하여 대중교통 또는 의료시설 중심지역에 공급하는 다음 각 목의 임대주 택(오피스텔은 제외한다)을 말한다.
가. 공공임대주택 : 「공공주택 특별법」 제2조제1호가목에 따른 주택 중 시장 또는 공사가 공급하는 주택
나. 공공지원민간임대주택 : 「민간임대주택법」 제2조제4호에 따른 주택
다. 임대형기숙사 : 「민간임대주택법 시행령」제2조제1의2호에 따른 임대형기숙사
8. ""기본용적률""이란 「서울특별시 도시계획 조례 시행규칙」 제2조제1호 및 제2호에 따른 기준용적률과 허용용적 률에도 불구하고 사업대상지의 합리적인 계획방향을 제시하기 위하여 시장이 정하는 기본요건을 모두 충족하 는 경우에 부여되는 용적률을 말한다.
9. ""상한용적률""이란 다음 각 목에 해당하는 경우 추가로 부여되는 용적률을 제8호에 따른 기본용적률과 합산한 범위에서 정한 용적률을 말한다.
가. 시장이 정한 기준 이상으로 「국토의 계획 및 이용에 관한 법률 시행령」 제46조제1항에 따라 대지의 일부를 공공시설 또는 기반시설(이하 ""공공시설등""이라 한다)의 부지로 제공하거나 공공시설등을 설치하여 제공하는 경 우
나. 시장이 정한 기준 이상으로 「민간임대주택법」 제21조의2제1항제1호에 따라 임대주택을 건설하여 시장에게 공급하는 경우
10. ""공공기여율""이란 기본용적률 및 상한용적률 부여를 위하여 제4조에 따른 사업시행자 또는 사업제안자(이하 ""사업시행자등""이라 한다)가 순부담으로 공공시설등 또는 공공임대주택을 제공하는 비율을 말하고, 공공기여 내용 등은 시장이 별도로 정한다.
11. ""촉진지구""란 「민간임대주택법」 제2조제12호에 따른 공공지원민간임대주택 공급촉진지구를 말하고, 그 면적
은 1천제곱미터 이상으로 한다.","제2조(정의) 이 조례에서 사용하는 용어의 뜻은 다음과 같다.<개정 2025.5.19> 1. ""대중교통 중심지역""이란 지하철 및 버스 등 대중교통의 편리한 이용이 가능한 지역으로 다음 각 목의 어느 하 나를 말한다. 가. ""역세권""이란 지구단위계획구역으로서 지하철, 국철 및 경전철 등의 역(승강장 기준으로 개통이 예정된 역을 포함한다)의 각 승강장 경계로부터 250미터 이내의 지역을 말한다. 다만, 서울특별시장(이하 ""시장""이라 한다)은 다음 어느 하나에 해당하는 경우 제20조에 따른 공공지원민간임대주택 통합심의위원회의 심의를 거쳐 역의 각 승강장 경계 및 출입구로부터 350미터 이내의 토지를 사업대상지로 지정할 수 있다. 1) 역의 승강장 위치가 도로의 선형과 일치하지 않은 경우 2) 주변지역 여건을 고려하여 사업추진이 필요하다고 인정되는 경우 나. ""간선도로변""이란 「도로법」 제14조에 따라 시장이 지정ㆍ고시한 특별시도 중 주간선도로 및 보조간선도로의 경계에서 50미터 이내의 지역을 말하며, 구체적인 사항은 시장이 별도로 정할 수 있다. 2. ""의료시설 중심지역""이란 다음 각 목의 하나에 해당하는 의료시설 대상부지 경계로부터 350미터 이내의 지역 을 말하며, 구체적인 사항은 시장이 별도로 정할 수 있다. 가. 「의료법」 제3조에 따른 종합병원 나. 「의료법」 제3조에 따른 병원 중 서울특별시가 관리하는 시립병원 다. 「지역보건법」 제2조에 따른 보건소 3. ""청년""이란 19세 이상 39세 이하로서 미혼인 무주택자를 말한다. 4. ""신혼부부""란 혼인 후 7년 이내인 사람 또는 예비신혼부부(입주 전까지 혼인사실을 증명할 수 있는 사람)로서 세대구성원 모두 무주택자를 말한다. 5. ""어르신""이란 「노인복지법」에 따른 65세 이상으로서 무주택자를 말한다. 6. ""1인가구""란 1명이 단독으로 생계를 유지하는 생활단위를 갖춘 무주택자를 말한다. 7. ""안심주택""이란 시장, 서울주택도시개발공사(이하 ""공사""라 한다) 또는 「민간임대주택에 관한 특별법」(이하 ""민간임대주택법""이라 한다) 제2조제7호에 따른 임대사업자가 청년 또는 신혼부부, 어르신, 1인가구 중 입주대 상을 단독 또는 복합으로 공급하기 위하여 대중교통 또는 의료시설 중심지역에 공급하는 다음 각 목의 임대주 택(오피스텔은 제외한다)을 말한다. 가. 공공임대주택 : 「공공주택 특별법」 제2조제1호가목에 따른 주택 중 시장 또는 공사가 공급하는 주택 나. 공공지원민간임대주택 : 「민간임대주택법」 제2조제4호에 따른 주택 다. 임대형기숙사 : 「민간임대주택법 시행령」제2조제1의2호에 따른 임대형기숙사 8. ""기본용적률""이란 「서울특별시 도시계획 조례 시행규칙」 제2조제1호 및 제2호에 따른 기준용적률과 허용용적 률에도 불구하고 사업대상지의 합리적인 계획방향을 제시하기 위하여 시장이 정하는 기본요건을 모두 충족하 는 경우에 부여되는 용적률을 말한다. 9. ""상한용적률""이란 다음 각 목에 해당하는 경우 추가로 부여되는 용적률을 제8호에 따른 기본용적률과 합산한 범위에서 정한 용적률을 말한다. 가. 시장이 정한 기준 이상으로 「국토의 계획 및 이용에 관한 법률 시행령」 제46조제1항에 따라 대지의 일부를 공공시설 또는 기반시설(이하 ""공공시설등""이라 한다)의 부지로 제공하거나 공공시설등을 설치하여 제공하는 경 우 나. 시장이 정한 기준 이상으로 「민간임대주택법」 제21조의2제1항제1호에 따라 임대주택을 건설하여 시장에게 공급하는 경우 10. ""공공기여율""이란 기본용적률 및 상한용적률 부여를 위하여 제4조에 따른 사업시행자 또는 사업제안자(이하 ""사업시행자등""이라 한다)가 순부담으로 공공시설등 또는 공공임대주택을 제공하는 비율을 말하고, 공공기여 내용 등은 시장이 별도로 정한다. 11. ""촉진지구""란 「민간임대주택법」 제2조제12호에 따른 공공지원민간임대주택 공급촉진지구를 말하고, 그 면적 은 1천제곱미터 이상으로 한다.",,정의,"LAW2-P001-LIST-0006,LAW2-E207,LAW2-E208,LAW2-P001-LIST-0009,LAW2-E211,LAW2-E212,LAW2-P001-LIST-0012,LAW2-P001-LIST-0013,LAW2-P002-LIST-0014,LAW2-P002-LIST-0015,LAW2-P002-LIST-0016,LAW2-P002-LIST-0017,LAW2-E231",자동 추출,
LAW2-3,LAW2,,제1장 총칙,,제3조,시장의 책무,2,2,"제3조(시장의 책무) 시장은 안심주택의 건설ㆍ지원 및 매입예산 확보, 업무추진을 위한 조직구성 등 안심주택의 공 급 활성화를 위해 노력하여야 한다.","제3조(시장의 책무) 시장은 안심주택의 건설ㆍ지원 및 매입예산 확보, 업무추진을 위한 조직구성 등 안심주택의 공 급 활성화를 위해 노력하여야 한다.",,기준,LAW2-E232,자동 추출,
LAW2-4,LAW2,,제2장 사업계획의 수립 및 결정 등,,제4조,사업시행자등,2,2,"제4조(사업시행자등) ① 다음 각 호의 어느 하나에 해당하는 자는 안심주택 사업시행자가 될 수 있다.
1. 「공공주택 특별법」 제4조제1항 각 호에 따른 공공주택사업자
2. 「민간임대주택법」 제23조에 따른 시행자
② 사업시행자등은 관련 법령에 따라 공동사업시행자를 선정하여 사업을 진행할 수 있다.",제4조(사업시행자등) ① 다음 각 호의 어느 하나에 해당하는 자는 안심주택 사업시행자가 될 수 있다. 1. 「공공주택 특별법」 제4조제1항 각 호에 따른 공공주택사업자 2. 「민간임대주택법」 제23조에 따른 시행자 ② 사업시행자등은 관련 법령에 따라 공동사업시행자를 선정하여 사업을 진행할 수 있다.,,본문,"LAW2-E234,LAW2-P002-LIST-0022,LAW2-E237",자동 추출,
LAW2-5,LAW2,,제2장 사업계획의 수립 및 결정 등,,제5조,사업대상지,2,3,"제5조(사업대상지) ① 안심주택 사업대상지(이하 ""사업대상지""라 한다)는 대중교통 또는 의료시설 중심지역에 위치 하면서 「국토의 계획 및 이용에 관한 법률 시행령」 제30조에 따른 용도지역 중 다음 각 호의 어느 하나에 해당하 는 지역으로 한다. 다만, 제4호의 경우에는 어르신을 대상으로 안심주택을 공급하는 경우 등으로 한정하되, 세부 기준은 시장이 별도로 정한다.
1. 주거지역 중 시장이 정하는 지역
2. 준공업지역
3. 일반 및 근린상업지역
4. 자연녹지지역
② 사업대상지가 대중교통 또는 의료시설 중심지역 내외에 걸치는 경우 사업대상지의 과반이 각각의 중심지역에 포함되어야 한다. 다만, 토지의 효율적 이용, 구역의 정형화 등의 필요성에 따라 제20조에 따른 공공지원민간임 대주택 통합심의위원회에서 인정하는 경우 예외로 할 수 있다.
③ 사업대상지 규모 변경에 대한 사항은 제2항의 위원회의 심의를 거쳐 변경ㆍ결정하여야 한다. 다만, 10퍼센트 이하의 범위에서 경미한 변경에 대한 사항은 심의를 거치지 아니할 수 있다. 이 때 경미한 변경의 범위는 「주택
법」 제15조에 따른 최초 사업계획승인 또는 「건축법」 제11조에 따른 최초 건축허가 규모를 기준으로 한다.
④ 사업대상지의 노후건축물 기준은 「서울특별시 도시계획 조례 시행규칙」 제7조에도 불구하고 사용검사 후 20년 이상 경과한 건축물이 사업대상지 내 전체 건축물 수의 2분의 1 이상으로 완화하여 적용할 수 있다. 다만, 사업대상지 내 기존 건축물이 주택이 아닌 경우에는 노후건축물 기준을 만족한 것으로 본다.
⑤ 사업대상지의 구역경계는 가구ㆍ획지단위 및 주요 도시계획시설(도로, 하천, 공원 등)의 경계로서 정형화를 원
칙으로 하고, 진입도로나 단지 내 도로에 대하여는 시장이 별도로 정할 수 있다.
⑥ 다음 각 호에 해당하는 지역은 사업대상지에서 제외한다.
1. 서울특별시 정책상 보전 및 전문 기능이 필요한 지역
2. 양호한 저층 주거환경 보호가 필요한 지역으로 역사, 문화, 옛 정취 보전 등 입지 특성화 지역 등
3. 다른 법령에 의하여 추진 중이거나 계획 수립 완료된 지역 등","제5조(사업대상지) ① 안심주택 사업대상지(이하 ""사업대상지""라 한다)는 대중교통 또는 의료시설 중심지역에 위치 하면서 「국토의 계획 및 이용에 관한 법률 시행령」 제30조에 따른 용도지역 중 다음 각 호의 어느 하나에 해당하 는 지역으로 한다. 다만, 제4호의 경우에는 어르신을 대상으로 안심주택을 공급하는 경우 등으로 한정하되, 세부 기준은 시장이 별도로 정한다. 1. 주거지역 중 시장이 정하는 지역 2. 준공업지역 3. 일반 및 근린상업지역 4. 자연녹지지역 ② 사업대상지가 대중교통 또는 의료시설 중심지역 내외에 걸치는 경우 사업대상지의 과반이 각각의 중심지역에 포함되어야 한다. 다만, 토지의 효율적 이용, 구역의 정형화 등의 필요성에 따라 제20조에 따른 공공지원민간임 대주택 통합심의위원회에서 인정하는 경우 예외로 할 수 있다. ③ 사업대상지 규모 변경에 대한 사항은 제2항의 위원회의 심의를 거쳐 변경ㆍ결정하여야 한다. 다만, 10퍼센트 이하의 범위에서 경미한 변경에 대한 사항은 심의를 거치지 아니할 수 있다. 이 때 경미한 변경의 범위는 「주택 법」 제15조에 따른 최초 사업계획승인 또는 「건축법」 제11조에 따른 최초 건축허가 규모를 기준으로 한다. ④ 사업대상지의 노후건축물 기준은 「서울특별시 도시계획 조례 시행규칙」 제7조에도 불구하고 사용검사 후 20년 이상 경과한 건축물이 사업대상지 내 전체 건축물 수의 2분의 1 이상으로 완화하여 적용할 수 있다. 다만, 사업대상지 내 기존 건축물이 주택이 아닌 경우에는 노후건축물 기준을 만족한 것으로 본다. ⑤ 사업대상지의 구역경계는 가구ㆍ획지단위 및 주요 도시계획시설(도로, 하천, 공원 등)의 경계로서 정형화를 원 칙으로 하고, 진입도로나 단지 내 도로에 대하여는 시장이 별도로 정할 수 있다. ⑥ 다음 각 호에 해당하는 지역은 사업대상지에서 제외한다. 1. 서울특별시 정책상 보전 및 전문 기능이 필요한 지역 2. 양호한 저층 주거환경 보호가 필요한 지역으로 역사, 문화, 옛 정취 보전 등 입지 특성화 지역 등 3. 다른 법령에 의하여 추진 중이거나 계획 수립 완료된 지역 등",,기준,"LAW2-E238,LAW2-P002-LIST-0025,LAW2-P003-LIST-0026,LAW2-P003-LIST-0027,LAW2-E246,LAW2-P003-LIST-0029,LAW2-E249,LAW2-E250,LAW2-P003-LIST-0032",자동 추출,
LAW2-6,LAW2,,제2장 사업계획의 수립 및 결정 등,,제6조,사업유형,3,3,"제6조(사업유형) 안심주택의 사업유형은 다음과 같다.
1. 「건축법」에 따른 건축
2. 「주택법」에 따른 주택건설사업",제6조(사업유형) 안심주택의 사업유형은 다음과 같다. 1. 「건축법」에 따른 건축 2. 「주택법」에 따른 주택건설사업,,본문,"LAW2-E254,LAW2-P003-LIST-0034",자동 추출,
LAW2-7,LAW2,,제2장 사업계획의 수립 및 결정 등,,제7조,사업계획의 수립ㆍ제출,3,3,"제7조(사업계획의 수립ㆍ제출) ① 제4조제1항 각 호의 어느 하나에 해당하는 사업시행자가 촉진지구 지정 대상에 서 안심주택 사업을 추진하고자 할 때에는 다음 각 호의 사항을 포함하는 사업계획을 시장에게 제출하여야 한다.
1. 「민간임대주택법」 제23조 및 제28조에 따른 촉진지구 지정 제안 및 지구계획 승인신청서
2. 「주택법」 제15조에 따른 사업계획승인신청서 및 관련 서류 또는 「건축법」 제11조에 따른 건축허가신청서 및 관련 서류
3. 사업대상지 기준 350미터 범위 내 주야간 주ㆍ정차 및 교통현황
4. 그 밖에 안심주택의 건설ㆍ관리ㆍ운영 등에 필요한 사항으로서 시장이 별도로 정하는 사항
② 안심주택 사업계획 수립 시 「민간임대주택법」 제21조의2제1항제1호, 제2호 및 제4호에 따른 비율은 50퍼센 트로 한다.
③ 시장은 안심주택 사업의 원활한 추진을 위하여 이 조례 및 관계 법령에서 정한 범위에서 용도지역 변경, 용적
률, 공공기여율, 건축계획 등 사업계획의 수립기준을 별도로 정할 수 있다.","제7조(사업계획의 수립ㆍ제출) ① 제4조제1항 각 호의 어느 하나에 해당하는 사업시행자가 촉진지구 지정 대상에 서 안심주택 사업을 추진하고자 할 때에는 다음 각 호의 사항을 포함하는 사업계획을 시장에게 제출하여야 한다. 1. 「민간임대주택법」 제23조 및 제28조에 따른 촉진지구 지정 제안 및 지구계획 승인신청서 2. 「주택법」 제15조에 따른 사업계획승인신청서 및 관련 서류 또는 「건축법」 제11조에 따른 건축허가신청서 및 관련 서류 3. 사업대상지 기준 350미터 범위 내 주야간 주ㆍ정차 및 교통현황 4. 그 밖에 안심주택의 건설ㆍ관리ㆍ운영 등에 필요한 사항으로서 시장이 별도로 정하는 사항 ② 안심주택 사업계획 수립 시 「민간임대주택법」 제21조의2제1항제1호, 제2호 및 제4호에 따른 비율은 50퍼센 트로 한다. ③ 시장은 안심주택 사업의 원활한 추진을 위하여 이 조례 및 관계 법령에서 정한 범위에서 용도지역 변경, 용적 률, 공공기여율, 건축계획 등 사업계획의 수립기준을 별도로 정할 수 있다.",,기준,"LAW2-E257,LAW2-P003-LIST-0036,LAW2-P003-LIST-0037,LAW2-E264",자동 추출,
LAW2-8,LAW2,,제2장 사업계획의 수립 및 결정 등,,제8조,주민 등의 의견청취,3,3,"제8조(주민 등의 의견청취) 시장은 안심주택 사업추진 시 관련 법령에 따라 주민 및 관계 전문가 등의 의견을 들어
야 한다.",제8조(주민 등의 의견청취) 시장은 안심주택 사업추진 시 관련 법령에 따라 주민 및 관계 전문가 등의 의견을 들어 야 한다.,,본문,"LAW2-E265,LAW2-E266",자동 추출,
LAW2-9,LAW2,,제2장 사업계획의 수립 및 결정 등,,제9조,사업계획의 결정절차,4,4,"제9조(사업계획의 결정절차) ① 제4조제1항제1호에 따른 사업시행자등 중 공공주택사업자는 「공공주택 특별법」에 따른 절차를 이행하여야 한다.
② 제4조에 따른 사업시행자등 중 공공주택사업자 이외의 자는 「민간임대주택법」에 따른 촉진지구 지정, 지구계 획 승인, 사업계획승인 또는 건축허가(이하 ""촉진지구지정등""이라 한다)의 절차를 이행하여야 한다.
③ 시장은 제7조에 따라 수립된 사업계획을 접수한 때에는 관계 기관 및 관할 자치구청장(이하 ""구청장""이라 한 다)과 협의하여야 하며, 제1항에 따른 공공주택건설사업계획 승인, 제2항의 촉진지구지정등 또는 도시관리계획 결정을 한 때에는 관계 법령이 정하는 바에 따라 관보 또는 서울시보에 고시하고 관계 서류의 사본을 관할 구청 장에게 송부하여야 한다.
④ 제3항에 따라 관계 서류의 사본을 송부받은 구청장은 일반인이 열람할 수 있도록 하며, 도시관리계획 결정사 항이 포함되어 있는 경우에는 「국토의 계획 및 이용에 관한 법률」 제32조 및 「토지이용규제 기본법」 제8조에 따 라 지형도면 작성에 필요한 조치를 하여야 한다. 이 경우 사업시행자등은 지형도면 고시에 필요한 서류를 구청장 에게 제출하여야 한다.","제9조(사업계획의 결정절차) ① 제4조제1항제1호에 따른 사업시행자등 중 공공주택사업자는 「공공주택 특별법」에 따른 절차를 이행하여야 한다. ② 제4조에 따른 사업시행자등 중 공공주택사업자 이외의 자는 「민간임대주택법」에 따른 촉진지구 지정, 지구계 획 승인, 사업계획승인 또는 건축허가(이하 ""촉진지구지정등""이라 한다)의 절차를 이행하여야 한다. ③ 시장은 제7조에 따라 수립된 사업계획을 접수한 때에는 관계 기관 및 관할 자치구청장(이하 ""구청장""이라 한 다)과 협의하여야 하며, 제1항에 따른 공공주택건설사업계획 승인, 제2항의 촉진지구지정등 또는 도시관리계획 결정을 한 때에는 관계 법령이 정하는 바에 따라 관보 또는 서울시보에 고시하고 관계 서류의 사본을 관할 구청 장에게 송부하여야 한다. ④ 제3항에 따라 관계 서류의 사본을 송부받은 구청장은 일반인이 열람할 수 있도록 하며, 도시관리계획 결정사 항이 포함되어 있는 경우에는 「국토의 계획 및 이용에 관한 법률」 제32조 및 「토지이용규제 기본법」 제8조에 따 라 지형도면 작성에 필요한 조치를 하여야 한다. 이 경우 사업시행자등은 지형도면 고시에 필요한 서류를 구청장 에게 제출하여야 한다.",,절차,"LAW2-E268,LAW2-P004-LIST-0042",자동 추출,
LAW2-10,LAW2,,제2장 사업계획의 수립 및 결정 등,,제10조,사업계획의 취소 등,4,4,"제10조(사업계획의 취소 등) ① 시장은 제9조에 따라 결정된 사업계획이 다음 각 호의 어느 하나에 해당하는 경우 에는 사업계획을 취소할 수 있다.
1. 촉진지구지정등 고시일부터 2년 이내에 공사착공을 하지 않은 경우
2. 제9조에 따른 사업계획 결정 시 부여된 조건을 이행하지 않는 경우
② 사업시행자는 제6조의 사업유형별 관계 법령에서 정하는 벌칙 규정에 따른다.
③ 시장은 제1항에 따라 안심주택 사업계획이 취소되는 경우에는 서울시보에 고시하고 구청장에게 통보하여야 하며, 통보를 받은 구청장은 관계 서류의 사본을 일반인이 열람할 수 있도록 하여야 한다.
④ 제1항 각 호에 따른 사유로 안심주택 사업계획이 취소된 경우 「국토의 계획 및 이용에 관한 법률」에 따른 용 도지역ㆍ용도지구ㆍ용도구역, 지구단위계획구역 및 도시계획시설은 각각 지정 당시로 환원된 것으로 본다. 다만, 취소 당시 이미 사업이나 공사에 착수한 경우 등 취소 고시에서 별도로 정하는 도시계획시설은 그 사업이나 공사 를 계속할 수 있다.","제10조(사업계획의 취소 등) ① 시장은 제9조에 따라 결정된 사업계획이 다음 각 호의 어느 하나에 해당하는 경우 에는 사업계획을 취소할 수 있다. 1. 촉진지구지정등 고시일부터 2년 이내에 공사착공을 하지 않은 경우 2. 제9조에 따른 사업계획 결정 시 부여된 조건을 이행하지 않는 경우 ② 사업시행자는 제6조의 사업유형별 관계 법령에서 정하는 벌칙 규정에 따른다. ③ 시장은 제1항에 따라 안심주택 사업계획이 취소되는 경우에는 서울시보에 고시하고 구청장에게 통보하여야 하며, 통보를 받은 구청장은 관계 서류의 사본을 일반인이 열람할 수 있도록 하여야 한다. ④ 제1항 각 호에 따른 사유로 안심주택 사업계획이 취소된 경우 「국토의 계획 및 이용에 관한 법률」에 따른 용 도지역ㆍ용도지구ㆍ용도구역, 지구단위계획구역 및 도시계획시설은 각각 지정 당시로 환원된 것으로 본다. 다만, 취소 당시 이미 사업이나 공사에 착수한 경우 등 취소 고시에서 별도로 정하는 도시계획시설은 그 사업이나 공사 를 계속할 수 있다.",,기준,"LAW2-E272,LAW2-P004-LIST-0044,LAW2-P004-LIST-0045",자동 추출,
LAW2-11,LAW2,,제3장 안심주택 건설을 위한 규제완화 등,,제11조,도시관리계획 변경결정 등 이행,4,4,제11조(도시관리계획 변경결정 등 이행) 시장은 사업시행자가 제7조제1항에 따라 제출한 사업계획이 같은 조 제 2항 및 제3항에 따른 수립기준에 적합할 경우 도시관리계획 변경을 포함한 사업계획 결정절차를 이행할 수 있다.,제11조(도시관리계획 변경결정 등 이행) 시장은 사업시행자가 제7조제1항에 따라 제출한 사업계획이 같은 조 제 2항 및 제3항에 따른 수립기준에 적합할 경우 도시관리계획 변경을 포함한 사업계획 결정절차를 이행할 수 있다.,,절차,LAW2-P004-LIST-0047,자동 추출,
LAW2-12,LAW2,,제3장 안심주택 건설을 위한 규제완화 등,,제12조,도시관리계획 규제 완화,4,5,"제12조(도시관리계획 규제 완화) ① 시장은 안심주택 공급 활성화를 위해 「민간임대주택법」 제35조에 따른 특례 를 적용할 수 있다.
② 시장은 안심주택 공급 활성화를 위하여 「서울특별시 도시계획 조례」 제50조제1호에 따른 상업지역에서 주거 복합건물의 용적률 기준을 적용하지 아니할 수 있다.
③ 시장은 안심주택 공급 활성화를 위하여 「서울특별시 지구단위계획 수립기준」에 따른 비주거용도 비율을 적 용하지 아니할 수 있다.
④ 「서울특별시 도시계획 조례」 제50조제2호에도 불구하고 준공업지역에서 안심주택을 공급하는 경우 공동주 택의 용적률을 400퍼센트까지 완화할 수 있다. 이 경우 「서울특별시 도시계획 조례」 별표 17에 따른 산업부지 확보비율은 이 조례 제20조에 따른 공공지원민간임대주택 통합심의위원회의 결정에 따른다.",제12조(도시관리계획 규제 완화) ① 시장은 안심주택 공급 활성화를 위해 「민간임대주택법」 제35조에 따른 특례 를 적용할 수 있다. ② 시장은 안심주택 공급 활성화를 위하여 「서울특별시 도시계획 조례」 제50조제1호에 따른 상업지역에서 주거 복합건물의 용적률 기준을 적용하지 아니할 수 있다. ③ 시장은 안심주택 공급 활성화를 위하여 「서울특별시 지구단위계획 수립기준」에 따른 비주거용도 비율을 적 용하지 아니할 수 있다. ④ 「서울특별시 도시계획 조례」 제50조제2호에도 불구하고 준공업지역에서 안심주택을 공급하는 경우 공동주 택의 용적률을 400퍼센트까지 완화할 수 있다. 이 경우 「서울특별시 도시계획 조례」 별표 17에 따른 산업부지 확보비율은 이 조례 제20조에 따른 공공지원민간임대주택 통합심의위원회의 결정에 따른다.,,기준,"LAW2-P004-LIST-0047,LAW2-P004-LIST-0048,LAW2-E284",자동 추출,
LAW2-13,LAW2,,제3장 안심주택 건설을 위한 규제완화 등,,제13조,주차장 설치기준 완화,5,5,"제13조(주차장 설치기준 완화) ① 사업시행자는 임대형기숙사를 제외한 안심주택인 경우 「주택건설기준 등에 관한 규정」제27조에 따라 주차장을 설치하여야 한다. 다만 같은 영 같은 조 제2항제1호 및 제2호에 따른 주차단위구
획의 필수 설치 비율은 주차단위구획 총수의 100분의 40 및 100분의 70으로 한다.
② 사업시행자는 임대형기숙사인 경우 「서울특별시 주차장 설치 및 관리 조례」제20조제1항 별표 2에 따라 주차 장을 설치하여야 한다.
③ 제2조제7호 각 목의 안심주택을 복합으로 계획하는 경우 주택용도에 따라 제1항 및 제2항을 각각 적용한다.
④ 시장은 원활한 교통소통 또는 보행환경 조성을 위하여 「국토의 계획 및 이용에 관한 법률 시행령」 제46조제
6항에 따라 지구단위계획으로 주차장 설치기준을 완화하여 적용할 수 있다.",제13조(주차장 설치기준 완화) ① 사업시행자는 임대형기숙사를 제외한 안심주택인 경우 「주택건설기준 등에 관한 규정」제27조에 따라 주차장을 설치하여야 한다. 다만 같은 영 같은 조 제2항제1호 및 제2호에 따른 주차단위구 획의 필수 설치 비율은 주차단위구획 총수의 100분의 40 및 100분의 70으로 한다. ② 사업시행자는 임대형기숙사인 경우 「서울특별시 주차장 설치 및 관리 조례」제20조제1항 별표 2에 따라 주차 장을 설치하여야 한다. ③ 제2조제7호 각 목의 안심주택을 복합으로 계획하는 경우 주택용도에 따라 제1항 및 제2항을 각각 적용한다. ④ 시장은 원활한 교통소통 또는 보행환경 조성을 위하여 「국토의 계획 및 이용에 관한 법률 시행령」 제46조제 6항에 따라 지구단위계획으로 주차장 설치기준을 완화하여 적용할 수 있다.,,기준,"LAW2-E285,LAW2-E286,LAW2-P005-LIST-0052,LAW2-E290",자동 추출,
LAW2-14,LAW2,,제3장 안심주택 건설을 위한 규제완화 등,,제14조,사업지원기관의 지정운영,5,5,"제14조(사업지원기관의 지정운영) ① 시장은 사업의 원활한 추진과 공공임대주택 공급 촉진을 위해 공사를 안심주 택 사업지원기관으로 지정할 수 있다.
② 제1항에 따라 지정된 공사는 다음 각 호의 업무를 수행할 수 있다.
1. 대중교통 또는 의료시설 중심지역 사업(예정)대상지에 대한 안심주택 사업의 총괄지원
2. 사업계획 수립 시 기반시설 설치계획 등의 자문
3. 토지주의 사업 대행 및 사업성 분석
4. 공공기여에 따른 토지, 주택, 기여금 관리의 사무위임
5. 사업의 원활한 추진을 위한 재원조달, 투자유치, 자금 등 지원
6. 안심주택 사업의 영향 및 파급효과에 대한 모니터링, 지역활성화 사업추진 등
7. 임차인의 모집ㆍ선정 및 명도ㆍ퇴거 지원
8. 임대료ㆍ관리비의 부과ㆍ징수, 주거비지원 등의 업무 지원
9. 그 밖에 시장이 별도로 정하는 사항","제14조(사업지원기관의 지정운영) ① 시장은 사업의 원활한 추진과 공공임대주택 공급 촉진을 위해 공사를 안심주 택 사업지원기관으로 지정할 수 있다. ② 제1항에 따라 지정된 공사는 다음 각 호의 업무를 수행할 수 있다. 1. 대중교통 또는 의료시설 중심지역 사업(예정)대상지에 대한 안심주택 사업의 총괄지원 2. 사업계획 수립 시 기반시설 설치계획 등의 자문 3. 토지주의 사업 대행 및 사업성 분석 4. 공공기여에 따른 토지, 주택, 기여금 관리의 사무위임 5. 사업의 원활한 추진을 위한 재원조달, 투자유치, 자금 등 지원 6. 안심주택 사업의 영향 및 파급효과에 대한 모니터링, 지역활성화 사업추진 등 7. 임차인의 모집ㆍ선정 및 명도ㆍ퇴거 지원 8. 임대료ㆍ관리비의 부과ㆍ징수, 주거비지원 등의 업무 지원 9. 그 밖에 시장이 별도로 정하는 사항",,본문,"LAW2-E291,LAW2-E292,LAW2-P005-LIST-0056",자동 추출,
LAW2-15,LAW2,,제4장 안심주택의 공급 등,,제15조,안심주택의 건설ㆍ공급,5,5,"제15조(안심주택의 건설ㆍ공급) 안심주택 사업에서 공급하는 주택의 면적, 건설 규모 및 비율은 시장이 별도로 정할 수 있다.","제15조(안심주택의 건설ㆍ공급) 안심주택 사업에서 공급하는 주택의 면적, 건설 규모 및 비율은 시장이 별도로 정할 수 있다.",,기준,LAW2-P005-LIST-0058,자동 추출,
LAW2-16,LAW2,,제4장 안심주택의 공급 등,,제16조,공공지원민간임대주택의 임차인 자격 등,5,5,"제16조(공공지원민간임대주택의 임차인 자격 등) ① 안심주택 중 공공지원민간임대주택의 임대의무기간, 양도, 최 초 임대료, 임대료 상승률, 임대차계약의 해제ㆍ해지 등 관련 사항은 「민간임대주택법」을 따른다.
② 사업시행자는 제1항에도 불구하고 공공지원민간임대주택의 최초 임대료, 커뮤니티시설 운영방안, 부설주차장 운영 등 시장이 정하는 운영기준에 대해서는 제27조에 따라 공공지원민간임대주택 운영자문위원회의 자문을 거 쳐 결정하여야 한다.","제16조(공공지원민간임대주택의 임차인 자격 등) ① 안심주택 중 공공지원민간임대주택의 임대의무기간, 양도, 최 초 임대료, 임대료 상승률, 임대차계약의 해제ㆍ해지 등 관련 사항은 「민간임대주택법」을 따른다. ② 사업시행자는 제1항에도 불구하고 공공지원민간임대주택의 최초 임대료, 커뮤니티시설 운영방안, 부설주차장 운영 등 시장이 정하는 운영기준에 대해서는 제27조에 따라 공공지원민간임대주택 운영자문위원회의 자문을 거 쳐 결정하여야 한다.",,기준,"LAW2-P005-LIST-0058,LAW2-E305",자동 추출,
LAW2-16_2,LAW2,,제4장 안심주택의 공급 등,,제16조의2,임차인 보호,6,6,"제16조의2(임차인 보호) ① 시장은 안심주택 중 공공지원민간임대주택의 임차인이 임대차계약의 종료 후에도 임대 보증금을 반환받지 못한 경우 임차인을 보호하기 위해 다음 각 호의 사업을 예산의 범위에서 지원할 수 있다.
1. 법률ㆍ금융ㆍ주거지원 상담 및 유관기관 연계
2. 긴급임시주거 지원 및 이주비 지원
3. 미반환 임대보증금에 대한 융자 등의 지원
4. 그 밖에 임차인 보호를 위하여 시장이 필요하다고 인정하는 사업
② 제1항에 따른 지원 범위와 절차, 방법 등 필요한 사항은 시장이 별도로 정한다.
[본조신설 2025.9.29]","제16조의2(임차인 보호) ① 시장은 안심주택 중 공공지원민간임대주택의 임차인이 임대차계약의 종료 후에도 임대 보증금을 반환받지 못한 경우 임차인을 보호하기 위해 다음 각 호의 사업을 예산의 범위에서 지원할 수 있다. 1. 법률ㆍ금융ㆍ주거지원 상담 및 유관기관 연계 2. 긴급임시주거 지원 및 이주비 지원 3. 미반환 임대보증금에 대한 융자 등의 지원 4. 그 밖에 임차인 보호를 위하여 시장이 필요하다고 인정하는 사업 ② 제1항에 따른 지원 범위와 절차, 방법 등 필요한 사항은 시장이 별도로 정한다. [본조신설 2025.9.29]",,본문,"LAW2-E307,LAW2-P006-LIST-0061,LAW2-E312,LAW2-E313",자동 추출,
LAW2-17,LAW2,,제4장 안심주택의 공급 등,,제17조,공공임대주택의 임차인 자격 등,6,6,"제17조(공공임대주택의 임차인 자격 등) ① 안심주택 중 공공임대주택의 입주대상자는 청년, 신혼부부(입주 시까지 혼인이 예정된 예비 신혼부부를 포함한다), 어르신, 1인가구로 한다. 다만, 사업대상지의 특성을 고려하여 입주대 상자는 차량을 소유하지 않은 자로 할 수 있다.
② 소득ㆍ자산ㆍ차량소유 여부 등 입주자의 선정기준 및 관리 등에 관한 사항은 시장이 별도로 정하는 바에 따른 다.","제17조(공공임대주택의 임차인 자격 등) ① 안심주택 중 공공임대주택의 입주대상자는 청년, 신혼부부(입주 시까지 혼인이 예정된 예비 신혼부부를 포함한다), 어르신, 1인가구로 한다. 다만, 사업대상지의 특성을 고려하여 입주대 상자는 차량을 소유하지 않은 자로 할 수 있다. ② 소득ㆍ자산ㆍ차량소유 여부 등 입주자의 선정기준 및 관리 등에 관한 사항은 시장이 별도로 정하는 바에 따른 다.",,기준,"LAW2-E314,LAW2-E315",자동 추출,
LAW2-18,LAW2,,제4장 안심주택의 공급 등,,제18조,주택임대관리업의 등록,6,6,"제18조(주택임대관리업의 등록) 사업시행자는 「기숙사 건축기준」제2조제2호차목에 따른 건축물 내 임대형기숙사 에 대하여 단일한 관리주체에 의한 관리운영 체계를 갖추기 위하여 「민간임대주택법」제2조제10호 및 제7조에
따라 다음 각 호의 주택임대관리업을 등록할 수 있다.
1. 100실 이상: 자기관리형 주택임대관리업
2. 300실 이상: 위탁관리형 주택임대관리업",제18조(주택임대관리업의 등록) 사업시행자는 「기숙사 건축기준」제2조제2호차목에 따른 건축물 내 임대형기숙사 에 대하여 단일한 관리주체에 의한 관리운영 체계를 갖추기 위하여 「민간임대주택법」제2조제10호 및 제7조에 따라 다음 각 호의 주택임대관리업을 등록할 수 있다. 1. 100실 이상: 자기관리형 주택임대관리업 2. 300실 이상: 위탁관리형 주택임대관리업,,기준,"LAW2-E316,LAW2-E317,LAW2-P006-LIST-0068",자동 추출,
LAW2-19,LAW2,,제4장 안심주택의 공급 등,,제19조,다른 법규와의 관계,6,6,"제19조(다른 법규와의 관계) 안심주택의 공급에 관하여 이 장에서 정하지 아니한 사항에 대하여는 「공공주택 특별
법」, 「민간임대주택법」 및 「서울특별시 공공주택 건설 및 공급 등에 관한 조례」 등 관계 법규의 규정에 따른다.","제19조(다른 법규와의 관계) 안심주택의 공급에 관하여 이 장에서 정하지 아니한 사항에 대하여는 「공공주택 특별 법」, 「민간임대주택법」 및 「서울특별시 공공주택 건설 및 공급 등에 관한 조례」 등 관계 법규의 규정에 따른다.",,본문,"LAW2-E320,LAW2-E321",자동 추출,
LAW2-20,LAW2,,제5장 공공지원민간임대주택 통합심의위원회 등의 구성ㆍ운영,,제20조,공공지원민간임대주택 통합심의위원회의 설치,6,6,"제20조(공공지원민간임대주택 통합심의위원회의 설치) ① 시장은 안심주택 건설 등을 위해 「민간임대주택법」 제 32조제1항 각 호의 사항을 검토 및 심의하기 위하여 공공지원민간임대주택 통합심의위원회(이하 ""통합심의위원
회""라 한다)를 둔다.
② 시장은 통합심의위원회의 다음 각 호의 사항을 검토, 자문 및 심의하기 위하여 통합심의위원회의 일부 위원으
로 구성되는 소위원회를 둘 수 있다.
1. 제5조제2항 및 제3항에 따른 사업대상지 결정 등에 관한 사항
2. 그 밖에 안심주택의 공급에 관한 자문 또는 심의가 필요한 사항","제20조(공공지원민간임대주택 통합심의위원회의 설치) ① 시장은 안심주택 건설 등을 위해 「민간임대주택법」 제 32조제1항 각 호의 사항을 검토 및 심의하기 위하여 공공지원민간임대주택 통합심의위원회(이하 ""통합심의위원 회""라 한다)를 둔다. ② 시장은 통합심의위원회의 다음 각 호의 사항을 검토, 자문 및 심의하기 위하여 통합심의위원회의 일부 위원으 로 구성되는 소위원회를 둘 수 있다. 1. 제5조제2항 및 제3항에 따른 사업대상지 결정 등에 관한 사항 2. 그 밖에 안심주택의 공급에 관한 자문 또는 심의가 필요한 사항",,기준,"LAW2-E323,LAW2-E324,LAW2-E325,LAW2-E326,LAW2-P006-LIST-0076",자동 추출,
LAW2-21,LAW2,,제5장 공공지원민간임대주택 통합심의위원회 등의 구성ㆍ운영,,제21조,통합심의위원회의 구성 및 운영,6,7,"제21조(통합심의위원회의 구성 및 운영) ① 통합심의위원회는 위원장 및 부위원장 각 1명을 포함하여 24명 이내로 구성하되, 위촉직 위원의 경우 「양성평등기본법」 제21조제2항 본문에 따라 특정 성별이 위촉직 위원 수의 10분 의 6을 초과하지 않도록 해야 한다. 다만, 같은 항 단서에 따라 해당 분야 특정 성별의 전문인력 부족 등 부득이
한 사유가 있다고 인정되어 양성평등실무위원회의 의결을 거친 경우에는 적용하지 않는다.
② 시장은 통합심의위원회의 위원을 다음 각 호의 사람 중에서 임명하거나 위촉한다. 다만, 제1호, 제3호부터 제 9호까지에 해당하는 사람을 위원의 과반으로 하여야 한다.
1. 국토교통부, 사전협의를 거치는 관계 부서 또는 행정기관 및 자치구에서 해당 주택 관련 업무를 담당하는 4급 이상인 공무원과 서울특별시(이하 ""시""라 한다)에서 주택 관련 업무를 담당하는 4급 이상인 공무원
2. 도시계획ㆍ건축ㆍ교통ㆍ환경ㆍ재해ㆍ에너지ㆍ경관 분야 등의 전문가로서 택지개발 및 주택사업에 관한 학식 과 경험이 풍부한 사람 중 시장이 추천하는 사람(다만, 여성 위원을 1명 이상 포함하여야 한다)
3. 「국토의 계획 및 이용에 관한 법률」에 따른 시 도시계획위원회의 위원 중 도시계획전문가ㆍ설계전문가ㆍ환경 전문가 각 1명 이상을 포함하여 해당 위원회의 위원장이 추천하는 사람 3명 이상
4. 「건축법」에 따른 시 건축위원회의 위원 중 해당 위원회의 위원장이 추천하는 사람 2명 이상
5. 「서울특별시 교통영향평가에 관한 조례」에 따른 교통영향평가심의위원회의 위원 중 해당 위원회의 위원장이 추천하는 사람 2명 이상
6. 「에너지이용 합리화법」에 따른 에너지사용계획에 대하여 심의 권한을 가진 위원회의 위원 중 해당 위원회의 위원장이 추천하는 사람 2명 이상
7. 「서울특별시 재해영향평가심의위원회 구성 및 운영에 관한 규칙」에 따른 재해영향평가심의위원회의 위원 중 해당 위원회의 위원장이 추천하는 사람 2명 이상
8. 「경관법」에 따른 경관위원회의 위원 중 해당 위원회의 위원장이 추천하는 사람 2명 이상
9. 「교육환경 보호에 관한 법률」에 따른 시 교육환경보호위원회의 위원 중 해당 위원회의 위원장이 추천하는 사 람 2명 이상
③ 통합심의위원회의 위원장은 제2항제2호에 해당하는 사람 중 위원들이 호선하는 사람으로 하며, 부위원장은 제2항제1호에 해당하는 사람 중 시에서 주택 관련 업무를 담당하는 3급 이상인 공무원으로 한다.
④ 제2항제2호부터 제9호까지에 해당하는 위원의 임기는 2년으로 하되, 한 차례만 연임할 수 있다. 다만, 보궐위 원의 임기는 전임자의 남은 임기로 한다.
⑤ 위원이 해촉된 후 1년 이내에 재위촉되는 경우에는 이를 연임으로 본다.
⑥ 통합심의위원회에 간사 1명과 서기 1명을 두되, 간사는 위원회 업무를 담당하는 사무관이 되며, 서기는 담당 주무관이 된다.
⑦ 통합심의위원회의 간사는 위원장의 명을 받아 서무를 담당하며, 서기는 간사를 보좌한다.","제21조(통합심의위원회의 구성 및 운영) ① 통합심의위원회는 위원장 및 부위원장 각 1명을 포함하여 24명 이내로 구성하되, 위촉직 위원의 경우 「양성평등기본법」 제21조제2항 본문에 따라 특정 성별이 위촉직 위원 수의 10분 의 6을 초과하지 않도록 해야 한다. 다만, 같은 항 단서에 따라 해당 분야 특정 성별의 전문인력 부족 등 부득이 한 사유가 있다고 인정되어 양성평등실무위원회의 의결을 거친 경우에는 적용하지 않는다. ② 시장은 통합심의위원회의 위원을 다음 각 호의 사람 중에서 임명하거나 위촉한다. 다만, 제1호, 제3호부터 제 9호까지에 해당하는 사람을 위원의 과반으로 하여야 한다. 1. 국토교통부, 사전협의를 거치는 관계 부서 또는 행정기관 및 자치구에서 해당 주택 관련 업무를 담당하는 4급 이상인 공무원과 서울특별시(이하 ""시""라 한다)에서 주택 관련 업무를 담당하는 4급 이상인 공무원 2. 도시계획ㆍ건축ㆍ교통ㆍ환경ㆍ재해ㆍ에너지ㆍ경관 분야 등의 전문가로서 택지개발 및 주택사업에 관한 학식 과 경험이 풍부한 사람 중 시장이 추천하는 사람(다만, 여성 위원을 1명 이상 포함하여야 한다) 3. 「국토의 계획 및 이용에 관한 법률」에 따른 시 도시계획위원회의 위원 중 도시계획전문가ㆍ설계전문가ㆍ환경 전문가 각 1명 이상을 포함하여 해당 위원회의 위원장이 추천하는 사람 3명 이상 4. 「건축법」에 따른 시 건축위원회의 위원 중 해당 위원회의 위원장이 추천하는 사람 2명 이상 5. 「서울특별시 교통영향평가에 관한 조례」에 따른 교통영향평가심의위원회의 위원 중 해당 위원회의 위원장이 추천하는 사람 2명 이상 6. 「에너지이용 합리화법」에 따른 에너지사용계획에 대하여 심의 권한을 가진 위원회의 위원 중 해당 위원회의 위원장이 추천하는 사람 2명 이상 7. 「서울특별시 재해영향평가심의위원회 구성 및 운영에 관한 규칙」에 따른 재해영향평가심의위원회의 위원 중 해당 위원회의 위원장이 추천하는 사람 2명 이상 8. 「경관법」에 따른 경관위원회의 위원 중 해당 위원회의 위원장이 추천하는 사람 2명 이상 9. 「교육환경 보호에 관한 법률」에 따른 시 교육환경보호위원회의 위원 중 해당 위원회의 위원장이 추천하는 사 람 2명 이상 ③ 통합심의위원회의 위원장은 제2항제2호에 해당하는 사람 중 위원들이 호선하는 사람으로 하며, 부위원장은 제2항제1호에 해당하는 사람 중 시에서 주택 관련 업무를 담당하는 3급 이상인 공무원으로 한다. ④ 제2항제2호부터 제9호까지에 해당하는 위원의 임기는 2년으로 하되, 한 차례만 연임할 수 있다. 다만, 보궐위 원의 임기는 전임자의 남은 임기로 한다. ⑤ 위원이 해촉된 후 1년 이내에 재위촉되는 경우에는 이를 연임으로 본다. ⑥ 통합심의위원회에 간사 1명과 서기 1명을 두되, 간사는 위원회 업무를 담당하는 사무관이 되며, 서기는 담당 주무관이 된다. ⑦ 통합심의위원회의 간사는 위원장의 명을 받아 서무를 담당하며, 서기는 간사를 보좌한다.",,기준,"LAW2-E329,LAW2-E331,LAW2-E332,LAW2-P007-LIST-0080,LAW2-P007-LIST-0081",자동 추출,
LAW2-22,LAW2,,제5장 공공지원민간임대주택 통합심의위원회 등의 구성ㆍ운영,,제22조,위원장의 직무 등,7,8,"제22조(위원장의 직무 등) ① 위원장은 통합심의위원회의 업무를 총괄하며, 통합심의위원회를 소집하고 그 의장이 된다.
② 부위원장은 위원장을 보좌하며, 위원장이 부득이한 사정으로 그 직무를 수행하지 못하는 때에는 그 직무를 대 행한다.
③ 위원장 및 부위원장이 모두 부득이한 사정으로 그 직무를 수행하지 못하는 때에는 위원장이 미리 지명한 위원 이 그 직무를 대행한다.
④ 위원장의 임기는 2년으로 하되, 한 차례만 연임할 수 있다.","제22조(위원장의 직무 등) ① 위원장은 통합심의위원회의 업무를 총괄하며, 통합심의위원회를 소집하고 그 의장이 된다. ② 부위원장은 위원장을 보좌하며, 위원장이 부득이한 사정으로 그 직무를 수행하지 못하는 때에는 그 직무를 대 행한다. ③ 위원장 및 부위원장이 모두 부득이한 사정으로 그 직무를 수행하지 못하는 때에는 위원장이 미리 지명한 위원 이 그 직무를 대행한다. ④ 위원장의 임기는 2년으로 하되, 한 차례만 연임할 수 있다.",,본문,"LAW2-E347,LAW2-P007-LIST-0083,LAW2-E351",자동 추출,
LAW2-23,LAW2,,제5장 공공지원민간임대주택 통합심의위원회 등의 구성ㆍ운영,,제23조,심의대상 등의 사전검토,8,8,제23조(심의대상 등의 사전검토) 시장은 필요한 경우 통합심의위원회에 안건을 제출하기 전에 관계기관 및 관계전 문가의 의견을 들을 수 있다.,제23조(심의대상 등의 사전검토) 시장은 필요한 경우 통합심의위원회에 안건을 제출하기 전에 관계기관 및 관계전 문가의 의견을 들을 수 있다.,,본문,LAW2-P008-LIST-0085,자동 추출,
LAW2-24,LAW2,,제5장 공공지원민간임대주택 통합심의위원회 등의 구성ㆍ운영,,제24조,회의소집 및 운영,8,8,"제24조(회의소집 및 운영) ① 시장 또는 위원장이 필요하다고 인정하는 경우에 통합심의위원회의 회의를 소집하고
운영한다.
② 시장 또는 위원장이 통합심의위원회를 소집하려는 경우에는 회의개최 7일 전까지 회의일시ㆍ장소 및 회의에 부치는 안건을 각 위원에게 통지하여야 한다. 다만, 긴급한 경우에는 그러하지 아니하다.
③ 통합심의위원회는 필요하다고 인정하는 경우에는 관계공무원ㆍ관계전문가 또는 지역구 시의원의 의견을 들 을 수 있다.
④ 시장은 시 공무원이 아닌 위원과 속기사에 대하여는 「서울특별시 위원회 수당 및 여비 지급 조례」에서 정하 는 바에 따라 예산의 범위에서 수당 및 여비를 지급할 수 있다.
⑤ 통합심의위원회의 회의는 위원장을 포함한 재적위원 과반수의 출석으로 개의하고, 출석위원 과반수의 찬성으 로 의결한다. 다만, 사업대상지가 제21조제2항 각 호에 따른 심의 대상일 경우 출석 위원에 해당 분야 위원이 1명 이상 포함되어야 한다.
⑥ 통합심의위원회는 회의내용을 녹취하고 회의록을 작성하여야 한다.
⑦ 통합심의위원회의 회의는 비공개를 원칙으로 한다. 다만, 회의록 공개는 「서울특별시 도시계획 조례」제61조
제2항 및 제3항을 준용한다.","제24조(회의소집 및 운영) ① 시장 또는 위원장이 필요하다고 인정하는 경우에 통합심의위원회의 회의를 소집하고 운영한다. ② 시장 또는 위원장이 통합심의위원회를 소집하려는 경우에는 회의개최 7일 전까지 회의일시ㆍ장소 및 회의에 부치는 안건을 각 위원에게 통지하여야 한다. 다만, 긴급한 경우에는 그러하지 아니하다. ③ 통합심의위원회는 필요하다고 인정하는 경우에는 관계공무원ㆍ관계전문가 또는 지역구 시의원의 의견을 들 을 수 있다. ④ 시장은 시 공무원이 아닌 위원과 속기사에 대하여는 「서울특별시 위원회 수당 및 여비 지급 조례」에서 정하 는 바에 따라 예산의 범위에서 수당 및 여비를 지급할 수 있다. ⑤ 통합심의위원회의 회의는 위원장을 포함한 재적위원 과반수의 출석으로 개의하고, 출석위원 과반수의 찬성으 로 의결한다. 다만, 사업대상지가 제21조제2항 각 호에 따른 심의 대상일 경우 출석 위원에 해당 분야 위원이 1명 이상 포함되어야 한다. ⑥ 통합심의위원회는 회의내용을 녹취하고 회의록을 작성하여야 한다. ⑦ 통합심의위원회의 회의는 비공개를 원칙으로 한다. 다만, 회의록 공개는 「서울특별시 도시계획 조례」제61조 제2항 및 제3항을 준용한다.",,기준,"LAW2-P008-LIST-0085,LAW2-E354,LAW2-P008-LIST-0087,LAW2-E361",자동 추출,
LAW2-25,LAW2,,제5장 공공지원민간임대주택 통합심의위원회 등의 구성ㆍ운영,,제25조,위원의 위촉 해제,8,8,제25조(위원의 위촉 해제) 시장은 제21조에 따라 위촉된 위원이 「서울특별시 각종 위원회의 설치ㆍ운영에 관한 조 례」제8조의2제1항 각 호의 어느 하나에 해당하는 경우 해당 위원을 해촉할 수 있다.,제25조(위원의 위촉 해제) 시장은 제21조에 따라 위촉된 위원이 「서울특별시 각종 위원회의 설치ㆍ운영에 관한 조 례」제8조의2제1항 각 호의 어느 하나에 해당하는 경우 해당 위원을 해촉할 수 있다.,,본문,LAW2-P008-LIST-0089,자동 추출,
LAW2-26,LAW2,,제5장 공공지원민간임대주택 통합심의위원회 등의 구성ㆍ운영,,제26조,위원의 제척ㆍ기피ㆍ회피,8,8,제26조(위원의 제척ㆍ기피ㆍ회피) 위원은 「서울특별시 각종 위원회의 설치ㆍ운영에 관한 조례」제9조제1항 각 호의 어느 하나에 해당하는 경우 해당 자문 또는 심의 등에서 제척된다.,제26조(위원의 제척ㆍ기피ㆍ회피) 위원은 「서울특별시 각종 위원회의 설치ㆍ운영에 관한 조례」제9조제1항 각 호의 어느 하나에 해당하는 경우 해당 자문 또는 심의 등에서 제척된다.,,본문,LAW2-P008-LIST-0089,자동 추출,
LAW2-27,LAW2,,제5장 공공지원민간임대주택 통합심의위원회 등의 구성ㆍ운영,,제27조,공공지원민간임대주택 운영자문위원회의 설치ㆍ운영 등,8,10,"제27조(공공지원민간임대주택 운영자문위원회의 설치ㆍ운영 등) ① 시장은 공공지원민간임대주택의 최초 임대료, 커뮤니티시설 운영방안, 부설주차장 운영 등을 검토 및 자문하기 위하여 공공지원민간임대주택 운영자문위원회 (이하 ""자문위원회""라 한다)를 설치ㆍ운영할 수 있다.
② 자문위원회는 다음 각 호의 어느 하나에 해당하는 사항 중 위원장이 필요하다고 인정하는 경우 자문에 응한다 .
1. 공공지원민간임대주택의 최초 임대료 산정
2. 공공지원민간임대주택의 입주자 자격 및 선정방법
3. 기존 상가세입자에 대한 손실보상 등 보호대책
4. 부설주차장 배분 및 주차요금 징수 등 운영계획에 관한 사항
5. 주민공동시설 및 커뮤니티(지원)시설 운영방안
6. 그 밖에 공공지원민간임대주택의 운영과 관련하여 시장이 자문위원회의 회의에 부치는 사항
③ 자문위원회는 위원장을 포함한 18명 이내의 위원으로 구성하며, 위원장은 주택실장이 되며, 위원은 공공지원 민간임대주택에 대한 학식과 경험이 풍부한 사람으로서 다음 각 호의 사람 중에서 시장이 성별을 고려하여 임명 또는 위촉한다.
1. 시의회가 추천한 시의원
2. 대학이나 연구기관에서 부교수 이상 또는 이에 상당하는 직에 재직하고 있는 사람
3. 변호사, 공인회계사, 감정평가사, 건축사, 금융, 교통, 개발사업시행 등 분야별 전문가
4. 주택공급 관련 업무에 종사하는 4급 이상 공무원 및 처장급 이상 공사 직원
5. 청년, 신혼부부 또는 어르신 분야 관련 단체에서 5년 이상 활동 경력이 있는 사람
6. 그 밖에 위원장이 필요하다고 인정하는 사람
④ 위원장은 자문위원회의 직무를 총괄하며, 자문위원회를 대표한다. 다만, 위원장이 그 직무를 수행할 수 없을 때에는 위원장이 미리 지명한 위원이 이를 대행한다.
⑤ 자문위원회에 간사 1명과 서기 1명을 두되, 간사는 위원회 업무를 담당하는 사무관이 되며, 서기는 담당 주무 관이 된다.
⑥ 자문위원회의 간사는 위원장의 명을 받아 서무를 담당하며, 서기는 간사를 보좌한다.
⑦ 자문위원회의 위원 중 공무원 및 위원장의 임기는 해당 직에 재직하는 기간으로 하고, 위촉직 위원의 임기는 2년으로 하되, 한 차례만 연임할 수 있다. 다만, 보궐위원의 임기는 전임자의 남은 기간으로 한다.
⑧ 위원장이 자문위원회를 소집하려는 경우에는 회의 개최 7일 전까지 회의일시ㆍ장소 및 회의에 부치는 안건을 각 위원에게 통지하여야 한다. 다만, 긴급한 경우에는 그러하지 아니하다.
⑨ 자문위원회는 자문사항에 따라 위원장이 필요하다고 인정하는 경우 위원이 아닌 분야별 전문가를 회의에 참 석하게 하여 의견을 들을 수 있다.
⑩ 위원회의 회의는 위원장을 포함한 재적위원 과반수의 출석으로 개의하고, 출석위원 과반수 찬성으로 결정한 다.
⑪ 시장은 자문위원회의 회의록 및 관련 자료가 다음 각 호의 어느 하나에 해당하는 경우 공개하지 아니할 수 있 다.
1. 부동산 투기 유발 등 공익을 현저히 해칠 우려가 있다고 인정하는 경우
2. 의사결정의 공정성을 침해할 우려가 있다고 인정되는 이름ㆍ주민등록번호ㆍ직위 및 주소 등 특정인임을 식별 할 수 있는 정보
3. 의사결정과정 또는 내부검토과정에 있는 사항으로서 공개될 경우 업무의 공정한 수행에 지장을 초래한다고 인정할 만한 상당한 이유가 있는 경우
⑫ 자문위원회에서 자문한 제27조제2항제1호부터 제5호의 사항에 대한 위원회의 검토, 자문 결과는 표준협약서 에 반영하여 시와 사업시행자 간 협약을 체결한다.
⑬ 위원의 수당 및 여비는 「서울특별시 위원회 수당 및 여비 지급 조례」를 준용한다.
⑭ 위원의 위촉 해제 및 제척ㆍ기피ㆍ회피 등에 대해서는 「서울특별시 각종 위원회의 설치ㆍ운영에 관한 조례」 제8조의2와 제9조를 준용한다.
⑮ 이 조례에서 정한 것 외에 자문위원회의 운영에 관한 사항은 자문위원회의 회의를 거쳐 위원장이 정한다.
부칙 <제9869호, 2025.9.29>
이 조례는 공포한 날부터 시행한다.","제27조(공공지원민간임대주택 운영자문위원회의 설치ㆍ운영 등) ① 시장은 공공지원민간임대주택의 최초 임대료, 커뮤니티시설 운영방안, 부설주차장 운영 등을 검토 및 자문하기 위하여 공공지원민간임대주택 운영자문위원회 (이하 ""자문위원회""라 한다)를 설치ㆍ운영할 수 있다. ② 자문위원회는 다음 각 호의 어느 하나에 해당하는 사항 중 위원장이 필요하다고 인정하는 경우 자문에 응한다 . 1. 공공지원민간임대주택의 최초 임대료 산정 2. 공공지원민간임대주택의 입주자 자격 및 선정방법 3. 기존 상가세입자에 대한 손실보상 등 보호대책 4. 부설주차장 배분 및 주차요금 징수 등 운영계획에 관한 사항 5. 주민공동시설 및 커뮤니티(지원)시설 운영방안 6. 그 밖에 공공지원민간임대주택의 운영과 관련하여 시장이 자문위원회의 회의에 부치는 사항 ③ 자문위원회는 위원장을 포함한 18명 이내의 위원으로 구성하며, 위원장은 주택실장이 되며, 위원은 공공지원 민간임대주택에 대한 학식과 경험이 풍부한 사람으로서 다음 각 호의 사람 중에서 시장이 성별을 고려하여 임명 또는 위촉한다. 1. 시의회가 추천한 시의원 2. 대학이나 연구기관에서 부교수 이상 또는 이에 상당하는 직에 재직하고 있는 사람 3. 변호사, 공인회계사, 감정평가사, 건축사, 금융, 교통, 개발사업시행 등 분야별 전문가 4. 주택공급 관련 업무에 종사하는 4급 이상 공무원 및 처장급 이상 공사 직원 5. 청년, 신혼부부 또는 어르신 분야 관련 단체에서 5년 이상 활동 경력이 있는 사람 6. 그 밖에 위원장이 필요하다고 인정하는 사람 ④ 위원장은 자문위원회의 직무를 총괄하며, 자문위원회를 대표한다. 다만, 위원장이 그 직무를 수행할 수 없을 때에는 위원장이 미리 지명한 위원이 이를 대행한다. ⑤ 자문위원회에 간사 1명과 서기 1명을 두되, 간사는 위원회 업무를 담당하는 사무관이 되며, 서기는 담당 주무 관이 된다. ⑥ 자문위원회의 간사는 위원장의 명을 받아 서무를 담당하며, 서기는 간사를 보좌한다. ⑦ 자문위원회의 위원 중 공무원 및 위원장의 임기는 해당 직에 재직하는 기간으로 하고, 위촉직 위원의 임기는 2년으로 하되, 한 차례만 연임할 수 있다. 다만, 보궐위원의 임기는 전임자의 남은 기간으로 한다. ⑧ 위원장이 자문위원회를 소집하려는 경우에는 회의 개최 7일 전까지 회의일시ㆍ장소 및 회의에 부치는 안건을 각 위원에게 통지하여야 한다. 다만, 긴급한 경우에는 그러하지 아니하다. ⑨ 자문위원회는 자문사항에 따라 위원장이 필요하다고 인정하는 경우 위원이 아닌 분야별 전문가를 회의에 참 석하게 하여 의견을 들을 수 있다. ⑩ 위원회의 회의는 위원장을 포함한 재적위원 과반수의 출석으로 개의하고, 출석위원 과반수 찬성으로 결정한 다. ⑪ 시장은 자문위원회의 회의록 및 관련 자료가 다음 각 호의 어느 하나에 해당하는 경우 공개하지 아니할 수 있 다. 1. 부동산 투기 유발 등 공익을 현저히 해칠 우려가 있다고 인정하는 경우 2. 의사결정의 공정성을 침해할 우려가 있다고 인정되는 이름ㆍ주민등록번호ㆍ직위 및 주소 등 특정인임을 식별 할 수 있는 정보 3. 의사결정과정 또는 내부검토과정에 있는 사항으로서 공개될 경우 업무의 공정한 수행에 지장을 초래한다고 인정할 만한 상당한 이유가 있는 경우 ⑫ 자문위원회에서 자문한 제27조제2항제1호부터 제5호의 사항에 대한 위원회의 검토, 자문 결과는 표준협약서 에 반영하여 시와 사업시행자 간 협약을 체결한다. ⑬ 위원의 수당 및 여비는 「서울특별시 위원회 수당 및 여비 지급 조례」를 준용한다. ⑭ 위원의 위촉 해제 및 제척ㆍ기피ㆍ회피 등에 대해서는 「서울특별시 각종 위원회의 설치ㆍ운영에 관한 조례」 제8조의2와 제9조를 준용한다. ⑮ 이 조례에서 정한 것 외에 자문위원회의 운영에 관한 사항은 자문위원회의 회의를 거쳐 위원장이 정한다. 부칙 <제9869호, 2025.9.29> 이 조례는 공포한 날부터 시행한다.",,기준,"LAW2-P008-LIST-0089,LAW2-E365,LAW2-P008-LIST-0091,LAW2-E372,LAW2-E373,LAW2-P009-LIST-0094,LAW2-P009-LIST-0095,LAW2-P009-LIST-0096,LAW2-P009-LIST-0097,LAW2-E395,LAW2-E396,LAW2-E397",자동 추출,
