table_id,document_id,clause_id,start_page,end_page,title,row_count,column_count,table_text,table_html,rows_json,table_image_file,bbox_left,bbox_bottom,bbox_right,bbox_top,review_status,review_memo
LAW1-T001,LAW1,LAW1-2_2_2,6,6,LAW1-2_2_2 표 1,6,2,"< 안심주택의 사업방식 >
분양 방식 | SH선매입 방식
분양 [ 공공지원민간임대주택50%+공공임대주택 ( 공공기여 )] | 공공임대(SH선매입) (주택연면적의 30% 이하)
제외한주택 공공임대(공공기여) | 공공임대(공공기여)
공공지원민간임대(일반공급) | 공공지원민간임대(일반공급)
공공지원민간임대(특별공급) | 공공지원민간임대(특별공급)","<table><tr><td colspan=""2"">&lt; 안심주택의 사업방식 &gt;</td></tr><tr><td>분양 방식</td><td>SH선매입 방식</td></tr><tr><td>분양 [ 공공지원민간임대주택50%+공공임대주택 ( 공공기여 )]</td><td>공공임대(SH선매입) (주택연면적의 30% 이하)</td></tr><tr><td>제외한주택 공공임대(공공기여)</td><td>공공임대(공공기여)</td></tr><tr><td>공공지원민간임대(일반공급)</td><td>공공지원민간임대(일반공급)</td></tr><tr><td>공공지원민간임대(특별공급)</td><td>공공지원민간임대(특별공급)</td></tr></table>","[{""type"":""table row"",""row number"":1,""cells"":[{""type"":""table cell"",""pdfua_tag"":""TH"",""page number"":6,""bounding box"":[83.792,196.703,542.055,217.948],""row number"":1,""column number"":1,""row span"":1,""column span"":2,""is_header"":true,""kids"":[{""type"":""paragraph"",""pdfua_tag"":""P"",""id"":991,""page number"":6,""bounding box"":[83.792,196.703,542.055,217.948],""font"":null,""font size"":9.96,""text color"":""[0.0]"",""content"":""< 안심주택의 사업방식 >""}]}]},{""type"":""table row"",""row number"":2,""cells"":[{""type"":""table cell"",""pdfua_tag"":""TD"",""page number"":6,""bounding box"":[83.792,175.458,312.923,196.703],""row number"":2,""column number"":1,""row span"":1,""column span"":1,""kids"":[{""type"":""paragraph"",""pdfua_tag"":""P"",""id"":992,""page number"":6,""bounding box"":[83.792,175.458,312.923,196.703],""font"":null,""font size"":9.96,""text color"":""[0.0]"",""content"":""분양 방식""}]},{""type"":""table cell"",""pdfua_tag"":""TD"",""page number"":6,""bounding box"":[312.923,175.458,542.055,196.703],""row number"":2,""column number"":2,""row span"":1,""column span"":1,""kids"":[{""type"":""paragraph"",""pdfua_tag"":""P"",""id"":993,""page number"":6,""bounding box"":[312.923,175.458,542.055,196.703],""font"":null,""font size"":9.96,""text color"":""[0.0]"",""content"":""SH선매입 방식""}]}]},{""type"":""table row"",""row number"":3,""cells"":[{""type"":""table cell"",""pdfua_tag"":""TD"",""page number"":6,""bounding box"":[83.792,154.214,312.923,175.458],""row number"":3,""column number"":1,""row span"":1,""column span"":1,""kids"":[{""type"":""paragraph"",""pdfua_tag"":""P"",""id"":994,""page number"":6,""bounding box"":[83.792,154.214,312.923,175.458],""font"":null,""font size"":9.96,""text color"":""[0.0]"",""content"":""분양 [ 공공지원민간임대주택50%+공공임대주택 ( 공공기여 )]""}]},{""type"":""table cell"",""pdfua_tag"":""TD"",""page number"":6,""bounding box"":[312.923,154.214,542.055,175.458],""row number"":3,""column number"":2,""row span"":1,""column span"":1,""kids"":[{""type"":""paragraph"",""pdfua_tag"":""P"",""id"":995,""page number"":6,""bounding box"":[312.923,154.214,542.055,175.458],""font"":null,""font size"":9.96,""text color"":""[0.0]"",""content"":""공공임대(SH선매입) (주택연면적의 30% 이하)""}]}]},{""type"":""table row"",""row number"":4,""cells"":[{""type"":""table cell"",""pdfua_tag"":""TD"",""page number"":6,""bounding box"":[83.792,132.969,312.923,154.214],""row number"":4,""column number"":1,""row span"":1,""column span"":1,""kids"":[{""type"":""paragraph"",""pdfua_tag"":""P"",""id"":996,""page number"":6,""bounding box"":[83.792,132.969,312.923,154.214],""font"":null,""font size"":9.96,""text color"":""[0.0]"",""content"":""제외한주택 공공임대(공공기여)""}]},{""type"":""table cell"",""pdfua_tag"":""TD"",""page number"":6,""bounding box"":[312.923,132.969,542.055,154.214],""row number"":4,""column number"":2,""row span"":1,""column span"":1,""kids"":[{""type"":""paragraph"",""pdfua_tag"":""P"",""id"":997,""page number"":6,""bounding box"":[312.923,132.969,542.055,154.214],""font"":null,""font size"":9.96,""text color"":""[0.0]"",""content"":""공공임대(공공기여)""}]}]},{""type"":""table row"",""row number"":5,""cells"":[{""type"":""table cell"",""pdfua_tag"":""TD"",""page number"":6,""bounding box"":[83.792,111.724,312.923,132.969],""row number"":5,""column number"":1,""row span"":1,""column span"":1,""kids"":[{""type"":""paragraph"",""pdfua_tag"":""P"",""id"":998,""page number"":6,""bounding box"":[83.792,111.724,312.923,132.969],""font"":null,""font size"":9.96,""text color"":""[0.0]"",""content"":""공공지원민간임대(일반공급)""}]},{""type"":""table cell"",""pdfua_tag"":""TD"",""page number"":6,""bounding box"":[312.923,111.724,542.055,132.969],""row number"":5,""column number"":2,""row span"":1,""column span"":1,""kids"":[{""type"":""paragraph"",""pdfua_tag"":""P"",""id"":999,""page number"":6,""bounding box"":[312.923,111.724,542.055,132.969],""font"":null,""font size"":9.96,""text color"":""[0.0]"",""content"":""공공지원민간임대(일반공급)""}]}]},{""type"":""table row"",""row number"":6,""cells"":[{""type"":""table cell"",""pdfua_tag"":""TD"",""page number"":6,""bounding box"":[83.792,90.48,312.923,111.724],""row number"":6,""column number"":1,""row span"":1,""column span"":1,""kids"":[{""type"":""paragraph"",""pdfua_tag"":""P"",""id"":1000,""page number"":6,""bounding box"":[83.792,90.48,312.923,111.724],""font"":null,""font size"":9.96,""text color"":""[0.0]"",""content"":""공공지원민간임대(특별공급)""}]},{""type"":""table cell"",""pdfua_tag"":""TD"",""page number"":6,""bounding box"":[312.923,90.48,542.055,111.724],""row number"":6,""column number"":2,""row span"":1,""column span"":1,""kids"":[{""type"":""paragraph"",""pdfua_tag"":""P"",""id"":1001,""page number"":6,""bounding box"":[312.923,90.48,542.055,111.724],""font"":null,""font size"":9.96,""text color"":""[0.0]"",""content"":""공공지원민간임대(특별공급)""}]}]}]",law-1_p006_LAW1-T001.png,83.792,90.48,542.055,217.948,자동 추출,
LAW1-T002,LAW1,LAW1-2_3_1,10,10,LAW1-2_3_1 표 2,4,6,"대상면적 용도 비율 지역계획 | 0~10%미만 | 10~20%미만 | 20~30%미만 | 30~40%미만 | 40~50%미만
용도지역 유지 | 2% | 4% | 6% | 8% | 10%
준주거지역 변경 | 3% | 6% | 9% | 12% | 15%
상업지역 변경 | 5% | 10% | 15% | 20% | 25%",<table><tr><td>대상면적 용도 비율 지역계획</td><td>0~10%미만</td><td>10~20%미만</td><td>20~30%미만</td><td>30~40%미만</td><td>40~50%미만</td></tr><tr><td>용도지역 유지</td><td>2%</td><td>4%</td><td>6%</td><td>8%</td><td>10%</td></tr><tr><td>준주거지역 변경</td><td>3%</td><td>6%</td><td>9%</td><td>12%</td><td>15%</td></tr><tr><td>상업지역 변경</td><td>5%</td><td>10%</td><td>15%</td><td>20%</td><td>25%</td></tr></table>,"[{""type"":""table row"",""row number"":1,""cells"":[{""type"":""table cell"",""pdfua_tag"":""TH"",""page number"":10,""bounding box"":[94.475,397.597,169.215,419.716],""row number"":1,""column number"":1,""row span"":1,""column span"":1,""is_header"":true,""kids"":[{""type"":""paragraph"",""pdfua_tag"":""P"",""id"":1003,""page number"":10,""bounding box"":[94.475,397.597,169.215,419.716],""font"":null,""font size"":9.0,""text color"":""[0.0]"",""content"":""대상면적 용도 비율 지역계획""}]},{""type"":""table cell"",""pdfua_tag"":""TH"",""page number"":10,""bounding box"":[169.215,397.597,243.954,419.716],""row number"":1,""column number"":2,""row span"":1,""column span"":1,""is_header"":true,""kids"":[{""type"":""paragraph"",""pdfua_tag"":""P"",""id"":1004,""page number"":10,""bounding box"":[169.215,397.597,243.954,419.716],""font"":null,""font size"":9.96,""text color"":""[0.0]"",""content"":""0~10%미만""}]},{""type"":""table cell"",""pdfua_tag"":""TH"",""page number"":10,""bounding box"":[243.954,397.597,318.694,419.716],""row number"":1,""column number"":3,""row span"":1,""column span"":1,""is_header"":true,""kids"":[{""type"":""paragraph"",""pdfua_tag"":""P"",""id"":1005,""page number"":10,""bounding box"":[243.954,397.597,318.694,419.716],""font"":null,""font size"":9.96,""text color"":""[0.0]"",""content"":""10~20%미만""}]},{""type"":""table cell"",""pdfua_tag"":""TH"",""page number"":10,""bounding box"":[318.694,397.597,393.434,419.716],""row number"":1,""column number"":4,""row span"":1,""column span"":1,""is_header"":true,""kids"":[{""type"":""paragraph"",""pdfua_tag"":""P"",""id"":1006,""page number"":10,""bounding box"":[318.694,397.597,393.434,419.716],""font"":null,""font size"":9.96,""text color"":""[0.0]"",""content"":""20~30%미만""}]},{""type"":""table cell"",""pdfua_tag"":""TH"",""page number"":10,""bounding box"":[393.434,397.597,468.174,419.716],""row number"":1,""column number"":5,""row span"":1,""column span"":1,""is_header"":true,""kids"":[{""type"":""paragraph"",""pdfua_tag"":""P"",""id"":1007,""page number"":10,""bounding box"":[393.434,397.597,468.174,419.716],""font"":null,""font size"":9.96,""text color"":""[0.0]"",""content"":""30~40%미만""}]},{""type"":""table cell"",""pdfua_tag"":""TH"",""page number"":10,""bounding box"":[468.174,397.597,542.913,419.716],""row number"":1,""column number"":6,""row span"":1,""column span"":1,""is_header"":true,""kids"":[{""type"":""paragraph"",""pdfua_tag"":""P"",""id"":1008,""page number"":10,""bounding box"":[468.174,397.597,542.913,419.716],""font"":null,""font size"":9.96,""text color"":""[0.0]"",""content"":""40~50%미만""}]}]},{""type"":""table row"",""row number"":2,""cells"":[{""type"":""table cell"",""pdfua_tag"":""TD"",""page number"":10,""bounding box"":[94.475,375.477,169.215,397.597],""row number"":2,""column number"":1,""row span"":1,""column span"":1,""kids"":[{""type"":""paragraph"",""pdfua_tag"":""P"",""id"":1009,""page number"":10,""bounding box"":[94.475,375.477,169.215,397.597],""font"":null,""font size"":11.04,""text color"":""[0.0]"",""content"":""용도지역 유지""}]},{""type"":""table cell"",""pdfua_tag"":""TD"",""page number"":10,""bounding box"":[169.215,375.477,243.954,397.597],""row number"":2,""column number"":2,""row span"":1,""column span"":1,""kids"":[{""type"":""paragraph"",""pdfua_tag"":""P"",""id"":1010,""page number"":10,""bounding box"":[169.215,375.477,243.954,397.597],""font"":null,""font size"":9.96,""text color"":""[0.0]"",""content"":""2%""}]},{""type"":""table cell"",""pdfua_tag"":""TD"",""page number"":10,""bounding box"":[243.954,375.477,318.694,397.597],""row number"":2,""column number"":3,""row span"":1,""column span"":1,""kids"":[{""type"":""paragraph"",""pdfua_tag"":""P"",""id"":1011,""page number"":10,""bounding box"":[243.954,375.477,318.694,397.597],""font"":null,""font size"":9.96,""text color"":""[0.0]"",""content"":""4%""}]},{""type"":""table cell"",""pdfua_tag"":""TD"",""page number"":10,""bounding box"":[318.694,375.477,393.434,397.597],""row number"":2,""column number"":4,""row span"":1,""column span"":1,""kids"":[{""type"":""paragraph"",""pdfua_tag"":""P"",""id"":1012,""page number"":10,""bounding box"":[318.694,375.477,393.434,397.597],""font"":null,""font size"":9.96,""text color"":""[0.0]"",""content"":""6%""}]},{""type"":""table cell"",""pdfua_tag"":""TD"",""page number"":10,""bounding box"":[393.434,375.477,468.174,397.597],""row number"":2,""column number"":5,""row span"":1,""column span"":1,""kids"":[{""type"":""paragraph"",""pdfua_tag"":""P"",""id"":1013,""page number"":10,""bounding box"":[393.434,375.477,468.174,397.597],""font"":null,""font size"":9.96,""text color"":""[0.0]"",""content"":""8%""}]},{""type"":""table cell"",""pdfua_tag"":""TD"",""page number"":10,""bounding box"":[468.174,375.477,542.913,397.597],""row number"":2,""column number"":6,""row span"":1,""column span"":1,""kids"":[{""type"":""paragraph"",""pdfua_tag"":""P"",""id"":1014,""page number"":10,""bounding box"":[468.174,375.477,542.913,397.597],""font"":null,""font size"":9.96,""text color"":""[0.0]"",""content"":""10%""}]}]},{""type"":""table row"",""row number"":3,""cells"":[{""type"":""table cell"",""pdfua_tag"":""TD"",""page number"":10,""bounding box"":[94.475,353.358,169.215,375.477],""row number"":3,""column number"":1,""row span"":1,""column span"":1,""kids"":[{""type"":""paragraph"",""pdfua_tag"":""P"",""id"":1015,""page number"":10,""bounding box"":[94.475,353.358,169.215,375.477],""font"":null,""font size"":11.04,""text color"":""[0.0]"",""content"":""준주거지역 변경""}]},{""type"":""table cell"",""pdfua_tag"":""TD"",""page number"":10,""bounding box"":[169.215,353.358,243.954,375.477],""row number"":3,""column number"":2,""row span"":1,""column span"":1,""kids"":[{""type"":""paragraph"",""pdfua_tag"":""P"",""id"":1016,""page number"":10,""bounding box"":[169.215,353.358,243.954,375.477],""font"":null,""font size"":9.96,""text color"":""[0.0]"",""content"":""3%""}]},{""type"":""table cell"",""pdfua_tag"":""TD"",""page number"":10,""bounding box"":[243.954,353.358,318.694,375.477],""row number"":3,""column number"":3,""row span"":1,""column span"":1,""kids"":[{""type"":""paragraph"",""pdfua_tag"":""P"",""id"":1017,""page number"":10,""bounding box"":[243.954,353.358,318.694,375.477],""font"":null,""font size"":9.96,""text color"":""[0.0]"",""content"":""6%""}]},{""type"":""table cell"",""pdfua_tag"":""TD"",""page number"":10,""bounding box"":[318.694,353.358,393.434,375.477],""row number"":3,""column number"":4,""row span"":1,""column span"":1,""kids"":[{""type"":""paragraph"",""pdfua_tag"":""P"",""id"":1018,""page number"":10,""bounding box"":[318.694,353.358,393.434,375.477],""font"":null,""font size"":9.96,""text color"":""[0.0]"",""content"":""9%""}]},{""type"":""table cell"",""pdfua_tag"":""TD"",""page number"":10,""bounding box"":[393.434,353.358,468.174,375.477],""row number"":3,""column number"":5,""row span"":1,""column span"":1,""kids"":[{""type"":""paragraph"",""pdfua_tag"":""P"",""id"":1019,""page number"":10,""bounding box"":[393.434,353.358,468.174,375.477],""font"":null,""font size"":9.96,""text color"":""[0.0]"",""content"":""12%""}]},{""type"":""table cell"",""pdfua_tag"":""TD"",""page number"":10,""bounding box"":[468.174,353.358,542.913,375.477],""row number"":3,""column number"":6,""row span"":1,""column span"":1,""kids"":[{""type"":""paragraph"",""pdfua_tag"":""P"",""id"":1020,""page number"":10,""bounding box"":[468.174,353.358,542.913,375.477],""font"":null,""font size"":9.96,""text color"":""[0.0]"",""content"":""15%""}]}]},{""type"":""table row"",""row number"":4,""cells"":[{""type"":""table cell"",""pdfua_tag"":""TD"",""page number"":10,""bounding box"":[94.475,331.239,169.215,353.358],""row number"":4,""column number"":1,""row span"":1,""column span"":1,""kids"":[{""type"":""paragraph"",""pdfua_tag"":""P"",""id"":1021,""page number"":10,""bounding box"":[94.475,331.239,169.215,353.358],""font"":null,""font size"":11.04,""text color"":""[0.0]"",""content"":""상업지역 변경""}]},{""type"":""table cell"",""pdfua_tag"":""TD"",""page number"":10,""bounding box"":[169.215,331.239,243.954,353.358],""row number"":4,""column number"":2,""row span"":1,""column span"":1,""kids"":[{""type"":""paragraph"",""pdfua_tag"":""P"",""id"":1022,""page number"":10,""bounding box"":[169.215,331.239,243.954,353.358],""font"":null,""font size"":9.96,""text color"":""[0.0]"",""content"":""5%""}]},{""type"":""table cell"",""pdfua_tag"":""TD"",""page number"":10,""bounding box"":[243.954,331.239,318.694,353.358],""row number"":4,""column number"":3,""row span"":1,""column span"":1,""kids"":[{""type"":""paragraph"",""pdfua_tag"":""P"",""id"":1023,""page number"":10,""bounding box"":[243.954,331.239,318.694,353.358],""font"":null,""font size"":9.96,""text color"":""[0.0]"",""content"":""10%""}]},{""type"":""table cell"",""pdfua_tag"":""TD"",""page number"":10,""bounding box"":[318.694,331.239,393.434,353.358],""row number"":4,""column number"":4,""row span"":1,""column span"":1,""kids"":[{""type"":""paragraph"",""pdfua_tag"":""P"",""id"":1024,""page number"":10,""bounding box"":[318.694,331.239,393.434,353.358],""font"":null,""font size"":9.96,""text color"":""[0.0]"",""content"":""15%""}]},{""type"":""table cell"",""pdfua_tag"":""TD"",""page number"":10,""bounding box"":[393.434,331.239,468.174,353.358],""row number"":4,""column number"":5,""row span"":1,""column span"":1,""kids"":[{""type"":""paragraph"",""pdfua_tag"":""P"",""id"":1025,""page number"":10,""bounding box"":[393.434,331.239,468.174,353.358],""font"":null,""font size"":9.96,""text color"":""[0.0]"",""content"":""20%""}]},{""type"":""table cell"",""pdfua_tag"":""TD"",""page number"":10,""bounding box"":[468.174,331.239,542.913,353.358],""row number"":4,""column number"":6,""row span"":1,""column span"":1,""kids"":[{""type"":""paragraph"",""pdfua_tag"":""P"",""id"":1026,""page number"":10,""bounding box"":[468.174,331.239,542.913,353.358],""font"":null,""font size"":9.96,""text color"":""[0.0]"",""content"":""25%""}]}]}]",law-1_p010_LAW1-T002.png,94.475,331.239,542.913,419.716,자동 추출,
LAW1-T003,LAW1,LAW1-2_3_1,12,12,LAW1-2_3_1 표 3,5,3,"용도지역 변경 전 준주거지역, | 변경 기준(인접 및 도로 기준) | 용도지역 변경 후
제2 · 3종일반주거지역 | 준주거지역, 일반 또는 근린상업지역과 직접 접하거나 폭20m 이하의 도로를 사이에 두고 접한 경우 폭 20m 이상 간선도로변 준주거, 일반(근린)상업지역이 있는 역세권등*으로서 | 준주거지역
 | 중심지(도심, 광역, 지역, 지구중심) 역세권등*으로서 관련위원회가 인정하는 경우
 | 관련위원회가 인정하는 경우 2,000㎡ 이상으로서 관련위원회가 인정하는
제3종일반주거지역, 준주거지역 일반 폭 | 또는 근린상업지역과 직접 접하거나 20m 이하의 도로를 사이에 두고 접한","<table><tr><td>용도지역 변경 전 준주거지역,</td><td>변경 기준(인접 및 도로 기준)</td><td>용도지역 변경 후</td></tr><tr><td>제2 · 3종일반주거지역</td><td>준주거지역, 일반 또는 근린상업지역과 직접 접하거나 폭20m 이하의 도로를 사이에 두고 접한 경우 폭 20m 이상 간선도로변 준주거, 일반(근린)상업지역이 있는 역세권등*으로서</td><td rowspan=""4"">준주거지역</td></tr><tr><td></td><td>중심지(도심, 광역, 지역, 지구중심) 역세권등*으로서 관련위원회가 인정하는 경우</td></tr><tr><td></td><td>관련위원회가 인정하는 경우 2,000㎡ 이상으로서 관련위원회가 인정하는</td></tr><tr><td>제3종일반주거지역, 준주거지역 일반 폭</td><td>또는 근린상업지역과 직접 접하거나 20m 이하의 도로를 사이에 두고 접한</td></tr></table>","[{""type"":""table row"",""row number"":1,""cells"":[{""type"":""table cell"",""pdfua_tag"":""TH"",""page number"":12,""bounding box"":[70.38,252.094,221.687,296.91],""row number"":1,""column number"":1,""row span"":1,""column span"":1,""is_header"":true,""kids"":[{""type"":""paragraph"",""pdfua_tag"":""P"",""id"":1028,""page number"":12,""bounding box"":[70.38,252.094,221.687,296.91],""font"":null,""font size"":9.0,""text color"":""[0.0]"",""content"":""용도지역 변경 전 준주거지역,""}]},{""type"":""table cell"",""pdfua_tag"":""TH"",""page number"":12,""bounding box"":[221.687,252.094,372.994,296.91],""row number"":1,""column number"":2,""row span"":1,""column span"":1,""is_header"":true,""kids"":[{""type"":""paragraph"",""pdfua_tag"":""P"",""id"":1029,""page number"":12,""bounding box"":[221.687,252.094,372.994,296.91],""font"":null,""font size"":12.0,""content"":""변경 기준(인접 및 도로 기준)""}]},{""type"":""table cell"",""pdfua_tag"":""TH"",""page number"":12,""bounding box"":[372.994,252.094,524.302,296.91],""row number"":1,""column number"":3,""row span"":1,""column span"":1,""is_header"":true,""kids"":[{""type"":""paragraph"",""pdfua_tag"":""P"",""id"":1030,""page number"":12,""bounding box"":[372.994,252.094,524.302,296.91],""font"":null,""font size"":9.0,""text color"":""[0.0]"",""content"":""용도지역 변경 후""}]}]},{""type"":""table row"",""row number"":2,""cells"":[{""type"":""table cell"",""pdfua_tag"":""TD"",""page number"":12,""bounding box"":[70.38,207.278,221.687,252.094],""row number"":2,""column number"":1,""row span"":1,""column span"":1,""kids"":[{""type"":""paragraph"",""pdfua_tag"":""P"",""id"":1031,""page number"":12,""bounding box"":[70.38,207.278,221.687,252.094],""font"":null,""font size"":12.0,""content"":""제2 · 3종일반주거지역""}]},{""type"":""table cell"",""pdfua_tag"":""TD"",""page number"":12,""bounding box"":[221.687,207.278,372.994,252.094],""row number"":2,""column number"":2,""row span"":1,""column span"":1,""kids"":[{""type"":""paragraph"",""pdfua_tag"":""P"",""id"":1032,""page number"":12,""bounding box"":[221.687,207.278,372.994,252.094],""font"":null,""font size"":12.0,""content"":""준주거지역, 일반 또는 근린상업지역과 직접 접하거나 폭20m 이하의 도로를 사이에 두고 접한 경우 폭 20m 이상 간선도로변 준주거, 일반(근린)상업지역이 있는 역세권등*으로서""}]},{""type"":""table cell"",""pdfua_tag"":""TD"",""page number"":12,""bounding box"":[372.994,72.831,524.302,252.094],""row number"":2,""column number"":3,""row span"":4,""column span"":1,""kids"":[{""type"":""paragraph"",""pdfua_tag"":""P"",""id"":1033,""page number"":12,""bounding box"":[372.994,72.831,524.302,252.094],""font"":null,""font size"":12.0,""content"":""준주거지역""}]}]},{""type"":""table row"",""row number"":3,""cells"":[{""type"":""table cell"",""pdfua_tag"":""TD"",""page number"":12,""bounding box"":[70.38,162.463,221.687,207.278],""row number"":3,""column number"":1,""row span"":1,""column span"":1,""kids"":[]},{""type"":""table cell"",""pdfua_tag"":""TD"",""page number"":12,""bounding box"":[221.687,162.463,372.994,207.278],""row number"":3,""column number"":2,""row span"":1,""column span"":1,""kids"":[{""type"":""paragraph"",""pdfua_tag"":""P"",""id"":1034,""page number"":12,""bounding box"":[221.687,162.463,372.994,207.278],""font"":null,""font size"":12.0,""content"":""중심지(도심, 광역, 지역, 지구중심) 역세권등*으로서 관련위원회가 인정하는 경우""}]}]},{""type"":""table row"",""row number"":4,""cells"":[{""type"":""table cell"",""pdfua_tag"":""TD"",""page number"":12,""bounding box"":[70.38,117.647,221.687,162.463],""row number"":4,""column number"":1,""row span"":1,""column span"":1,""kids"":[]},{""type"":""table cell"",""pdfua_tag"":""TD"",""page number"":12,""bounding box"":[221.687,117.647,372.994,162.463],""row number"":4,""column number"":2,""row span"":1,""column span"":1,""kids"":[{""type"":""paragraph"",""pdfua_tag"":""P"",""id"":1035,""page number"":12,""bounding box"":[221.687,117.647,372.994,162.463],""font"":null,""font size"":9.0,""text color"":""[0.0]"",""content"":""관련위원회가 인정하는 경우 2,000㎡ 이상으로서 관련위원회가 인정하는""}]}]},{""type"":""table row"",""row number"":5,""cells"":[{""type"":""table cell"",""pdfua_tag"":""TD"",""page number"":12,""bounding box"":[70.38,72.831,221.687,117.647],""row number"":5,""column number"":1,""row span"":1,""column span"":1,""kids"":[{""type"":""paragraph"",""pdfua_tag"":""P"",""id"":1036,""page number"":12,""bounding box"":[70.38,72.831,221.687,117.647],""font"":null,""font size"":9.0,""text color"":""[0.0]"",""content"":""제3종일반주거지역, 준주거지역 일반 폭""}]},{""type"":""table cell"",""pdfua_tag"":""TD"",""page number"":12,""bounding box"":[221.687,72.831,372.994,117.647],""row number"":5,""column number"":2,""row span"":1,""column span"":1,""kids"":[{""type"":""paragraph"",""pdfua_tag"":""P"",""id"":1037,""page number"":12,""bounding box"":[221.687,72.831,372.994,117.647],""font"":null,""font size"":9.0,""text color"":""[0.0]"",""content"":""또는 근린상업지역과 직접 접하거나 20m 이하의 도로를 사이에 두고 접한""}]}]}]",law-1_p012_LAW1-T003.png,70.38,72.831,524.302,296.91,자동 추출,
LAW1-T004,LAW1,LAW1-2_3_1,13,13,LAW1-2_3_1 표 4,5,3,"용도지역 변경 전 | 변경 기준(인접 및 도로 기준) 노선상업지역 20% 이상 | 용도지역 변경 후
제2 · 3종일반주거지역, 준주거지역 | (관련 위원회가 인정시 예외 적용) | 일반상업지역
제2·3종일반주거지역, 준주거지역 일반 | 또는 근린상업지역이 있는 역세권등 * , 폭 20m 이상 간선도로변 | 일반 혹은 근린상업지역
제 2종일반주거지역 | 일반 또는 근린상업지역과 직접 (관련 위원회 자문 통해 인정) | 일반 혹은 근린상업지역
근린상업지역 중심지 | 역세권등 * 의 폭 20m 이상 간선도로변 | 일반상업지역","<table><tr><td>용도지역 변경 전</td><td>변경 기준(인접 및 도로 기준) 노선상업지역 20% 이상</td><td>용도지역 변경 후</td></tr><tr><td>제2 · 3종일반주거지역, 준주거지역</td><td>(관련 위원회가 인정시 예외 적용)</td><td>일반상업지역</td></tr><tr><td>제2·3종일반주거지역, 준주거지역 일반</td><td>또는 근린상업지역이 있는 역세권등 * , 폭 20m 이상 간선도로변</td><td>일반 혹은 근린상업지역</td></tr><tr><td>제 2종일반주거지역</td><td>일반 또는 근린상업지역과 직접 (관련 위원회 자문 통해 인정)</td><td>일반 혹은 근린상업지역</td></tr><tr><td>근린상업지역 중심지</td><td>역세권등 * 의 폭 20m 이상 간선도로변</td><td>일반상업지역</td></tr></table>","[{""type"":""table row"",""row number"":1,""cells"":[{""type"":""table cell"",""pdfua_tag"":""TH"",""page number"":13,""bounding box"":[70.612,733.676,221.855,769.238],""row number"":1,""column number"":1,""row span"":1,""column span"":1,""is_header"":true,""kids"":[{""type"":""paragraph"",""pdfua_tag"":""P"",""id"":1039,""page number"":13,""bounding box"":[70.612,733.676,221.855,769.238],""font"":null,""font size"":12.0,""content"":""용도지역 변경 전""}]},{""type"":""table cell"",""pdfua_tag"":""TH"",""page number"":13,""bounding box"":[221.855,733.676,373.098,769.238],""row number"":1,""column number"":2,""row span"":1,""column span"":1,""is_header"":true,""kids"":[{""type"":""paragraph"",""pdfua_tag"":""P"",""id"":1040,""page number"":13,""bounding box"":[221.855,733.676,373.098,769.238],""font"":null,""font size"":9.0,""text color"":""[0.0]"",""content"":""변경 기준(인접 및 도로 기준) 노선상업지역 20% 이상""}]},{""type"":""table cell"",""pdfua_tag"":""TH"",""page number"":13,""bounding box"":[373.098,733.676,524.341,769.238],""row number"":1,""column number"":3,""row span"":1,""column span"":1,""is_header"":true,""kids"":[{""type"":""paragraph"",""pdfua_tag"":""P"",""id"":1041,""page number"":13,""bounding box"":[373.098,733.676,524.341,769.238],""font"":null,""font size"":9.0,""text color"":""[0.0]"",""content"":""용도지역 변경 후""}]}]},{""type"":""table row"",""row number"":2,""cells"":[{""type"":""table cell"",""pdfua_tag"":""TD"",""page number"":13,""bounding box"":[70.612,698.114,221.855,733.676],""row number"":2,""column number"":1,""row span"":1,""column span"":1,""kids"":[{""type"":""paragraph"",""pdfua_tag"":""P"",""id"":1042,""page number"":13,""bounding box"":[70.612,698.114,221.855,733.676],""font"":null,""font size"":12.0,""content"":""제2 · 3종일반주거지역, 준주거지역""}]},{""type"":""table cell"",""pdfua_tag"":""TD"",""page number"":13,""bounding box"":[221.855,698.114,373.098,733.676],""row number"":2,""column number"":2,""row span"":1,""column span"":1,""kids"":[{""type"":""paragraph"",""pdfua_tag"":""P"",""id"":1043,""page number"":13,""bounding box"":[221.855,698.114,373.098,733.676],""font"":null,""font size"":9.0,""text color"":""[0.0]"",""content"":""(관련 위원회가 인정시 예외 적용)""}]},{""type"":""table cell"",""pdfua_tag"":""TD"",""page number"":13,""bounding box"":[373.098,698.114,524.341,733.676],""row number"":2,""column number"":3,""row span"":1,""column span"":1,""kids"":[{""type"":""paragraph"",""pdfua_tag"":""P"",""id"":1044,""page number"":13,""bounding box"":[373.098,698.114,524.341,733.676],""font"":null,""font size"":9.0,""text color"":""[0.0]"",""content"":""일반상업지역""}]}]},{""type"":""table row"",""row number"":3,""cells"":[{""type"":""table cell"",""pdfua_tag"":""TD"",""page number"":13,""bounding box"":[70.612,662.552,221.855,698.114],""row number"":3,""column number"":1,""row span"":1,""column span"":1,""kids"":[{""type"":""paragraph"",""pdfua_tag"":""P"",""id"":1045,""page number"":13,""bounding box"":[70.612,662.552,221.855,698.114],""font"":null,""font size"":9.0,""text color"":""[0.0]"",""content"":""제2·3종일반주거지역, 준주거지역 일반""}]},{""type"":""table cell"",""pdfua_tag"":""TD"",""page number"":13,""bounding box"":[221.855,662.552,373.098,698.114],""row number"":3,""column number"":2,""row span"":1,""column span"":1,""kids"":[{""type"":""paragraph"",""pdfua_tag"":""P"",""id"":1046,""page number"":13,""bounding box"":[221.855,662.552,373.098,698.114],""font"":null,""font size"":9.0,""text color"":""[0.0]"",""content"":""또는 근린상업지역이 있는 역세권등 * , 폭 20m 이상 간선도로변""}]},{""type"":""table cell"",""pdfua_tag"":""TD"",""page number"":13,""bounding box"":[373.098,662.552,524.341,698.114],""row number"":3,""column number"":3,""row span"":1,""column span"":1,""kids"":[{""type"":""paragraph"",""pdfua_tag"":""P"",""id"":1047,""page number"":13,""bounding box"":[373.098,662.552,524.341,698.114],""font"":null,""font size"":9.0,""text color"":""[0.0]"",""content"":""일반 혹은 근린상업지역""}]}]},{""type"":""table row"",""row number"":4,""cells"":[{""type"":""table cell"",""pdfua_tag"":""TD"",""page number"":13,""bounding box"":[70.612,626.99,221.855,662.552],""row number"":4,""column number"":1,""row span"":1,""column span"":1,""kids"":[{""type"":""paragraph"",""pdfua_tag"":""P"",""id"":1048,""page number"":13,""bounding box"":[70.612,626.99,221.855,662.552],""font"":null,""font size"":9.0,""text color"":""[0.0]"",""content"":""제 2종일반주거지역""}]},{""type"":""table cell"",""pdfua_tag"":""TD"",""page number"":13,""bounding box"":[221.855,626.99,373.098,662.552],""row number"":4,""column number"":2,""row span"":1,""column span"":1,""kids"":[{""type"":""paragraph"",""pdfua_tag"":""P"",""id"":1049,""page number"":13,""bounding box"":[221.855,626.99,373.098,662.552],""font"":null,""font size"":9.0,""text color"":""[0.0]"",""content"":""일반 또는 근린상업지역과 직접 (관련 위원회 자문 통해 인정)""}]},{""type"":""table cell"",""pdfua_tag"":""TD"",""page number"":13,""bounding box"":[373.098,626.99,524.341,662.552],""row number"":4,""column number"":3,""row span"":1,""column span"":1,""kids"":[{""type"":""paragraph"",""pdfua_tag"":""P"",""id"":1050,""page number"":13,""bounding box"":[373.098,626.99,524.341,662.552],""font"":null,""font size"":9.0,""text color"":""[0.0]"",""content"":""일반 혹은 근린상업지역""}]}]},{""type"":""table row"",""row number"":5,""cells"":[{""type"":""table cell"",""pdfua_tag"":""TD"",""page number"":13,""bounding box"":[70.612,591.428,221.855,626.99],""row number"":5,""column number"":1,""row span"":1,""column span"":1,""kids"":[{""type"":""paragraph"",""pdfua_tag"":""P"",""id"":1051,""page number"":13,""bounding box"":[70.612,591.428,221.855,626.99],""font"":null,""font size"":9.0,""text color"":""[0.0]"",""content"":""근린상업지역 중심지""}]},{""type"":""table cell"",""pdfua_tag"":""TD"",""page number"":13,""bounding box"":[221.855,591.428,373.098,626.99],""row number"":5,""column number"":2,""row span"":1,""column span"":1,""kids"":[{""type"":""paragraph"",""pdfua_tag"":""P"",""id"":1052,""page number"":13,""bounding box"":[221.855,591.428,373.098,626.99],""font"":null,""font size"":9.0,""text color"":""[0.0]"",""content"":""역세권등 * 의 폭 20m 이상 간선도로변""}]},{""type"":""table cell"",""pdfua_tag"":""TD"",""page number"":13,""bounding box"":[373.098,591.428,524.341,626.99],""row number"":5,""column number"":3,""row span"":1,""column span"":1,""kids"":[{""type"":""paragraph"",""pdfua_tag"":""P"",""id"":1053,""page number"":13,""bounding box"":[373.098,591.428,524.341,626.99],""font"":null,""font size"":9.0,""text color"":""[0.0]"",""content"":""일반상업지역""}]}]}]",law-1_p013_LAW1-T004.png,70.612,591.428,524.341,769.238,자동 추출,
LAW1-T005,LAW1,LAW1-2_4_2,21,21,LAW1-2_4_2 표 5,6,10,"용도지역 | 준주거지역 500% | 준공업지역 | 근린상업지역 600% | 일반상업지역 800%
[( )는 역세권외 이면부 또는 서울도심 내] 임대기간 | 500% (400%) | 400% | (500%) | 700% | 800% | (600%) | 900% | 1,000%
상한 용적률 (역세권외 이면부) | 임대기간 10년이상 임대기간 20년이상 | 575 (400%) 600 (500%) | 400% |  | 900% |  | 1,300%
20년이상 기본 공공기여율 [( )는 역세권외 이면부 | 6% (4%) | 10~15% | 8% (6%) | 10% | 12% | 10% (8%) | 12% | 14%
또는 용도별 비율 | 주거 | 85%이상 | 80% 이상
비주거 | - | 10% 이상 (가로변 비주거 설치 의무)","<table><tr><td colspan=""2"">용도지역</td><td>준주거지역 500%</td><td>준공업지역</td><td colspan=""3"">근린상업지역 600%</td><td colspan=""3"">일반상업지역 800%</td></tr><tr><td colspan=""2"">[( )는 역세권외 이면부 또는 서울도심 내] 임대기간</td><td>500% (400%)</td><td>400%</td><td>(500%)</td><td>700%</td><td>800%</td><td>(600%)</td><td>900%</td><td>1,000%</td></tr><tr><td>상한 용적률 (역세권외 이면부)</td><td>임대기간 10년이상 임대기간 20년이상</td><td>575 (400%) 600 (500%)</td><td>400%</td><td></td><td>900%</td><td></td><td colspan=""3"">1,300%</td></tr><tr><td colspan=""2"">20년이상 기본 공공기여율 [( )는 역세권외 이면부</td><td>6% (4%)</td><td>10~15%</td><td>8% (6%)</td><td>10%</td><td>12%</td><td>10% (8%)</td><td>12%</td><td>14%</td></tr><tr><td rowspan=""2"">또는 용도별 비율</td><td>주거</td><td colspan=""2"">85%이상</td><td colspan=""6"">80% 이상</td></tr><tr><td>비주거</td><td colspan=""2"">-</td><td colspan=""6"">10% 이상 (가로변 비주거 설치 의무)</td></tr></table>","[{""type"":""table row"",""row number"":1,""cells"":[{""type"":""table cell"",""pdfua_tag"":""TH"",""page number"":21,""bounding box"":[54.048,717.767,151.446,745.49],""row number"":1,""column number"":1,""row span"":1,""column span"":2,""is_header"":true,""kids"":[{""type"":""paragraph"",""pdfua_tag"":""P"",""id"":1106,""page number"":21,""bounding box"":[54.048,717.767,151.446,745.49],""font"":null,""font size"":12.0,""content"":""용도지역""}]},{""type"":""table cell"",""pdfua_tag"":""TH"",""page number"":21,""bounding box"":[151.446,717.767,200.145,745.49],""row number"":1,""column number"":3,""row span"":1,""column span"":1,""is_header"":true,""kids"":[{""type"":""paragraph"",""pdfua_tag"":""P"",""id"":1107,""page number"":21,""bounding box"":[151.446,717.767,200.145,745.49],""font"":null,""font size"":9.0,""text color"":""[0.0]"",""content"":""준주거지역 500%""}]},{""type"":""table cell"",""pdfua_tag"":""TH"",""page number"":21,""bounding box"":[200.145,717.767,248.844,745.49],""row number"":1,""column number"":4,""row span"":1,""column span"":1,""is_header"":true,""kids"":[{""type"":""paragraph"",""pdfua_tag"":""P"",""id"":1108,""page number"":21,""bounding box"":[200.145,717.767,248.844,745.49],""font"":null,""font size"":9.0,""text color"":""[0.0]"",""content"":""준공업지역""}]},{""type"":""table cell"",""pdfua_tag"":""TH"",""page number"":21,""bounding box"":[248.844,717.767,394.942,745.49],""row number"":1,""column number"":5,""row span"":1,""column span"":3,""is_header"":true,""kids"":[{""type"":""paragraph"",""pdfua_tag"":""P"",""id"":1109,""page number"":21,""bounding box"":[248.844,717.767,394.942,745.49],""font"":null,""font size"":9.0,""text color"":""[0.0]"",""content"":""근린상업지역 600%""}]},{""type"":""table cell"",""pdfua_tag"":""TH"",""page number"":21,""bounding box"":[394.942,717.767,541.04,745.49],""row number"":1,""column number"":8,""row span"":1,""column span"":3,""is_header"":true,""kids"":[{""type"":""paragraph"",""pdfua_tag"":""P"",""id"":1110,""page number"":21,""bounding box"":[394.942,717.767,541.04,745.49],""font"":null,""font size"":9.0,""text color"":""[0.0]"",""content"":""일반상업지역 800%""}]}]},{""type"":""table row"",""row number"":2,""cells"":[{""type"":""table cell"",""pdfua_tag"":""TD"",""page number"":21,""bounding box"":[54.048,690.043,151.446,717.767],""row number"":2,""column number"":1,""row span"":1,""column span"":2,""kids"":[{""type"":""paragraph"",""pdfua_tag"":""P"",""id"":1111,""page number"":21,""bounding box"":[54.048,690.043,151.446,717.767],""font"":null,""font size"":9.0,""text color"":""[0.0]"",""content"":""[( )는 역세권외 이면부 또는 서울도심 내] 임대기간""}]},{""type"":""table cell"",""pdfua_tag"":""TD"",""page number"":21,""bounding box"":[151.446,690.043,200.145,717.767],""row number"":2,""column number"":3,""row span"":1,""column span"":1,""kids"":[{""type"":""paragraph"",""pdfua_tag"":""P"",""id"":1112,""page number"":21,""bounding box"":[151.446,690.043,200.145,717.767],""font"":null,""font size"":12.0,""content"":""500% (400%)""}]},{""type"":""table cell"",""pdfua_tag"":""TD"",""page number"":21,""bounding box"":[200.145,690.043,248.844,717.767],""row number"":2,""column number"":4,""row span"":1,""column span"":1,""kids"":[{""type"":""paragraph"",""pdfua_tag"":""P"",""id"":1113,""page number"":21,""bounding box"":[200.145,690.043,248.844,717.767],""font"":null,""font size"":9.0,""text color"":""[0.0]"",""content"":""400%""}]},{""type"":""table cell"",""pdfua_tag"":""TD"",""page number"":21,""bounding box"":[248.844,690.043,297.544,717.767],""row number"":2,""column number"":5,""row span"":1,""column span"":1,""kids"":[{""type"":""paragraph"",""pdfua_tag"":""P"",""id"":1114,""page number"":21,""bounding box"":[248.844,690.043,297.544,717.767],""font"":null,""font size"":9.0,""text color"":""[0.0]"",""content"":""(500%)""}]},{""type"":""table cell"",""pdfua_tag"":""TD"",""page number"":21,""bounding box"":[297.544,690.043,346.243,717.767],""row number"":2,""column number"":6,""row span"":1,""column span"":1,""kids"":[{""type"":""paragraph"",""pdfua_tag"":""P"",""id"":1115,""page number"":21,""bounding box"":[297.544,690.043,346.243,717.767],""font"":null,""font size"":9.0,""text color"":""[0.0]"",""content"":""700%""}]},{""type"":""table cell"",""pdfua_tag"":""TD"",""page number"":21,""bounding box"":[346.243,690.043,394.942,717.767],""row number"":2,""column number"":7,""row span"":1,""column span"":1,""kids"":[{""type"":""paragraph"",""pdfua_tag"":""P"",""id"":1116,""page number"":21,""bounding box"":[346.243,690.043,394.942,717.767],""font"":null,""font size"":9.0,""text color"":""[0.0]"",""content"":""800%""}]},{""type"":""table cell"",""pdfua_tag"":""TD"",""page number"":21,""bounding box"":[394.942,690.043,443.641,717.767],""row number"":2,""column number"":8,""row span"":1,""column span"":1,""kids"":[{""type"":""paragraph"",""pdfua_tag"":""P"",""id"":1117,""page number"":21,""bounding box"":[394.942,690.043,443.641,717.767],""font"":null,""font size"":9.0,""text color"":""[0.0]"",""content"":""(600%)""}]},{""type"":""table cell"",""pdfua_tag"":""TD"",""page number"":21,""bounding box"":[443.641,690.043,492.34,717.767],""row number"":2,""column number"":9,""row span"":1,""column span"":1,""kids"":[{""type"":""paragraph"",""pdfua_tag"":""P"",""id"":1118,""page number"":21,""bounding box"":[443.641,690.043,492.34,717.767],""font"":null,""font size"":9.0,""text color"":""[0.0]"",""content"":""900%""}]},{""type"":""table cell"",""pdfua_tag"":""TD"",""page number"":21,""bounding box"":[492.34,690.043,541.04,717.767],""row number"":2,""column number"":10,""row span"":1,""column span"":1,""kids"":[{""type"":""paragraph"",""pdfua_tag"":""P"",""id"":1119,""page number"":21,""bounding box"":[492.34,690.043,541.04,717.767],""font"":null,""font size"":9.0,""text color"":""[0.0]"",""content"":""1,000%""}]}]},{""type"":""table row"",""row number"":3,""cells"":[{""type"":""table cell"",""pdfua_tag"":""TD"",""page number"":21,""bounding box"":[54.048,662.32,102.747,690.043],""row number"":3,""column number"":1,""row span"":1,""column span"":1,""kids"":[{""type"":""paragraph"",""pdfua_tag"":""P"",""id"":1120,""page number"":21,""bounding box"":[54.048,662.32,102.747,690.043],""font"":null,""font size"":9.0,""text color"":""[0.0]"",""content"":""상한 용적률 (역세권외 이면부)""}]},{""type"":""table cell"",""pdfua_tag"":""TD"",""page number"":21,""bounding box"":[102.747,662.32,151.446,690.043],""row number"":3,""column number"":2,""row span"":1,""column span"":1,""kids"":[{""type"":""paragraph"",""pdfua_tag"":""P"",""id"":1121,""page number"":21,""bounding box"":[102.747,662.32,151.446,690.043],""font"":null,""font size"":12.0,""content"":""임대기간 10년이상 임대기간 20년이상""}]},{""type"":""table cell"",""pdfua_tag"":""TD"",""page number"":21,""bounding box"":[151.446,662.32,200.145,690.043],""row number"":3,""column number"":3,""row span"":1,""column span"":1,""kids"":[{""type"":""paragraph"",""pdfua_tag"":""P"",""id"":1122,""page number"":21,""bounding box"":[151.446,662.32,200.145,690.043],""font"":null,""font size"":12.0,""content"":""575 (400%) 600 (500%)""}]},{""type"":""table cell"",""pdfua_tag"":""TD"",""page number"":21,""bounding box"":[200.145,662.32,248.844,690.043],""row number"":3,""column number"":4,""row span"":1,""column span"":1,""kids"":[{""type"":""paragraph"",""pdfua_tag"":""P"",""id"":1123,""page number"":21,""bounding box"":[200.145,662.32,248.844,690.043],""font"":null,""font size"":9.0,""text color"":""[0.0]"",""content"":""400%""}]},{""type"":""table cell"",""pdfua_tag"":""TD"",""page number"":21,""bounding box"":[248.844,662.32,297.544,690.043],""row number"":3,""column number"":5,""row span"":1,""column span"":1,""kids"":[]},{""type"":""table cell"",""pdfua_tag"":""TD"",""page number"":21,""bounding box"":[297.544,662.32,346.243,690.043],""row number"":3,""column number"":6,""row span"":1,""column span"":1,""kids"":[{""type"":""paragraph"",""pdfua_tag"":""P"",""id"":1124,""page number"":21,""bounding box"":[297.544,662.32,346.243,690.043],""font"":null,""font size"":9.0,""text color"":""[0.0]"",""content"":""900%""}]},{""type"":""table cell"",""pdfua_tag"":""TD"",""page number"":21,""bounding box"":[346.243,662.32,394.942,690.043],""row number"":3,""column number"":7,""row span"":1,""column span"":1,""kids"":[]},{""type"":""table cell"",""pdfua_tag"":""TD"",""page number"":21,""bounding box"":[394.942,662.32,541.04,690.043],""row number"":3,""column number"":8,""row span"":1,""column span"":3,""kids"":[{""type"":""paragraph"",""pdfua_tag"":""P"",""id"":1125,""page number"":21,""bounding box"":[394.942,662.32,541.04,690.043],""font"":null,""font size"":9.0,""text color"":""[0.0]"",""content"":""1,300%""}]}]},{""type"":""table row"",""row number"":4,""cells"":[{""type"":""table cell"",""pdfua_tag"":""TD"",""page number"":21,""bounding box"":[54.048,634.596,151.446,662.32],""row number"":4,""column number"":1,""row span"":1,""column span"":2,""kids"":[{""type"":""paragraph"",""pdfua_tag"":""P"",""id"":1126,""page number"":21,""bounding box"":[54.048,634.596,151.446,662.32],""font"":null,""font size"":9.0,""text color"":""[0.0]"",""content"":""20년이상 기본 공공기여율 [( )는 역세권외 이면부""}]},{""type"":""table cell"",""pdfua_tag"":""TD"",""page number"":21,""bounding box"":[151.446,634.596,200.145,662.32],""row number"":4,""column number"":3,""row span"":1,""column span"":1,""kids"":[{""type"":""paragraph"",""pdfua_tag"":""P"",""id"":1127,""page number"":21,""bounding box"":[151.446,634.596,200.145,662.32],""font"":null,""font size"":12.0,""content"":""6% (4%)""}]},{""type"":""table cell"",""pdfua_tag"":""TD"",""page number"":21,""bounding box"":[200.145,634.596,248.844,662.32],""row number"":4,""column number"":4,""row span"":1,""column span"":1,""kids"":[{""type"":""paragraph"",""pdfua_tag"":""P"",""id"":1128,""page number"":21,""bounding box"":[200.145,634.596,248.844,662.32],""font"":null,""font size"":9.0,""text color"":""[0.0]"",""content"":""10~15%""}]},{""type"":""table cell"",""pdfua_tag"":""TD"",""page number"":21,""bounding box"":[248.844,634.596,297.544,662.32],""row number"":4,""column number"":5,""row span"":1,""column span"":1,""kids"":[{""type"":""paragraph"",""pdfua_tag"":""P"",""id"":1129,""page number"":21,""bounding box"":[248.844,634.596,297.544,662.32],""font"":null,""font size"":12.0,""content"":""8% (6%)""}]},{""type"":""table cell"",""pdfua_tag"":""TD"",""page number"":21,""bounding box"":[297.544,634.596,346.243,662.32],""row number"":4,""column number"":6,""row span"":1,""column span"":1,""kids"":[{""type"":""paragraph"",""pdfua_tag"":""P"",""id"":1130,""page number"":21,""bounding box"":[297.544,634.596,346.243,662.32],""font"":null,""font size"":9.0,""text color"":""[0.0]"",""content"":""10%""}]},{""type"":""table cell"",""pdfua_tag"":""TD"",""page number"":21,""bounding box"":[346.243,634.596,394.942,662.32],""row number"":4,""column number"":7,""row span"":1,""column span"":1,""kids"":[{""type"":""paragraph"",""pdfua_tag"":""P"",""id"":1131,""page number"":21,""bounding box"":[346.243,634.596,394.942,662.32],""font"":null,""font size"":9.0,""text color"":""[0.0]"",""content"":""12%""}]},{""type"":""table cell"",""pdfua_tag"":""TD"",""page number"":21,""bounding box"":[394.942,634.596,443.641,662.32],""row number"":4,""column number"":8,""row span"":1,""column span"":1,""kids"":[{""type"":""paragraph"",""pdfua_tag"":""P"",""id"":1132,""page number"":21,""bounding box"":[394.942,634.596,443.641,662.32],""font"":null,""font size"":12.0,""content"":""10% (8%)""}]},{""type"":""table cell"",""pdfua_tag"":""TD"",""page number"":21,""bounding box"":[443.641,634.596,492.34,662.32],""row number"":4,""column number"":9,""row span"":1,""column span"":1,""kids"":[{""type"":""paragraph"",""pdfua_tag"":""P"",""id"":1133,""page number"":21,""bounding box"":[443.641,634.596,492.34,662.32],""font"":null,""font size"":9.0,""text color"":""[0.0]"",""content"":""12%""}]},{""type"":""table cell"",""pdfua_tag"":""TD"",""page number"":21,""bounding box"":[492.34,634.596,541.04,662.32],""row number"":4,""column number"":10,""row span"":1,""column span"":1,""kids"":[{""type"":""paragraph"",""pdfua_tag"":""P"",""id"":1134,""page number"":21,""bounding box"":[492.34,634.596,541.04,662.32],""font"":null,""font size"":9.0,""text color"":""[0.0]"",""content"":""14%""}]}]},{""type"":""table row"",""row number"":5,""cells"":[{""type"":""table cell"",""pdfua_tag"":""TD"",""page number"":21,""bounding box"":[54.048,579.149,102.747,634.596],""row number"":5,""column number"":1,""row span"":2,""column span"":1,""kids"":[{""type"":""paragraph"",""pdfua_tag"":""P"",""id"":1135,""page number"":21,""bounding box"":[54.048,579.149,102.747,634.596],""font"":null,""font size"":9.0,""text color"":""[0.0]"",""content"":""또는 용도별 비율""}]},{""type"":""table cell"",""pdfua_tag"":""TD"",""page number"":21,""bounding box"":[102.747,606.873,151.446,634.596],""row number"":5,""column number"":2,""row span"":1,""column span"":1,""kids"":[{""type"":""paragraph"",""pdfua_tag"":""P"",""id"":1136,""page number"":21,""bounding box"":[102.747,606.873,151.446,634.596],""font"":null,""font size"":12.0,""content"":""주거""}]},{""type"":""table cell"",""pdfua_tag"":""TD"",""page number"":21,""bounding box"":[151.446,606.873,248.844,634.596],""row number"":5,""column number"":3,""row span"":1,""column span"":2,""kids"":[{""type"":""paragraph"",""pdfua_tag"":""P"",""id"":1137,""page number"":21,""bounding box"":[151.446,606.873,248.844,634.596],""font"":null,""font size"":12.0,""content"":""85%이상""}]},{""type"":""table cell"",""pdfua_tag"":""TD"",""page number"":21,""bounding box"":[248.844,606.873,541.04,634.596],""row number"":5,""column number"":5,""row span"":1,""column span"":6,""kids"":[{""type"":""paragraph"",""pdfua_tag"":""P"",""id"":1138,""page number"":21,""bounding box"":[248.844,606.873,541.04,634.596],""font"":null,""font size"":12.0,""content"":""80% 이상""}]}]},{""type"":""table row"",""row number"":6,""cells"":[{""type"":""table cell"",""pdfua_tag"":""TD"",""page number"":21,""bounding box"":[102.747,579.149,151.446,606.873],""row number"":6,""column number"":2,""row span"":1,""column span"":1,""kids"":[{""type"":""paragraph"",""pdfua_tag"":""P"",""id"":1139,""page number"":21,""bounding box"":[102.747,579.149,151.446,606.873],""font"":null,""font size"":9.0,""text color"":""[0.0]"",""content"":""비주거""}]},{""type"":""table cell"",""pdfua_tag"":""TD"",""page number"":21,""bounding box"":[151.446,579.149,248.844,606.873],""row number"":6,""column number"":3,""row span"":1,""column span"":2,""kids"":[{""type"":""paragraph"",""pdfua_tag"":""P"",""id"":1140,""level"":""1"",""page number"":21,""bounding box"":[151.446,579.149,248.844,606.873],""font"":null,""font size"":9.0,""text color"":""[0.0]"",""content"":""-""}]},{""type"":""table cell"",""pdfua_tag"":""TD"",""page number"":21,""bounding box"":[248.844,579.149,541.04,606.873],""row number"":6,""column number"":5,""row span"":1,""column span"":6,""kids"":[{""type"":""paragraph"",""pdfua_tag"":""P"",""id"":1141,""page number"":21,""bounding box"":[248.844,579.149,541.04,606.873],""font"":null,""font size"":9.0,""text color"":""[0.0]"",""content"":""10% 이상 (가로변 비주거 설치 의무)""}]}]}]",law-1_p021_LAW1-T005.png,54.048,579.149,541.04,745.49,자동 추출,
LAW1-T006,LAW1,LAW1-2_5_8,24,24,LAW1-2_5_8 표 6,4,4,"구 분 현관 | 가 구 | 가 전 - | 비
현관 | 수납장(신발장) | - | 
침실·거실·주방 | 붙박이장 (옷장 ), 싱크대 | 냉장고 : (1인) 150리터 이상 (2인) 400리터 이상 세탁기 : (1인) 9kg 이상 (2인) 12kg 이상 에어컨 : (1인) 1대 이상 (각 6평형 이상) (2인) 2대 이상 전자레인지 인덕션(쿡탑) : (1인) 2구 이상 (2인) 3구 이상 | 
욕실·화장실 | 수납장(욕실장) | - | ","<table><tr><td>구 분 현관</td><td>가 구</td><td>가 전 -</td><td>비</td></tr><tr><td>현관</td><td>수납장(신발장)</td><td>-</td><td></td></tr><tr><td>침실·거실·주방</td><td>붙박이장 (옷장 ), 싱크대</td><td>냉장고 : (1인) 150리터 이상 (2인) 400리터 이상 세탁기 : (1인) 9kg 이상 (2인) 12kg 이상 에어컨 : (1인) 1대 이상 (각 6평형 이상) (2인) 2대 이상 전자레인지 인덕션(쿡탑) : (1인) 2구 이상 (2인) 3구 이상</td><td></td></tr><tr><td>욕실·화장실</td><td>수납장(욕실장)</td><td>-</td><td></td></tr></table>","[{""type"":""table row"",""row number"":1,""cells"":[{""type"":""table cell"",""pdfua_tag"":""TH"",""page number"":24,""bounding box"":[93.402,281.011,206.018,322.593],""row number"":1,""column number"":1,""row span"":1,""column span"":1,""is_header"":true,""kids"":[{""type"":""paragraph"",""pdfua_tag"":""P"",""id"":1195,""page number"":24,""bounding box"":[93.402,281.011,206.018,322.593],""font"":null,""font size"":9.96,""text color"":""[0.0]"",""content"":""구 분 현관""}]},{""type"":""table cell"",""pdfua_tag"":""TH"",""page number"":24,""bounding box"":[206.018,281.011,318.634,322.593],""row number"":1,""column number"":2,""row span"":1,""column span"":1,""is_header"":true,""kids"":[{""type"":""paragraph"",""pdfua_tag"":""P"",""id"":1196,""page number"":24,""bounding box"":[206.018,281.011,318.634,322.593],""font"":null,""font size"":12.0,""content"":""가 구""}]},{""type"":""table cell"",""pdfua_tag"":""TH"",""page number"":24,""bounding box"":[318.634,281.011,431.25,322.593],""row number"":1,""column number"":3,""row span"":1,""column span"":1,""is_header"":true,""kids"":[{""type"":""paragraph"",""pdfua_tag"":""P"",""id"":1197,""page number"":24,""bounding box"":[318.634,281.011,431.25,322.593],""font"":null,""font size"":9.96,""text color"":""[0.0]"",""content"":""가 전 -""}]},{""type"":""table cell"",""pdfua_tag"":""TH"",""page number"":24,""bounding box"":[431.25,281.011,543.866,322.593],""row number"":1,""column number"":4,""row span"":1,""column span"":1,""is_header"":true,""kids"":[{""type"":""paragraph"",""pdfua_tag"":""P"",""id"":1198,""page number"":24,""bounding box"":[431.25,281.011,543.866,322.593],""font"":null,""font size"":12.0,""content"":""비""}]}]},{""type"":""table row"",""row number"":2,""cells"":[{""type"":""table cell"",""pdfua_tag"":""TD"",""page number"":24,""bounding box"":[93.402,239.428,206.018,281.011],""row number"":2,""column number"":1,""row span"":1,""column span"":1,""kids"":[{""type"":""paragraph"",""pdfua_tag"":""P"",""id"":1199,""page number"":24,""bounding box"":[93.402,239.428,206.018,281.011],""font"":null,""font size"":12.0,""content"":""현관""}]},{""type"":""table cell"",""pdfua_tag"":""TD"",""page number"":24,""bounding box"":[206.018,239.428,318.634,281.011],""row number"":2,""column number"":2,""row span"":1,""column span"":1,""kids"":[{""type"":""paragraph"",""pdfua_tag"":""P"",""id"":1200,""page number"":24,""bounding box"":[206.018,239.428,318.634,281.011],""font"":null,""font size"":12.0,""content"":""수납장(신발장)""}]},{""type"":""table cell"",""pdfua_tag"":""TD"",""page number"":24,""bounding box"":[318.634,239.428,431.25,281.011],""row number"":2,""column number"":3,""row span"":1,""column span"":1,""kids"":[{""type"":""paragraph"",""pdfua_tag"":""P"",""id"":1201,""level"":""1"",""page number"":24,""bounding box"":[318.634,239.428,431.25,281.011],""font"":null,""font size"":12.0,""content"":""-""}]},{""type"":""table cell"",""pdfua_tag"":""TD"",""page number"":24,""bounding box"":[431.25,239.428,543.866,281.011],""row number"":2,""column number"":4,""row span"":1,""column span"":1,""kids"":[]}]},{""type"":""table row"",""row number"":3,""cells"":[{""type"":""table cell"",""pdfua_tag"":""TD"",""page number"":24,""bounding box"":[93.402,197.846,206.018,239.428],""row number"":3,""column number"":1,""row span"":1,""column span"":1,""kids"":[{""type"":""paragraph"",""pdfua_tag"":""P"",""id"":1202,""page number"":24,""bounding box"":[93.402,197.846,206.018,239.428],""font"":null,""font size"":9.96,""text color"":""[0.0]"",""content"":""침실·거실·주방""}]},{""type"":""table cell"",""pdfua_tag"":""TD"",""page number"":24,""bounding box"":[206.018,197.846,318.634,239.428],""row number"":3,""column number"":2,""row span"":1,""column span"":1,""kids"":[{""type"":""paragraph"",""pdfua_tag"":""P"",""id"":1203,""page number"":24,""bounding box"":[206.018,197.846,318.634,239.428],""font"":null,""font size"":9.96,""text color"":""[0.0]"",""content"":""붙박이장 (옷장 ), 싱크대""}]},{""type"":""table cell"",""pdfua_tag"":""TD"",""page number"":24,""bounding box"":[318.634,197.846,431.25,239.428],""row number"":3,""column number"":3,""row span"":1,""column span"":1,""kids"":[{""type"":""paragraph"",""pdfua_tag"":""P"",""id"":1204,""page number"":24,""bounding box"":[318.634,197.846,431.25,239.428],""font"":null,""font size"":12.0,""content"":""냉장고 : (1인) 150리터 이상 (2인) 400리터 이상 세탁기 : (1인) 9kg 이상 (2인) 12kg 이상 에어컨 : (1인) 1대 이상 (각 6평형 이상) (2인) 2대 이상 전자레인지 인덕션(쿡탑) : (1인) 2구 이상 (2인) 3구 이상""}]},{""type"":""table cell"",""pdfua_tag"":""TD"",""page number"":24,""bounding box"":[431.25,197.846,543.866,239.428],""row number"":3,""column number"":4,""row span"":1,""column span"":1,""kids"":[]}]},{""type"":""table row"",""row number"":4,""cells"":[{""type"":""table cell"",""pdfua_tag"":""TD"",""page number"":24,""bounding box"":[93.402,156.264,206.018,197.846],""row number"":4,""column number"":1,""row span"":1,""column span"":1,""kids"":[{""type"":""paragraph"",""pdfua_tag"":""P"",""id"":1205,""page number"":24,""bounding box"":[93.402,156.264,206.018,197.846],""font"":null,""font size"":9.96,""text color"":""[0.0]"",""content"":""욕실·화장실""}]},{""type"":""table cell"",""pdfua_tag"":""TD"",""page number"":24,""bounding box"":[206.018,156.264,318.634,197.846],""row number"":4,""column number"":2,""row span"":1,""column span"":1,""kids"":[{""type"":""paragraph"",""pdfua_tag"":""P"",""id"":1206,""page number"":24,""bounding box"":[206.018,156.264,318.634,197.846],""font"":null,""font size"":9.96,""text color"":""[0.0]"",""content"":""수납장(욕실장)""}]},{""type"":""table cell"",""pdfua_tag"":""TD"",""page number"":24,""bounding box"":[318.634,156.264,431.25,197.846],""row number"":4,""column number"":3,""row span"":1,""column span"":1,""kids"":[{""type"":""paragraph"",""pdfua_tag"":""P"",""id"":1207,""level"":""1"",""page number"":24,""bounding box"":[318.634,156.264,431.25,197.846],""font"":null,""font size"":12.0,""content"":""-""}]},{""type"":""table cell"",""pdfua_tag"":""TD"",""page number"":24,""bounding box"":[431.25,156.264,543.866,197.846],""row number"":4,""column number"":4,""row span"":1,""column span"":1,""kids"":[]}]}]",law-1_p024_LAW1-T006.png,93.402,156.264,543.866,322.593,자동 추출,
LAW1-T007,LAW1,LAW1-2_5_9,25,25,LAW1-2_5_9 표 7,2,3,"주거전용면적 | 발코니면적 | 비고
44㎡이상 60㎡미만 | 발코니 1개소 면적 7㎡이상 | -",<table><tr><td>주거전용면적</td><td>발코니면적</td><td>비고</td></tr><tr><td>44㎡이상 60㎡미만</td><td>발코니 1개소 면적 7㎡이상</td><td>-</td></tr></table>,"[{""type"":""table row"",""row number"":1,""cells"":[{""type"":""table cell"",""pdfua_tag"":""TH"",""page number"":25,""bounding box"":[90.264,469.322,241.434,495.313],""row number"":1,""column number"":1,""row span"":1,""column span"":1,""is_header"":true,""kids"":[{""type"":""paragraph"",""pdfua_tag"":""P"",""id"":1209,""page number"":25,""bounding box"":[90.264,469.322,241.434,495.313],""font"":null,""font size"":9.96,""text color"":""[0.0]"",""content"":""주거전용면적""}]},{""type"":""table cell"",""pdfua_tag"":""TH"",""page number"":25,""bounding box"":[241.434,469.322,392.604,495.313],""row number"":1,""column number"":2,""row span"":1,""column span"":1,""is_header"":true,""kids"":[{""type"":""paragraph"",""pdfua_tag"":""P"",""id"":1210,""page number"":25,""bounding box"":[241.434,469.322,392.604,495.313],""font"":null,""font size"":9.96,""text color"":""[0.0]"",""content"":""발코니면적""}]},{""type"":""table cell"",""pdfua_tag"":""TH"",""page number"":25,""bounding box"":[392.604,469.322,543.773,495.313],""row number"":1,""column number"":3,""row span"":1,""column span"":1,""is_header"":true,""kids"":[{""type"":""paragraph"",""pdfua_tag"":""P"",""id"":1211,""page number"":25,""bounding box"":[392.604,469.322,543.773,495.313],""font"":null,""font size"":9.96,""text color"":""[0.0]"",""content"":""비고""}]}]},{""type"":""table row"",""row number"":2,""cells"":[{""type"":""table cell"",""pdfua_tag"":""TD"",""page number"":25,""bounding box"":[90.264,443.331,241.434,469.322],""row number"":2,""column number"":1,""row span"":1,""column span"":1,""kids"":[{""type"":""paragraph"",""pdfua_tag"":""P"",""id"":1212,""page number"":25,""bounding box"":[90.264,443.331,241.434,469.322],""font"":null,""font size"":9.96,""text color"":""[0.0]"",""content"":""44㎡이상 60㎡미만""}]},{""type"":""table cell"",""pdfua_tag"":""TD"",""page number"":25,""bounding box"":[241.434,443.331,392.604,469.322],""row number"":2,""column number"":2,""row span"":1,""column span"":1,""kids"":[{""type"":""paragraph"",""pdfua_tag"":""P"",""id"":1213,""page number"":25,""bounding box"":[241.434,443.331,392.604,469.322],""font"":null,""font size"":9.96,""text color"":""[0.0]"",""content"":""발코니 1개소 면적 7㎡이상""}]},{""type"":""table cell"",""pdfua_tag"":""TD"",""page number"":25,""bounding box"":[392.604,443.331,543.773,469.322],""row number"":2,""column number"":3,""row span"":1,""column span"":1,""kids"":[{""type"":""paragraph"",""pdfua_tag"":""P"",""id"":1214,""level"":""1"",""page number"":25,""bounding box"":[392.604,443.331,543.773,469.322],""font"":null,""font size"":9.96,""text color"":""[0.0]"",""content"":""-""}]}]}]",law-1_p025_LAW1-T007.png,90.264,443.331,543.773,495.313,자동 추출,
LAW1-T008,LAW1,LAW1-2_5_12,26,26,LAW1-2_5_12 표 8,4,3,"사업면적(A,㎡) 의무 면적에 | 의무 자주식 주차비율(R,%) | 비 고
1,000㎡~2,000㎡  | 면적에 따라 30%~50% 의무 비율 비례        | 승강시설(카리프트) 허용
2,000㎡~3,000㎡ | 50% | 경사로 또는 위원회 인정시 승강시설(카리프트) 허용
3,000㎡ 이상 | 50% | 경사로","<table><tr><td>사업면적(A,㎡) 의무 면적에</td><td>의무 자주식 주차비율(R,%)</td><td>비 고</td></tr><tr><td>1,000㎡~2,000㎡ </td><td>면적에 따라 30%~50% 의무 비율 비례       </td><td>승강시설(카리프트) 허용</td></tr><tr><td>2,000㎡~3,000㎡</td><td>50%</td><td>경사로 또는 위원회 인정시 승강시설(카리프트) 허용</td></tr><tr><td>3,000㎡ 이상</td><td>50%</td><td>경사로</td></tr></table>","[{""type"":""table row"",""row number"":1,""cells"":[{""type"":""table cell"",""pdfua_tag"":""TH"",""page number"":26,""bounding box"":[89.613,309.188,240.886,345.125],""row number"":1,""column number"":1,""row span"":1,""column span"":1,""is_header"":true,""kids"":[{""type"":""paragraph"",""pdfua_tag"":""P"",""id"":1216,""page number"":26,""bounding box"":[89.613,309.188,240.886,345.125],""font"":null,""font size"":9.96,""text color"":""[0.0]"",""content"":""사업면적(A,㎡) 의무 면적에""}]},{""type"":""table cell"",""pdfua_tag"":""TH"",""page number"":26,""bounding box"":[240.886,309.188,392.159,345.125],""row number"":1,""column number"":2,""row span"":1,""column span"":1,""is_header"":true,""kids"":[{""type"":""paragraph"",""pdfua_tag"":""P"",""id"":1217,""page number"":26,""bounding box"":[240.886,309.188,392.159,345.125],""font"":null,""font size"":12.0,""content"":""의무 자주식 주차비율(R,%)""}]},{""type"":""table cell"",""pdfua_tag"":""TH"",""page number"":26,""bounding box"":[392.159,309.188,543.432,345.125],""row number"":1,""column number"":3,""row span"":1,""column span"":1,""is_header"":true,""kids"":[{""type"":""paragraph"",""pdfua_tag"":""P"",""id"":1218,""page number"":26,""bounding box"":[392.159,309.188,543.432,345.125],""font"":null,""font size"":9.96,""text color"":""[0.0]"",""content"":""비 고""}]}]},{""type"":""table row"",""row number"":2,""cells"":[{""type"":""table cell"",""pdfua_tag"":""TD"",""page number"":26,""bounding box"":[89.613,273.251,240.886,309.188],""row number"":2,""column number"":1,""row span"":1,""column span"":1,""kids"":[{""type"":""paragraph"",""pdfua_tag"":""P"",""id"":1219,""page number"":26,""bounding box"":[89.613,273.251,240.886,309.188],""font"":null,""font size"":9.96,""text color"":""[0.0]"",""content"":""1,000㎡~2,000㎡ ""}]},{""type"":""table cell"",""pdfua_tag"":""TD"",""page number"":26,""bounding box"":[240.886,273.251,392.159,309.188],""row number"":2,""column number"":2,""row span"":1,""column span"":1,""kids"":[{""type"":""paragraph"",""pdfua_tag"":""P"",""id"":1220,""page number"":26,""bounding box"":[240.886,273.251,392.159,309.188],""font"":null,""font size"":12.0,""content"":""면적에 따라 30%~50% 의무 비율 비례       ""}]},{""type"":""table cell"",""pdfua_tag"":""TD"",""page number"":26,""bounding box"":[392.159,273.251,543.432,309.188],""row number"":2,""column number"":3,""row span"":1,""column span"":1,""kids"":[{""type"":""paragraph"",""pdfua_tag"":""P"",""id"":1221,""page number"":26,""bounding box"":[392.159,273.251,543.432,309.188],""font"":null,""font size"":9.96,""text color"":""[0.0]"",""content"":""승강시설(카리프트) 허용""}]}]},{""type"":""table row"",""row number"":3,""cells"":[{""type"":""table cell"",""pdfua_tag"":""TD"",""page number"":26,""bounding box"":[89.613,237.314,240.886,273.251],""row number"":3,""column number"":1,""row span"":1,""column span"":1,""kids"":[{""type"":""paragraph"",""pdfua_tag"":""P"",""id"":1222,""page number"":26,""bounding box"":[89.613,237.314,240.886,273.251],""font"":null,""font size"":9.96,""text color"":""[0.0]"",""content"":""2,000㎡~3,000㎡""}]},{""type"":""table cell"",""pdfua_tag"":""TD"",""page number"":26,""bounding box"":[240.886,237.314,392.159,273.251],""row number"":3,""column number"":2,""row span"":1,""column span"":1,""kids"":[{""type"":""paragraph"",""pdfua_tag"":""P"",""id"":1223,""page number"":26,""bounding box"":[240.886,237.314,392.159,273.251],""font"":null,""font size"":9.96,""text color"":""[0.0]"",""content"":""50%""}]},{""type"":""table cell"",""pdfua_tag"":""TD"",""page number"":26,""bounding box"":[392.159,237.314,543.432,273.251],""row number"":3,""column number"":3,""row span"":1,""column span"":1,""kids"":[{""type"":""paragraph"",""pdfua_tag"":""P"",""id"":1224,""page number"":26,""bounding box"":[392.159,237.314,543.432,273.251],""font"":null,""font size"":9.96,""text color"":""[0.0]"",""content"":""경사로 또는 위원회 인정시 승강시설(카리프트) 허용""}]}]},{""type"":""table row"",""row number"":4,""cells"":[{""type"":""table cell"",""pdfua_tag"":""TD"",""page number"":26,""bounding box"":[89.613,201.378,240.886,237.314],""row number"":4,""column number"":1,""row span"":1,""column span"":1,""kids"":[{""type"":""paragraph"",""pdfua_tag"":""P"",""id"":1225,""page number"":26,""bounding box"":[89.613,201.378,240.886,237.314],""font"":null,""font size"":9.96,""text color"":""[0.0]"",""content"":""3,000㎡ 이상""}]},{""type"":""table cell"",""pdfua_tag"":""TD"",""page number"":26,""bounding box"":[240.886,201.378,392.159,237.314],""row number"":4,""column number"":2,""row span"":1,""column span"":1,""kids"":[{""type"":""paragraph"",""pdfua_tag"":""P"",""id"":1226,""page number"":26,""bounding box"":[240.886,201.378,392.159,237.314],""font"":null,""font size"":9.96,""text color"":""[0.0]"",""content"":""50%""}]},{""type"":""table cell"",""pdfua_tag"":""TD"",""page number"":26,""bounding box"":[392.159,201.378,543.432,237.314],""row number"":4,""column number"":3,""row span"":1,""column span"":1,""kids"":[{""type"":""paragraph"",""pdfua_tag"":""P"",""id"":1227,""page number"":26,""bounding box"":[392.159,201.378,543.432,237.314],""font"":null,""font size"":9.96,""text color"":""[0.0]"",""content"":""경사로""}]}]}]",law-1_p026_LAW1-T008.png,89.613,201.378,543.432,345.125,자동 추출,
LAW1-T009,LAW1,LAW1-2_6_3,28,28,LAW1-2_6_3 표 9,9,4,"구 분 | 비율(%) 예시 | 설정 기준
합계 | 100 | 
필수 주차공간 | 소계 | 15 | 
장애인, 국가유공자 | 3 | 법정 기준
비주거(상가등) | 12 | 법정 기준
활용가능 주차공간 | 소계 | 85 | 
거주자우선주차 | 10 | 자치구 수요조사 반영
나눔카 | - | 필요시 외부개방 주차공간 일부 활용
일반입주자 및 외부개방 | 75 | ","<table><tr><td colspan=""2"">구 분</td><td>비율(%) 예시</td><td>설정 기준</td></tr><tr><td colspan=""2"">합계</td><td>100</td><td></td></tr><tr><td rowspan=""3"">필수 주차공간</td><td>소계</td><td>15</td><td></td></tr><tr><td>장애인, 국가유공자</td><td>3</td><td>법정 기준</td></tr><tr><td>비주거(상가등)</td><td>12</td><td>법정 기준</td></tr><tr><td rowspan=""4"">활용가능 주차공간</td><td>소계</td><td>85</td><td></td></tr><tr><td>거주자우선주차</td><td>10</td><td>자치구 수요조사 반영</td></tr><tr><td>나눔카</td><td>-</td><td>필요시 외부개방 주차공간 일부 활용</td></tr><tr><td>일반입주자 및 외부개방</td><td>75</td><td></td></tr></table>","[{""type"":""table row"",""row number"":1,""cells"":[{""type"":""table cell"",""pdfua_tag"":""TH"",""page number"":28,""bounding box"":[88.116,245.006,315.803,265.505],""row number"":1,""column number"":1,""row span"":1,""column span"":2,""is_header"":true,""kids"":[{""type"":""paragraph"",""pdfua_tag"":""P"",""id"":1229,""page number"":28,""bounding box"":[88.116,245.006,315.803,265.505],""font"":null,""font size"":12.0,""content"":""구 분""}]},{""type"":""table cell"",""pdfua_tag"":""TH"",""page number"":28,""bounding box"":[315.803,245.006,429.647,265.505],""row number"":1,""column number"":3,""row span"":1,""column span"":1,""is_header"":true,""kids"":[{""type"":""paragraph"",""pdfua_tag"":""P"",""id"":1230,""page number"":28,""bounding box"":[315.803,245.006,429.647,265.505],""font"":null,""font size"":12.0,""content"":""비율(%) 예시""}]},{""type"":""table cell"",""pdfua_tag"":""TH"",""page number"":28,""bounding box"":[429.647,245.006,543.49,265.505],""row number"":1,""column number"":4,""row span"":1,""column span"":1,""is_header"":true,""kids"":[{""type"":""paragraph"",""pdfua_tag"":""P"",""id"":1231,""page number"":28,""bounding box"":[429.647,245.006,543.49,265.505],""font"":null,""font size"":12.0,""content"":""설정 기준""}]}]},{""type"":""table row"",""row number"":2,""cells"":[{""type"":""table cell"",""pdfua_tag"":""TD"",""page number"":28,""bounding box"":[88.116,224.507,315.803,245.006],""row number"":2,""column number"":1,""row span"":1,""column span"":2,""kids"":[{""type"":""paragraph"",""pdfua_tag"":""P"",""id"":1232,""page number"":28,""bounding box"":[88.116,224.507,315.803,245.006],""font"":null,""font size"":12.0,""content"":""합계""}]},{""type"":""table cell"",""pdfua_tag"":""TD"",""page number"":28,""bounding box"":[315.803,224.507,429.647,245.006],""row number"":2,""column number"":3,""row span"":1,""column span"":1,""kids"":[{""type"":""paragraph"",""pdfua_tag"":""P"",""id"":1233,""page number"":28,""bounding box"":[315.803,224.507,429.647,245.006],""font"":null,""font size"":12.0,""content"":""100""}]},{""type"":""table cell"",""pdfua_tag"":""TD"",""page number"":28,""bounding box"":[429.647,224.507,543.49,245.006],""row number"":2,""column number"":4,""row span"":1,""column span"":1,""kids"":[]}]},{""type"":""table row"",""row number"":3,""cells"":[{""type"":""table cell"",""pdfua_tag"":""TD"",""page number"":28,""bounding box"":[88.116,163.01,201.959,224.507],""row number"":3,""column number"":1,""row span"":3,""column span"":1,""kids"":[{""type"":""paragraph"",""pdfua_tag"":""P"",""id"":1234,""page number"":28,""bounding box"":[88.116,163.01,201.959,224.507],""font"":null,""font size"":12.0,""content"":""필수 주차공간""}]},{""type"":""table cell"",""pdfua_tag"":""TD"",""page number"":28,""bounding box"":[201.959,204.008,315.803,224.507],""row number"":3,""column number"":2,""row span"":1,""column span"":1,""kids"":[{""type"":""paragraph"",""pdfua_tag"":""P"",""id"":1235,""page number"":28,""bounding box"":[201.959,204.008,315.803,224.507],""font"":null,""font size"":12.0,""content"":""소계""}]},{""type"":""table cell"",""pdfua_tag"":""TD"",""page number"":28,""bounding box"":[315.803,204.008,429.647,224.507],""row number"":3,""column number"":3,""row span"":1,""column span"":1,""kids"":[{""type"":""paragraph"",""pdfua_tag"":""P"",""id"":1236,""page number"":28,""bounding box"":[315.803,204.008,429.647,224.507],""font"":null,""font size"":12.0,""content"":""15""}]},{""type"":""table cell"",""pdfua_tag"":""TD"",""page number"":28,""bounding box"":[429.647,204.008,543.49,224.507],""row number"":3,""column number"":4,""row span"":1,""column span"":1,""kids"":[]}]},{""type"":""table row"",""row number"":4,""cells"":[{""type"":""table cell"",""pdfua_tag"":""TD"",""page number"":28,""bounding box"":[201.959,183.509,315.803,204.008],""row number"":4,""column number"":2,""row span"":1,""column span"":1,""kids"":[{""type"":""paragraph"",""pdfua_tag"":""P"",""id"":1237,""page number"":28,""bounding box"":[201.959,183.509,315.803,204.008],""font"":null,""font size"":12.0,""content"":""장애인, 국가유공자""}]},{""type"":""table cell"",""pdfua_tag"":""TD"",""page number"":28,""bounding box"":[315.803,183.509,429.647,204.008],""row number"":4,""column number"":3,""row span"":1,""column span"":1,""kids"":[{""type"":""paragraph"",""pdfua_tag"":""P"",""id"":1238,""page number"":28,""bounding box"":[315.803,183.509,429.647,204.008],""font"":null,""font size"":12.0,""content"":""3""}]},{""type"":""table cell"",""pdfua_tag"":""TD"",""page number"":28,""bounding box"":[429.647,183.509,543.49,204.008],""row number"":4,""column number"":4,""row span"":1,""column span"":1,""kids"":[{""type"":""paragraph"",""pdfua_tag"":""P"",""id"":1239,""page number"":28,""bounding box"":[429.647,183.509,543.49,204.008],""font"":null,""font size"":12.0,""content"":""법정 기준""}]}]},{""type"":""table row"",""row number"":5,""cells"":[{""type"":""table cell"",""pdfua_tag"":""TD"",""page number"":28,""bounding box"":[201.959,163.01,315.803,183.509],""row number"":5,""column number"":2,""row span"":1,""column span"":1,""kids"":[{""type"":""paragraph"",""pdfua_tag"":""P"",""id"":1240,""page number"":28,""bounding box"":[201.959,163.01,315.803,183.509],""font"":null,""font size"":12.0,""content"":""비주거(상가등)""}]},{""type"":""table cell"",""pdfua_tag"":""TD"",""page number"":28,""bounding box"":[315.803,163.01,429.647,183.509],""row number"":5,""column number"":3,""row span"":1,""column span"":1,""kids"":[{""type"":""paragraph"",""pdfua_tag"":""P"",""id"":1241,""page number"":28,""bounding box"":[315.803,163.01,429.647,183.509],""font"":null,""font size"":12.0,""content"":""12""}]},{""type"":""table cell"",""pdfua_tag"":""TD"",""page number"":28,""bounding box"":[429.647,163.01,543.49,183.509],""row number"":5,""column number"":4,""row span"":1,""column span"":1,""kids"":[{""type"":""paragraph"",""pdfua_tag"":""P"",""id"":1242,""page number"":28,""bounding box"":[429.647,163.01,543.49,183.509],""font"":null,""font size"":12.0,""content"":""법정 기준""}]}]},{""type"":""table row"",""row number"":6,""cells"":[{""type"":""table cell"",""pdfua_tag"":""TD"",""page number"":28,""bounding box"":[88.116,81.015,201.959,163.01],""row number"":6,""column number"":1,""row span"":4,""column span"":1,""kids"":[{""type"":""paragraph"",""pdfua_tag"":""P"",""id"":1243,""page number"":28,""bounding box"":[88.116,81.015,201.959,163.01],""font"":null,""font size"":12.0,""content"":""활용가능 주차공간""}]},{""type"":""table cell"",""pdfua_tag"":""TD"",""page number"":28,""bounding box"":[201.959,142.511,315.803,163.01],""row number"":6,""column number"":2,""row span"":1,""column span"":1,""kids"":[{""type"":""paragraph"",""pdfua_tag"":""P"",""id"":1244,""page number"":28,""bounding box"":[201.959,142.511,315.803,163.01],""font"":null,""font size"":12.0,""content"":""소계""}]},{""type"":""table cell"",""pdfua_tag"":""TD"",""page number"":28,""bounding box"":[315.803,142.511,429.647,163.01],""row number"":6,""column number"":3,""row span"":1,""column span"":1,""kids"":[{""type"":""paragraph"",""pdfua_tag"":""P"",""id"":1245,""page number"":28,""bounding box"":[315.803,142.511,429.647,163.01],""font"":null,""font size"":12.0,""content"":""85""}]},{""type"":""table cell"",""pdfua_tag"":""TD"",""page number"":28,""bounding box"":[429.647,142.511,543.49,163.01],""row number"":6,""column number"":4,""row span"":1,""column span"":1,""kids"":[]}]},{""type"":""table row"",""row number"":7,""cells"":[{""type"":""table cell"",""pdfua_tag"":""TD"",""page number"":28,""bounding box"":[201.959,122.012,315.803,142.511],""row number"":7,""column number"":2,""row span"":1,""column span"":1,""kids"":[{""type"":""paragraph"",""pdfua_tag"":""P"",""id"":1246,""page number"":28,""bounding box"":[201.959,122.012,315.803,142.511],""font"":null,""font size"":12.0,""content"":""거주자우선주차""}]},{""type"":""table cell"",""pdfua_tag"":""TD"",""page number"":28,""bounding box"":[315.803,122.012,429.647,142.511],""row number"":7,""column number"":3,""row span"":1,""column span"":1,""kids"":[{""type"":""paragraph"",""pdfua_tag"":""P"",""id"":1247,""page number"":28,""bounding box"":[315.803,122.012,429.647,142.511],""font"":null,""font size"":12.0,""content"":""10""}]},{""type"":""table cell"",""pdfua_tag"":""TD"",""page number"":28,""bounding box"":[429.647,122.012,543.49,142.511],""row number"":7,""column number"":4,""row span"":1,""column span"":1,""kids"":[{""type"":""paragraph"",""pdfua_tag"":""P"",""id"":1248,""page number"":28,""bounding box"":[429.647,122.012,543.49,142.511],""font"":null,""font size"":12.0,""content"":""자치구 수요조사 반영""}]}]},{""type"":""table row"",""row number"":8,""cells"":[{""type"":""table cell"",""pdfua_tag"":""TD"",""page number"":28,""bounding box"":[201.959,101.514,315.803,122.012],""row number"":8,""column number"":2,""row span"":1,""column span"":1,""kids"":[{""type"":""paragraph"",""pdfua_tag"":""P"",""id"":1249,""page number"":28,""bounding box"":[201.959,101.514,315.803,122.012],""font"":null,""font size"":12.0,""content"":""나눔카""}]},{""type"":""table cell"",""pdfua_tag"":""TD"",""page number"":28,""bounding box"":[315.803,101.514,429.647,122.012],""row number"":8,""column number"":3,""row span"":1,""column span"":1,""kids"":[{""type"":""paragraph"",""pdfua_tag"":""P"",""id"":1250,""level"":""1"",""page number"":28,""bounding box"":[315.803,101.514,429.647,122.012],""font"":null,""font size"":12.0,""content"":""-""}]},{""type"":""table cell"",""pdfua_tag"":""TD"",""page number"":28,""bounding box"":[429.647,101.514,543.49,122.012],""row number"":8,""column number"":4,""row span"":1,""column span"":1,""kids"":[{""type"":""paragraph"",""pdfua_tag"":""P"",""id"":1251,""page number"":28,""bounding box"":[429.647,101.514,543.49,122.012],""font"":null,""font size"":12.0,""content"":""필요시 외부개방 주차공간 일부 활용""}]}]},{""type"":""table row"",""row number"":9,""cells"":[{""type"":""table cell"",""pdfua_tag"":""TD"",""page number"":28,""bounding box"":[201.959,81.015,315.803,101.514],""row number"":9,""column number"":2,""row span"":1,""column span"":1,""kids"":[{""type"":""paragraph"",""pdfua_tag"":""P"",""id"":1252,""page number"":28,""bounding box"":[201.959,81.015,315.803,101.514],""font"":null,""font size"":12.0,""content"":""일반입주자 및 외부개방""}]},{""type"":""table cell"",""pdfua_tag"":""TD"",""page number"":28,""bounding box"":[315.803,81.015,429.647,101.514],""row number"":9,""column number"":3,""row span"":1,""column span"":1,""kids"":[{""type"":""paragraph"",""pdfua_tag"":""P"",""id"":1253,""page number"":28,""bounding box"":[315.803,81.015,429.647,101.514],""font"":null,""font size"":12.0,""content"":""75""}]},{""type"":""table cell"",""pdfua_tag"":""TD"",""page number"":28,""bounding box"":[429.647,81.015,543.49,101.514],""row number"":9,""column number"":4,""row span"":1,""column span"":1,""kids"":[]}]}]",law-1_p028_LAW1-T009.png,88.116,81.015,543.49,265.505,자동 추출,
LAW1-T010,LAW1,LAW1-2_6_3,29,29,LAW1-2_6_3 표 10,4,6,"구분 | 1순위(3% 이하) | 2순위(10% | 이하) | 3순위 | 그 외
대상 | 입주자 필수 (장애인·국가유공자) | 거주자우선주차 | 나눔카 | 입주자 일반 | 외부인 (인근 거주자 등 )
주차요금 | 공영주차장 요금 | 공영주차장 요금 | 협의 요금 | 민영주차장 요금
70% | 100%","<table><tr><td>구분</td><td>1순위(3% 이하)</td><td>2순위(10%</td><td>이하)</td><td>3순위</td><td>그 외</td></tr><tr><td>대상</td><td>입주자 필수 (장애인·국가유공자)</td><td>거주자우선주차</td><td>나눔카</td><td>입주자 일반</td><td>외부인 (인근 거주자 등 )</td></tr><tr><td rowspan=""2"">주차요금</td><td rowspan=""2"">공영주차장 요금</td><td rowspan=""2"">공영주차장 요금</td><td rowspan=""2"">협의 요금</td><td colspan=""2"">민영주차장 요금</td></tr><tr><td>70%</td><td>100%</td></tr></table>","[{""type"":""table row"",""row number"":1,""cells"":[{""type"":""table cell"",""pdfua_tag"":""TH"",""page number"":29,""bounding box"":[89.947,677.812,165.508,699.268],""row number"":1,""column number"":1,""row span"":1,""column span"":1,""is_header"":true,""kids"":[{""type"":""paragraph"",""pdfua_tag"":""P"",""id"":1255,""page number"":29,""bounding box"":[89.947,677.812,165.508,699.268],""font"":""H2gtrM"",""font size"":11.04,""text color"":""[0.0]"",""content"":""구분""}]},{""type"":""table cell"",""pdfua_tag"":""TH"",""page number"":29,""bounding box"":[165.508,677.812,241.069,699.268],""row number"":1,""column number"":2,""row span"":1,""column span"":1,""is_header"":true,""kids"":[{""type"":""paragraph"",""pdfua_tag"":""P"",""id"":1256,""page number"":29,""bounding box"":[165.508,677.812,241.069,699.268],""font"":""H2gtrM"",""font size"":11.04,""text color"":""[0.0]"",""content"":""1순위(3% 이하)""}]},{""type"":""table cell"",""pdfua_tag"":""TH"",""page number"":29,""bounding box"":[241.069,677.812,316.63,699.268],""row number"":1,""column number"":3,""row span"":1,""column span"":1,""is_header"":true,""kids"":[{""type"":""paragraph"",""pdfua_tag"":""P"",""id"":1257,""page number"":29,""bounding box"":[241.069,677.812,316.63,699.268],""font"":""H2gtrM"",""font size"":11.04,""text color"":""[0.0]"",""content"":""2순위(10%""}]},{""type"":""table cell"",""pdfua_tag"":""TH"",""page number"":29,""bounding box"":[316.63,677.812,392.191,699.268],""row number"":1,""column number"":4,""row span"":1,""column span"":1,""is_header"":true,""kids"":[{""type"":""paragraph"",""pdfua_tag"":""P"",""id"":1258,""page number"":29,""bounding box"":[316.63,677.812,392.191,699.268],""font"":""H2gtrM"",""font size"":11.04,""text color"":""[0.0]"",""content"":""이하)""}]},{""type"":""table cell"",""pdfua_tag"":""TH"",""page number"":29,""bounding box"":[392.191,677.812,467.752,699.268],""row number"":1,""column number"":5,""row span"":1,""column span"":1,""is_header"":true,""kids"":[{""type"":""paragraph"",""pdfua_tag"":""P"",""id"":1259,""page number"":29,""bounding box"":[392.191,677.812,467.752,699.268],""font"":""H2gtrM"",""font size"":11.04,""text color"":""[0.0]"",""content"":""3순위""}]},{""type"":""table cell"",""pdfua_tag"":""TH"",""page number"":29,""bounding box"":[467.752,677.812,543.313,699.268],""row number"":1,""column number"":6,""row span"":1,""column span"":1,""is_header"":true,""kids"":[{""type"":""paragraph"",""pdfua_tag"":""P"",""id"":1260,""page number"":29,""bounding box"":[467.752,677.812,543.313,699.268],""font"":""H2gtrM"",""font size"":11.04,""text color"":""[0.0]"",""content"":""그 외""}]}]},{""type"":""table row"",""row number"":2,""cells"":[{""type"":""table cell"",""pdfua_tag"":""TD"",""page number"":29,""bounding box"":[89.947,656.357,165.508,677.812],""row number"":2,""column number"":1,""row span"":1,""column span"":1,""kids"":[{""type"":""paragraph"",""pdfua_tag"":""P"",""id"":1261,""page number"":29,""bounding box"":[89.947,656.357,165.508,677.812],""font"":""H2gtrM"",""font size"":11.04,""text color"":""[0.0]"",""content"":""대상""}]},{""type"":""table cell"",""pdfua_tag"":""TD"",""page number"":29,""bounding box"":[165.508,656.357,241.069,677.812],""row number"":2,""column number"":2,""row span"":1,""column span"":1,""kids"":[{""type"":""paragraph"",""pdfua_tag"":""P"",""id"":1262,""page number"":29,""bounding box"":[165.508,656.357,241.069,677.812],""font"":""H2gtrM"",""font size"":9.96,""text color"":""[0.0]"",""content"":""입주자 필수 (장애인·국가유공자)""}]},{""type"":""table cell"",""pdfua_tag"":""TD"",""page number"":29,""bounding box"":[241.069,656.357,316.63,677.812],""row number"":2,""column number"":3,""row span"":1,""column span"":1,""kids"":[{""type"":""paragraph"",""pdfua_tag"":""P"",""id"":1263,""page number"":29,""bounding box"":[241.069,656.357,316.63,677.812],""font"":""H2gtrM"",""font size"":11.04,""text color"":""[0.0]"",""content"":""거주자우선주차""}]},{""type"":""table cell"",""pdfua_tag"":""TD"",""page number"":29,""bounding box"":[316.63,656.357,392.191,677.812],""row number"":2,""column number"":4,""row span"":1,""column span"":1,""kids"":[{""type"":""paragraph"",""pdfua_tag"":""P"",""id"":1264,""page number"":29,""bounding box"":[316.63,656.357,392.191,677.812],""font"":""H2gtrM"",""font size"":11.04,""text color"":""[0.0]"",""content"":""나눔카""}]},{""type"":""table cell"",""pdfua_tag"":""TD"",""page number"":29,""bounding box"":[392.191,656.357,467.752,677.812],""row number"":2,""column number"":5,""row span"":1,""column span"":1,""kids"":[{""type"":""paragraph"",""pdfua_tag"":""P"",""id"":1265,""page number"":29,""bounding box"":[392.191,656.357,467.752,677.812],""font"":""H2gtrM"",""font size"":11.04,""text color"":""[0.0]"",""content"":""입주자 일반""}]},{""type"":""table cell"",""pdfua_tag"":""TD"",""page number"":29,""bounding box"":[467.752,656.357,543.313,677.812],""row number"":2,""column number"":6,""row span"":1,""column span"":1,""kids"":[{""type"":""paragraph"",""pdfua_tag"":""P"",""id"":1266,""page number"":29,""bounding box"":[467.752,656.357,543.313,677.812],""font"":""H2gtrM"",""font size"":9.96,""text color"":""[0.0]"",""content"":""외부인 (인근 거주자 등 )""}]}]},{""type"":""table row"",""row number"":3,""cells"":[{""type"":""table cell"",""pdfua_tag"":""TD"",""page number"":29,""bounding box"":[89.947,613.447,165.508,656.357],""row number"":3,""column number"":1,""row span"":2,""column span"":1,""kids"":[{""type"":""paragraph"",""pdfua_tag"":""P"",""id"":1267,""page number"":29,""bounding box"":[89.947,613.447,165.508,656.357],""font"":""H2gtrM"",""font size"":11.04,""text color"":""[0.0]"",""content"":""주차요금""}]},{""type"":""table cell"",""pdfua_tag"":""TD"",""page number"":29,""bounding box"":[165.508,613.447,241.069,656.357],""row number"":3,""column number"":2,""row span"":2,""column span"":1,""kids"":[{""type"":""paragraph"",""pdfua_tag"":""P"",""id"":1268,""page number"":29,""bounding box"":[165.508,613.447,241.069,656.357],""font"":""H2gtrM"",""font size"":11.04,""text color"":""[0.0]"",""content"":""공영주차장 요금""}]},{""type"":""table cell"",""pdfua_tag"":""TD"",""page number"":29,""bounding box"":[241.069,613.447,316.63,656.357],""row number"":3,""column number"":3,""row span"":2,""column span"":1,""kids"":[{""type"":""paragraph"",""pdfua_tag"":""P"",""id"":1269,""page number"":29,""bounding box"":[241.069,613.447,316.63,656.357],""font"":""H2gtrM"",""font size"":11.04,""text color"":""[0.0]"",""content"":""공영주차장 요금""}]},{""type"":""table cell"",""pdfua_tag"":""TD"",""page number"":29,""bounding box"":[316.63,613.447,392.191,656.357],""row number"":3,""column number"":4,""row span"":2,""column span"":1,""kids"":[{""type"":""paragraph"",""pdfua_tag"":""P"",""id"":1270,""page number"":29,""bounding box"":[316.63,613.447,392.191,656.357],""font"":""H2gtrM"",""font size"":11.04,""text color"":""[0.0]"",""content"":""협의 요금""}]},{""type"":""table cell"",""pdfua_tag"":""TD"",""page number"":29,""bounding box"":[392.191,634.902,543.313,656.357],""row number"":3,""column number"":5,""row span"":1,""column span"":2,""kids"":[{""type"":""paragraph"",""pdfua_tag"":""P"",""id"":1271,""page number"":29,""bounding box"":[392.191,634.902,543.313,656.357],""font"":""H2gtrM"",""font size"":11.04,""text color"":""[0.0]"",""content"":""민영주차장 요금""}]}]},{""type"":""table row"",""row number"":4,""cells"":[{""type"":""table cell"",""pdfua_tag"":""TD"",""page number"":29,""bounding box"":[392.191,613.447,467.752,634.902],""row number"":4,""column number"":5,""row span"":1,""column span"":1,""kids"":[{""type"":""paragraph"",""pdfua_tag"":""P"",""id"":1272,""page number"":29,""bounding box"":[392.191,613.447,467.752,634.902],""font"":""H2gtrM"",""font size"":11.04,""text color"":""[0.0]"",""content"":""70%""}]},{""type"":""table cell"",""pdfua_tag"":""TD"",""page number"":29,""bounding box"":[467.752,613.447,543.313,634.902],""row number"":4,""column number"":6,""row span"":1,""column span"":1,""kids"":[{""type"":""paragraph"",""pdfua_tag"":""P"",""id"":1273,""page number"":29,""bounding box"":[467.752,613.447,543.313,634.902],""font"":""H2gtrM"",""font size"":11.04,""text color"":""[0.0]"",""content"":""100%""}]}]}]",law-1_p029_LAW1-T010.png,89.947,613.447,543.313,699.268,자동 추출,
LAW1-T011,LAW1,LAW1-2_6_3,29,29,LAW1-2_6_3 표 11,7,2,"거주자우선주차(나눔카) 등 수요 | 사업시행자
↓ | 
부설주차장 관리 세부계획 수립 및 운영자문위원회 (입주자 및 외부 개방 주차장 계획 | 서울시
↓ | 
협약서 체결 | 서울시, 사업시행자
↓ | 
관련 업체와 자치단체장 협의(계약) | 후 운영 사업시행자","<table><tr><td>거주자우선주차(나눔카) 등 수요</td><td>사업시행자</td></tr><tr><td>↓</td><td></td></tr><tr><td>부설주차장 관리 세부계획 수립 및 운영자문위원회 (입주자 및 외부 개방 주차장 계획</td><td>서울시</td></tr><tr><td>↓</td><td></td></tr><tr><td>협약서 체결</td><td>서울시, 사업시행자</td></tr><tr><td>↓</td><td></td></tr><tr><td>관련 업체와 자치단체장 협의(계약)</td><td>후 운영 사업시행자</td></tr></table>","[{""type"":""table row"",""row number"":1,""cells"":[{""type"":""table cell"",""pdfua_tag"":""TH"",""page number"":29,""bounding box"":[84.387,227.934,297.605,251.263],""row number"":1,""column number"":1,""row span"":1,""column span"":1,""is_header"":true,""kids"":[{""type"":""paragraph"",""pdfua_tag"":""P"",""id"":1275,""page number"":29,""bounding box"":[84.387,227.934,297.605,251.263],""font"":null,""font size"":9.96,""text color"":""[0.0]"",""content"":""거주자우선주차(나눔카) 등 수요""}]},{""type"":""table cell"",""pdfua_tag"":""TH"",""page number"":29,""bounding box"":[297.605,227.934,510.823,251.263],""row number"":1,""column number"":2,""row span"":1,""column span"":1,""is_header"":true,""kids"":[{""type"":""paragraph"",""pdfua_tag"":""P"",""id"":1276,""page number"":29,""bounding box"":[297.605,227.934,510.823,251.263],""font"":null,""font size"":12.0,""content"":""사업시행자""}]}]},{""type"":""table row"",""row number"":2,""cells"":[{""type"":""table cell"",""pdfua_tag"":""TD"",""page number"":29,""bounding box"":[84.387,204.605,297.605,227.934],""row number"":2,""column number"":1,""row span"":1,""column span"":1,""kids"":[{""type"":""paragraph"",""pdfua_tag"":""P"",""id"":1277,""page number"":29,""bounding box"":[84.387,204.605,297.605,227.934],""font"":null,""font size"":9.96,""text color"":""[0.0]"",""content"":""↓""}]},{""type"":""table cell"",""pdfua_tag"":""TD"",""page number"":29,""bounding box"":[297.605,204.605,510.823,227.934],""row number"":2,""column number"":2,""row span"":1,""column span"":1,""kids"":[]}]},{""type"":""table row"",""row number"":3,""cells"":[{""type"":""table cell"",""pdfua_tag"":""TD"",""page number"":29,""bounding box"":[84.387,181.277,297.605,204.605],""row number"":3,""column number"":1,""row span"":1,""column span"":1,""kids"":[{""type"":""paragraph"",""pdfua_tag"":""P"",""id"":1278,""page number"":29,""bounding box"":[84.387,181.277,297.605,204.605],""font"":null,""font size"":9.96,""text color"":""[0.0]"",""content"":""부설주차장 관리 세부계획 수립 및 운영자문위원회 (입주자 및 외부 개방 주차장 계획""}]},{""type"":""table cell"",""pdfua_tag"":""TD"",""page number"":29,""bounding box"":[297.605,181.277,510.823,204.605],""row number"":3,""column number"":2,""row span"":1,""column span"":1,""kids"":[{""type"":""paragraph"",""pdfua_tag"":""P"",""id"":1279,""page number"":29,""bounding box"":[297.605,181.277,510.823,204.605],""font"":null,""font size"":12.0,""content"":""서울시""}]}]},{""type"":""table row"",""row number"":4,""cells"":[{""type"":""table cell"",""pdfua_tag"":""TD"",""page number"":29,""bounding box"":[84.387,157.948,297.605,181.277],""row number"":4,""column number"":1,""row span"":1,""column span"":1,""kids"":[{""type"":""paragraph"",""pdfua_tag"":""P"",""id"":1280,""page number"":29,""bounding box"":[84.387,157.948,297.605,181.277],""font"":null,""font size"":9.96,""text color"":""[0.0]"",""content"":""↓""}]},{""type"":""table cell"",""pdfua_tag"":""TD"",""page number"":29,""bounding box"":[297.605,157.948,510.823,181.277],""row number"":4,""column number"":2,""row span"":1,""column span"":1,""kids"":[]}]},{""type"":""table row"",""row number"":5,""cells"":[{""type"":""table cell"",""pdfua_tag"":""TD"",""page number"":29,""bounding box"":[84.387,134.619,297.605,157.948],""row number"":5,""column number"":1,""row span"":1,""column span"":1,""kids"":[{""type"":""paragraph"",""pdfua_tag"":""P"",""id"":1281,""page number"":29,""bounding box"":[84.387,134.619,297.605,157.948],""font"":null,""font size"":9.96,""text color"":""[0.0]"",""content"":""협약서 체결""}]},{""type"":""table cell"",""pdfua_tag"":""TD"",""page number"":29,""bounding box"":[297.605,134.619,510.823,157.948],""row number"":5,""column number"":2,""row span"":1,""column span"":1,""kids"":[{""type"":""paragraph"",""pdfua_tag"":""P"",""id"":1282,""page number"":29,""bounding box"":[297.605,134.619,510.823,157.948],""font"":null,""font size"":9.96,""text color"":""[0.0]"",""content"":""서울시, 사업시행자""}]}]},{""type"":""table row"",""row number"":6,""cells"":[{""type"":""table cell"",""pdfua_tag"":""TD"",""page number"":29,""bounding box"":[84.387,111.29,297.605,134.619],""row number"":6,""column number"":1,""row span"":1,""column span"":1,""kids"":[{""type"":""paragraph"",""pdfua_tag"":""P"",""id"":1283,""page number"":29,""bounding box"":[84.387,111.29,297.605,134.619],""font"":null,""font size"":9.96,""text color"":""[0.0]"",""content"":""↓""}]},{""type"":""table cell"",""pdfua_tag"":""TD"",""page number"":29,""bounding box"":[297.605,111.29,510.823,134.619],""row number"":6,""column number"":2,""row span"":1,""column span"":1,""kids"":[]}]},{""type"":""table row"",""row number"":7,""cells"":[{""type"":""table cell"",""pdfua_tag"":""TD"",""page number"":29,""bounding box"":[84.387,87.961,297.605,111.29],""row number"":7,""column number"":1,""row span"":1,""column span"":1,""kids"":[{""type"":""paragraph"",""pdfua_tag"":""P"",""id"":1284,""page number"":29,""bounding box"":[84.387,87.961,297.605,111.29],""font"":null,""font size"":9.96,""text color"":""[0.0]"",""content"":""관련 업체와 자치단체장 협의(계약)""}]},{""type"":""table cell"",""pdfua_tag"":""TD"",""page number"":29,""bounding box"":[297.605,87.961,510.823,111.29],""row number"":7,""column number"":2,""row span"":1,""column span"":1,""kids"":[{""type"":""paragraph"",""pdfua_tag"":""P"",""id"":1285,""page number"":29,""bounding box"":[297.605,87.961,510.823,111.29],""font"":null,""font size"":9.96,""text color"":""[0.0]"",""content"":""후 운영 사업시행자""}]}]}]",law-1_p029_LAW1-T011.png,84.387,87.961,510.823,251.263,자동 추출,
LAW1-T012,LAW1,LAW1-3_2_2,31,31,LAW1-3_2_2 표 12,4,1,"< 서울형 공유주택의 사업방식 >
공공임대(공공기여)
공공지원민간임대(일반공급)
공공지원민간임대(특별공급)",<table><tr><td>&lt; 서울형 공유주택의 사업방식 &gt;</td></tr><tr><td>공공임대(공공기여)</td></tr><tr><td>공공지원민간임대(일반공급)</td></tr><tr><td>공공지원민간임대(특별공급)</td></tr></table>,"[{""type"":""table row"",""row number"":1,""cells"":[{""type"":""table cell"",""pdfua_tag"":""TH"",""page number"":31,""bounding box"":[96.146,405.084,540.481,421.909],""row number"":1,""column number"":1,""row span"":1,""column span"":1,""is_header"":true,""kids"":[{""type"":""paragraph"",""pdfua_tag"":""P"",""id"":1296,""page number"":31,""bounding box"":[96.146,405.084,540.481,421.909],""font"":null,""font size"":9.96,""text color"":""[0.0]"",""content"":""< 서울형 공유주택의 사업방식 >""}]}]},{""type"":""table row"",""row number"":2,""cells"":[{""type"":""table cell"",""pdfua_tag"":""TD"",""page number"":31,""bounding box"":[96.146,388.258,540.481,405.084],""row number"":2,""column number"":1,""row span"":1,""column span"":1,""kids"":[{""type"":""paragraph"",""pdfua_tag"":""P"",""id"":1297,""page number"":31,""bounding box"":[96.146,388.258,540.481,405.084],""font"":null,""font size"":9.96,""text color"":""[0.0]"",""content"":""공공임대(공공기여)""}]}]},{""type"":""table row"",""row number"":3,""cells"":[{""type"":""table cell"",""pdfua_tag"":""TD"",""page number"":31,""bounding box"":[96.146,371.432,540.481,388.258],""row number"":3,""column number"":1,""row span"":1,""column span"":1,""kids"":[{""type"":""paragraph"",""pdfua_tag"":""P"",""id"":1298,""page number"":31,""bounding box"":[96.146,371.432,540.481,388.258],""font"":null,""font size"":9.96,""text color"":""[0.0]"",""content"":""공공지원민간임대(일반공급)""}]}]},{""type"":""table row"",""row number"":4,""cells"":[{""type"":""table cell"",""pdfua_tag"":""TD"",""page number"":31,""bounding box"":[96.146,354.607,540.481,371.432],""row number"":4,""column number"":1,""row span"":1,""column span"":1,""kids"":[{""type"":""paragraph"",""pdfua_tag"":""P"",""id"":1299,""page number"":31,""bounding box"":[96.146,354.607,540.481,371.432],""font"":null,""font size"":9.96,""text color"":""[0.0]"",""content"":""공공지원민간임대(특별공급)""}]}]}]",law-1_p031_LAW1-T012.png,96.146,354.607,540.481,421.909,자동 추출,
LAW1-T013,LAW1,LAW1-3_3_1,34,34,LAW1-3_3_1 표 13,4,6,"대상면적 용도 지역계획 | 비율 0~10%미만 | 10~20%미만 | 20~30%미만 | 30~40%미만 | 40~50%미만
용도지역 유지 | 2% | 4% | 6% | 8% | 10%
준주거지역 변경 | 3% | 6% | 9% | 12% | 15%
상업지역 변경 | 5% | 10% | 15% | 20% | 25%",<table><tr><td>대상면적 용도 지역계획</td><td>비율 0~10%미만</td><td>10~20%미만</td><td>20~30%미만</td><td>30~40%미만</td><td>40~50%미만</td></tr><tr><td>용도지역 유지</td><td>2%</td><td>4%</td><td>6%</td><td>8%</td><td>10%</td></tr><tr><td>준주거지역 변경</td><td>3%</td><td>6%</td><td>9%</td><td>12%</td><td>15%</td></tr><tr><td>상업지역 변경</td><td>5%</td><td>10%</td><td>15%</td><td>20%</td><td>25%</td></tr></table>,"[{""type"":""table row"",""row number"":1,""cells"":[{""type"":""table cell"",""pdfua_tag"":""TH"",""page number"":34,""bounding box"":[94.329,439.974,169.149,467.965],""row number"":1,""column number"":1,""row span"":1,""column span"":1,""is_header"":true,""kids"":[{""type"":""paragraph"",""pdfua_tag"":""P"",""id"":1301,""page number"":34,""bounding box"":[94.329,439.974,169.149,467.965],""font"":null,""font size"":9.0,""text color"":""[0.0]"",""content"":""대상면적 용도 지역계획""}]},{""type"":""table cell"",""pdfua_tag"":""TH"",""page number"":34,""bounding box"":[169.149,439.974,243.968,467.965],""row number"":1,""column number"":2,""row span"":1,""column span"":1,""is_header"":true,""kids"":[{""type"":""paragraph"",""pdfua_tag"":""P"",""id"":1302,""page number"":34,""bounding box"":[169.149,439.974,243.968,467.965],""font"":null,""font size"":9.96,""text color"":""[0.0]"",""content"":""비율 0~10%미만""}]},{""type"":""table cell"",""pdfua_tag"":""TH"",""page number"":34,""bounding box"":[243.968,439.974,318.788,467.965],""row number"":1,""column number"":3,""row span"":1,""column span"":1,""is_header"":true,""kids"":[{""type"":""paragraph"",""pdfua_tag"":""P"",""id"":1303,""page number"":34,""bounding box"":[243.968,439.974,318.788,467.965],""font"":null,""font size"":9.96,""text color"":""[0.0]"",""content"":""10~20%미만""}]},{""type"":""table cell"",""pdfua_tag"":""TH"",""page number"":34,""bounding box"":[318.788,439.974,393.607,467.965],""row number"":1,""column number"":4,""row span"":1,""column span"":1,""is_header"":true,""kids"":[{""type"":""paragraph"",""pdfua_tag"":""P"",""id"":1304,""page number"":34,""bounding box"":[318.788,439.974,393.607,467.965],""font"":null,""font size"":9.96,""text color"":""[0.0]"",""content"":""20~30%미만""}]},{""type"":""table cell"",""pdfua_tag"":""TH"",""page number"":34,""bounding box"":[393.607,439.974,468.427,467.965],""row number"":1,""column number"":5,""row span"":1,""column span"":1,""is_header"":true,""kids"":[{""type"":""paragraph"",""pdfua_tag"":""P"",""id"":1305,""page number"":34,""bounding box"":[393.607,439.974,468.427,467.965],""font"":null,""font size"":9.96,""text color"":""[0.0]"",""content"":""30~40%미만""}]},{""type"":""table cell"",""pdfua_tag"":""TH"",""page number"":34,""bounding box"":[468.427,439.974,543.246,467.965],""row number"":1,""column number"":6,""row span"":1,""column span"":1,""is_header"":true,""kids"":[{""type"":""paragraph"",""pdfua_tag"":""P"",""id"":1306,""page number"":34,""bounding box"":[468.427,439.974,543.246,467.965],""font"":null,""font size"":9.96,""text color"":""[0.0]"",""content"":""40~50%미만""}]}]},{""type"":""table row"",""row number"":2,""cells"":[{""type"":""table cell"",""pdfua_tag"":""TD"",""page number"":34,""bounding box"":[94.329,411.982,169.149,439.974],""row number"":2,""column number"":1,""row span"":1,""column span"":1,""kids"":[{""type"":""paragraph"",""pdfua_tag"":""P"",""id"":1307,""page number"":34,""bounding box"":[94.329,411.982,169.149,439.974],""font"":null,""font size"":11.04,""text color"":""[0.0]"",""content"":""용도지역 유지""}]},{""type"":""table cell"",""pdfua_tag"":""TD"",""page number"":34,""bounding box"":[169.149,411.982,243.968,439.974],""row number"":2,""column number"":2,""row span"":1,""column span"":1,""kids"":[{""type"":""paragraph"",""pdfua_tag"":""P"",""id"":1308,""page number"":34,""bounding box"":[169.149,411.982,243.968,439.974],""font"":null,""font size"":9.96,""text color"":""[0.0]"",""content"":""2%""}]},{""type"":""table cell"",""pdfua_tag"":""TD"",""page number"":34,""bounding box"":[243.968,411.982,318.788,439.974],""row number"":2,""column number"":3,""row span"":1,""column span"":1,""kids"":[{""type"":""paragraph"",""pdfua_tag"":""P"",""id"":1309,""page number"":34,""bounding box"":[243.968,411.982,318.788,439.974],""font"":null,""font size"":9.96,""text color"":""[0.0]"",""content"":""4%""}]},{""type"":""table cell"",""pdfua_tag"":""TD"",""page number"":34,""bounding box"":[318.788,411.982,393.607,439.974],""row number"":2,""column number"":4,""row span"":1,""column span"":1,""kids"":[{""type"":""paragraph"",""pdfua_tag"":""P"",""id"":1310,""page number"":34,""bounding box"":[318.788,411.982,393.607,439.974],""font"":null,""font size"":9.96,""text color"":""[0.0]"",""content"":""6%""}]},{""type"":""table cell"",""pdfua_tag"":""TD"",""page number"":34,""bounding box"":[393.607,411.982,468.427,439.974],""row number"":2,""column number"":5,""row span"":1,""column span"":1,""kids"":[{""type"":""paragraph"",""pdfua_tag"":""P"",""id"":1311,""page number"":34,""bounding box"":[393.607,411.982,468.427,439.974],""font"":null,""font size"":9.96,""text color"":""[0.0]"",""content"":""8%""}]},{""type"":""table cell"",""pdfua_tag"":""TD"",""page number"":34,""bounding box"":[468.427,411.982,543.246,439.974],""row number"":2,""column number"":6,""row span"":1,""column span"":1,""kids"":[{""type"":""paragraph"",""pdfua_tag"":""P"",""id"":1312,""page number"":34,""bounding box"":[468.427,411.982,543.246,439.974],""font"":null,""font size"":9.96,""text color"":""[0.0]"",""content"":""10%""}]}]},{""type"":""table row"",""row number"":3,""cells"":[{""type"":""table cell"",""pdfua_tag"":""TD"",""page number"":34,""bounding box"":[94.329,383.991,169.149,411.982],""row number"":3,""column number"":1,""row span"":1,""column span"":1,""kids"":[{""type"":""paragraph"",""pdfua_tag"":""P"",""id"":1313,""page number"":34,""bounding box"":[94.329,383.991,169.149,411.982],""font"":null,""font size"":11.04,""text color"":""[0.0]"",""content"":""준주거지역 변경""}]},{""type"":""table cell"",""pdfua_tag"":""TD"",""page number"":34,""bounding box"":[169.149,383.991,243.968,411.982],""row number"":3,""column number"":2,""row span"":1,""column span"":1,""kids"":[{""type"":""paragraph"",""pdfua_tag"":""P"",""id"":1314,""page number"":34,""bounding box"":[169.149,383.991,243.968,411.982],""font"":null,""font size"":9.96,""text color"":""[0.0]"",""content"":""3%""}]},{""type"":""table cell"",""pdfua_tag"":""TD"",""page number"":34,""bounding box"":[243.968,383.991,318.788,411.982],""row number"":3,""column number"":3,""row span"":1,""column span"":1,""kids"":[{""type"":""paragraph"",""pdfua_tag"":""P"",""id"":1315,""page number"":34,""bounding box"":[243.968,383.991,318.788,411.982],""font"":null,""font size"":9.96,""text color"":""[0.0]"",""content"":""6%""}]},{""type"":""table cell"",""pdfua_tag"":""TD"",""page number"":34,""bounding box"":[318.788,383.991,393.607,411.982],""row number"":3,""column number"":4,""row span"":1,""column span"":1,""kids"":[{""type"":""paragraph"",""pdfua_tag"":""P"",""id"":1316,""page number"":34,""bounding box"":[318.788,383.991,393.607,411.982],""font"":null,""font size"":9.96,""text color"":""[0.0]"",""content"":""9%""}]},{""type"":""table cell"",""pdfua_tag"":""TD"",""page number"":34,""bounding box"":[393.607,383.991,468.427,411.982],""row number"":3,""column number"":5,""row span"":1,""column span"":1,""kids"":[{""type"":""paragraph"",""pdfua_tag"":""P"",""id"":1317,""page number"":34,""bounding box"":[393.607,383.991,468.427,411.982],""font"":null,""font size"":9.96,""text color"":""[0.0]"",""content"":""12%""}]},{""type"":""table cell"",""pdfua_tag"":""TD"",""page number"":34,""bounding box"":[468.427,383.991,543.246,411.982],""row number"":3,""column number"":6,""row span"":1,""column span"":1,""kids"":[{""type"":""paragraph"",""pdfua_tag"":""P"",""id"":1318,""page number"":34,""bounding box"":[468.427,383.991,543.246,411.982],""font"":null,""font size"":9.96,""text color"":""[0.0]"",""content"":""15%""}]}]},{""type"":""table row"",""row number"":4,""cells"":[{""type"":""table cell"",""pdfua_tag"":""TD"",""page number"":34,""bounding box"":[94.329,355.999,169.149,383.991],""row number"":4,""column number"":1,""row span"":1,""column span"":1,""kids"":[{""type"":""paragraph"",""pdfua_tag"":""P"",""id"":1319,""page number"":34,""bounding box"":[94.329,355.999,169.149,383.991],""font"":null,""font size"":11.04,""text color"":""[0.0]"",""content"":""상업지역 변경""}]},{""type"":""table cell"",""pdfua_tag"":""TD"",""page number"":34,""bounding box"":[169.149,355.999,243.968,383.991],""row number"":4,""column number"":2,""row span"":1,""column span"":1,""kids"":[{""type"":""paragraph"",""pdfua_tag"":""P"",""id"":1320,""page number"":34,""bounding box"":[169.149,355.999,243.968,383.991],""font"":null,""font size"":9.96,""text color"":""[0.0]"",""content"":""5%""}]},{""type"":""table cell"",""pdfua_tag"":""TD"",""page number"":34,""bounding box"":[243.968,355.999,318.788,383.991],""row number"":4,""column number"":3,""row span"":1,""column span"":1,""kids"":[{""type"":""paragraph"",""pdfua_tag"":""P"",""id"":1321,""page number"":34,""bounding box"":[243.968,355.999,318.788,383.991],""font"":null,""font size"":9.96,""text color"":""[0.0]"",""content"":""10%""}]},{""type"":""table cell"",""pdfua_tag"":""TD"",""page number"":34,""bounding box"":[318.788,355.999,393.607,383.991],""row number"":4,""column number"":4,""row span"":1,""column span"":1,""kids"":[{""type"":""paragraph"",""pdfua_tag"":""P"",""id"":1322,""page number"":34,""bounding box"":[318.788,355.999,393.607,383.991],""font"":null,""font size"":9.96,""text color"":""[0.0]"",""content"":""15%""}]},{""type"":""table cell"",""pdfua_tag"":""TD"",""page number"":34,""bounding box"":[393.607,355.999,468.427,383.991],""row number"":4,""column number"":5,""row span"":1,""column span"":1,""kids"":[{""type"":""paragraph"",""pdfua_tag"":""P"",""id"":1323,""page number"":34,""bounding box"":[393.607,355.999,468.427,383.991],""font"":null,""font size"":9.96,""text color"":""[0.0]"",""content"":""20%""}]},{""type"":""table cell"",""pdfua_tag"":""TD"",""page number"":34,""bounding box"":[468.427,355.999,543.246,383.991],""row number"":4,""column number"":6,""row span"":1,""column span"":1,""kids"":[{""type"":""paragraph"",""pdfua_tag"":""P"",""id"":1324,""page number"":34,""bounding box"":[468.427,355.999,543.246,383.991],""font"":null,""font size"":9.96,""text color"":""[0.0]"",""content"":""25%""}]}]}]",law-1_p034_LAW1-T013.png,94.329,355.999,543.246,467.965,자동 추출,
LAW1-T014,LAW1,LAW1-3_3_1,37,37,LAW1-3_3_1 표 14,10,3,"용도지역 변경 전 | 변경 기준(인접 및 도로 기준) | 용도지역 변경 후
제2종일반주거지역 | 제3종일반주거지역 직접 접하거나 폭20m 이하의 도로를 사이에 두고 접한 경우 | 제3종일반주거지역 접하거나 경우
폭 15m 이상 도로변
제2 · 3종일반주거지역 | 준주거지역, 일반 또는 근린상업지역과 직접 접하거나 폭20m 이하의 도로를 사이에 두고 접한 경우 | 준주거지역
중심지(도심, 광역, 지역, 지구중심) 역세권등*으로서 관련위원회가 인정하는 경우
또는 근린상업지역과 직접 접하거나 20m 이하의 도로를 사이에 두고 접한
제2·3종일반주거지역, 준주거지역 | 노선상업지역 20% 이상 (관련 위원회가 인정시 예외 적용) | 일반상업지역
제2·3종일반주거지역, 준주거지역 일반 | 또는 근린상업지역이 있는 역세권등 * , 폭 20m 이상 간선도로변 | 일반 혹은 근린상업지역
제2종일반주거지역 | 일반 또는 근린상업지역과 직접 (관련 위원회 자문 통해 인정) | 일반 혹은 근린상업지역
근린상업지역 중심지 | 역세권등 * 의 폭 20m 이상 간선도로변 | 일반상업지역","<table><tr><td>용도지역 변경 전</td><td>변경 기준(인접 및 도로 기준)</td><td>용도지역 변경 후</td></tr><tr><td rowspan=""2"">제2종일반주거지역</td><td>제3종일반주거지역 직접 접하거나 폭20m 이하의 도로를 사이에 두고 접한 경우</td><td rowspan=""2"">제3종일반주거지역 접하거나 경우</td></tr><tr><td>폭 15m 이상 도로변</td></tr><tr><td rowspan=""3"">제2 · 3종일반주거지역</td><td>준주거지역, 일반 또는 근린상업지역과 직접 접하거나 폭20m 이하의 도로를 사이에 두고 접한 경우</td><td rowspan=""3"">준주거지역</td></tr><tr><td>중심지(도심, 광역, 지역, 지구중심) 역세권등*으로서 관련위원회가 인정하는 경우</td></tr><tr><td>또는 근린상업지역과 직접 접하거나 20m 이하의 도로를 사이에 두고 접한</td></tr><tr><td>제2·3종일반주거지역, 준주거지역</td><td>노선상업지역 20% 이상 (관련 위원회가 인정시 예외 적용)</td><td>일반상업지역</td></tr><tr><td>제2·3종일반주거지역, 준주거지역 일반</td><td>또는 근린상업지역이 있는 역세권등 * , 폭 20m 이상 간선도로변</td><td>일반 혹은 근린상업지역</td></tr><tr><td>제2종일반주거지역</td><td>일반 또는 근린상업지역과 직접 (관련 위원회 자문 통해 인정)</td><td>일반 혹은 근린상업지역</td></tr><tr><td>근린상업지역 중심지</td><td>역세권등 * 의 폭 20m 이상 간선도로변</td><td>일반상업지역</td></tr></table>","[{""type"":""table row"",""row number"":1,""cells"":[{""type"":""table cell"",""pdfua_tag"":""TH"",""page number"":37,""bounding box"":[73.016,704.109,224.255,745.405],""row number"":1,""column number"":1,""row span"":1,""column span"":1,""is_header"":true,""kids"":[{""type"":""paragraph"",""pdfua_tag"":""P"",""id"":1326,""page number"":37,""bounding box"":[73.016,704.109,224.255,745.405],""font"":null,""font size"":9.0,""text color"":""[0.0]"",""content"":""용도지역 변경 전""}]},{""type"":""table cell"",""pdfua_tag"":""TH"",""page number"":37,""bounding box"":[224.255,704.109,375.494,745.405],""row number"":1,""column number"":2,""row span"":1,""column span"":1,""is_header"":true,""kids"":[{""type"":""paragraph"",""pdfua_tag"":""P"",""id"":1327,""page number"":37,""bounding box"":[224.255,704.109,375.494,745.405],""font"":null,""font size"":12.0,""content"":""변경 기준(인접 및 도로 기준)""}]},{""type"":""table cell"",""pdfua_tag"":""TH"",""page number"":37,""bounding box"":[375.494,704.109,526.733,745.405],""row number"":1,""column number"":3,""row span"":1,""column span"":1,""is_header"":true,""kids"":[{""type"":""paragraph"",""pdfua_tag"":""P"",""id"":1328,""page number"":37,""bounding box"":[375.494,704.109,526.733,745.405],""font"":null,""font size"":9.0,""text color"":""[0.0]"",""content"":""용도지역 변경 후""}]}]},{""type"":""table row"",""row number"":2,""cells"":[{""type"":""table cell"",""pdfua_tag"":""TD"",""page number"":37,""bounding box"":[73.016,621.516,224.255,704.109],""row number"":2,""column number"":1,""row span"":2,""column span"":1,""kids"":[{""type"":""paragraph"",""pdfua_tag"":""P"",""id"":1329,""page number"":37,""bounding box"":[73.016,621.516,224.255,704.109],""font"":null,""font size"":12.0,""content"":""제2종일반주거지역""}]},{""type"":""table cell"",""pdfua_tag"":""TD"",""page number"":37,""bounding box"":[224.255,662.812,375.494,704.109],""row number"":2,""column number"":2,""row span"":1,""column span"":1,""kids"":[{""type"":""paragraph"",""pdfua_tag"":""P"",""id"":1330,""page number"":37,""bounding box"":[224.255,662.812,375.494,704.109],""font"":null,""font size"":12.0,""content"":""제3종일반주거지역 직접 접하거나 폭20m 이하의 도로를 사이에 두고 접한 경우""}]},{""type"":""table cell"",""pdfua_tag"":""TD"",""page number"":37,""bounding box"":[375.494,621.516,526.733,704.109],""row number"":2,""column number"":3,""row span"":2,""column span"":1,""kids"":[{""type"":""paragraph"",""pdfua_tag"":""P"",""id"":1331,""page number"":37,""bounding box"":[375.494,621.516,526.733,704.109],""font"":null,""font size"":9.0,""text color"":""[0.0]"",""content"":""제3종일반주거지역 접하거나 경우""}]}]},{""type"":""table row"",""row number"":3,""cells"":[{""type"":""table cell"",""pdfua_tag"":""TD"",""page number"":37,""bounding box"":[224.255,621.516,375.494,662.812],""row number"":3,""column number"":2,""row span"":1,""column span"":1,""kids"":[{""type"":""paragraph"",""pdfua_tag"":""P"",""id"":1332,""page number"":37,""bounding box"":[224.255,621.516,375.494,662.812],""font"":null,""font size"":12.0,""content"":""폭 15m 이상 도로변""}]}]},{""type"":""table row"",""row number"":4,""cells"":[{""type"":""table cell"",""pdfua_tag"":""TD"",""page number"":37,""bounding box"":[73.016,497.627,224.255,621.516],""row number"":4,""column number"":1,""row span"":3,""column span"":1,""kids"":[{""type"":""paragraph"",""pdfua_tag"":""P"",""id"":1333,""page number"":37,""bounding box"":[73.016,497.627,224.255,621.516],""font"":null,""font size"":12.0,""content"":""제2 · 3종일반주거지역""}]},{""type"":""table cell"",""pdfua_tag"":""TD"",""page number"":37,""bounding box"":[224.255,580.22,375.494,621.516],""row number"":4,""column number"":2,""row span"":1,""column span"":1,""kids"":[{""type"":""paragraph"",""pdfua_tag"":""P"",""id"":1334,""page number"":37,""bounding box"":[224.255,580.22,375.494,621.516],""font"":null,""font size"":12.0,""content"":""준주거지역, 일반 또는 근린상업지역과 직접 접하거나 폭20m 이하의 도로를 사이에 두고 접한 경우""}]},{""type"":""table cell"",""pdfua_tag"":""TD"",""page number"":37,""bounding box"":[375.494,497.627,526.733,621.516],""row number"":4,""column number"":3,""row span"":3,""column span"":1,""kids"":[{""type"":""paragraph"",""pdfua_tag"":""P"",""id"":1335,""page number"":37,""bounding box"":[375.494,497.627,526.733,621.516],""font"":null,""font size"":12.0,""content"":""준주거지역""}]}]},{""type"":""table row"",""row number"":5,""cells"":[{""type"":""table cell"",""pdfua_tag"":""TD"",""page number"":37,""bounding box"":[224.255,538.923,375.494,580.22],""row number"":5,""column number"":2,""row span"":1,""column span"":1,""kids"":[{""type"":""paragraph"",""pdfua_tag"":""P"",""id"":1336,""page number"":37,""bounding box"":[224.255,538.923,375.494,580.22],""font"":null,""font size"":12.0,""content"":""중심지(도심, 광역, 지역, 지구중심) 역세권등*으로서 관련위원회가 인정하는 경우""}]}]},{""type"":""table row"",""row number"":6,""cells"":[{""type"":""table cell"",""pdfua_tag"":""TD"",""page number"":37,""bounding box"":[224.255,497.627,375.494,538.923],""row number"":6,""column number"":2,""row span"":1,""column span"":1,""kids"":[{""type"":""paragraph"",""pdfua_tag"":""P"",""id"":1337,""page number"":37,""bounding box"":[224.255,497.627,375.494,538.923],""font"":null,""font size"":9.0,""text color"":""[0.0]"",""content"":""또는 근린상업지역과 직접 접하거나 20m 이하의 도로를 사이에 두고 접한""}]}]},{""type"":""table row"",""row number"":7,""cells"":[{""type"":""table cell"",""pdfua_tag"":""TD"",""page number"":37,""bounding box"":[73.016,456.33,224.255,497.627],""row number"":7,""column number"":1,""row span"":1,""column span"":1,""kids"":[{""type"":""paragraph"",""pdfua_tag"":""P"",""id"":1338,""page number"":37,""bounding box"":[73.016,456.33,224.255,497.627],""font"":null,""font size"":9.0,""text color"":""[0.0]"",""content"":""제2·3종일반주거지역, 준주거지역""}]},{""type"":""table cell"",""pdfua_tag"":""TD"",""page number"":37,""bounding box"":[224.255,456.33,375.494,497.627],""row number"":7,""column number"":2,""row span"":1,""column span"":1,""kids"":[{""type"":""paragraph"",""pdfua_tag"":""P"",""id"":1339,""page number"":37,""bounding box"":[224.255,456.33,375.494,497.627],""font"":null,""font size"":9.0,""text color"":""[0.0]"",""content"":""노선상업지역 20% 이상 (관련 위원회가 인정시 예외 적용)""}]},{""type"":""table cell"",""pdfua_tag"":""TD"",""page number"":37,""bounding box"":[375.494,456.33,526.733,497.627],""row number"":7,""column number"":3,""row span"":1,""column span"":1,""kids"":[{""type"":""paragraph"",""pdfua_tag"":""P"",""id"":1340,""page number"":37,""bounding box"":[375.494,456.33,526.733,497.627],""font"":null,""font size"":9.0,""text color"":""[0.0]"",""content"":""일반상업지역""}]}]},{""type"":""table row"",""row number"":8,""cells"":[{""type"":""table cell"",""pdfua_tag"":""TD"",""page number"":37,""bounding box"":[73.016,415.034,224.255,456.33],""row number"":8,""column number"":1,""row span"":1,""column span"":1,""kids"":[{""type"":""paragraph"",""pdfua_tag"":""P"",""id"":1341,""page number"":37,""bounding box"":[73.016,415.034,224.255,456.33],""font"":null,""font size"":9.0,""text color"":""[0.0]"",""content"":""제2·3종일반주거지역, 준주거지역 일반""}]},{""type"":""table cell"",""pdfua_tag"":""TD"",""page number"":37,""bounding box"":[224.255,415.034,375.494,456.33],""row number"":8,""column number"":2,""row span"":1,""column span"":1,""kids"":[{""type"":""paragraph"",""pdfua_tag"":""P"",""id"":1342,""page number"":37,""bounding box"":[224.255,415.034,375.494,456.33],""font"":null,""font size"":9.0,""text color"":""[0.0]"",""content"":""또는 근린상업지역이 있는 역세권등 * , 폭 20m 이상 간선도로변""}]},{""type"":""table cell"",""pdfua_tag"":""TD"",""page number"":37,""bounding box"":[375.494,415.034,526.733,456.33],""row number"":8,""column number"":3,""row span"":1,""column span"":1,""kids"":[{""type"":""paragraph"",""pdfua_tag"":""P"",""id"":1343,""page number"":37,""bounding box"":[375.494,415.034,526.733,456.33],""font"":null,""font size"":9.0,""text color"":""[0.0]"",""content"":""일반 혹은 근린상업지역""}]}]},{""type"":""table row"",""row number"":9,""cells"":[{""type"":""table cell"",""pdfua_tag"":""TD"",""page number"":37,""bounding box"":[73.016,373.738,224.255,415.034],""row number"":9,""column number"":1,""row span"":1,""column span"":1,""kids"":[{""type"":""paragraph"",""pdfua_tag"":""P"",""id"":1344,""page number"":37,""bounding box"":[73.016,373.738,224.255,415.034],""font"":null,""font size"":9.0,""text color"":""[0.0]"",""content"":""제2종일반주거지역""}]},{""type"":""table cell"",""pdfua_tag"":""TD"",""page number"":37,""bounding box"":[224.255,373.738,375.494,415.034],""row number"":9,""column number"":2,""row span"":1,""column span"":1,""kids"":[{""type"":""paragraph"",""pdfua_tag"":""P"",""id"":1345,""page number"":37,""bounding box"":[224.255,373.738,375.494,415.034],""font"":null,""font size"":9.0,""text color"":""[0.0]"",""content"":""일반 또는 근린상업지역과 직접 (관련 위원회 자문 통해 인정)""}]},{""type"":""table cell"",""pdfua_tag"":""TD"",""page number"":37,""bounding box"":[375.494,373.738,526.733,415.034],""row number"":9,""column number"":3,""row span"":1,""column span"":1,""kids"":[{""type"":""paragraph"",""pdfua_tag"":""P"",""id"":1346,""page number"":37,""bounding box"":[375.494,373.738,526.733,415.034],""font"":null,""font size"":9.0,""text color"":""[0.0]"",""content"":""일반 혹은 근린상업지역""}]}]},{""type"":""table row"",""row number"":10,""cells"":[{""type"":""table cell"",""pdfua_tag"":""TD"",""page number"":37,""bounding box"":[73.016,332.441,224.255,373.738],""row number"":10,""column number"":1,""row span"":1,""column span"":1,""kids"":[{""type"":""paragraph"",""pdfua_tag"":""P"",""id"":1347,""page number"":37,""bounding box"":[73.016,332.441,224.255,373.738],""font"":null,""font size"":9.0,""text color"":""[0.0]"",""content"":""근린상업지역 중심지""}]},{""type"":""table cell"",""pdfua_tag"":""TD"",""page number"":37,""bounding box"":[224.255,332.441,375.494,373.738],""row number"":10,""column number"":2,""row span"":1,""column span"":1,""kids"":[{""type"":""paragraph"",""pdfua_tag"":""P"",""id"":1348,""page number"":37,""bounding box"":[224.255,332.441,375.494,373.738],""font"":null,""font size"":9.0,""text color"":""[0.0]"",""content"":""역세권등 * 의 폭 20m 이상 간선도로변""}]},{""type"":""table cell"",""pdfua_tag"":""TD"",""page number"":37,""bounding box"":[375.494,332.441,526.733,373.738],""row number"":10,""column number"":3,""row span"":1,""column span"":1,""kids"":[{""type"":""paragraph"",""pdfua_tag"":""P"",""id"":1349,""page number"":37,""bounding box"":[375.494,332.441,526.733,373.738],""font"":null,""font size"":9.0,""text color"":""[0.0]"",""content"":""일반상업지역""}]}]}]",law-1_p037_LAW1-T014.png,73.016,332.441,526.733,745.405,자동 추출,
LAW1-T015,LAW1,LAW1-3_4_1,42,42,LAW1-3_4_1 표 15,4,3,"시설폐지면적 | 공공기여율 | 비 고
3,000㎡ 이하 | 5% | 
3,000㎡초과~5,000㎡미만 | 5% 초과 ~ 10% 미만 | 직선보간법 적용
5,000㎡ 이상 | 10% | ","<table><tr><td>시설폐지면적</td><td>공공기여율</td><td>비 고</td></tr><tr><td>3,000㎡ 이하</td><td>5%</td><td></td></tr><tr><td>3,000㎡초과~5,000㎡미만</td><td>5% 초과 ~ 10% 미만</td><td>직선보간법 적용</td></tr><tr><td>5,000㎡ 이상</td><td>10%</td><td></td></tr></table>","[{""type"":""table row"",""row number"":1,""cells"":[{""type"":""table cell"",""pdfua_tag"":""TH"",""page number"":42,""bounding box"":[88.21,195.56,239.9,216.104],""row number"":1,""column number"":1,""row span"":1,""column span"":1,""is_header"":true,""kids"":[{""type"":""paragraph"",""pdfua_tag"":""P"",""id"":1351,""page number"":42,""bounding box"":[88.21,195.56,239.9,216.104],""font"":null,""font size"":9.96,""text color"":""[0.0]"",""content"":""시설폐지면적""}]},{""type"":""table cell"",""pdfua_tag"":""TH"",""page number"":42,""bounding box"":[239.9,195.56,391.59,216.104],""row number"":1,""column number"":2,""row span"":1,""column span"":1,""is_header"":true,""kids"":[{""type"":""paragraph"",""pdfua_tag"":""P"",""id"":1352,""page number"":42,""bounding box"":[239.9,195.56,391.59,216.104],""font"":null,""font size"":9.96,""text color"":""[0.0]"",""content"":""공공기여율""}]},{""type"":""table cell"",""pdfua_tag"":""TH"",""page number"":42,""bounding box"":[391.59,195.56,543.281,216.104],""row number"":1,""column number"":3,""row span"":1,""column span"":1,""is_header"":true,""kids"":[{""type"":""paragraph"",""pdfua_tag"":""P"",""id"":1353,""page number"":42,""bounding box"":[391.59,195.56,543.281,216.104],""font"":null,""font size"":9.96,""text color"":""[0.0]"",""content"":""비 고""}]}]},{""type"":""table row"",""row number"":2,""cells"":[{""type"":""table cell"",""pdfua_tag"":""TD"",""page number"":42,""bounding box"":[88.21,175.015,239.9,195.56],""row number"":2,""column number"":1,""row span"":1,""column span"":1,""kids"":[{""type"":""paragraph"",""pdfua_tag"":""P"",""id"":1354,""page number"":42,""bounding box"":[88.21,175.015,239.9,195.56],""font"":null,""font size"":9.96,""text color"":""[0.0]"",""content"":""3,000㎡ 이하""}]},{""type"":""table cell"",""pdfua_tag"":""TD"",""page number"":42,""bounding box"":[239.9,175.015,391.59,195.56],""row number"":2,""column number"":2,""row span"":1,""column span"":1,""kids"":[{""type"":""paragraph"",""pdfua_tag"":""P"",""id"":1355,""page number"":42,""bounding box"":[239.9,175.015,391.59,195.56],""font"":null,""font size"":9.96,""text color"":""[0.0]"",""content"":""5%""}]},{""type"":""table cell"",""pdfua_tag"":""TD"",""page number"":42,""bounding box"":[391.59,175.015,543.281,195.56],""row number"":2,""column number"":3,""row span"":1,""column span"":1,""kids"":[]}]},{""type"":""table row"",""row number"":3,""cells"":[{""type"":""table cell"",""pdfua_tag"":""TD"",""page number"":42,""bounding box"":[88.21,154.47,239.9,175.015],""row number"":3,""column number"":1,""row span"":1,""column span"":1,""kids"":[{""type"":""paragraph"",""pdfua_tag"":""P"",""id"":1356,""page number"":42,""bounding box"":[88.21,154.47,239.9,175.015],""font"":null,""font size"":9.96,""text color"":""[0.0]"",""content"":""3,000㎡초과~5,000㎡미만""}]},{""type"":""table cell"",""pdfua_tag"":""TD"",""page number"":42,""bounding box"":[239.9,154.47,391.59,175.015],""row number"":3,""column number"":2,""row span"":1,""column span"":1,""kids"":[{""type"":""paragraph"",""pdfua_tag"":""P"",""id"":1357,""page number"":42,""bounding box"":[239.9,154.47,391.59,175.015],""font"":null,""font size"":9.96,""text color"":""[0.0]"",""content"":""5% 초과 ~ 10% 미만""}]},{""type"":""table cell"",""pdfua_tag"":""TD"",""page number"":42,""bounding box"":[391.59,154.47,543.281,175.015],""row number"":3,""column number"":3,""row span"":1,""column span"":1,""kids"":[{""type"":""paragraph"",""pdfua_tag"":""P"",""id"":1358,""page number"":42,""bounding box"":[391.59,154.47,543.281,175.015],""font"":null,""font size"":9.96,""text color"":""[0.0]"",""content"":""직선보간법 적용""}]}]},{""type"":""table row"",""row number"":4,""cells"":[{""type"":""table cell"",""pdfua_tag"":""TD"",""page number"":42,""bounding box"":[88.21,133.925,239.9,154.47],""row number"":4,""column number"":1,""row span"":1,""column span"":1,""kids"":[{""type"":""paragraph"",""pdfua_tag"":""P"",""id"":1359,""page number"":42,""bounding box"":[88.21,133.925,239.9,154.47],""font"":null,""font size"":9.96,""text color"":""[0.0]"",""content"":""5,000㎡ 이상""}]},{""type"":""table cell"",""pdfua_tag"":""TD"",""page number"":42,""bounding box"":[239.9,133.925,391.59,154.47],""row number"":4,""column number"":2,""row span"":1,""column span"":1,""kids"":[{""type"":""paragraph"",""pdfua_tag"":""P"",""id"":1360,""page number"":42,""bounding box"":[239.9,133.925,391.59,154.47],""font"":null,""font size"":9.96,""text color"":""[0.0]"",""content"":""10%""}]},{""type"":""table cell"",""pdfua_tag"":""TD"",""page number"":42,""bounding box"":[391.59,133.925,543.281,154.47],""row number"":4,""column number"":3,""row span"":1,""column span"":1,""kids"":[]}]}]",law-1_p042_LAW1-T015.png,88.21,133.925,543.281,216.104,자동 추출,
LAW1-T016,LAW1,LAW1-3_4_1,43,43,LAW1-3_4_1 표 16,7,12,"현재 용도지역 | 제2종일반 주거지역 | 제2종일반 주거지역 | 제3종일반 주거지역 | 제2종일반 주거지역 | 제3종일반 주거지역 | 준주거 지역 | 제2종일반 주거지역 | 제3종일반 주거지역 | 준주거 지역 | 근린상업 지역
변경 용도지역 | 제3종일반 주거지역 | 준주거지역 | 근린상업지역 | 일반상업지역
기본용적률 250% | 250% | 400% | 540% | 680% | 700%
공공기여율 10% | 10% | 15% | 10% | 25% | 20% | 10% | 30% | 25% | 20% | 10%
상한용적률 300% | 300% | 500% | 900% | 1,300%
용도별 비율 | 주거 | - | 85% 이상 | 80% 이상
비주거 | - | - | 10% 이상 (가로변 비주거 설치 의무)","<table><tr><td colspan=""2"">현재 용도지역</td><td>제2종일반 주거지역</td><td>제2종일반 주거지역</td><td>제3종일반 주거지역</td><td>제2종일반 주거지역</td><td>제3종일반 주거지역</td><td>준주거 지역</td><td>제2종일반 주거지역</td><td>제3종일반 주거지역</td><td>준주거 지역</td><td>근린상업 지역</td></tr><tr><td colspan=""2"">변경 용도지역</td><td>제3종일반 주거지역</td><td colspan=""2"">준주거지역</td><td colspan=""3"">근린상업지역</td><td colspan=""4"">일반상업지역</td></tr><tr><td colspan=""2"">기본용적률 250%</td><td>250%</td><td colspan=""2"">400%</td><td colspan=""3"">540%</td><td colspan=""3"">680%</td><td>700%</td></tr><tr><td colspan=""2"">공공기여율 10%</td><td>10%</td><td>15%</td><td>10%</td><td>25%</td><td>20%</td><td>10%</td><td>30%</td><td>25%</td><td>20%</td><td>10%</td></tr><tr><td colspan=""2"">상한용적률 300%</td><td>300%</td><td colspan=""2"">500%</td><td colspan=""3"">900%</td><td colspan=""4"">1,300%</td></tr><tr><td rowspan=""2"">용도별 비율</td><td>주거</td><td>-</td><td colspan=""2"">85% 이상</td><td colspan=""7"">80% 이상</td></tr><tr><td>비주거</td><td>-</td><td colspan=""2"">-</td><td colspan=""7"">10% 이상 (가로변 비주거 설치 의무)</td></tr></table>","[{""type"":""table row"",""row number"":1,""cells"":[{""type"":""table cell"",""pdfua_tag"":""TH"",""page number"":43,""bounding box"":[57.584,324.436,138.556,348.014],""row number"":1,""column number"":1,""row span"":1,""column span"":2,""is_header"":true,""kids"":[{""type"":""paragraph"",""pdfua_tag"":""P"",""id"":1362,""page number"":43,""bounding box"":[57.584,324.436,138.556,348.014],""font"":null,""font size"":12.0,""content"":""현재 용도지역""}]},{""type"":""table cell"",""pdfua_tag"":""TH"",""page number"":43,""bounding box"":[138.556,324.436,179.043,348.014],""row number"":1,""column number"":3,""row span"":1,""column span"":1,""is_header"":true,""kids"":[{""type"":""paragraph"",""pdfua_tag"":""P"",""id"":1363,""page number"":43,""bounding box"":[138.556,324.436,179.043,348.014],""font"":null,""font size"":12.0,""content"":""제2종일반 주거지역""}]},{""type"":""table cell"",""pdfua_tag"":""TH"",""page number"":43,""bounding box"":[179.043,324.436,219.529,348.014],""row number"":1,""column number"":4,""row span"":1,""column span"":1,""is_header"":true,""kids"":[{""type"":""paragraph"",""pdfua_tag"":""P"",""id"":1364,""page number"":43,""bounding box"":[179.043,324.436,219.529,348.014],""font"":null,""font size"":9.0,""text color"":""[0.0]"",""content"":""제2종일반 주거지역""}]},{""type"":""table cell"",""pdfua_tag"":""TH"",""page number"":43,""bounding box"":[219.529,324.436,260.015,348.014],""row number"":1,""column number"":5,""row span"":1,""column span"":1,""is_header"":true,""kids"":[{""type"":""paragraph"",""pdfua_tag"":""P"",""id"":1365,""page number"":43,""bounding box"":[219.529,324.436,260.015,348.014],""font"":null,""font size"":9.0,""text color"":""[0.0]"",""content"":""제3종일반 주거지역""}]},{""type"":""table cell"",""pdfua_tag"":""TH"",""page number"":43,""bounding box"":[260.015,324.436,300.501,348.014],""row number"":1,""column number"":6,""row span"":1,""column span"":1,""is_header"":true,""kids"":[{""type"":""paragraph"",""pdfua_tag"":""P"",""id"":1366,""page number"":43,""bounding box"":[260.015,324.436,300.501,348.014],""font"":null,""font size"":9.0,""text color"":""[0.0]"",""content"":""제2종일반 주거지역""}]},{""type"":""table cell"",""pdfua_tag"":""TH"",""page number"":43,""bounding box"":[300.501,324.436,340.987,348.014],""row number"":1,""column number"":7,""row span"":1,""column span"":1,""is_header"":true,""kids"":[{""type"":""paragraph"",""pdfua_tag"":""P"",""id"":1367,""page number"":43,""bounding box"":[300.501,324.436,340.987,348.014],""font"":null,""font size"":9.0,""text color"":""[0.0]"",""content"":""제3종일반 주거지역""}]},{""type"":""table cell"",""pdfua_tag"":""TH"",""page number"":43,""bounding box"":[340.987,324.436,381.473,348.014],""row number"":1,""column number"":8,""row span"":1,""column span"":1,""is_header"":true,""kids"":[{""type"":""paragraph"",""pdfua_tag"":""P"",""id"":1368,""page number"":43,""bounding box"":[340.987,324.436,381.473,348.014],""font"":null,""font size"":9.0,""text color"":""[0.0]"",""content"":""준주거 지역""}]},{""type"":""table cell"",""pdfua_tag"":""TH"",""page number"":43,""bounding box"":[381.473,324.436,421.959,348.014],""row number"":1,""column number"":9,""row span"":1,""column span"":1,""is_header"":true,""kids"":[{""type"":""paragraph"",""pdfua_tag"":""P"",""id"":1369,""page number"":43,""bounding box"":[381.473,324.436,421.959,348.014],""font"":null,""font size"":9.0,""text color"":""[0.0]"",""content"":""제2종일반 주거지역""}]},{""type"":""table cell"",""pdfua_tag"":""TH"",""page number"":43,""bounding box"":[421.959,324.436,462.445,348.014],""row number"":1,""column number"":10,""row span"":1,""column span"":1,""is_header"":true,""kids"":[{""type"":""paragraph"",""pdfua_tag"":""P"",""id"":1370,""page number"":43,""bounding box"":[421.959,324.436,462.445,348.014],""font"":null,""font size"":9.0,""text color"":""[0.0]"",""content"":""제3종일반 주거지역""}]},{""type"":""table cell"",""pdfua_tag"":""TH"",""page number"":43,""bounding box"":[462.445,324.436,502.931,348.014],""row number"":1,""column number"":11,""row span"":1,""column span"":1,""is_header"":true,""kids"":[{""type"":""paragraph"",""pdfua_tag"":""P"",""id"":1371,""page number"":43,""bounding box"":[462.445,324.436,502.931,348.014],""font"":null,""font size"":9.0,""text color"":""[0.0]"",""content"":""준주거 지역""}]},{""type"":""table cell"",""pdfua_tag"":""TH"",""page number"":43,""bounding box"":[502.931,324.436,543.417,348.014],""row number"":1,""column number"":12,""row span"":1,""column span"":1,""is_header"":true,""kids"":[{""type"":""paragraph"",""pdfua_tag"":""P"",""id"":1372,""page number"":43,""bounding box"":[502.931,324.436,543.417,348.014],""font"":null,""font size"":9.0,""text color"":""[0.0]"",""content"":""근린상업 지역""}]}]},{""type"":""table row"",""row number"":2,""cells"":[{""type"":""table cell"",""pdfua_tag"":""TD"",""page number"":43,""bounding box"":[57.584,300.859,138.556,324.436],""row number"":2,""column number"":1,""row span"":1,""column span"":2,""kids"":[{""type"":""paragraph"",""pdfua_tag"":""P"",""id"":1373,""page number"":43,""bounding box"":[57.584,300.859,138.556,324.436],""font"":null,""font size"":12.0,""content"":""변경 용도지역""}]},{""type"":""table cell"",""pdfua_tag"":""TD"",""page number"":43,""bounding box"":[138.556,300.859,179.043,324.436],""row number"":2,""column number"":3,""row span"":1,""column span"":1,""kids"":[{""type"":""paragraph"",""pdfua_tag"":""P"",""id"":1374,""page number"":43,""bounding box"":[138.556,300.859,179.043,324.436],""font"":null,""font size"":12.0,""content"":""제3종일반 주거지역""}]},{""type"":""table cell"",""pdfua_tag"":""TD"",""page number"":43,""bounding box"":[179.043,300.859,260.015,324.436],""row number"":2,""column number"":4,""row span"":1,""column span"":2,""kids"":[{""type"":""paragraph"",""pdfua_tag"":""P"",""id"":1375,""page number"":43,""bounding box"":[179.043,300.859,260.015,324.436],""font"":null,""font size"":9.0,""text color"":""[0.0]"",""content"":""준주거지역""}]},{""type"":""table cell"",""pdfua_tag"":""TD"",""page number"":43,""bounding box"":[260.015,300.859,381.473,324.436],""row number"":2,""column number"":6,""row span"":1,""column span"":3,""kids"":[{""type"":""paragraph"",""pdfua_tag"":""P"",""id"":1376,""page number"":43,""bounding box"":[260.015,300.859,381.473,324.436],""font"":null,""font size"":9.0,""text color"":""[0.0]"",""content"":""근린상업지역""}]},{""type"":""table cell"",""pdfua_tag"":""TD"",""page number"":43,""bounding box"":[381.473,300.859,543.417,324.436],""row number"":2,""column number"":9,""row span"":1,""column span"":4,""kids"":[{""type"":""paragraph"",""pdfua_tag"":""P"",""id"":1377,""page number"":43,""bounding box"":[381.473,300.859,543.417,324.436],""font"":null,""font size"":9.0,""text color"":""[0.0]"",""content"":""일반상업지역""}]}]},{""type"":""table row"",""row number"":3,""cells"":[{""type"":""table cell"",""pdfua_tag"":""TD"",""page number"":43,""bounding box"":[57.584,277.282,138.556,300.859],""row number"":3,""column number"":1,""row span"":1,""column span"":2,""kids"":[{""type"":""paragraph"",""pdfua_tag"":""P"",""id"":1378,""page number"":43,""bounding box"":[57.584,277.282,138.556,300.859],""font"":null,""font size"":9.0,""text color"":""[0.0]"",""content"":""기본용적률 250%""}]},{""type"":""table cell"",""pdfua_tag"":""TD"",""page number"":43,""bounding box"":[138.556,277.282,179.043,300.859],""row number"":3,""column number"":3,""row span"":1,""column span"":1,""kids"":[{""type"":""paragraph"",""pdfua_tag"":""P"",""id"":1379,""page number"":43,""bounding box"":[138.556,277.282,179.043,300.859],""font"":null,""font size"":12.0,""content"":""250%""}]},{""type"":""table cell"",""pdfua_tag"":""TD"",""page number"":43,""bounding box"":[179.043,277.282,260.015,300.859],""row number"":3,""column number"":4,""row span"":1,""column span"":2,""kids"":[{""type"":""paragraph"",""pdfua_tag"":""P"",""id"":1380,""page number"":43,""bounding box"":[179.043,277.282,260.015,300.859],""font"":null,""font size"":9.0,""text color"":""[0.0]"",""content"":""400%""}]},{""type"":""table cell"",""pdfua_tag"":""TD"",""page number"":43,""bounding box"":[260.015,277.282,381.473,300.859],""row number"":3,""column number"":6,""row span"":1,""column span"":3,""kids"":[{""type"":""paragraph"",""pdfua_tag"":""P"",""id"":1381,""page number"":43,""bounding box"":[260.015,277.282,381.473,300.859],""font"":null,""font size"":9.0,""text color"":""[0.0]"",""content"":""540%""}]},{""type"":""table cell"",""pdfua_tag"":""TD"",""page number"":43,""bounding box"":[381.473,277.282,502.931,300.859],""row number"":3,""column number"":9,""row span"":1,""column span"":3,""kids"":[{""type"":""paragraph"",""pdfua_tag"":""P"",""id"":1382,""page number"":43,""bounding box"":[381.473,277.282,502.931,300.859],""font"":null,""font size"":9.0,""text color"":""[0.0]"",""content"":""680%""}]},{""type"":""table cell"",""pdfua_tag"":""TD"",""page number"":43,""bounding box"":[502.931,277.282,543.417,300.859],""row number"":3,""column number"":12,""row span"":1,""column span"":1,""kids"":[{""type"":""paragraph"",""pdfua_tag"":""P"",""id"":1383,""page number"":43,""bounding box"":[502.931,277.282,543.417,300.859],""font"":null,""font size"":9.0,""text color"":""[0.0]"",""content"":""700%""}]}]},{""type"":""table row"",""row number"":4,""cells"":[{""type"":""table cell"",""pdfua_tag"":""TD"",""page number"":43,""bounding box"":[57.584,253.704,138.556,277.282],""row number"":4,""column number"":1,""row span"":1,""column span"":2,""kids"":[{""type"":""paragraph"",""pdfua_tag"":""P"",""id"":1384,""page number"":43,""bounding box"":[57.584,253.704,138.556,277.282],""font"":null,""font size"":9.0,""text color"":""[0.0]"",""content"":""공공기여율 10%""}]},{""type"":""table cell"",""pdfua_tag"":""TD"",""page number"":43,""bounding box"":[138.556,253.704,179.043,277.282],""row number"":4,""column number"":3,""row span"":1,""column span"":1,""kids"":[{""type"":""paragraph"",""pdfua_tag"":""P"",""id"":1385,""page number"":43,""bounding box"":[138.556,253.704,179.043,277.282],""font"":null,""font size"":12.0,""content"":""10%""}]},{""type"":""table cell"",""pdfua_tag"":""TD"",""page number"":43,""bounding box"":[179.043,253.704,219.529,277.282],""row number"":4,""column number"":4,""row span"":1,""column span"":1,""kids"":[{""type"":""paragraph"",""pdfua_tag"":""P"",""id"":1386,""page number"":43,""bounding box"":[179.043,253.704,219.529,277.282],""font"":null,""font size"":9.0,""text color"":""[0.0]"",""content"":""15%""}]},{""type"":""table cell"",""pdfua_tag"":""TD"",""page number"":43,""bounding box"":[219.529,253.704,260.015,277.282],""row number"":4,""column number"":5,""row span"":1,""column span"":1,""kids"":[{""type"":""paragraph"",""pdfua_tag"":""P"",""id"":1387,""page number"":43,""bounding box"":[219.529,253.704,260.015,277.282],""font"":null,""font size"":9.0,""text color"":""[0.0]"",""content"":""10%""}]},{""type"":""table cell"",""pdfua_tag"":""TD"",""page number"":43,""bounding box"":[260.015,253.704,300.501,277.282],""row number"":4,""column number"":6,""row span"":1,""column span"":1,""kids"":[{""type"":""paragraph"",""pdfua_tag"":""P"",""id"":1388,""page number"":43,""bounding box"":[260.015,253.704,300.501,277.282],""font"":null,""font size"":9.0,""text color"":""[0.0]"",""content"":""25%""}]},{""type"":""table cell"",""pdfua_tag"":""TD"",""page number"":43,""bounding box"":[300.501,253.704,340.987,277.282],""row number"":4,""column number"":7,""row span"":1,""column span"":1,""kids"":[{""type"":""paragraph"",""pdfua_tag"":""P"",""id"":1389,""page number"":43,""bounding box"":[300.501,253.704,340.987,277.282],""font"":null,""font size"":9.0,""text color"":""[0.0]"",""content"":""20%""}]},{""type"":""table cell"",""pdfua_tag"":""TD"",""page number"":43,""bounding box"":[340.987,253.704,381.473,277.282],""row number"":4,""column number"":8,""row span"":1,""column span"":1,""kids"":[{""type"":""paragraph"",""pdfua_tag"":""P"",""id"":1390,""page number"":43,""bounding box"":[340.987,253.704,381.473,277.282],""font"":null,""font size"":9.0,""text color"":""[0.0]"",""content"":""10%""}]},{""type"":""table cell"",""pdfua_tag"":""TD"",""page number"":43,""bounding box"":[381.473,253.704,421.959,277.282],""row number"":4,""column number"":9,""row span"":1,""column span"":1,""kids"":[{""type"":""paragraph"",""pdfua_tag"":""P"",""id"":1391,""page number"":43,""bounding box"":[381.473,253.704,421.959,277.282],""font"":null,""font size"":9.0,""text color"":""[0.0]"",""content"":""30%""}]},{""type"":""table cell"",""pdfua_tag"":""TD"",""page number"":43,""bounding box"":[421.959,253.704,462.445,277.282],""row number"":4,""column number"":10,""row span"":1,""column span"":1,""kids"":[{""type"":""paragraph"",""pdfua_tag"":""P"",""id"":1392,""page number"":43,""bounding box"":[421.959,253.704,462.445,277.282],""font"":null,""font size"":9.0,""text color"":""[0.0]"",""content"":""25%""}]},{""type"":""table cell"",""pdfua_tag"":""TD"",""page number"":43,""bounding box"":[462.445,253.704,502.931,277.282],""row number"":4,""column number"":11,""row span"":1,""column span"":1,""kids"":[{""type"":""paragraph"",""pdfua_tag"":""P"",""id"":1393,""page number"":43,""bounding box"":[462.445,253.704,502.931,277.282],""font"":null,""font size"":9.0,""text color"":""[0.0]"",""content"":""20%""}]},{""type"":""table cell"",""pdfua_tag"":""TD"",""page number"":43,""bounding box"":[502.931,253.704,543.417,277.282],""row number"":4,""column number"":12,""row span"":1,""column span"":1,""kids"":[{""type"":""paragraph"",""pdfua_tag"":""P"",""id"":1394,""page number"":43,""bounding box"":[502.931,253.704,543.417,277.282],""font"":null,""font size"":9.0,""text color"":""[0.0]"",""content"":""10%""}]}]},{""type"":""table row"",""row number"":5,""cells"":[{""type"":""table cell"",""pdfua_tag"":""TD"",""page number"":43,""bounding box"":[57.584,230.127,138.556,253.704],""row number"":5,""column number"":1,""row span"":1,""column span"":2,""kids"":[{""type"":""paragraph"",""pdfua_tag"":""P"",""id"":1395,""page number"":43,""bounding box"":[57.584,230.127,138.556,253.704],""font"":null,""font size"":9.0,""text color"":""[0.0]"",""content"":""상한용적률 300%""}]},{""type"":""table cell"",""pdfua_tag"":""TD"",""page number"":43,""bounding box"":[138.556,230.127,179.043,253.704],""row number"":5,""column number"":3,""row span"":1,""column span"":1,""kids"":[{""type"":""paragraph"",""pdfua_tag"":""P"",""id"":1396,""page number"":43,""bounding box"":[138.556,230.127,179.043,253.704],""font"":null,""font size"":12.0,""content"":""300%""}]},{""type"":""table cell"",""pdfua_tag"":""TD"",""page number"":43,""bounding box"":[179.043,230.127,260.015,253.704],""row number"":5,""column number"":4,""row span"":1,""column span"":2,""kids"":[{""type"":""paragraph"",""pdfua_tag"":""P"",""id"":1397,""page number"":43,""bounding box"":[179.043,230.127,260.015,253.704],""font"":null,""font size"":9.0,""text color"":""[0.0]"",""content"":""500%""}]},{""type"":""table cell"",""pdfua_tag"":""TD"",""page number"":43,""bounding box"":[260.015,230.127,381.473,253.704],""row number"":5,""column number"":6,""row span"":1,""column span"":3,""kids"":[{""type"":""paragraph"",""pdfua_tag"":""P"",""id"":1398,""page number"":43,""bounding box"":[260.015,230.127,381.473,253.704],""font"":null,""font size"":9.0,""text color"":""[0.0]"",""content"":""900%""}]},{""type"":""table cell"",""pdfua_tag"":""TD"",""page number"":43,""bounding box"":[381.473,230.127,543.417,253.704],""row number"":5,""column number"":9,""row span"":1,""column span"":4,""kids"":[{""type"":""paragraph"",""pdfua_tag"":""P"",""id"":1399,""page number"":43,""bounding box"":[381.473,230.127,543.417,253.704],""font"":null,""font size"":9.0,""text color"":""[0.0]"",""content"":""1,300%""}]}]},{""type"":""table row"",""row number"":6,""cells"":[{""type"":""table cell"",""pdfua_tag"":""TD"",""page number"":43,""bounding box"":[57.584,182.973,98.07,230.127],""row number"":6,""column number"":1,""row span"":2,""column span"":1,""kids"":[{""type"":""paragraph"",""pdfua_tag"":""P"",""id"":1400,""page number"":43,""bounding box"":[57.584,182.973,98.07,230.127],""font"":null,""font size"":12.0,""content"":""용도별 비율""}]},{""type"":""table cell"",""pdfua_tag"":""TD"",""page number"":43,""bounding box"":[98.07,206.55,138.556,230.127],""row number"":6,""column number"":2,""row span"":1,""column span"":1,""kids"":[{""type"":""paragraph"",""pdfua_tag"":""P"",""id"":1401,""page number"":43,""bounding box"":[98.07,206.55,138.556,230.127],""font"":null,""font size"":12.0,""content"":""주거""}]},{""type"":""table cell"",""pdfua_tag"":""TD"",""page number"":43,""bounding box"":[138.556,206.55,179.043,230.127],""row number"":6,""column number"":3,""row span"":1,""column span"":1,""kids"":[{""type"":""paragraph"",""pdfua_tag"":""P"",""id"":1402,""level"":""1"",""page number"":43,""bounding box"":[138.556,206.55,179.043,230.127],""font"":null,""font size"":12.0,""content"":""-""}]},{""type"":""table cell"",""pdfua_tag"":""TD"",""page number"":43,""bounding box"":[179.043,206.55,260.015,230.127],""row number"":6,""column number"":4,""row span"":1,""column span"":2,""kids"":[{""type"":""paragraph"",""pdfua_tag"":""P"",""id"":1403,""page number"":43,""bounding box"":[179.043,206.55,260.015,230.127],""font"":null,""font size"":9.0,""text color"":""[0.0]"",""content"":""85% 이상""}]},{""type"":""table cell"",""pdfua_tag"":""TD"",""page number"":43,""bounding box"":[260.015,206.55,543.417,230.127],""row number"":6,""column number"":6,""row span"":1,""column span"":7,""kids"":[{""type"":""paragraph"",""pdfua_tag"":""P"",""id"":1404,""page number"":43,""bounding box"":[260.015,206.55,543.417,230.127],""font"":null,""font size"":9.0,""text color"":""[0.0]"",""content"":""80% 이상""}]}]},{""type"":""table row"",""row number"":7,""cells"":[{""type"":""table cell"",""pdfua_tag"":""TD"",""page number"":43,""bounding box"":[98.07,182.973,138.556,206.55],""row number"":7,""column number"":2,""row span"":1,""column span"":1,""kids"":[{""type"":""paragraph"",""pdfua_tag"":""P"",""id"":1405,""page number"":43,""bounding box"":[98.07,182.973,138.556,206.55],""font"":null,""font size"":12.0,""content"":""비주거""}]},{""type"":""table cell"",""pdfua_tag"":""TD"",""page number"":43,""bounding box"":[138.556,182.973,179.043,206.55],""row number"":7,""column number"":3,""row span"":1,""column span"":1,""kids"":[{""type"":""paragraph"",""pdfua_tag"":""P"",""id"":1406,""level"":""1"",""page number"":43,""bounding box"":[138.556,182.973,179.043,206.55],""font"":null,""font size"":12.0,""content"":""-""}]},{""type"":""table cell"",""pdfua_tag"":""TD"",""page number"":43,""bounding box"":[179.043,182.973,260.015,206.55],""row number"":7,""column number"":4,""row span"":1,""column span"":2,""kids"":[{""type"":""paragraph"",""pdfua_tag"":""P"",""id"":1407,""level"":""1"",""page number"":43,""bounding box"":[179.043,182.973,260.015,206.55],""font"":null,""font size"":9.0,""text color"":""[0.0]"",""content"":""-""}]},{""type"":""table cell"",""pdfua_tag"":""TD"",""page number"":43,""bounding box"":[260.015,182.973,543.417,206.55],""row number"":7,""column number"":6,""row span"":1,""column span"":7,""kids"":[{""type"":""paragraph"",""pdfua_tag"":""P"",""id"":1408,""page number"":43,""bounding box"":[260.015,182.973,543.417,206.55],""font"":null,""font size"":9.0,""text color"":""[0.0]"",""content"":""10% 이상 (가로변 비주거 설치 의무)""}]}]}]",law-1_p043_LAW1-T016.png,57.584,182.973,543.417,348.014,자동 추출,
LAW1-T017,LAW1,LAW1-3_4_2,45,45,LAW1-3_4_2 표 17,6,11,"용도지역 | 제3종일반 주거지역 | 준주거지역 |  | 근린상업지역 | 일반상업지역
[( )는 역세권외 이면부 또는 서울도심 내] | 300% | 500% (400%) | 400% | 600% (500%) | 700% | 800% | 800% (600%) | 900% | 1,000%
상한 용적률 (역세권외 | 임대기간 10년이상 임대기간 | 345% 360% | 575% (400%) 600% | 400% |  | 900% |  |  | 1,300% | 
(역세권외 이면부) 임대기간 20년이상 기본 공공기여율 [( )는 역세권외 이면부 또는 서울도심 내] | 360% | 6% (4%) | 10~15% | 8% (6%) | 10% | 12% | 10% (8%) | 12% | 14%
용도별 | 주거 | - | 85%이상 | 80% 이상
비율 | 비주거 | - | - |  | 10% 이상 | (가로변 | 비주거 설치 | 의무)","<table><tr><td colspan=""2"">용도지역</td><td>제3종일반 주거지역</td><td>준주거지역</td><td></td><td colspan=""3"">근린상업지역</td><td colspan=""3"">일반상업지역</td></tr><tr><td colspan=""2"">[( )는 역세권외 이면부 또는 서울도심 내]</td><td>300%</td><td>500% (400%)</td><td>400%</td><td>600% (500%)</td><td>700%</td><td>800%</td><td>800% (600%)</td><td>900%</td><td>1,000%</td></tr><tr><td>상한 용적률 (역세권외</td><td>임대기간 10년이상 임대기간</td><td>345% 360%</td><td>575% (400%) 600%</td><td>400%</td><td></td><td>900%</td><td></td><td></td><td>1,300%</td><td></td></tr><tr><td colspan=""2"">(역세권외 이면부) 임대기간 20년이상 기본 공공기여율 [( )는 역세권외 이면부 또는 서울도심 내]</td><td>360%</td><td>6% (4%)</td><td>10~15%</td><td>8% (6%)</td><td>10%</td><td>12%</td><td>10% (8%)</td><td>12%</td><td>14%</td></tr><tr><td>용도별</td><td>주거</td><td>-</td><td colspan=""2"">85%이상</td><td colspan=""6"">80% 이상</td></tr><tr><td>비율</td><td>비주거</td><td>-</td><td colspan=""2"">-</td><td></td><td>10% 이상</td><td>(가로변</td><td>비주거 설치</td><td colspan=""2"">의무)</td></tr></table>","[{""type"":""table row"",""row number"":1,""cells"":[{""type"":""table cell"",""pdfua_tag"":""TH"",""page number"":45,""bounding box"":[58.172,488.723,146.387,512.968],""row number"":1,""column number"":1,""row span"":1,""column span"":2,""is_header"":true,""kids"":[{""type"":""paragraph"",""pdfua_tag"":""P"",""id"":1410,""page number"":45,""bounding box"":[58.172,488.723,146.387,512.968],""font"":null,""font size"":12.0,""content"":""용도지역""}]},{""type"":""table cell"",""pdfua_tag"":""TH"",""page number"":45,""bounding box"":[146.387,488.723,190.494,512.968],""row number"":1,""column number"":3,""row span"":1,""column span"":1,""is_header"":true,""kids"":[{""type"":""paragraph"",""pdfua_tag"":""P"",""id"":1411,""page number"":45,""bounding box"":[146.387,488.723,190.494,512.968],""font"":null,""font size"":9.0,""text color"":""[0.0]"",""content"":""제3종일반 주거지역""}]},{""type"":""table cell"",""pdfua_tag"":""TH"",""page number"":45,""bounding box"":[190.494,488.723,234.602,512.968],""row number"":1,""column number"":4,""row span"":1,""column span"":1,""is_header"":true,""kids"":[{""type"":""paragraph"",""pdfua_tag"":""P"",""id"":1412,""page number"":45,""bounding box"":[190.494,488.723,234.602,512.968],""font"":null,""font size"":9.0,""text color"":""[0.0]"",""content"":""준주거지역""}]},{""type"":""table cell"",""pdfua_tag"":""TH"",""page number"":45,""bounding box"":[234.602,488.723,278.709,512.968],""row number"":1,""column number"":5,""row span"":1,""column span"":1,""is_header"":true,""kids"":[]},{""type"":""table cell"",""pdfua_tag"":""TH"",""page number"":45,""bounding box"":[278.709,488.723,411.031,512.968],""row number"":1,""column number"":6,""row span"":1,""column span"":3,""is_header"":true,""kids"":[{""type"":""paragraph"",""pdfua_tag"":""P"",""id"":1413,""page number"":45,""bounding box"":[278.709,488.723,411.031,512.968],""font"":null,""font size"":9.0,""text color"":""[0.0]"",""content"":""근린상업지역""}]},{""type"":""table cell"",""pdfua_tag"":""TH"",""page number"":45,""bounding box"":[411.031,488.723,543.354,512.968],""row number"":1,""column number"":9,""row span"":1,""column span"":3,""is_header"":true,""kids"":[{""type"":""paragraph"",""pdfua_tag"":""P"",""id"":1414,""page number"":45,""bounding box"":[411.031,488.723,543.354,512.968],""font"":null,""font size"":9.0,""text color"":""[0.0]"",""content"":""일반상업지역""}]}]},{""type"":""table row"",""row number"":2,""cells"":[{""type"":""table cell"",""pdfua_tag"":""TD"",""page number"":45,""bounding box"":[58.172,464.478,146.387,488.723],""row number"":2,""column number"":1,""row span"":1,""column span"":2,""kids"":[{""type"":""paragraph"",""pdfua_tag"":""P"",""id"":1415,""page number"":45,""bounding box"":[58.172,464.478,146.387,488.723],""font"":null,""font size"":9.0,""text color"":""[0.0]"",""content"":""[( )는 역세권외 이면부 또는 서울도심 내]""}]},{""type"":""table cell"",""pdfua_tag"":""TD"",""page number"":45,""bounding box"":[146.387,464.478,190.494,488.723],""row number"":2,""column number"":3,""row span"":1,""column span"":1,""kids"":[{""type"":""paragraph"",""pdfua_tag"":""P"",""id"":1416,""page number"":45,""bounding box"":[146.387,464.478,190.494,488.723],""font"":null,""font size"":9.0,""text color"":""[0.0]"",""content"":""300%""}]},{""type"":""table cell"",""pdfua_tag"":""TD"",""page number"":45,""bounding box"":[190.494,464.478,234.602,488.723],""row number"":2,""column number"":4,""row span"":1,""column span"":1,""kids"":[{""type"":""paragraph"",""pdfua_tag"":""P"",""id"":1417,""page number"":45,""bounding box"":[190.494,464.478,234.602,488.723],""font"":null,""font size"":9.0,""text color"":""[0.0]"",""content"":""500% (400%)""}]},{""type"":""table cell"",""pdfua_tag"":""TD"",""page number"":45,""bounding box"":[234.602,464.478,278.709,488.723],""row number"":2,""column number"":5,""row span"":1,""column span"":1,""kids"":[{""type"":""paragraph"",""pdfua_tag"":""P"",""id"":1418,""page number"":45,""bounding box"":[234.602,464.478,278.709,488.723],""font"":null,""font size"":9.0,""text color"":""[0.0]"",""content"":""400%""}]},{""type"":""table cell"",""pdfua_tag"":""TD"",""page number"":45,""bounding box"":[278.709,464.478,322.817,488.723],""row number"":2,""column number"":6,""row span"":1,""column span"":1,""kids"":[{""type"":""paragraph"",""pdfua_tag"":""P"",""id"":1419,""page number"":45,""bounding box"":[278.709,464.478,322.817,488.723],""font"":null,""font size"":9.0,""text color"":""[0.0]"",""content"":""600% (500%)""}]},{""type"":""table cell"",""pdfua_tag"":""TD"",""page number"":45,""bounding box"":[322.817,464.478,366.924,488.723],""row number"":2,""column number"":7,""row span"":1,""column span"":1,""kids"":[{""type"":""paragraph"",""pdfua_tag"":""P"",""id"":1420,""page number"":45,""bounding box"":[322.817,464.478,366.924,488.723],""font"":null,""font size"":9.0,""text color"":""[0.0]"",""content"":""700%""}]},{""type"":""table cell"",""pdfua_tag"":""TD"",""page number"":45,""bounding box"":[366.924,464.478,411.031,488.723],""row number"":2,""column number"":8,""row span"":1,""column span"":1,""kids"":[{""type"":""paragraph"",""pdfua_tag"":""P"",""id"":1421,""page number"":45,""bounding box"":[366.924,464.478,411.031,488.723],""font"":null,""font size"":9.0,""text color"":""[0.0]"",""content"":""800%""}]},{""type"":""table cell"",""pdfua_tag"":""TD"",""page number"":45,""bounding box"":[411.031,464.478,455.139,488.723],""row number"":2,""column number"":9,""row span"":1,""column span"":1,""kids"":[{""type"":""paragraph"",""pdfua_tag"":""P"",""id"":1422,""page number"":45,""bounding box"":[411.031,464.478,455.139,488.723],""font"":null,""font size"":9.0,""text color"":""[0.0]"",""content"":""800% (600%)""}]},{""type"":""table cell"",""pdfua_tag"":""TD"",""page number"":45,""bounding box"":[455.139,464.478,499.246,488.723],""row number"":2,""column number"":10,""row span"":1,""column span"":1,""kids"":[{""type"":""paragraph"",""pdfua_tag"":""P"",""id"":1423,""page number"":45,""bounding box"":[455.139,464.478,499.246,488.723],""font"":null,""font size"":9.0,""text color"":""[0.0]"",""content"":""900%""}]},{""type"":""table cell"",""pdfua_tag"":""TD"",""page number"":45,""bounding box"":[499.246,464.478,543.354,488.723],""row number"":2,""column number"":11,""row span"":1,""column span"":1,""kids"":[{""type"":""paragraph"",""pdfua_tag"":""P"",""id"":1424,""page number"":45,""bounding box"":[499.246,464.478,543.354,488.723],""font"":null,""font size"":9.0,""text color"":""[0.0]"",""content"":""1,000%""}]}]},{""type"":""table row"",""row number"":3,""cells"":[{""type"":""table cell"",""pdfua_tag"":""TD"",""page number"":45,""bounding box"":[58.172,440.234,102.279,464.478],""row number"":3,""column number"":1,""row span"":1,""column span"":1,""kids"":[{""type"":""paragraph"",""pdfua_tag"":""P"",""id"":1425,""page number"":45,""bounding box"":[58.172,440.234,102.279,464.478],""font"":null,""font size"":9.0,""text color"":""[0.0]"",""content"":""상한 용적률 (역세권외""}]},{""type"":""table cell"",""pdfua_tag"":""TD"",""page number"":45,""bounding box"":[102.279,440.234,146.387,464.478],""row number"":3,""column number"":2,""row span"":1,""column span"":1,""kids"":[{""type"":""paragraph"",""pdfua_tag"":""P"",""id"":1426,""page number"":45,""bounding box"":[102.279,440.234,146.387,464.478],""font"":null,""font size"":9.0,""text color"":""[0.0]"",""content"":""임대기간 10년이상 임대기간""}]},{""type"":""table cell"",""pdfua_tag"":""TD"",""page number"":45,""bounding box"":[146.387,440.234,190.494,464.478],""row number"":3,""column number"":3,""row span"":1,""column span"":1,""kids"":[{""type"":""paragraph"",""pdfua_tag"":""P"",""id"":1427,""page number"":45,""bounding box"":[146.387,440.234,190.494,464.478],""font"":null,""font size"":12.0,""content"":""345% 360%""}]},{""type"":""table cell"",""pdfua_tag"":""TD"",""page number"":45,""bounding box"":[190.494,440.234,234.602,464.478],""row number"":3,""column number"":4,""row span"":1,""column span"":1,""kids"":[{""type"":""paragraph"",""pdfua_tag"":""P"",""id"":1428,""page number"":45,""bounding box"":[190.494,440.234,234.602,464.478],""font"":null,""font size"":9.0,""text color"":""[0.0]"",""content"":""575% (400%) 600%""}]},{""type"":""table cell"",""pdfua_tag"":""TD"",""page number"":45,""bounding box"":[234.602,440.234,278.709,464.478],""row number"":3,""column number"":5,""row span"":1,""column span"":1,""kids"":[{""type"":""paragraph"",""pdfua_tag"":""P"",""id"":1429,""page number"":45,""bounding box"":[234.602,440.234,278.709,464.478],""font"":null,""font size"":9.0,""text color"":""[0.0]"",""content"":""400%""}]},{""type"":""table cell"",""pdfua_tag"":""TD"",""page number"":45,""bounding box"":[278.709,440.234,322.817,464.478],""row number"":3,""column number"":6,""row span"":1,""column span"":1,""kids"":[]},{""type"":""table cell"",""pdfua_tag"":""TD"",""page number"":45,""bounding box"":[322.817,440.234,366.924,464.478],""row number"":3,""column number"":7,""row span"":1,""column span"":1,""kids"":[{""type"":""paragraph"",""pdfua_tag"":""P"",""id"":1430,""page number"":45,""bounding box"":[322.817,440.234,366.924,464.478],""font"":null,""font size"":9.0,""text color"":""[0.0]"",""content"":""900%""}]},{""type"":""table cell"",""pdfua_tag"":""TD"",""page number"":45,""bounding box"":[366.924,440.234,411.031,464.478],""row number"":3,""column number"":8,""row span"":1,""column span"":1,""kids"":[]},{""type"":""table cell"",""pdfua_tag"":""TD"",""page number"":45,""bounding box"":[411.031,440.234,455.139,464.478],""row number"":3,""column number"":9,""row span"":1,""column span"":1,""kids"":[]},{""type"":""table cell"",""pdfua_tag"":""TD"",""page number"":45,""bounding box"":[455.139,440.234,499.246,464.478],""row number"":3,""column number"":10,""row span"":1,""column span"":1,""kids"":[{""type"":""paragraph"",""pdfua_tag"":""P"",""id"":1431,""page number"":45,""bounding box"":[455.139,440.234,499.246,464.478],""font"":null,""font size"":9.0,""text color"":""[0.0]"",""content"":""1,300%""}]},{""type"":""table cell"",""pdfua_tag"":""TD"",""page number"":45,""bounding box"":[499.246,440.234,543.354,464.478],""row number"":3,""column number"":11,""row span"":1,""column span"":1,""kids"":[]}]},{""type"":""table row"",""row number"":4,""cells"":[{""type"":""table cell"",""pdfua_tag"":""TD"",""page number"":45,""bounding box"":[58.172,415.989,146.387,440.234],""row number"":4,""column number"":1,""row span"":1,""column span"":2,""kids"":[{""type"":""paragraph"",""pdfua_tag"":""P"",""id"":1432,""page number"":45,""bounding box"":[58.172,415.989,146.387,440.234],""font"":null,""font size"":12.0,""content"":""(역세권외 이면부) 임대기간 20년이상 기본 공공기여율 [( )는 역세권외 이면부 또는 서울도심 내]""}]},{""type"":""table cell"",""pdfua_tag"":""TD"",""page number"":45,""bounding box"":[146.387,415.989,190.494,440.234],""row number"":4,""column number"":3,""row span"":1,""column span"":1,""kids"":[{""type"":""paragraph"",""pdfua_tag"":""P"",""id"":1433,""page number"":45,""bounding box"":[146.387,415.989,190.494,440.234],""font"":null,""font size"":9.0,""text color"":""[0.0]"",""content"":""360%""}]},{""type"":""table cell"",""pdfua_tag"":""TD"",""page number"":45,""bounding box"":[190.494,415.989,234.602,440.234],""row number"":4,""column number"":4,""row span"":1,""column span"":1,""kids"":[{""type"":""paragraph"",""pdfua_tag"":""P"",""id"":1434,""page number"":45,""bounding box"":[190.494,415.989,234.602,440.234],""font"":null,""font size"":12.0,""content"":""6% (4%)""}]},{""type"":""table cell"",""pdfua_tag"":""TD"",""page number"":45,""bounding box"":[234.602,415.989,278.709,440.234],""row number"":4,""column number"":5,""row span"":1,""column span"":1,""kids"":[{""type"":""paragraph"",""pdfua_tag"":""P"",""id"":1435,""page number"":45,""bounding box"":[234.602,415.989,278.709,440.234],""font"":null,""font size"":12.0,""content"":""10~15%""}]},{""type"":""table cell"",""pdfua_tag"":""TD"",""page number"":45,""bounding box"":[278.709,415.989,322.817,440.234],""row number"":4,""column number"":6,""row span"":1,""column span"":1,""kids"":[{""type"":""paragraph"",""pdfua_tag"":""P"",""id"":1436,""page number"":45,""bounding box"":[278.709,415.989,322.817,440.234],""font"":null,""font size"":12.0,""content"":""8% (6%)""}]},{""type"":""table cell"",""pdfua_tag"":""TD"",""page number"":45,""bounding box"":[322.817,415.989,366.924,440.234],""row number"":4,""column number"":7,""row span"":1,""column span"":1,""kids"":[{""type"":""paragraph"",""pdfua_tag"":""P"",""id"":1437,""page number"":45,""bounding box"":[322.817,415.989,366.924,440.234],""font"":null,""font size"":12.0,""content"":""10%""}]},{""type"":""table cell"",""pdfua_tag"":""TD"",""page number"":45,""bounding box"":[366.924,415.989,411.031,440.234],""row number"":4,""column number"":8,""row span"":1,""column span"":1,""kids"":[{""type"":""paragraph"",""pdfua_tag"":""P"",""id"":1438,""page number"":45,""bounding box"":[366.924,415.989,411.031,440.234],""font"":null,""font size"":12.0,""content"":""12%""}]},{""type"":""table cell"",""pdfua_tag"":""TD"",""page number"":45,""bounding box"":[411.031,415.989,455.139,440.234],""row number"":4,""column number"":9,""row span"":1,""column span"":1,""kids"":[{""type"":""paragraph"",""pdfua_tag"":""P"",""id"":1439,""page number"":45,""bounding box"":[411.031,415.989,455.139,440.234],""font"":null,""font size"":12.0,""content"":""10% (8%)""}]},{""type"":""table cell"",""pdfua_tag"":""TD"",""page number"":45,""bounding box"":[455.139,415.989,499.246,440.234],""row number"":4,""column number"":10,""row span"":1,""column span"":1,""kids"":[{""type"":""paragraph"",""pdfua_tag"":""P"",""id"":1440,""page number"":45,""bounding box"":[455.139,415.989,499.246,440.234],""font"":null,""font size"":12.0,""content"":""12%""}]},{""type"":""table cell"",""pdfua_tag"":""TD"",""page number"":45,""bounding box"":[499.246,415.989,543.354,440.234],""row number"":4,""column number"":11,""row span"":1,""column span"":1,""kids"":[{""type"":""paragraph"",""pdfua_tag"":""P"",""id"":1441,""page number"":45,""bounding box"":[499.246,415.989,543.354,440.234],""font"":null,""font size"":12.0,""content"":""14%""}]}]},{""type"":""table row"",""row number"":5,""cells"":[{""type"":""table cell"",""pdfua_tag"":""TD"",""page number"":45,""bounding box"":[58.172,391.744,102.279,415.989],""row number"":5,""column number"":1,""row span"":1,""column span"":1,""kids"":[{""type"":""paragraph"",""pdfua_tag"":""P"",""id"":1442,""page number"":45,""bounding box"":[58.172,391.744,102.279,415.989],""font"":null,""font size"":12.0,""content"":""용도별""}]},{""type"":""table cell"",""pdfua_tag"":""TD"",""page number"":45,""bounding box"":[102.279,391.744,146.387,415.989],""row number"":5,""column number"":2,""row span"":1,""column span"":1,""kids"":[{""type"":""paragraph"",""pdfua_tag"":""P"",""id"":1443,""page number"":45,""bounding box"":[102.279,391.744,146.387,415.989],""font"":null,""font size"":12.0,""content"":""주거""}]},{""type"":""table cell"",""pdfua_tag"":""TD"",""page number"":45,""bounding box"":[146.387,391.744,190.494,415.989],""row number"":5,""column number"":3,""row span"":1,""column span"":1,""kids"":[{""type"":""paragraph"",""pdfua_tag"":""P"",""id"":1444,""level"":""1"",""page number"":45,""bounding box"":[146.387,391.744,190.494,415.989],""font"":null,""font size"":12.0,""content"":""-""}]},{""type"":""table cell"",""pdfua_tag"":""TD"",""page number"":45,""bounding box"":[190.494,391.744,278.709,415.989],""row number"":5,""column number"":4,""row span"":1,""column span"":2,""kids"":[{""type"":""paragraph"",""pdfua_tag"":""P"",""id"":1445,""page number"":45,""bounding box"":[190.494,391.744,278.709,415.989],""font"":null,""font size"":12.0,""content"":""85%이상""}]},{""type"":""table cell"",""pdfua_tag"":""TD"",""page number"":45,""bounding box"":[278.709,391.744,543.354,415.989],""row number"":5,""column number"":6,""row span"":1,""column span"":6,""kids"":[{""type"":""paragraph"",""pdfua_tag"":""P"",""id"":1446,""page number"":45,""bounding box"":[278.709,391.744,543.354,415.989],""font"":null,""font size"":12.0,""content"":""80% 이상""}]}]},{""type"":""table row"",""row number"":6,""cells"":[{""type"":""table cell"",""pdfua_tag"":""TD"",""page number"":45,""bounding box"":[58.172,367.5,102.279,391.744],""row number"":6,""column number"":1,""row span"":1,""column span"":1,""kids"":[{""type"":""paragraph"",""pdfua_tag"":""P"",""id"":1447,""page number"":45,""bounding box"":[58.172,367.5,102.279,391.744],""font"":null,""font size"":9.0,""text color"":""[0.0]"",""content"":""비율""}]},{""type"":""table cell"",""pdfua_tag"":""TD"",""page number"":45,""bounding box"":[102.279,367.5,146.387,391.744],""row number"":6,""column number"":2,""row span"":1,""column span"":1,""kids"":[{""type"":""paragraph"",""pdfua_tag"":""P"",""id"":1448,""page number"":45,""bounding box"":[102.279,367.5,146.387,391.744],""font"":null,""font size"":9.0,""text color"":""[0.0]"",""content"":""비주거""}]},{""type"":""table cell"",""pdfua_tag"":""TD"",""page number"":45,""bounding box"":[146.387,367.5,190.494,391.744],""row number"":6,""column number"":3,""row span"":1,""column span"":1,""kids"":[{""type"":""paragraph"",""pdfua_tag"":""P"",""id"":1449,""level"":""1"",""page number"":45,""bounding box"":[146.387,367.5,190.494,391.744],""font"":null,""font size"":9.0,""text color"":""[0.0]"",""content"":""-""}]},{""type"":""table cell"",""pdfua_tag"":""TD"",""page number"":45,""bounding box"":[190.494,367.5,278.709,391.744],""row number"":6,""column number"":4,""row span"":1,""column span"":2,""kids"":[{""type"":""paragraph"",""pdfua_tag"":""P"",""id"":1450,""level"":""1"",""page number"":45,""bounding box"":[190.494,367.5,278.709,391.744],""font"":null,""font size"":9.0,""text color"":""[0.0]"",""content"":""-""}]},{""type"":""table cell"",""pdfua_tag"":""TD"",""page number"":45,""bounding box"":[278.709,367.5,322.817,391.744],""row number"":6,""column number"":6,""row span"":1,""column span"":1,""kids"":[]},{""type"":""table cell"",""pdfua_tag"":""TD"",""page number"":45,""bounding box"":[322.817,367.5,366.924,391.744],""row number"":6,""column number"":7,""row span"":1,""column span"":1,""kids"":[{""type"":""paragraph"",""pdfua_tag"":""P"",""id"":1451,""page number"":45,""bounding box"":[322.817,367.5,366.924,391.744],""font"":null,""font size"":9.0,""text color"":""[0.0]"",""content"":""10% 이상""}]},{""type"":""table cell"",""pdfua_tag"":""TD"",""page number"":45,""bounding box"":[366.924,367.5,411.031,391.744],""row number"":6,""column number"":8,""row span"":1,""column span"":1,""kids"":[{""type"":""paragraph"",""pdfua_tag"":""P"",""id"":1452,""page number"":45,""bounding box"":[366.924,367.5,411.031,391.744],""font"":null,""font size"":9.0,""text color"":""[0.0]"",""content"":""(가로변""}]},{""type"":""table cell"",""pdfua_tag"":""TD"",""page number"":45,""bounding box"":[411.031,367.5,455.139,391.744],""row number"":6,""column number"":9,""row span"":1,""column span"":1,""kids"":[{""type"":""paragraph"",""pdfua_tag"":""P"",""id"":1453,""page number"":45,""bounding box"":[411.031,367.5,455.139,391.744],""font"":null,""font size"":9.0,""text color"":""[0.0]"",""content"":""비주거 설치""}]},{""type"":""table cell"",""pdfua_tag"":""TD"",""page number"":45,""bounding box"":[455.139,367.5,543.354,391.744],""row number"":6,""column number"":10,""row span"":1,""column span"":2,""kids"":[{""type"":""paragraph"",""pdfua_tag"":""P"",""id"":1454,""page number"":45,""bounding box"":[455.139,367.5,543.354,391.744],""font"":null,""font size"":9.0,""text color"":""[0.0]"",""content"":""의무)""}]}]}]",law-1_p045_LAW1-T017.png,58.172,367.5,543.354,512.968,자동 추출,
LAW1-T018,LAW1,LAW1-3_5_6,46,46,LAW1-3_5_6 표 18,5,3,"수용인원 | 공유공간 면적 | 비 고
150인 이하 6㎡ | 6 ㎡ / 인 | 
150인 초과 300인 이하 | 900㎡ + 150인 초과 인원 x 5㎡ / | 
300인 초과 500인 이하 | 1,650㎡ + 300인 초과 인원 x 4㎡ | 
500인 초과 | 2,450㎡ + 500인 초과 인원 x 2.5㎡ | ","<table><tr><td>수용인원</td><td>공유공간 면적</td><td>비 고</td></tr><tr><td>150인 이하 6㎡</td><td>6 ㎡ / 인</td><td></td></tr><tr><td>150인 초과 300인 이하</td><td>900㎡ + 150인 초과 인원 x 5㎡ /</td><td></td></tr><tr><td>300인 초과 500인 이하</td><td>1,650㎡ + 300인 초과 인원 x 4㎡</td><td></td></tr><tr><td>500인 초과</td><td>2,450㎡ + 500인 초과 인원 x 2.5㎡</td><td></td></tr></table>","[{""type"":""table row"",""row number"":1,""cells"":[{""type"":""table cell"",""pdfua_tag"":""TH"",""page number"":46,""bounding box"":[88.252,183.486,239.981,209.432],""row number"":1,""column number"":1,""row span"":1,""column span"":1,""is_header"":true,""kids"":[{""type"":""paragraph"",""pdfua_tag"":""P"",""id"":1456,""page number"":46,""bounding box"":[88.252,183.486,239.981,209.432],""font"":null,""font size"":9.96,""text color"":""[0.0]"",""content"":""수용인원""}]},{""type"":""table cell"",""pdfua_tag"":""TH"",""page number"":46,""bounding box"":[239.981,183.486,391.71,209.432],""row number"":1,""column number"":2,""row span"":1,""column span"":1,""is_header"":true,""kids"":[{""type"":""paragraph"",""pdfua_tag"":""P"",""id"":1457,""page number"":46,""bounding box"":[239.981,183.486,391.71,209.432],""font"":null,""font size"":9.96,""text color"":""[0.0]"",""content"":""공유공간 면적""}]},{""type"":""table cell"",""pdfua_tag"":""TH"",""page number"":46,""bounding box"":[391.71,183.486,543.439,209.432],""row number"":1,""column number"":3,""row span"":1,""column span"":1,""is_header"":true,""kids"":[{""type"":""paragraph"",""pdfua_tag"":""P"",""id"":1458,""page number"":46,""bounding box"":[391.71,183.486,543.439,209.432],""font"":null,""font size"":9.96,""text color"":""[0.0]"",""content"":""비 고""}]}]},{""type"":""table row"",""row number"":2,""cells"":[{""type"":""table cell"",""pdfua_tag"":""TD"",""page number"":46,""bounding box"":[88.252,157.539,239.981,183.486],""row number"":2,""column number"":1,""row span"":1,""column span"":1,""kids"":[{""type"":""paragraph"",""pdfua_tag"":""P"",""id"":1459,""page number"":46,""bounding box"":[88.252,157.539,239.981,183.486],""font"":null,""font size"":9.96,""text color"":""[0.0]"",""content"":""150인 이하 6㎡""}]},{""type"":""table cell"",""pdfua_tag"":""TD"",""page number"":46,""bounding box"":[239.981,157.539,391.71,183.486],""row number"":2,""column number"":2,""row span"":1,""column span"":1,""kids"":[{""type"":""paragraph"",""pdfua_tag"":""P"",""id"":1460,""page number"":46,""bounding box"":[239.981,157.539,391.71,183.486],""font"":null,""font size"":12.0,""content"":""6 ㎡ / 인""}]},{""type"":""table cell"",""pdfua_tag"":""TD"",""page number"":46,""bounding box"":[391.71,157.539,543.439,183.486],""row number"":2,""column number"":3,""row span"":1,""column span"":1,""kids"":[]}]},{""type"":""table row"",""row number"":3,""cells"":[{""type"":""table cell"",""pdfua_tag"":""TD"",""page number"":46,""bounding box"":[88.252,131.593,239.981,157.539],""row number"":3,""column number"":1,""row span"":1,""column span"":1,""kids"":[{""type"":""paragraph"",""pdfua_tag"":""P"",""id"":1461,""page number"":46,""bounding box"":[88.252,131.593,239.981,157.539],""font"":null,""font size"":9.96,""text color"":""[0.0]"",""content"":""150인 초과 300인 이하""}]},{""type"":""table cell"",""pdfua_tag"":""TD"",""page number"":46,""bounding box"":[239.981,131.593,391.71,157.539],""row number"":3,""column number"":2,""row span"":1,""column span"":1,""kids"":[{""type"":""paragraph"",""pdfua_tag"":""P"",""id"":1462,""page number"":46,""bounding box"":[239.981,131.593,391.71,157.539],""font"":null,""font size"":9.96,""text color"":""[0.0]"",""content"":""900㎡ + 150인 초과 인원 x 5㎡ /""}]},{""type"":""table cell"",""pdfua_tag"":""TD"",""page number"":46,""bounding box"":[391.71,131.593,543.439,157.539],""row number"":3,""column number"":3,""row span"":1,""column span"":1,""kids"":[]}]},{""type"":""table row"",""row number"":4,""cells"":[{""type"":""table cell"",""pdfua_tag"":""TD"",""page number"":46,""bounding box"":[88.252,105.646,239.981,131.593],""row number"":4,""column number"":1,""row span"":1,""column span"":1,""kids"":[{""type"":""paragraph"",""pdfua_tag"":""P"",""id"":1463,""page number"":46,""bounding box"":[88.252,105.646,239.981,131.593],""font"":null,""font size"":9.96,""text color"":""[0.0]"",""content"":""300인 초과 500인 이하""}]},{""type"":""table cell"",""pdfua_tag"":""TD"",""page number"":46,""bounding box"":[239.981,105.646,391.71,131.593],""row number"":4,""column number"":2,""row span"":1,""column span"":1,""kids"":[{""type"":""paragraph"",""pdfua_tag"":""P"",""id"":1464,""page number"":46,""bounding box"":[239.981,105.646,391.71,131.593],""font"":null,""font size"":9.96,""text color"":""[0.0]"",""content"":""1,650㎡ + 300인 초과 인원 x 4㎡""}]},{""type"":""table cell"",""pdfua_tag"":""TD"",""page number"":46,""bounding box"":[391.71,105.646,543.439,131.593],""row number"":4,""column number"":3,""row span"":1,""column span"":1,""kids"":[]}]},{""type"":""table row"",""row number"":5,""cells"":[{""type"":""table cell"",""pdfua_tag"":""TD"",""page number"":46,""bounding box"":[88.252,79.7,239.981,105.646],""row number"":5,""column number"":1,""row span"":1,""column span"":1,""kids"":[{""type"":""paragraph"",""pdfua_tag"":""P"",""id"":1465,""page number"":46,""bounding box"":[88.252,79.7,239.981,105.646],""font"":null,""font size"":9.96,""text color"":""[0.0]"",""content"":""500인 초과""}]},{""type"":""table cell"",""pdfua_tag"":""TD"",""page number"":46,""bounding box"":[239.981,79.7,391.71,105.646],""row number"":5,""column number"":2,""row span"":1,""column span"":1,""kids"":[{""type"":""paragraph"",""pdfua_tag"":""P"",""id"":1466,""page number"":46,""bounding box"":[239.981,79.7,391.71,105.646],""font"":null,""font size"":9.96,""text color"":""[0.0]"",""content"":""2,450㎡ + 500인 초과 인원 x 2.5㎡""}]},{""type"":""table cell"",""pdfua_tag"":""TD"",""page number"":46,""bounding box"":[391.71,79.7,543.439,105.646],""row number"":5,""column number"":3,""row span"":1,""column span"":1,""kids"":[]}]}]",law-1_p046_LAW1-T018.png,88.252,79.7,543.439,209.432,자동 추출,
LAW1-T019,LAW1,LAW1-3_5_6,47,47,LAW1-3_5_6 표 19,5,5,"구 분 | 공간 사례 | 비 율 | 비 고
 | 기본생활공간 | 공유주방, 공유식당, 공유세탁실, 운동시설 | 70% 이하 연습실, | 공간별 15%이상
 | 지원생활공간 | 개별창고, 택배보관실, 관리사무소 등
 | 커뮤니티공간 | 휴게공간, 라운지, 북카페, 루 프탑 등
특화공간 | 게 스 트 룸 , 공유 취 사실, 스 터 디룸 , 연 습 실, 게임 존 , 반 려 동물 목욕실 등 | 30% 이상 | 1개소 이상 의무","<table><tr><td colspan=""2"">구 분</td><td>공간 사례</td><td>비 율</td><td>비 고</td></tr><tr><td></td><td>기본생활공간</td><td>공유주방, 공유식당, 공유세탁실, 운동시설</td><td rowspan=""3"">70% 이하 연습실,</td><td rowspan=""3"">공간별 15%이상</td></tr><tr><td></td><td>지원생활공간</td><td>개별창고, 택배보관실, 관리사무소 등</td></tr><tr><td></td><td>커뮤니티공간</td><td>휴게공간, 라운지, 북카페, 루 프탑 등</td></tr><tr><td colspan=""2"">특화공간</td><td>게 스 트 룸 , 공유 취 사실, 스 터 디룸 , 연 습 실, 게임 존 , 반 려 동물 목욕실 등</td><td>30% 이상</td><td>1개소 이상 의무</td></tr></table>","[{""type"":""table row"",""row number"":1,""cells"":[{""type"":""table cell"",""pdfua_tag"":""TH"",""page number"":47,""bounding box"":[91.371,596.822,272.201,621.004],""row number"":1,""column number"":1,""row span"":1,""column span"":2,""is_header"":true,""kids"":[{""type"":""paragraph"",""pdfua_tag"":""P"",""id"":1468,""page number"":47,""bounding box"":[91.371,596.822,272.201,621.004],""font"":null,""font size"":9.96,""text color"":""[0.0]"",""content"":""구 분""}]},{""type"":""table cell"",""pdfua_tag"":""TH"",""page number"":47,""bounding box"":[272.201,596.822,362.617,621.004],""row number"":1,""column number"":3,""row span"":1,""column span"":1,""is_header"":true,""kids"":[{""type"":""paragraph"",""pdfua_tag"":""P"",""id"":1469,""page number"":47,""bounding box"":[272.201,596.822,362.617,621.004],""font"":null,""font size"":9.96,""text color"":""[0.0]"",""content"":""공간 사례""}]},{""type"":""table cell"",""pdfua_tag"":""TH"",""page number"":47,""bounding box"":[362.617,596.822,453.032,621.004],""row number"":1,""column number"":4,""row span"":1,""column span"":1,""is_header"":true,""kids"":[{""type"":""paragraph"",""pdfua_tag"":""P"",""id"":1470,""page number"":47,""bounding box"":[362.617,596.822,453.032,621.004],""font"":null,""font size"":9.96,""text color"":""[0.0]"",""content"":""비 율""}]},{""type"":""table cell"",""pdfua_tag"":""TH"",""page number"":47,""bounding box"":[453.032,596.822,543.447,621.004],""row number"":1,""column number"":5,""row span"":1,""column span"":1,""is_header"":true,""kids"":[{""type"":""paragraph"",""pdfua_tag"":""P"",""id"":1471,""page number"":47,""bounding box"":[453.032,596.822,543.447,621.004],""font"":null,""font size"":9.96,""text color"":""[0.0]"",""content"":""비 고""}]}]},{""type"":""table row"",""row number"":2,""cells"":[{""type"":""table cell"",""pdfua_tag"":""TD"",""page number"":47,""bounding box"":[91.371,572.641,181.786,596.822],""row number"":2,""column number"":1,""row span"":1,""column span"":1,""kids"":[]},{""type"":""table cell"",""pdfua_tag"":""TD"",""page number"":47,""bounding box"":[181.786,572.641,272.201,596.822],""row number"":2,""column number"":2,""row span"":1,""column span"":1,""kids"":[{""type"":""paragraph"",""pdfua_tag"":""P"",""id"":1472,""page number"":47,""bounding box"":[181.786,572.641,272.201,596.822],""font"":null,""font size"":12.0,""content"":""기본생활공간""}]},{""type"":""table cell"",""pdfua_tag"":""TD"",""page number"":47,""bounding box"":[272.201,572.641,362.617,596.822],""row number"":2,""column number"":3,""row span"":1,""column span"":1,""kids"":[{""type"":""paragraph"",""pdfua_tag"":""P"",""id"":1473,""page number"":47,""bounding box"":[272.201,572.641,362.617,596.822],""font"":null,""font size"":12.0,""content"":""공유주방, 공유식당, 공유세탁실, 운동시설""}]},{""type"":""table cell"",""pdfua_tag"":""TD"",""page number"":47,""bounding box"":[362.617,524.278,453.032,596.822],""row number"":2,""column number"":4,""row span"":3,""column span"":1,""kids"":[{""type"":""paragraph"",""pdfua_tag"":""P"",""id"":1474,""page number"":47,""bounding box"":[362.617,524.278,453.032,596.822],""font"":null,""font size"":9.96,""text color"":""[0.0]"",""content"":""70% 이하 연습실,""}]},{""type"":""table cell"",""pdfua_tag"":""TD"",""page number"":47,""bounding box"":[453.032,524.278,543.447,596.822],""row number"":2,""column number"":5,""row span"":3,""column span"":1,""kids"":[{""type"":""paragraph"",""pdfua_tag"":""P"",""id"":1475,""page number"":47,""bounding box"":[453.032,524.278,543.447,596.822],""font"":null,""font size"":9.96,""text color"":""[0.0]"",""content"":""공간별 15%이상""}]}]},{""type"":""table row"",""row number"":3,""cells"":[{""type"":""table cell"",""pdfua_tag"":""TD"",""page number"":47,""bounding box"":[91.371,548.459,181.786,572.641],""row number"":3,""column number"":1,""row span"":1,""column span"":1,""kids"":[]},{""type"":""table cell"",""pdfua_tag"":""TD"",""page number"":47,""bounding box"":[181.786,548.459,272.201,572.641],""row number"":3,""column number"":2,""row span"":1,""column span"":1,""kids"":[{""type"":""paragraph"",""pdfua_tag"":""P"",""id"":1476,""page number"":47,""bounding box"":[181.786,548.459,272.201,572.641],""font"":null,""font size"":12.0,""content"":""지원생활공간""}]},{""type"":""table cell"",""pdfua_tag"":""TD"",""page number"":47,""bounding box"":[272.201,548.459,362.617,572.641],""row number"":3,""column number"":3,""row span"":1,""column span"":1,""kids"":[{""type"":""paragraph"",""pdfua_tag"":""P"",""id"":1477,""page number"":47,""bounding box"":[272.201,548.459,362.617,572.641],""font"":null,""font size"":12.0,""content"":""개별창고, 택배보관실, 관리사무소 등""}]}]},{""type"":""table row"",""row number"":4,""cells"":[{""type"":""table cell"",""pdfua_tag"":""TD"",""page number"":47,""bounding box"":[91.371,524.278,181.786,548.459],""row number"":4,""column number"":1,""row span"":1,""column span"":1,""kids"":[]},{""type"":""table cell"",""pdfua_tag"":""TD"",""page number"":47,""bounding box"":[181.786,524.278,272.201,548.459],""row number"":4,""column number"":2,""row span"":1,""column span"":1,""kids"":[{""type"":""paragraph"",""pdfua_tag"":""P"",""id"":1478,""page number"":47,""bounding box"":[181.786,524.278,272.201,548.459],""font"":null,""font size"":12.0,""content"":""커뮤니티공간""}]},{""type"":""table cell"",""pdfua_tag"":""TD"",""page number"":47,""bounding box"":[272.201,524.278,362.617,548.459],""row number"":4,""column number"":3,""row span"":1,""column span"":1,""kids"":[{""type"":""paragraph"",""pdfua_tag"":""P"",""id"":1479,""page number"":47,""bounding box"":[272.201,524.278,362.617,548.459],""font"":null,""font size"":12.0,""content"":""휴게공간, 라운지, 북카페, 루 프탑 등""}]}]},{""type"":""table row"",""row number"":5,""cells"":[{""type"":""table cell"",""pdfua_tag"":""TD"",""page number"":47,""bounding box"":[91.371,500.096,272.201,524.278],""row number"":5,""column number"":1,""row span"":1,""column span"":2,""kids"":[{""type"":""paragraph"",""pdfua_tag"":""P"",""id"":1480,""page number"":47,""bounding box"":[91.371,500.096,272.201,524.278],""font"":null,""font size"":12.0,""content"":""특화공간""}]},{""type"":""table cell"",""pdfua_tag"":""TD"",""page number"":47,""bounding box"":[272.201,500.096,362.617,524.278],""row number"":5,""column number"":3,""row span"":1,""column span"":1,""kids"":[{""type"":""paragraph"",""pdfua_tag"":""P"",""id"":1481,""page number"":47,""bounding box"":[272.201,500.096,362.617,524.278],""font"":null,""font size"":12.0,""content"":""게 스 트 룸 , 공유 취 사실, 스 터 디룸 , 연 습 실, 게임 존 , 반 려 동물 목욕실 등""}]},{""type"":""table cell"",""pdfua_tag"":""TD"",""page number"":47,""bounding box"":[362.617,500.096,453.032,524.278],""row number"":5,""column number"":4,""row span"":1,""column span"":1,""kids"":[{""type"":""paragraph"",""pdfua_tag"":""P"",""id"":1482,""page number"":47,""bounding box"":[362.617,500.096,453.032,524.278],""font"":null,""font size"":9.96,""text color"":""[0.0]"",""content"":""30% 이상""}]},{""type"":""table cell"",""pdfua_tag"":""TD"",""page number"":47,""bounding box"":[453.032,500.096,543.447,524.278],""row number"":5,""column number"":5,""row span"":1,""column span"":1,""kids"":[{""type"":""paragraph"",""pdfua_tag"":""P"",""id"":1483,""page number"":47,""bounding box"":[453.032,500.096,543.447,524.278],""font"":null,""font size"":9.96,""text color"":""[0.0]"",""content"":""1개소 이상 의무""}]}]}]",law-1_p047_LAW1-T019.png,91.371,500.096,543.447,621.004,자동 추출,
LAW1-T020,LAW1,LAW1-3_5_12,49,49,LAW1-3_5_12 표 20,4,3,"사업면적(A,㎡) 의무 면적에 | 의무 자주식 주차비율(R,%) | 비 고
1,000㎡~2,000㎡  | 면적에 따라 30%~50% 의무 비율 비례        | 승강시설(카리프트) 허용
2,000㎡~3,000㎡ | 50% | 경사로 또는 위원회 인정시 승강시설(카리프트) 허용
3,000㎡ 이상 | 50% | 경사로","<table><tr><td>사업면적(A,㎡) 의무 면적에</td><td>의무 자주식 주차비율(R,%)</td><td>비 고</td></tr><tr><td>1,000㎡~2,000㎡ </td><td>면적에 따라 30%~50% 의무 비율 비례       </td><td>승강시설(카리프트) 허용</td></tr><tr><td>2,000㎡~3,000㎡</td><td>50%</td><td>경사로 또는 위원회 인정시 승강시설(카리프트) 허용</td></tr><tr><td>3,000㎡ 이상</td><td>50%</td><td>경사로</td></tr></table>","[{""type"":""table row"",""row number"":1,""cells"":[{""type"":""table cell"",""pdfua_tag"":""TH"",""page number"":49,""bounding box"":[89.503,672.052,240.805,702.953],""row number"":1,""column number"":1,""row span"":1,""column span"":1,""is_header"":true,""kids"":[{""type"":""paragraph"",""pdfua_tag"":""P"",""id"":1516,""page number"":49,""bounding box"":[89.503,672.052,240.805,702.953],""font"":null,""font size"":9.96,""text color"":""[0.0]"",""content"":""사업면적(A,㎡) 의무 면적에""}]},{""type"":""table cell"",""pdfua_tag"":""TH"",""page number"":49,""bounding box"":[240.805,672.052,392.108,702.953],""row number"":1,""column number"":2,""row span"":1,""column span"":1,""is_header"":true,""kids"":[{""type"":""paragraph"",""pdfua_tag"":""P"",""id"":1517,""page number"":49,""bounding box"":[240.805,672.052,392.108,702.953],""font"":null,""font size"":12.0,""content"":""의무 자주식 주차비율(R,%)""}]},{""type"":""table cell"",""pdfua_tag"":""TH"",""page number"":49,""bounding box"":[392.108,672.052,543.411,702.953],""row number"":1,""column number"":3,""row span"":1,""column span"":1,""is_header"":true,""kids"":[{""type"":""paragraph"",""pdfua_tag"":""P"",""id"":1518,""page number"":49,""bounding box"":[392.108,672.052,543.411,702.953],""font"":null,""font size"":9.96,""text color"":""[0.0]"",""content"":""비 고""}]}]},{""type"":""table row"",""row number"":2,""cells"":[{""type"":""table cell"",""pdfua_tag"":""TD"",""page number"":49,""bounding box"":[89.503,641.151,240.805,672.052],""row number"":2,""column number"":1,""row span"":1,""column span"":1,""kids"":[{""type"":""paragraph"",""pdfua_tag"":""P"",""id"":1519,""page number"":49,""bounding box"":[89.503,641.151,240.805,672.052],""font"":null,""font size"":9.96,""text color"":""[0.0]"",""content"":""1,000㎡~2,000㎡ ""}]},{""type"":""table cell"",""pdfua_tag"":""TD"",""page number"":49,""bounding box"":[240.805,641.151,392.108,672.052],""row number"":2,""column number"":2,""row span"":1,""column span"":1,""kids"":[{""type"":""paragraph"",""pdfua_tag"":""P"",""id"":1520,""page number"":49,""bounding box"":[240.805,641.151,392.108,672.052],""font"":null,""font size"":12.0,""content"":""면적에 따라 30%~50% 의무 비율 비례       ""}]},{""type"":""table cell"",""pdfua_tag"":""TD"",""page number"":49,""bounding box"":[392.108,641.151,543.411,672.052],""row number"":2,""column number"":3,""row span"":1,""column span"":1,""kids"":[{""type"":""paragraph"",""pdfua_tag"":""P"",""id"":1521,""page number"":49,""bounding box"":[392.108,641.151,543.411,672.052],""font"":null,""font size"":9.96,""text color"":""[0.0]"",""content"":""승강시설(카리프트) 허용""}]}]},{""type"":""table row"",""row number"":3,""cells"":[{""type"":""table cell"",""pdfua_tag"":""TD"",""page number"":49,""bounding box"":[89.503,610.25,240.805,641.151],""row number"":3,""column number"":1,""row span"":1,""column span"":1,""kids"":[{""type"":""paragraph"",""pdfua_tag"":""P"",""id"":1522,""page number"":49,""bounding box"":[89.503,610.25,240.805,641.151],""font"":null,""font size"":9.96,""text color"":""[0.0]"",""content"":""2,000㎡~3,000㎡""}]},{""type"":""table cell"",""pdfua_tag"":""TD"",""page number"":49,""bounding box"":[240.805,610.25,392.108,641.151],""row number"":3,""column number"":2,""row span"":1,""column span"":1,""kids"":[{""type"":""paragraph"",""pdfua_tag"":""P"",""id"":1523,""page number"":49,""bounding box"":[240.805,610.25,392.108,641.151],""font"":null,""font size"":9.96,""text color"":""[0.0]"",""content"":""50%""}]},{""type"":""table cell"",""pdfua_tag"":""TD"",""page number"":49,""bounding box"":[392.108,610.25,543.411,641.151],""row number"":3,""column number"":3,""row span"":1,""column span"":1,""kids"":[{""type"":""paragraph"",""pdfua_tag"":""P"",""id"":1524,""page number"":49,""bounding box"":[392.108,610.25,543.411,641.151],""font"":null,""font size"":9.96,""text color"":""[0.0]"",""content"":""경사로 또는 위원회 인정시 승강시설(카리프트) 허용""}]}]},{""type"":""table row"",""row number"":4,""cells"":[{""type"":""table cell"",""pdfua_tag"":""TD"",""page number"":49,""bounding box"":[89.503,579.349,240.805,610.25],""row number"":4,""column number"":1,""row span"":1,""column span"":1,""kids"":[{""type"":""paragraph"",""pdfua_tag"":""P"",""id"":1525,""page number"":49,""bounding box"":[89.503,579.349,240.805,610.25],""font"":null,""font size"":9.96,""text color"":""[0.0]"",""content"":""3,000㎡ 이상""}]},{""type"":""table cell"",""pdfua_tag"":""TD"",""page number"":49,""bounding box"":[240.805,579.349,392.108,610.25],""row number"":4,""column number"":2,""row span"":1,""column span"":1,""kids"":[{""type"":""paragraph"",""pdfua_tag"":""P"",""id"":1526,""page number"":49,""bounding box"":[240.805,579.349,392.108,610.25],""font"":null,""font size"":9.96,""text color"":""[0.0]"",""content"":""50%""}]},{""type"":""table cell"",""pdfua_tag"":""TD"",""page number"":49,""bounding box"":[392.108,579.349,543.411,610.25],""row number"":4,""column number"":3,""row span"":1,""column span"":1,""kids"":[{""type"":""paragraph"",""pdfua_tag"":""P"",""id"":1527,""page number"":49,""bounding box"":[392.108,579.349,543.411,610.25],""font"":null,""font size"":9.96,""text color"":""[0.0]"",""content"":""경사로""}]}]}]",law-1_p049_LAW1-T020.png,89.503,579.349,543.411,702.953,자동 추출,
LAW1-T021,LAW1,LAW1-3_6_3,50,50,LAW1-3_6_3 표 21,9,4,"구 분 | 비율(%) 예시 | 설정 기준
합계 | 100 | 
필수 주차공간 | 소계 | 15 | 
장애인, 국가유공자 | 3 | 법정 기준
비주거(상가등) | 12 | 법정 기준
활용가능 주차공간 | 소계 | 85 | 
거주자우선주차 | 10 | 자치구 수요조사 반영
나눔카 | - | 필요시 외부개방 주차공간 일부 활용
일반입주자 및 외부개방 | 75 | ","<table><tr><td colspan=""2"">구 분</td><td>비율(%) 예시</td><td>설정 기준</td></tr><tr><td colspan=""2"">합계</td><td>100</td><td></td></tr><tr><td rowspan=""3"">필수 주차공간</td><td>소계</td><td>15</td><td></td></tr><tr><td>장애인, 국가유공자</td><td>3</td><td>법정 기준</td></tr><tr><td>비주거(상가등)</td><td>12</td><td>법정 기준</td></tr><tr><td rowspan=""4"">활용가능 주차공간</td><td>소계</td><td>85</td><td></td></tr><tr><td>거주자우선주차</td><td>10</td><td>자치구 수요조사 반영</td></tr><tr><td>나눔카</td><td>-</td><td>필요시 외부개방 주차공간 일부 활용</td></tr><tr><td>일반입주자 및 외부개방</td><td>75</td><td></td></tr></table>","[{""type"":""table row"",""row number"":1,""cells"":[{""type"":""table cell"",""pdfua_tag"":""TH"",""page number"":50,""bounding box"":[88.346,748.428,315.902,769.063],""row number"":1,""column number"":1,""row span"":1,""column span"":2,""is_header"":true,""kids"":[{""type"":""paragraph"",""pdfua_tag"":""P"",""id"":1529,""page number"":50,""bounding box"":[88.346,748.428,315.902,769.063],""font"":null,""font size"":12.0,""content"":""구 분""}]},{""type"":""table cell"",""pdfua_tag"":""TH"",""page number"":50,""bounding box"":[315.902,748.428,429.68,769.063],""row number"":1,""column number"":3,""row span"":1,""column span"":1,""is_header"":true,""kids"":[{""type"":""paragraph"",""pdfua_tag"":""P"",""id"":1530,""page number"":50,""bounding box"":[315.902,748.428,429.68,769.063],""font"":null,""font size"":12.0,""content"":""비율(%) 예시""}]},{""type"":""table cell"",""pdfua_tag"":""TH"",""page number"":50,""bounding box"":[429.68,748.428,543.459,769.063],""row number"":1,""column number"":4,""row span"":1,""column span"":1,""is_header"":true,""kids"":[{""type"":""paragraph"",""pdfua_tag"":""P"",""id"":1531,""page number"":50,""bounding box"":[429.68,748.428,543.459,769.063],""font"":null,""font size"":12.0,""content"":""설정 기준""}]}]},{""type"":""table row"",""row number"":2,""cells"":[{""type"":""table cell"",""pdfua_tag"":""TD"",""page number"":50,""bounding box"":[88.346,727.794,315.902,748.428],""row number"":2,""column number"":1,""row span"":1,""column span"":2,""kids"":[{""type"":""paragraph"",""pdfua_tag"":""P"",""id"":1532,""page number"":50,""bounding box"":[88.346,727.794,315.902,748.428],""font"":null,""font size"":12.0,""content"":""합계""}]},{""type"":""table cell"",""pdfua_tag"":""TD"",""page number"":50,""bounding box"":[315.902,727.794,429.68,748.428],""row number"":2,""column number"":3,""row span"":1,""column span"":1,""kids"":[{""type"":""paragraph"",""pdfua_tag"":""P"",""id"":1533,""page number"":50,""bounding box"":[315.902,727.794,429.68,748.428],""font"":null,""font size"":12.0,""content"":""100""}]},{""type"":""table cell"",""pdfua_tag"":""TD"",""page number"":50,""bounding box"":[429.68,727.794,543.459,748.428],""row number"":2,""column number"":4,""row span"":1,""column span"":1,""kids"":[]}]},{""type"":""table row"",""row number"":3,""cells"":[{""type"":""table cell"",""pdfua_tag"":""TD"",""page number"":50,""bounding box"":[88.346,665.891,202.124,727.794],""row number"":3,""column number"":1,""row span"":3,""column span"":1,""kids"":[{""type"":""paragraph"",""pdfua_tag"":""P"",""id"":1534,""page number"":50,""bounding box"":[88.346,665.891,202.124,727.794],""font"":null,""font size"":12.0,""content"":""필수 주차공간""}]},{""type"":""table cell"",""pdfua_tag"":""TD"",""page number"":50,""bounding box"":[202.124,707.159,315.902,727.794],""row number"":3,""column number"":2,""row span"":1,""column span"":1,""kids"":[{""type"":""paragraph"",""pdfua_tag"":""P"",""id"":1535,""page number"":50,""bounding box"":[202.124,707.159,315.902,727.794],""font"":null,""font size"":12.0,""content"":""소계""}]},{""type"":""table cell"",""pdfua_tag"":""TD"",""page number"":50,""bounding box"":[315.902,707.159,429.68,727.794],""row number"":3,""column number"":3,""row span"":1,""column span"":1,""kids"":[{""type"":""paragraph"",""pdfua_tag"":""P"",""id"":1536,""page number"":50,""bounding box"":[315.902,707.159,429.68,727.794],""font"":null,""font size"":12.0,""content"":""15""}]},{""type"":""table cell"",""pdfua_tag"":""TD"",""page number"":50,""bounding box"":[429.68,707.159,543.459,727.794],""row number"":3,""column number"":4,""row span"":1,""column span"":1,""kids"":[]}]},{""type"":""table row"",""row number"":4,""cells"":[{""type"":""table cell"",""pdfua_tag"":""TD"",""page number"":50,""bounding box"":[202.124,686.525,315.902,707.159],""row number"":4,""column number"":2,""row span"":1,""column span"":1,""kids"":[{""type"":""paragraph"",""pdfua_tag"":""P"",""id"":1537,""page number"":50,""bounding box"":[202.124,686.525,315.902,707.159],""font"":null,""font size"":12.0,""content"":""장애인, 국가유공자""}]},{""type"":""table cell"",""pdfua_tag"":""TD"",""page number"":50,""bounding box"":[315.902,686.525,429.68,707.159],""row number"":4,""column number"":3,""row span"":1,""column span"":1,""kids"":[{""type"":""paragraph"",""pdfua_tag"":""P"",""id"":1538,""page number"":50,""bounding box"":[315.902,686.525,429.68,707.159],""font"":null,""font size"":12.0,""content"":""3""}]},{""type"":""table cell"",""pdfua_tag"":""TD"",""page number"":50,""bounding box"":[429.68,686.525,543.459,707.159],""row number"":4,""column number"":4,""row span"":1,""column span"":1,""kids"":[{""type"":""paragraph"",""pdfua_tag"":""P"",""id"":1539,""page number"":50,""bounding box"":[429.68,686.525,543.459,707.159],""font"":null,""font size"":12.0,""content"":""법정 기준""}]}]},{""type"":""table row"",""row number"":5,""cells"":[{""type"":""table cell"",""pdfua_tag"":""TD"",""page number"":50,""bounding box"":[202.124,665.891,315.902,686.525],""row number"":5,""column number"":2,""row span"":1,""column span"":1,""kids"":[{""type"":""paragraph"",""pdfua_tag"":""P"",""id"":1540,""page number"":50,""bounding box"":[202.124,665.891,315.902,686.525],""font"":null,""font size"":12.0,""content"":""비주거(상가등)""}]},{""type"":""table cell"",""pdfua_tag"":""TD"",""page number"":50,""bounding box"":[315.902,665.891,429.68,686.525],""row number"":5,""column number"":3,""row span"":1,""column span"":1,""kids"":[{""type"":""paragraph"",""pdfua_tag"":""P"",""id"":1541,""page number"":50,""bounding box"":[315.902,665.891,429.68,686.525],""font"":null,""font size"":12.0,""content"":""12""}]},{""type"":""table cell"",""pdfua_tag"":""TD"",""page number"":50,""bounding box"":[429.68,665.891,543.459,686.525],""row number"":5,""column number"":4,""row span"":1,""column span"":1,""kids"":[{""type"":""paragraph"",""pdfua_tag"":""P"",""id"":1542,""page number"":50,""bounding box"":[429.68,665.891,543.459,686.525],""font"":null,""font size"":12.0,""content"":""법정 기준""}]}]},{""type"":""table row"",""row number"":6,""cells"":[{""type"":""table cell"",""pdfua_tag"":""TD"",""page number"":50,""bounding box"":[88.346,583.353,202.124,665.891],""row number"":6,""column number"":1,""row span"":4,""column span"":1,""kids"":[{""type"":""paragraph"",""pdfua_tag"":""P"",""id"":1543,""page number"":50,""bounding box"":[88.346,583.353,202.124,665.891],""font"":null,""font size"":12.0,""content"":""활용가능 주차공간""}]},{""type"":""table cell"",""pdfua_tag"":""TD"",""page number"":50,""bounding box"":[202.124,645.256,315.902,665.891],""row number"":6,""column number"":2,""row span"":1,""column span"":1,""kids"":[{""type"":""paragraph"",""pdfua_tag"":""P"",""id"":1544,""page number"":50,""bounding box"":[202.124,645.256,315.902,665.891],""font"":null,""font size"":12.0,""content"":""소계""}]},{""type"":""table cell"",""pdfua_tag"":""TD"",""page number"":50,""bounding box"":[315.902,645.256,429.68,665.891],""row number"":6,""column number"":3,""row span"":1,""column span"":1,""kids"":[{""type"":""paragraph"",""pdfua_tag"":""P"",""id"":1545,""page number"":50,""bounding box"":[315.902,645.256,429.68,665.891],""font"":null,""font size"":12.0,""content"":""85""}]},{""type"":""table cell"",""pdfua_tag"":""TD"",""page number"":50,""bounding box"":[429.68,645.256,543.459,665.891],""row number"":6,""column number"":4,""row span"":1,""column span"":1,""kids"":[]}]},{""type"":""table row"",""row number"":7,""cells"":[{""type"":""table cell"",""pdfua_tag"":""TD"",""page number"":50,""bounding box"":[202.124,624.622,315.902,645.256],""row number"":7,""column number"":2,""row span"":1,""column span"":1,""kids"":[{""type"":""paragraph"",""pdfua_tag"":""P"",""id"":1546,""page number"":50,""bounding box"":[202.124,624.622,315.902,645.256],""font"":null,""font size"":12.0,""content"":""거주자우선주차""}]},{""type"":""table cell"",""pdfua_tag"":""TD"",""page number"":50,""bounding box"":[315.902,624.622,429.68,645.256],""row number"":7,""column number"":3,""row span"":1,""column span"":1,""kids"":[{""type"":""paragraph"",""pdfua_tag"":""P"",""id"":1547,""page number"":50,""bounding box"":[315.902,624.622,429.68,645.256],""font"":null,""font size"":12.0,""content"":""10""}]},{""type"":""table cell"",""pdfua_tag"":""TD"",""page number"":50,""bounding box"":[429.68,624.622,543.459,645.256],""row number"":7,""column number"":4,""row span"":1,""column span"":1,""kids"":[{""type"":""paragraph"",""pdfua_tag"":""P"",""id"":1548,""page number"":50,""bounding box"":[429.68,624.622,543.459,645.256],""font"":null,""font size"":12.0,""content"":""자치구 수요조사 반영""}]}]},{""type"":""table row"",""row number"":8,""cells"":[{""type"":""table cell"",""pdfua_tag"":""TD"",""page number"":50,""bounding box"":[202.124,603.988,315.902,624.622],""row number"":8,""column number"":2,""row span"":1,""column span"":1,""kids"":[{""type"":""paragraph"",""pdfua_tag"":""P"",""id"":1549,""page number"":50,""bounding box"":[202.124,603.988,315.902,624.622],""font"":null,""font size"":12.0,""content"":""나눔카""}]},{""type"":""table cell"",""pdfua_tag"":""TD"",""page number"":50,""bounding box"":[315.902,603.988,429.68,624.622],""row number"":8,""column number"":3,""row span"":1,""column span"":1,""kids"":[{""type"":""paragraph"",""pdfua_tag"":""P"",""id"":1550,""level"":""1"",""page number"":50,""bounding box"":[315.902,603.988,429.68,624.622],""font"":null,""font size"":12.0,""content"":""-""}]},{""type"":""table cell"",""pdfua_tag"":""TD"",""page number"":50,""bounding box"":[429.68,603.988,543.459,624.622],""row number"":8,""column number"":4,""row span"":1,""column span"":1,""kids"":[{""type"":""paragraph"",""pdfua_tag"":""P"",""id"":1551,""page number"":50,""bounding box"":[429.68,603.988,543.459,624.622],""font"":null,""font size"":12.0,""content"":""필요시 외부개방 주차공간 일부 활용""}]}]},{""type"":""table row"",""row number"":9,""cells"":[{""type"":""table cell"",""pdfua_tag"":""TD"",""page number"":50,""bounding box"":[202.124,583.353,315.902,603.988],""row number"":9,""column number"":2,""row span"":1,""column span"":1,""kids"":[{""type"":""paragraph"",""pdfua_tag"":""P"",""id"":1552,""page number"":50,""bounding box"":[202.124,583.353,315.902,603.988],""font"":null,""font size"":12.0,""content"":""일반입주자 및 외부개방""}]},{""type"":""table cell"",""pdfua_tag"":""TD"",""page number"":50,""bounding box"":[315.902,583.353,429.68,603.988],""row number"":9,""column number"":3,""row span"":1,""column span"":1,""kids"":[{""type"":""paragraph"",""pdfua_tag"":""P"",""id"":1553,""page number"":50,""bounding box"":[315.902,583.353,429.68,603.988],""font"":null,""font size"":12.0,""content"":""75""}]},{""type"":""table cell"",""pdfua_tag"":""TD"",""page number"":50,""bounding box"":[429.68,583.353,543.459,603.988],""row number"":9,""column number"":4,""row span"":1,""column span"":1,""kids"":[]}]}]",law-1_p050_LAW1-T021.png,88.346,583.353,543.459,769.063,자동 추출,
LAW1-T022,LAW1,LAW1-3_6_3,50,50,LAW1-3_6_3 표 22,4,6,"구분 | 1순위 | 2순위(25% | 이하) | 3순위 | 그 외
대상 | 입주자 필수 (장애인·국가유공자) | 거주자우선주차 | 나눔카 | 입주자 일반 | 외부인 (인근 거주자 등 )
주차요금 | 공영주차장 요금 | 공영주차장 요금 | 협의 요금 | 민영주차장 요금
70% | 100%","<table><tr><td>구분</td><td>1순위</td><td>2순위(25%</td><td>이하)</td><td>3순위</td><td>그 외</td></tr><tr><td>대상</td><td>입주자 필수 (장애인·국가유공자)</td><td>거주자우선주차</td><td>나눔카</td><td>입주자 일반</td><td>외부인 (인근 거주자 등 )</td></tr><tr><td rowspan=""2"">주차요금</td><td rowspan=""2"">공영주차장 요금</td><td rowspan=""2"">공영주차장 요금</td><td rowspan=""2"">협의 요금</td><td colspan=""2"">민영주차장 요금</td></tr><tr><td>70%</td><td>100%</td></tr></table>","[{""type"":""table row"",""row number"":1,""cells"":[{""type"":""table cell"",""pdfua_tag"":""TH"",""page number"":50,""bounding box"":[89.892,480.676,165.463,502.099],""row number"":1,""column number"":1,""row span"":1,""column span"":1,""is_header"":true,""kids"":[{""type"":""paragraph"",""pdfua_tag"":""P"",""id"":1555,""page number"":50,""bounding box"":[89.892,480.676,165.463,502.099],""font"":""H2gtrM"",""font size"":11.04,""text color"":""[0.0]"",""content"":""구분""}]},{""type"":""table cell"",""pdfua_tag"":""TH"",""page number"":50,""bounding box"":[165.463,480.676,241.034,502.099],""row number"":1,""column number"":2,""row span"":1,""column span"":1,""is_header"":true,""kids"":[{""type"":""paragraph"",""pdfua_tag"":""P"",""id"":1556,""page number"":50,""bounding box"":[165.463,480.676,241.034,502.099],""font"":""H2gtrM"",""font size"":11.04,""text color"":""[0.0]"",""content"":""1순위""}]},{""type"":""table cell"",""pdfua_tag"":""TH"",""page number"":50,""bounding box"":[241.034,480.676,316.605,502.099],""row number"":1,""column number"":3,""row span"":1,""column span"":1,""is_header"":true,""kids"":[{""type"":""paragraph"",""pdfua_tag"":""P"",""id"":1557,""page number"":50,""bounding box"":[241.034,480.676,316.605,502.099],""font"":""H2gtrM"",""font size"":11.04,""text color"":""[0.0]"",""content"":""2순위(25%""}]},{""type"":""table cell"",""pdfua_tag"":""TH"",""page number"":50,""bounding box"":[316.605,480.676,392.176,502.099],""row number"":1,""column number"":4,""row span"":1,""column span"":1,""is_header"":true,""kids"":[{""type"":""paragraph"",""pdfua_tag"":""P"",""id"":1558,""page number"":50,""bounding box"":[316.605,480.676,392.176,502.099],""font"":""H2gtrM"",""font size"":11.04,""text color"":""[0.0]"",""content"":""이하)""}]},{""type"":""table cell"",""pdfua_tag"":""TH"",""page number"":50,""bounding box"":[392.176,480.676,467.747,502.099],""row number"":1,""column number"":5,""row span"":1,""column span"":1,""is_header"":true,""kids"":[{""type"":""paragraph"",""pdfua_tag"":""P"",""id"":1559,""page number"":50,""bounding box"":[392.176,480.676,467.747,502.099],""font"":""H2gtrM"",""font size"":11.04,""text color"":""[0.0]"",""content"":""3순위""}]},{""type"":""table cell"",""pdfua_tag"":""TH"",""page number"":50,""bounding box"":[467.747,480.676,543.318,502.099],""row number"":1,""column number"":6,""row span"":1,""column span"":1,""is_header"":true,""kids"":[{""type"":""paragraph"",""pdfua_tag"":""P"",""id"":1560,""page number"":50,""bounding box"":[467.747,480.676,543.318,502.099],""font"":""H2gtrM"",""font size"":11.04,""text color"":""[0.0]"",""content"":""그 외""}]}]},{""type"":""table row"",""row number"":2,""cells"":[{""type"":""table cell"",""pdfua_tag"":""TD"",""page number"":50,""bounding box"":[89.892,459.253,165.463,480.676],""row number"":2,""column number"":1,""row span"":1,""column span"":1,""kids"":[{""type"":""paragraph"",""pdfua_tag"":""P"",""id"":1561,""page number"":50,""bounding box"":[89.892,459.253,165.463,480.676],""font"":""H2gtrM"",""font size"":11.04,""text color"":""[0.0]"",""content"":""대상""}]},{""type"":""table cell"",""pdfua_tag"":""TD"",""page number"":50,""bounding box"":[165.463,459.253,241.034,480.676],""row number"":2,""column number"":2,""row span"":1,""column span"":1,""kids"":[{""type"":""paragraph"",""pdfua_tag"":""P"",""id"":1562,""page number"":50,""bounding box"":[165.463,459.253,241.034,480.676],""font"":""H2gtrM"",""font size"":9.96,""text color"":""[0.0]"",""content"":""입주자 필수 (장애인·국가유공자)""}]},{""type"":""table cell"",""pdfua_tag"":""TD"",""page number"":50,""bounding box"":[241.034,459.253,316.605,480.676],""row number"":2,""column number"":3,""row span"":1,""column span"":1,""kids"":[{""type"":""paragraph"",""pdfua_tag"":""P"",""id"":1563,""page number"":50,""bounding box"":[241.034,459.253,316.605,480.676],""font"":""H2gtrM"",""font size"":11.04,""text color"":""[0.0]"",""content"":""거주자우선주차""}]},{""type"":""table cell"",""pdfua_tag"":""TD"",""page number"":50,""bounding box"":[316.605,459.253,392.176,480.676],""row number"":2,""column number"":4,""row span"":1,""column span"":1,""kids"":[{""type"":""paragraph"",""pdfua_tag"":""P"",""id"":1564,""page number"":50,""bounding box"":[316.605,459.253,392.176,480.676],""font"":""H2gtrM"",""font size"":11.04,""text color"":""[0.0]"",""content"":""나눔카""}]},{""type"":""table cell"",""pdfua_tag"":""TD"",""page number"":50,""bounding box"":[392.176,459.253,467.747,480.676],""row number"":2,""column number"":5,""row span"":1,""column span"":1,""kids"":[{""type"":""paragraph"",""pdfua_tag"":""P"",""id"":1565,""page number"":50,""bounding box"":[392.176,459.253,467.747,480.676],""font"":""H2gtrM"",""font size"":11.04,""text color"":""[0.0]"",""content"":""입주자 일반""}]},{""type"":""table cell"",""pdfua_tag"":""TD"",""page number"":50,""bounding box"":[467.747,459.253,543.318,480.676],""row number"":2,""column number"":6,""row span"":1,""column span"":1,""kids"":[{""type"":""paragraph"",""pdfua_tag"":""P"",""id"":1566,""page number"":50,""bounding box"":[467.747,459.253,543.318,480.676],""font"":""H2gtrM"",""font size"":9.96,""text color"":""[0.0]"",""content"":""외부인 (인근 거주자 등 )""}]}]},{""type"":""table row"",""row number"":3,""cells"":[{""type"":""table cell"",""pdfua_tag"":""TD"",""page number"":50,""bounding box"":[89.892,416.407,165.463,459.253],""row number"":3,""column number"":1,""row span"":2,""column span"":1,""kids"":[{""type"":""paragraph"",""pdfua_tag"":""P"",""id"":1567,""page number"":50,""bounding box"":[89.892,416.407,165.463,459.253],""font"":""H2gtrM"",""font size"":11.04,""text color"":""[0.0]"",""content"":""주차요금""}]},{""type"":""table cell"",""pdfua_tag"":""TD"",""page number"":50,""bounding box"":[165.463,416.407,241.034,459.253],""row number"":3,""column number"":2,""row span"":2,""column span"":1,""kids"":[{""type"":""paragraph"",""pdfua_tag"":""P"",""id"":1568,""page number"":50,""bounding box"":[165.463,416.407,241.034,459.253],""font"":""H2gtrM"",""font size"":11.04,""text color"":""[0.0]"",""content"":""공영주차장 요금""}]},{""type"":""table cell"",""pdfua_tag"":""TD"",""page number"":50,""bounding box"":[241.034,416.407,316.605,459.253],""row number"":3,""column number"":3,""row span"":2,""column span"":1,""kids"":[{""type"":""paragraph"",""pdfua_tag"":""P"",""id"":1569,""page number"":50,""bounding box"":[241.034,416.407,316.605,459.253],""font"":""H2gtrM"",""font size"":11.04,""text color"":""[0.0]"",""content"":""공영주차장 요금""}]},{""type"":""table cell"",""pdfua_tag"":""TD"",""page number"":50,""bounding box"":[316.605,416.407,392.176,459.253],""row number"":3,""column number"":4,""row span"":2,""column span"":1,""kids"":[{""type"":""paragraph"",""pdfua_tag"":""P"",""id"":1570,""page number"":50,""bounding box"":[316.605,416.407,392.176,459.253],""font"":""H2gtrM"",""font size"":11.04,""text color"":""[0.0]"",""content"":""협의 요금""}]},{""type"":""table cell"",""pdfua_tag"":""TD"",""page number"":50,""bounding box"":[392.176,437.83,543.318,459.253],""row number"":3,""column number"":5,""row span"":1,""column span"":2,""kids"":[{""type"":""paragraph"",""pdfua_tag"":""P"",""id"":1571,""page number"":50,""bounding box"":[392.176,437.83,543.318,459.253],""font"":""H2gtrM"",""font size"":11.04,""text color"":""[0.0]"",""content"":""민영주차장 요금""}]}]},{""type"":""table row"",""row number"":4,""cells"":[{""type"":""table cell"",""pdfua_tag"":""TD"",""page number"":50,""bounding box"":[392.176,416.407,467.747,437.83],""row number"":4,""column number"":5,""row span"":1,""column span"":1,""kids"":[{""type"":""paragraph"",""pdfua_tag"":""P"",""id"":1572,""page number"":50,""bounding box"":[392.176,416.407,467.747,437.83],""font"":""H2gtrM"",""font size"":11.04,""text color"":""[0.0]"",""content"":""70%""}]},{""type"":""table cell"",""pdfua_tag"":""TD"",""page number"":50,""bounding box"":[467.747,416.407,543.318,437.83],""row number"":4,""column number"":6,""row span"":1,""column span"":1,""kids"":[{""type"":""paragraph"",""pdfua_tag"":""P"",""id"":1573,""page number"":50,""bounding box"":[467.747,416.407,543.318,437.83],""font"":""H2gtrM"",""font size"":11.04,""text color"":""[0.0]"",""content"":""100%""}]}]}]",law-1_p050_LAW1-T022.png,89.892,416.407,543.318,502.099,자동 추출,
LAW1-T023,LAW1,LAW1-3_6_3,51,51,LAW1-3_6_3 표 23,7,2,"거주자우선주차(나눔카) 등 수요 | 사업시행자
↓ | 
부설주차장 관리 세부계획 수립 및 운영자문위원회 (입주자 및 외부 개방 주차장 계획 | 서울시
↓ | 
협약서 체결 | 서울시, 사업시행자
↓ | 
관련 업체와 자치단체장 협의(계약) | 후 운영 사업시행자","<table><tr><td>거주자우선주차(나눔카) 등 수요</td><td>사업시행자</td></tr><tr><td>↓</td><td></td></tr><tr><td>부설주차장 관리 세부계획 수립 및 운영자문위원회 (입주자 및 외부 개방 주차장 계획</td><td>서울시</td></tr><tr><td>↓</td><td></td></tr><tr><td>협약서 체결</td><td>서울시, 사업시행자</td></tr><tr><td>↓</td><td></td></tr><tr><td>관련 업체와 자치단체장 협의(계약)</td><td>후 운영 사업시행자</td></tr></table>","[{""type"":""table row"",""row number"":1,""cells"":[{""type"":""table cell"",""pdfua_tag"":""TH"",""page number"":51,""bounding box"":[84.331,742.938,297.723,769.126],""row number"":1,""column number"":1,""row span"":1,""column span"":1,""is_header"":true,""kids"":[{""type"":""paragraph"",""pdfua_tag"":""P"",""id"":3015,""page number"":51,""bounding box"":[84.331,742.938,297.723,769.126],""font"":null,""font size"":9.96,""text color"":""[0.0]"",""content"":""거주자우선주차(나눔카) 등 수요""}]},{""type"":""table cell"",""pdfua_tag"":""TH"",""page number"":51,""bounding box"":[297.723,742.938,511.114,769.126],""row number"":1,""column number"":2,""row span"":1,""column span"":1,""is_header"":true,""kids"":[{""type"":""paragraph"",""pdfua_tag"":""P"",""id"":3016,""page number"":51,""bounding box"":[297.723,742.938,511.114,769.126],""font"":null,""font size"":12.0,""content"":""사업시행자""}]}]},{""type"":""table row"",""row number"":2,""cells"":[{""type"":""table cell"",""pdfua_tag"":""TD"",""page number"":51,""bounding box"":[84.331,716.749,297.723,742.938],""row number"":2,""column number"":1,""row span"":1,""column span"":1,""kids"":[{""type"":""paragraph"",""pdfua_tag"":""P"",""id"":3017,""page number"":51,""bounding box"":[84.331,716.749,297.723,742.938],""font"":null,""font size"":9.96,""text color"":""[0.0]"",""content"":""↓""}]},{""type"":""table cell"",""pdfua_tag"":""TD"",""page number"":51,""bounding box"":[297.723,716.749,511.114,742.938],""row number"":2,""column number"":2,""row span"":1,""column span"":1,""kids"":[]}]},{""type"":""table row"",""row number"":3,""cells"":[{""type"":""table cell"",""pdfua_tag"":""TD"",""page number"":51,""bounding box"":[84.331,690.561,297.723,716.749],""row number"":3,""column number"":1,""row span"":1,""column span"":1,""kids"":[{""type"":""paragraph"",""pdfua_tag"":""P"",""id"":3018,""page number"":51,""bounding box"":[84.331,690.561,297.723,716.749],""font"":null,""font size"":9.96,""text color"":""[0.0]"",""content"":""부설주차장 관리 세부계획 수립 및 운영자문위원회 (입주자 및 외부 개방 주차장 계획""}]},{""type"":""table cell"",""pdfua_tag"":""TD"",""page number"":51,""bounding box"":[297.723,690.561,511.114,716.749],""row number"":3,""column number"":2,""row span"":1,""column span"":1,""kids"":[{""type"":""paragraph"",""pdfua_tag"":""P"",""id"":3019,""page number"":51,""bounding box"":[297.723,690.561,511.114,716.749],""font"":null,""font size"":12.0,""content"":""서울시""}]}]},{""type"":""table row"",""row number"":4,""cells"":[{""type"":""table cell"",""pdfua_tag"":""TD"",""page number"":51,""bounding box"":[84.331,664.372,297.723,690.561],""row number"":4,""column number"":1,""row span"":1,""column span"":1,""kids"":[{""type"":""paragraph"",""pdfua_tag"":""P"",""id"":3020,""page number"":51,""bounding box"":[84.331,664.372,297.723,690.561],""font"":null,""font size"":9.96,""text color"":""[0.0]"",""content"":""↓""}]},{""type"":""table cell"",""pdfua_tag"":""TD"",""page number"":51,""bounding box"":[297.723,664.372,511.114,690.561],""row number"":4,""column number"":2,""row span"":1,""column span"":1,""kids"":[]}]},{""type"":""table row"",""row number"":5,""cells"":[{""type"":""table cell"",""pdfua_tag"":""TD"",""page number"":51,""bounding box"":[84.331,638.184,297.723,664.372],""row number"":5,""column number"":1,""row span"":1,""column span"":1,""kids"":[{""type"":""paragraph"",""pdfua_tag"":""P"",""id"":3021,""page number"":51,""bounding box"":[84.331,638.184,297.723,664.372],""font"":null,""font size"":9.96,""text color"":""[0.0]"",""content"":""협약서 체결""}]},{""type"":""table cell"",""pdfua_tag"":""TD"",""page number"":51,""bounding box"":[297.723,638.184,511.114,664.372],""row number"":5,""column number"":2,""row span"":1,""column span"":1,""kids"":[{""type"":""paragraph"",""pdfua_tag"":""P"",""id"":3022,""page number"":51,""bounding box"":[297.723,638.184,511.114,664.372],""font"":null,""font size"":9.96,""text color"":""[0.0]"",""content"":""서울시, 사업시행자""}]}]},{""type"":""table row"",""row number"":6,""cells"":[{""type"":""table cell"",""pdfua_tag"":""TD"",""page number"":51,""bounding box"":[84.331,611.995,297.723,638.184],""row number"":6,""column number"":1,""row span"":1,""column span"":1,""kids"":[{""type"":""paragraph"",""pdfua_tag"":""P"",""id"":3023,""page number"":51,""bounding box"":[84.331,611.995,297.723,638.184],""font"":null,""font size"":9.96,""text color"":""[0.0]"",""content"":""↓""}]},{""type"":""table cell"",""pdfua_tag"":""TD"",""page number"":51,""bounding box"":[297.723,611.995,511.114,638.184],""row number"":6,""column number"":2,""row span"":1,""column span"":1,""kids"":[]}]},{""type"":""table row"",""row number"":7,""cells"":[{""type"":""table cell"",""pdfua_tag"":""TD"",""page number"":51,""bounding box"":[84.331,585.807,297.723,611.995],""row number"":7,""column number"":1,""row span"":1,""column span"":1,""kids"":[{""type"":""paragraph"",""pdfua_tag"":""P"",""id"":3024,""page number"":51,""bounding box"":[84.331,585.807,297.723,611.995],""font"":null,""font size"":9.96,""text color"":""[0.0]"",""content"":""관련 업체와 자치단체장 협의(계약)""}]},{""type"":""table cell"",""pdfua_tag"":""TD"",""page number"":51,""bounding box"":[297.723,585.807,511.114,611.995],""row number"":7,""column number"":2,""row span"":1,""column span"":1,""kids"":[{""type"":""paragraph"",""pdfua_tag"":""P"",""id"":3025,""page number"":51,""bounding box"":[297.723,585.807,511.114,611.995],""font"":null,""font size"":9.96,""text color"":""[0.0]"",""content"":""후 운영 사업시행자""}]}]}]",law-1_p051_LAW1-T023.png,84.331,585.807,511.114,769.126,자동 추출,
LAW1-T024,LAW1,LAW1-4_1_1,52,52,LAW1-4_1_1 표 24,5,2,"구 분 | (복합주택)
임차인 자격 | 청년, 신혼부부, 어르신(고령자), 1인가구
공급방식 | 임대 + 분양
분양주택 | 입주대상 공급비율에 따라 결정 (신혼 최대 30%, 어르신 최대 30%)
사업대상지 | 역세권250m (심 의시350m )또는 간선도로변50m이내 또는 의료시설 중심지역 350m 이내 ※ 의료시설 중심지역은 어르신에게 임대주택 100% 공급하는 안심주택과 시니어용 서울형 공유주택을 복 합하는 경우만 적용","<table><tr><td>구 분</td><td>(복합주택)</td></tr><tr><td>임차인 자격</td><td>청년, 신혼부부, 어르신(고령자), 1인가구</td></tr><tr><td>공급방식</td><td>임대 + 분양</td></tr><tr><td>분양주택</td><td>입주대상 공급비율에 따라 결정 (신혼 최대 30%, 어르신 최대 30%)</td></tr><tr><td>사업대상지</td><td>역세권250m (심 의시350m )또는 간선도로변50m이내 또는 의료시설 중심지역 350m 이내 ※ 의료시설 중심지역은 어르신에게 임대주택 100% 공급하는 안심주택과 시니어용 서울형 공유주택을 복 합하는 경우만 적용</td></tr></table>","[{""type"":""table row"",""row number"":1,""cells"":[{""type"":""table cell"",""pdfua_tag"":""TH"",""page number"":52,""bounding box"":[86.605,742.446,314.406,767.563],""row number"":1,""column number"":1,""row span"":1,""column span"":1,""is_header"":true,""kids"":[{""type"":""paragraph"",""pdfua_tag"":""P"",""id"":3027,""page number"":52,""bounding box"":[86.605,742.446,314.406,767.563],""font"":null,""font size"":12.0,""content"":""구 분""}]},{""type"":""table cell"",""pdfua_tag"":""TH"",""page number"":52,""bounding box"":[314.406,742.446,542.208,767.563],""row number"":1,""column number"":2,""row span"":1,""column span"":1,""is_header"":true,""kids"":[{""type"":""paragraph"",""pdfua_tag"":""P"",""id"":3028,""page number"":52,""bounding box"":[314.406,742.446,542.208,767.563],""font"":null,""font size"":12.0,""text color"":""[0.0]"",""content"":""(복합주택)""}]}]},{""type"":""table row"",""row number"":2,""cells"":[{""type"":""table cell"",""pdfua_tag"":""TD"",""page number"":52,""bounding box"":[86.605,717.329,314.406,742.446],""row number"":2,""column number"":1,""row span"":1,""column span"":1,""kids"":[{""type"":""paragraph"",""pdfua_tag"":""P"",""id"":3029,""page number"":52,""bounding box"":[86.605,717.329,314.406,742.446],""font"":null,""font size"":12.0,""content"":""임차인 자격""}]},{""type"":""table cell"",""pdfua_tag"":""TD"",""page number"":52,""bounding box"":[314.406,717.329,542.208,742.446],""row number"":2,""column number"":2,""row span"":1,""column span"":1,""kids"":[{""type"":""paragraph"",""pdfua_tag"":""P"",""id"":3030,""page number"":52,""bounding box"":[314.406,717.329,542.208,742.446],""font"":null,""font size"":12.0,""content"":""청년, 신혼부부, 어르신(고령자), 1인가구""}]}]},{""type"":""table row"",""row number"":3,""cells"":[{""type"":""table cell"",""pdfua_tag"":""TD"",""page number"":52,""bounding box"":[86.605,692.212,314.406,717.329],""row number"":3,""column number"":1,""row span"":1,""column span"":1,""kids"":[{""type"":""paragraph"",""pdfua_tag"":""P"",""id"":3031,""page number"":52,""bounding box"":[86.605,692.212,314.406,717.329],""font"":null,""font size"":12.0,""content"":""공급방식""}]},{""type"":""table cell"",""pdfua_tag"":""TD"",""page number"":52,""bounding box"":[314.406,692.212,542.208,717.329],""row number"":3,""column number"":2,""row span"":1,""column span"":1,""kids"":[{""type"":""paragraph"",""pdfua_tag"":""P"",""id"":3032,""page number"":52,""bounding box"":[314.406,692.212,542.208,717.329],""font"":null,""font size"":12.0,""content"":""임대 + 분양""}]}]},{""type"":""table row"",""row number"":4,""cells"":[{""type"":""table cell"",""pdfua_tag"":""TD"",""page number"":52,""bounding box"":[86.605,667.095,314.406,692.212],""row number"":4,""column number"":1,""row span"":1,""column span"":1,""kids"":[{""type"":""paragraph"",""pdfua_tag"":""P"",""id"":3033,""page number"":52,""bounding box"":[86.605,667.095,314.406,692.212],""font"":null,""font size"":12.0,""content"":""분양주택""}]},{""type"":""table cell"",""pdfua_tag"":""TD"",""page number"":52,""bounding box"":[314.406,667.095,542.208,692.212],""row number"":4,""column number"":2,""row span"":1,""column span"":1,""kids"":[{""type"":""paragraph"",""pdfua_tag"":""P"",""id"":3034,""page number"":52,""bounding box"":[314.406,667.095,542.208,692.212],""font"":null,""font size"":12.0,""content"":""입주대상 공급비율에 따라 결정 (신혼 최대 30%, 어르신 최대 30%)""}]}]},{""type"":""table row"",""row number"":5,""cells"":[{""type"":""table cell"",""pdfua_tag"":""TD"",""page number"":52,""bounding box"":[86.605,641.978,314.406,667.095],""row number"":5,""column number"":1,""row span"":1,""column span"":1,""kids"":[{""type"":""paragraph"",""pdfua_tag"":""P"",""id"":3035,""page number"":52,""bounding box"":[86.605,641.978,314.406,667.095],""font"":null,""font size"":12.0,""content"":""사업대상지""}]},{""type"":""table cell"",""pdfua_tag"":""TD"",""page number"":52,""bounding box"":[314.406,641.978,542.208,667.095],""row number"":5,""column number"":2,""row span"":1,""column span"":1,""kids"":[{""type"":""paragraph"",""pdfua_tag"":""P"",""id"":3036,""page number"":52,""bounding box"":[314.406,641.978,542.208,667.095],""font"":null,""font size"":12.0,""content"":""역세권250m (심 의시350m )또는 간선도로변50m이내 또는 의료시설 중심지역 350m 이내 ※ 의료시설 중심지역은 어르신에게 임대주택 100% 공급하는 안심주택과 시니어용 서울형 공유주택을 복 합하는 경우만 적용""}]}]}]",law-1_p052_LAW1-T024.png,86.605,641.978,542.208,767.563,자동 추출,
LAW1-T025,LAW1,LAW1-4_3_1,55,55,LAW1-4_3_1 표 25,4,6,"대상면적 용도 비율 | 0~10%미만 | 10~20%미만 | 20~30%미만 | 30~40%미만 | 40~50%미만
지역계획 용도지역 유지 | 2% | 4% | 6% | 8% | 10%
준주거지역 변경 | 3% | 6% | 9% | 12% | 15%
상업지역 변경 | 5% | 10% | 15% | 20% | 25%",<table><tr><td>대상면적 용도 비율</td><td>0~10%미만</td><td>10~20%미만</td><td>20~30%미만</td><td>30~40%미만</td><td>40~50%미만</td></tr><tr><td>지역계획 용도지역 유지</td><td>2%</td><td>4%</td><td>6%</td><td>8%</td><td>10%</td></tr><tr><td>준주거지역 변경</td><td>3%</td><td>6%</td><td>9%</td><td>12%</td><td>15%</td></tr><tr><td>상업지역 변경</td><td>5%</td><td>10%</td><td>15%</td><td>20%</td><td>25%</td></tr></table>,"[{""type"":""table row"",""row number"":1,""cells"":[{""type"":""table cell"",""pdfua_tag"":""TH"",""page number"":55,""bounding box"":[94.391,211.921,169.21,234.281],""row number"":1,""column number"":1,""row span"":1,""column span"":1,""is_header"":true,""kids"":[{""type"":""paragraph"",""pdfua_tag"":""P"",""id"":3038,""page number"":55,""bounding box"":[94.391,211.921,169.21,234.281],""font"":null,""font size"":9.0,""text color"":""[0.0]"",""content"":""대상면적 용도 비율""}]},{""type"":""table cell"",""pdfua_tag"":""TH"",""page number"":55,""bounding box"":[169.21,211.921,244.03,234.281],""row number"":1,""column number"":2,""row span"":1,""column span"":1,""is_header"":true,""kids"":[{""type"":""paragraph"",""pdfua_tag"":""P"",""id"":3039,""page number"":55,""bounding box"":[169.21,211.921,244.03,234.281],""font"":null,""font size"":9.96,""text color"":""[0.0]"",""content"":""0~10%미만""}]},{""type"":""table cell"",""pdfua_tag"":""TH"",""page number"":55,""bounding box"":[244.03,211.921,318.85,234.281],""row number"":1,""column number"":3,""row span"":1,""column span"":1,""is_header"":true,""kids"":[{""type"":""paragraph"",""pdfua_tag"":""P"",""id"":3040,""page number"":55,""bounding box"":[244.03,211.921,318.85,234.281],""font"":null,""font size"":9.96,""text color"":""[0.0]"",""content"":""10~20%미만""}]},{""type"":""table cell"",""pdfua_tag"":""TH"",""page number"":55,""bounding box"":[318.85,211.921,393.67,234.281],""row number"":1,""column number"":4,""row span"":1,""column span"":1,""is_header"":true,""kids"":[{""type"":""paragraph"",""pdfua_tag"":""P"",""id"":3041,""page number"":55,""bounding box"":[318.85,211.921,393.67,234.281],""font"":null,""font size"":9.96,""text color"":""[0.0]"",""content"":""20~30%미만""}]},{""type"":""table cell"",""pdfua_tag"":""TH"",""page number"":55,""bounding box"":[393.67,211.921,468.49,234.281],""row number"":1,""column number"":5,""row span"":1,""column span"":1,""is_header"":true,""kids"":[{""type"":""paragraph"",""pdfua_tag"":""P"",""id"":3042,""page number"":55,""bounding box"":[393.67,211.921,468.49,234.281],""font"":null,""font size"":9.96,""text color"":""[0.0]"",""content"":""30~40%미만""}]},{""type"":""table cell"",""pdfua_tag"":""TH"",""page number"":55,""bounding box"":[468.49,211.921,543.309,234.281],""row number"":1,""column number"":6,""row span"":1,""column span"":1,""is_header"":true,""kids"":[{""type"":""paragraph"",""pdfua_tag"":""P"",""id"":3043,""page number"":55,""bounding box"":[468.49,211.921,543.309,234.281],""font"":null,""font size"":9.96,""text color"":""[0.0]"",""content"":""40~50%미만""}]}]},{""type"":""table row"",""row number"":2,""cells"":[{""type"":""table cell"",""pdfua_tag"":""TD"",""page number"":55,""bounding box"":[94.391,189.561,169.21,211.921],""row number"":2,""column number"":1,""row span"":1,""column span"":1,""kids"":[{""type"":""paragraph"",""pdfua_tag"":""P"",""id"":3044,""page number"":55,""bounding box"":[94.391,189.561,169.21,211.921],""font"":null,""font size"":11.04,""text color"":""[0.0]"",""content"":""지역계획 용도지역 유지""}]},{""type"":""table cell"",""pdfua_tag"":""TD"",""page number"":55,""bounding box"":[169.21,189.561,244.03,211.921],""row number"":2,""column number"":2,""row span"":1,""column span"":1,""kids"":[{""type"":""paragraph"",""pdfua_tag"":""P"",""id"":3045,""page number"":55,""bounding box"":[169.21,189.561,244.03,211.921],""font"":null,""font size"":9.96,""text color"":""[0.0]"",""content"":""2%""}]},{""type"":""table cell"",""pdfua_tag"":""TD"",""page number"":55,""bounding box"":[244.03,189.561,318.85,211.921],""row number"":2,""column number"":3,""row span"":1,""column span"":1,""kids"":[{""type"":""paragraph"",""pdfua_tag"":""P"",""id"":3046,""page number"":55,""bounding box"":[244.03,189.561,318.85,211.921],""font"":null,""font size"":9.96,""text color"":""[0.0]"",""content"":""4%""}]},{""type"":""table cell"",""pdfua_tag"":""TD"",""page number"":55,""bounding box"":[318.85,189.561,393.67,211.921],""row number"":2,""column number"":4,""row span"":1,""column span"":1,""kids"":[{""type"":""paragraph"",""pdfua_tag"":""P"",""id"":3047,""page number"":55,""bounding box"":[318.85,189.561,393.67,211.921],""font"":null,""font size"":9.96,""text color"":""[0.0]"",""content"":""6%""}]},{""type"":""table cell"",""pdfua_tag"":""TD"",""page number"":55,""bounding box"":[393.67,189.561,468.49,211.921],""row number"":2,""column number"":5,""row span"":1,""column span"":1,""kids"":[{""type"":""paragraph"",""pdfua_tag"":""P"",""id"":3048,""page number"":55,""bounding box"":[393.67,189.561,468.49,211.921],""font"":null,""font size"":9.96,""text color"":""[0.0]"",""content"":""8%""}]},{""type"":""table cell"",""pdfua_tag"":""TD"",""page number"":55,""bounding box"":[468.49,189.561,543.309,211.921],""row number"":2,""column number"":6,""row span"":1,""column span"":1,""kids"":[{""type"":""paragraph"",""pdfua_tag"":""P"",""id"":3049,""page number"":55,""bounding box"":[468.49,189.561,543.309,211.921],""font"":null,""font size"":9.96,""text color"":""[0.0]"",""content"":""10%""}]}]},{""type"":""table row"",""row number"":3,""cells"":[{""type"":""table cell"",""pdfua_tag"":""TD"",""page number"":55,""bounding box"":[94.391,167.202,169.21,189.561],""row number"":3,""column number"":1,""row span"":1,""column span"":1,""kids"":[{""type"":""paragraph"",""pdfua_tag"":""P"",""id"":3050,""page number"":55,""bounding box"":[94.391,167.202,169.21,189.561],""font"":null,""font size"":11.04,""text color"":""[0.0]"",""content"":""준주거지역 변경""}]},{""type"":""table cell"",""pdfua_tag"":""TD"",""page number"":55,""bounding box"":[169.21,167.202,244.03,189.561],""row number"":3,""column number"":2,""row span"":1,""column span"":1,""kids"":[{""type"":""paragraph"",""pdfua_tag"":""P"",""id"":3051,""page number"":55,""bounding box"":[169.21,167.202,244.03,189.561],""font"":null,""font size"":9.96,""text color"":""[0.0]"",""content"":""3%""}]},{""type"":""table cell"",""pdfua_tag"":""TD"",""page number"":55,""bounding box"":[244.03,167.202,318.85,189.561],""row number"":3,""column number"":3,""row span"":1,""column span"":1,""kids"":[{""type"":""paragraph"",""pdfua_tag"":""P"",""id"":3052,""page number"":55,""bounding box"":[244.03,167.202,318.85,189.561],""font"":null,""font size"":9.96,""text color"":""[0.0]"",""content"":""6%""}]},{""type"":""table cell"",""pdfua_tag"":""TD"",""page number"":55,""bounding box"":[318.85,167.202,393.67,189.561],""row number"":3,""column number"":4,""row span"":1,""column span"":1,""kids"":[{""type"":""paragraph"",""pdfua_tag"":""P"",""id"":3053,""page number"":55,""bounding box"":[318.85,167.202,393.67,189.561],""font"":null,""font size"":9.96,""text color"":""[0.0]"",""content"":""9%""}]},{""type"":""table cell"",""pdfua_tag"":""TD"",""page number"":55,""bounding box"":[393.67,167.202,468.49,189.561],""row number"":3,""column number"":5,""row span"":1,""column span"":1,""kids"":[{""type"":""paragraph"",""pdfua_tag"":""P"",""id"":3054,""page number"":55,""bounding box"":[393.67,167.202,468.49,189.561],""font"":null,""font size"":9.96,""text color"":""[0.0]"",""content"":""12%""}]},{""type"":""table cell"",""pdfua_tag"":""TD"",""page number"":55,""bounding box"":[468.49,167.202,543.309,189.561],""row number"":3,""column number"":6,""row span"":1,""column span"":1,""kids"":[{""type"":""paragraph"",""pdfua_tag"":""P"",""id"":3055,""page number"":55,""bounding box"":[468.49,167.202,543.309,189.561],""font"":null,""font size"":9.96,""text color"":""[0.0]"",""content"":""15%""}]}]},{""type"":""table row"",""row number"":4,""cells"":[{""type"":""table cell"",""pdfua_tag"":""TD"",""page number"":55,""bounding box"":[94.391,144.842,169.21,167.202],""row number"":4,""column number"":1,""row span"":1,""column span"":1,""kids"":[{""type"":""paragraph"",""pdfua_tag"":""P"",""id"":3056,""page number"":55,""bounding box"":[94.391,144.842,169.21,167.202],""font"":null,""font size"":11.04,""text color"":""[0.0]"",""content"":""상업지역 변경""}]},{""type"":""table cell"",""pdfua_tag"":""TD"",""page number"":55,""bounding box"":[169.21,144.842,244.03,167.202],""row number"":4,""column number"":2,""row span"":1,""column span"":1,""kids"":[{""type"":""paragraph"",""pdfua_tag"":""P"",""id"":3057,""page number"":55,""bounding box"":[169.21,144.842,244.03,167.202],""font"":null,""font size"":9.96,""text color"":""[0.0]"",""content"":""5%""}]},{""type"":""table cell"",""pdfua_tag"":""TD"",""page number"":55,""bounding box"":[244.03,144.842,318.85,167.202],""row number"":4,""column number"":3,""row span"":1,""column span"":1,""kids"":[{""type"":""paragraph"",""pdfua_tag"":""P"",""id"":3058,""page number"":55,""bounding box"":[244.03,144.842,318.85,167.202],""font"":null,""font size"":9.96,""text color"":""[0.0]"",""content"":""10%""}]},{""type"":""table cell"",""pdfua_tag"":""TD"",""page number"":55,""bounding box"":[318.85,144.842,393.67,167.202],""row number"":4,""column number"":4,""row span"":1,""column span"":1,""kids"":[{""type"":""paragraph"",""pdfua_tag"":""P"",""id"":3059,""page number"":55,""bounding box"":[318.85,144.842,393.67,167.202],""font"":null,""font size"":9.96,""text color"":""[0.0]"",""content"":""15%""}]},{""type"":""table cell"",""pdfua_tag"":""TD"",""page number"":55,""bounding box"":[393.67,144.842,468.49,167.202],""row number"":4,""column number"":5,""row span"":1,""column span"":1,""kids"":[{""type"":""paragraph"",""pdfua_tag"":""P"",""id"":3060,""page number"":55,""bounding box"":[393.67,144.842,468.49,167.202],""font"":null,""font size"":9.96,""text color"":""[0.0]"",""content"":""20%""}]},{""type"":""table cell"",""pdfua_tag"":""TD"",""page number"":55,""bounding box"":[468.49,144.842,543.309,167.202],""row number"":4,""column number"":6,""row span"":1,""column span"":1,""kids"":[{""type"":""paragraph"",""pdfua_tag"":""P"",""id"":3061,""page number"":55,""bounding box"":[468.49,144.842,543.309,167.202],""font"":null,""font size"":9.96,""text color"":""[0.0]"",""content"":""25%""}]}]}]",law-1_p055_LAW1-T025.png,94.391,144.842,543.309,234.281,자동 추출,
LAW1-T026,LAW1,LAW1-4_3_1,58,58,LAW1-4_3_1 표 26,9,3,"용도지역 변경 전 준주거지역, | 변경 기준(인접 및 도로 기준) | 용도지역 변경 후
제2 · 3종일반주거지역 | 이하의 도로를 사이에 두고 접한 경우 폭 20m 이상 간선도로변 | 준주거지역
일반(근린)상업지역이 있는 역세권등 * 관련위원회가 인정하는 경우
2,000 ㎡ 이상으로서 관련위원회가 인정하는 경우
또는 근린상업지역과 직접 접하거나 20m 이하의 도로를 사이에 두고 접한
제2·3종일반주거지역, 준주거지역 | 노선상업지역 20% 이상 (관련 위원회가 인정시 예외 적용) | 일반상업지역
제2·3종일반주거지역, 준주거지역 일반 | 또는 근린상업지역이 있는 역세권등 * , 폭 20m 이상 간선도로변 | 일반 혹은 근린상업지역
제2종일반주거지역 | 일반 또는 근린상업지역과 직접 (관련 위원회 자문 통해 인정) | 일반 혹은 근린상업지역
근린상업지역 중심지 | 역세권등 * 의 폭 20m 이상 간선도로변 | 일반상업지역","<table><tr><td>용도지역 변경 전 준주거지역,</td><td>변경 기준(인접 및 도로 기준)</td><td>용도지역 변경 후</td></tr><tr><td rowspan=""4"">제2 · 3종일반주거지역</td><td>이하의 도로를 사이에 두고 접한 경우 폭 20m 이상 간선도로변</td><td rowspan=""4"">준주거지역</td></tr><tr><td>일반(근린)상업지역이 있는 역세권등 * 관련위원회가 인정하는 경우</td></tr><tr><td>2,000 ㎡ 이상으로서 관련위원회가 인정하는 경우</td></tr><tr><td>또는 근린상업지역과 직접 접하거나 20m 이하의 도로를 사이에 두고 접한</td></tr><tr><td>제2·3종일반주거지역, 준주거지역</td><td>노선상업지역 20% 이상 (관련 위원회가 인정시 예외 적용)</td><td>일반상업지역</td></tr><tr><td>제2·3종일반주거지역, 준주거지역 일반</td><td>또는 근린상업지역이 있는 역세권등 * , 폭 20m 이상 간선도로변</td><td>일반 혹은 근린상업지역</td></tr><tr><td>제2종일반주거지역</td><td>일반 또는 근린상업지역과 직접 (관련 위원회 자문 통해 인정)</td><td>일반 혹은 근린상업지역</td></tr><tr><td>근린상업지역 중심지</td><td>역세권등 * 의 폭 20m 이상 간선도로변</td><td>일반상업지역</td></tr></table>","[{""type"":""table row"",""row number"":1,""cells"":[{""type"":""table cell"",""pdfua_tag"":""TH"",""page number"":58,""bounding box"":[89.904,722.818,241.024,753.428],""row number"":1,""column number"":1,""row span"":1,""column span"":1,""is_header"":true,""kids"":[{""type"":""paragraph"",""pdfua_tag"":""P"",""id"":3063,""page number"":58,""bounding box"":[89.904,722.818,241.024,753.428],""font"":null,""font size"":9.0,""text color"":""[0.0]"",""content"":""용도지역 변경 전 준주거지역,""}]},{""type"":""table cell"",""pdfua_tag"":""TH"",""page number"":58,""bounding box"":[241.024,722.818,392.144,753.428],""row number"":1,""column number"":2,""row span"":1,""column span"":1,""is_header"":true,""kids"":[{""type"":""paragraph"",""pdfua_tag"":""P"",""id"":3064,""page number"":58,""bounding box"":[241.024,722.818,392.144,753.428],""font"":null,""font size"":12.0,""content"":""변경 기준(인접 및 도로 기준)""}]},{""type"":""table cell"",""pdfua_tag"":""TH"",""page number"":58,""bounding box"":[392.144,722.818,543.263,753.428],""row number"":1,""column number"":3,""row span"":1,""column span"":1,""is_header"":true,""kids"":[{""type"":""paragraph"",""pdfua_tag"":""P"",""id"":3065,""page number"":58,""bounding box"":[392.144,722.818,543.263,753.428],""font"":null,""font size"":9.0,""text color"":""[0.0]"",""content"":""용도지역 변경 후""}]}]},{""type"":""table row"",""row number"":2,""cells"":[{""type"":""table cell"",""pdfua_tag"":""TD"",""page number"":58,""bounding box"":[89.904,600.38,241.024,722.818],""row number"":2,""column number"":1,""row span"":4,""column span"":1,""kids"":[{""type"":""paragraph"",""pdfua_tag"":""P"",""id"":3066,""page number"":58,""bounding box"":[89.904,600.38,241.024,722.818],""font"":null,""font size"":12.0,""content"":""제2 · 3종일반주거지역""}]},{""type"":""table cell"",""pdfua_tag"":""TD"",""page number"":58,""bounding box"":[241.024,692.208,392.144,722.818],""row number"":2,""column number"":2,""row span"":1,""column span"":1,""kids"":[{""type"":""paragraph"",""pdfua_tag"":""P"",""id"":3067,""page number"":58,""bounding box"":[241.024,692.208,392.144,722.818],""font"":null,""font size"":9.0,""text color"":""[0.0]"",""content"":""이하의 도로를 사이에 두고 접한 경우 폭 20m 이상 간선도로변""}]},{""type"":""table cell"",""pdfua_tag"":""TD"",""page number"":58,""bounding box"":[392.144,600.38,543.263,722.818],""row number"":2,""column number"":3,""row span"":4,""column span"":1,""kids"":[{""type"":""paragraph"",""pdfua_tag"":""P"",""id"":3068,""page number"":58,""bounding box"":[392.144,600.38,543.263,722.818],""font"":null,""font size"":12.0,""content"":""준주거지역""}]}]},{""type"":""table row"",""row number"":3,""cells"":[{""type"":""table cell"",""pdfua_tag"":""TD"",""page number"":58,""bounding box"":[241.024,661.599,392.144,692.208],""row number"":3,""column number"":2,""row span"":1,""column span"":1,""kids"":[{""type"":""paragraph"",""pdfua_tag"":""P"",""id"":3069,""page number"":58,""bounding box"":[241.024,661.599,392.144,692.208],""font"":null,""font size"":9.0,""text color"":""[0.0]"",""content"":""일반(근린)상업지역이 있는 역세권등 * 관련위원회가 인정하는 경우""}]}]},{""type"":""table row"",""row number"":4,""cells"":[{""type"":""table cell"",""pdfua_tag"":""TD"",""page number"":58,""bounding box"":[241.024,630.989,392.144,661.599],""row number"":4,""column number"":2,""row span"":1,""column span"":1,""kids"":[{""type"":""paragraph"",""pdfua_tag"":""P"",""id"":3070,""page number"":58,""bounding box"":[241.024,630.989,392.144,661.599],""font"":null,""font size"":12.0,""content"":""2,000 ㎡ 이상으로서 관련위원회가 인정하는 경우""}]}]},{""type"":""table row"",""row number"":5,""cells"":[{""type"":""table cell"",""pdfua_tag"":""TD"",""page number"":58,""bounding box"":[241.024,600.38,392.144,630.989],""row number"":5,""column number"":2,""row span"":1,""column span"":1,""kids"":[{""type"":""paragraph"",""pdfua_tag"":""P"",""id"":3071,""page number"":58,""bounding box"":[241.024,600.38,392.144,630.989],""font"":null,""font size"":9.0,""text color"":""[0.0]"",""content"":""또는 근린상업지역과 직접 접하거나 20m 이하의 도로를 사이에 두고 접한""}]}]},{""type"":""table row"",""row number"":6,""cells"":[{""type"":""table cell"",""pdfua_tag"":""TD"",""page number"":58,""bounding box"":[89.904,569.77,241.024,600.38],""row number"":6,""column number"":1,""row span"":1,""column span"":1,""kids"":[{""type"":""paragraph"",""pdfua_tag"":""P"",""id"":3072,""page number"":58,""bounding box"":[89.904,569.77,241.024,600.38],""font"":null,""font size"":9.0,""text color"":""[0.0]"",""content"":""제2·3종일반주거지역, 준주거지역""}]},{""type"":""table cell"",""pdfua_tag"":""TD"",""page number"":58,""bounding box"":[241.024,569.77,392.144,600.38],""row number"":6,""column number"":2,""row span"":1,""column span"":1,""kids"":[{""type"":""paragraph"",""pdfua_tag"":""P"",""id"":3073,""page number"":58,""bounding box"":[241.024,569.77,392.144,600.38],""font"":null,""font size"":9.0,""text color"":""[0.0]"",""content"":""노선상업지역 20% 이상 (관련 위원회가 인정시 예외 적용)""}]},{""type"":""table cell"",""pdfua_tag"":""TD"",""page number"":58,""bounding box"":[392.144,569.77,543.263,600.38],""row number"":6,""column number"":3,""row span"":1,""column span"":1,""kids"":[{""type"":""paragraph"",""pdfua_tag"":""P"",""id"":3074,""page number"":58,""bounding box"":[392.144,569.77,543.263,600.38],""font"":null,""font size"":9.0,""text color"":""[0.0]"",""content"":""일반상업지역""}]}]},{""type"":""table row"",""row number"":7,""cells"":[{""type"":""table cell"",""pdfua_tag"":""TD"",""page number"":58,""bounding box"":[89.904,539.16,241.024,569.77],""row number"":7,""column number"":1,""row span"":1,""column span"":1,""kids"":[{""type"":""paragraph"",""pdfua_tag"":""P"",""id"":3075,""page number"":58,""bounding box"":[89.904,539.16,241.024,569.77],""font"":null,""font size"":9.0,""text color"":""[0.0]"",""content"":""제2·3종일반주거지역, 준주거지역 일반""}]},{""type"":""table cell"",""pdfua_tag"":""TD"",""page number"":58,""bounding box"":[241.024,539.16,392.144,569.77],""row number"":7,""column number"":2,""row span"":1,""column span"":1,""kids"":[{""type"":""paragraph"",""pdfua_tag"":""P"",""id"":3076,""page number"":58,""bounding box"":[241.024,539.16,392.144,569.77],""font"":null,""font size"":9.0,""text color"":""[0.0]"",""content"":""또는 근린상업지역이 있는 역세권등 * , 폭 20m 이상 간선도로변""}]},{""type"":""table cell"",""pdfua_tag"":""TD"",""page number"":58,""bounding box"":[392.144,539.16,543.263,569.77],""row number"":7,""column number"":3,""row span"":1,""column span"":1,""kids"":[{""type"":""paragraph"",""pdfua_tag"":""P"",""id"":3077,""page number"":58,""bounding box"":[392.144,539.16,543.263,569.77],""font"":null,""font size"":9.0,""text color"":""[0.0]"",""content"":""일반 혹은 근린상업지역""}]}]},{""type"":""table row"",""row number"":8,""cells"":[{""type"":""table cell"",""pdfua_tag"":""TD"",""page number"":58,""bounding box"":[89.904,508.551,241.024,539.16],""row number"":8,""column number"":1,""row span"":1,""column span"":1,""kids"":[{""type"":""paragraph"",""pdfua_tag"":""P"",""id"":3078,""page number"":58,""bounding box"":[89.904,508.551,241.024,539.16],""font"":null,""font size"":9.0,""text color"":""[0.0]"",""content"":""제2종일반주거지역""}]},{""type"":""table cell"",""pdfua_tag"":""TD"",""page number"":58,""bounding box"":[241.024,508.551,392.144,539.16],""row number"":8,""column number"":2,""row span"":1,""column span"":1,""kids"":[{""type"":""paragraph"",""pdfua_tag"":""P"",""id"":3079,""page number"":58,""bounding box"":[241.024,508.551,392.144,539.16],""font"":null,""font size"":9.0,""text color"":""[0.0]"",""content"":""일반 또는 근린상업지역과 직접 (관련 위원회 자문 통해 인정)""}]},{""type"":""table cell"",""pdfua_tag"":""TD"",""page number"":58,""bounding box"":[392.144,508.551,543.263,539.16],""row number"":8,""column number"":3,""row span"":1,""column span"":1,""kids"":[{""type"":""paragraph"",""pdfua_tag"":""P"",""id"":3080,""page number"":58,""bounding box"":[392.144,508.551,543.263,539.16],""font"":null,""font size"":9.0,""text color"":""[0.0]"",""content"":""일반 혹은 근린상업지역""}]}]},{""type"":""table row"",""row number"":9,""cells"":[{""type"":""table cell"",""pdfua_tag"":""TD"",""page number"":58,""bounding box"":[89.904,477.941,241.024,508.551],""row number"":9,""column number"":1,""row span"":1,""column span"":1,""kids"":[{""type"":""paragraph"",""pdfua_tag"":""P"",""id"":3081,""page number"":58,""bounding box"":[89.904,477.941,241.024,508.551],""font"":null,""font size"":9.0,""text color"":""[0.0]"",""content"":""근린상업지역 중심지""}]},{""type"":""table cell"",""pdfua_tag"":""TD"",""page number"":58,""bounding box"":[241.024,477.941,392.144,508.551],""row number"":9,""column number"":2,""row span"":1,""column span"":1,""kids"":[{""type"":""paragraph"",""pdfua_tag"":""P"",""id"":3082,""page number"":58,""bounding box"":[241.024,477.941,392.144,508.551],""font"":null,""font size"":9.0,""text color"":""[0.0]"",""content"":""역세권등 * 의 폭 20m 이상 간선도로변""}]},{""type"":""table cell"",""pdfua_tag"":""TD"",""page number"":58,""bounding box"":[392.144,477.941,543.263,508.551],""row number"":9,""column number"":3,""row span"":1,""column span"":1,""kids"":[{""type"":""paragraph"",""pdfua_tag"":""P"",""id"":3083,""page number"":58,""bounding box"":[392.144,477.941,543.263,508.551],""font"":null,""font size"":9.0,""text color"":""[0.0]"",""content"":""일반상업지역""}]}]}]",law-1_p058_LAW1-T026.png,89.904,477.941,543.263,753.428,자동 추출,
LAW1-T027,LAW1,LAW1-4_4_1,65,65,LAW1-4_4_1 표 27,7,13,"현재 | 용도지역 | 자연녹지 지역 | 1종일반 제 | 2종일반 주거지역 제 | 3종일반 주거지역 | 제2종일반 주거지역 제 | 3종일반 주거지역 | 준주거 지역 제 | 2종일반 주거지역 제 | 3종일반 주거지역 | 준주거 지역 | 근린상업 지역
변경 용도지역 | 제2종일반 주거지역 | 준주거지역 | 근린상업지역 | 일반상업지역
기본용적률 | 200% | 400% | 540% | 680% | 700%
공공기여율 30% | 30% | 10% | 15% | 10% | 25% | 20% | 10% | 30% | 25% | 20% | 10%
상한용적률 | 250% | 500% | 900% | 1,300%
용도별 비율 | 주거 | - | 85%이상 | 80% 이상
비주거 | - | - | 10% 이상 (가로변 비주거 설치 의무)","<table><tr><td>현재</td><td>용도지역</td><td>자연녹지 지역</td><td>1종일반 제</td><td>2종일반 주거지역 제</td><td>3종일반 주거지역</td><td>제2종일반 주거지역 제</td><td>3종일반 주거지역</td><td>준주거 지역 제</td><td>2종일반 주거지역 제</td><td>3종일반 주거지역</td><td>준주거 지역</td><td>근린상업 지역</td></tr><tr><td colspan=""2"">변경 용도지역</td><td colspan=""2"">제2종일반 주거지역</td><td colspan=""2"">준주거지역</td><td colspan=""3"">근린상업지역</td><td colspan=""4"">일반상업지역</td></tr><tr><td colspan=""2"">기본용적률</td><td colspan=""2"">200%</td><td colspan=""2"">400%</td><td colspan=""3"">540%</td><td colspan=""3"">680%</td><td>700%</td></tr><tr><td colspan=""2"">공공기여율 30%</td><td>30%</td><td>10%</td><td>15%</td><td>10%</td><td>25%</td><td>20%</td><td>10%</td><td>30%</td><td>25%</td><td>20%</td><td>10%</td></tr><tr><td colspan=""2"">상한용적률</td><td colspan=""2"">250%</td><td colspan=""2"">500%</td><td colspan=""3"">900%</td><td colspan=""4"">1,300%</td></tr><tr><td rowspan=""2"">용도별 비율</td><td>주거</td><td colspan=""2"">-</td><td colspan=""2"">85%이상</td><td colspan=""7"">80% 이상</td></tr><tr><td>비주거</td><td colspan=""2"">-</td><td colspan=""2"">-</td><td colspan=""7"">10% 이상 (가로변 비주거 설치 의무)</td></tr></table>","[{""type"":""table row"",""row number"":1,""cells"":[{""type"":""table cell"",""pdfua_tag"":""TH"",""page number"":65,""bounding box"":[55.163,704.333,92.701,727.097],""row number"":1,""column number"":1,""row span"":1,""column span"":1,""is_header"":true,""kids"":[{""type"":""paragraph"",""pdfua_tag"":""P"",""id"":3085,""page number"":65,""bounding box"":[55.163,704.333,92.701,727.097],""font"":null,""font size"":12.0,""content"":""현재""}]},{""type"":""table cell"",""pdfua_tag"":""TH"",""page number"":65,""bounding box"":[92.701,704.333,130.24,727.097],""row number"":1,""column number"":2,""row span"":1,""column span"":1,""is_header"":true,""kids"":[{""type"":""paragraph"",""pdfua_tag"":""P"",""id"":3086,""page number"":65,""bounding box"":[92.701,704.333,130.24,727.097],""font"":null,""font size"":12.0,""content"":""용도지역""}]},{""type"":""table cell"",""pdfua_tag"":""TH"",""page number"":65,""bounding box"":[130.24,704.333,167.778,727.097],""row number"":1,""column number"":3,""row span"":1,""column span"":1,""is_header"":true,""kids"":[{""type"":""paragraph"",""pdfua_tag"":""P"",""id"":3087,""page number"":65,""bounding box"":[130.24,704.333,167.778,727.097],""font"":null,""font size"":12.0,""content"":""자연녹지 지역""}]},{""type"":""table cell"",""pdfua_tag"":""TH"",""page number"":65,""bounding box"":[167.778,704.333,205.316,727.097],""row number"":1,""column number"":4,""row span"":1,""column span"":1,""is_header"":true,""kids"":[{""type"":""paragraph"",""pdfua_tag"":""P"",""id"":3088,""page number"":65,""bounding box"":[167.778,704.333,205.316,727.097],""font"":null,""font size"":9.0,""text color"":""[0.0]"",""content"":""1종일반 제""}]},{""type"":""table cell"",""pdfua_tag"":""TH"",""page number"":65,""bounding box"":[205.316,704.333,242.855,727.097],""row number"":1,""column number"":5,""row span"":1,""column span"":1,""is_header"":true,""kids"":[{""type"":""paragraph"",""pdfua_tag"":""P"",""id"":3089,""page number"":65,""bounding box"":[205.316,704.333,242.855,727.097],""font"":null,""font size"":9.0,""text color"":""[0.0]"",""content"":""2종일반 주거지역 제""}]},{""type"":""table cell"",""pdfua_tag"":""TH"",""page number"":65,""bounding box"":[242.855,704.333,280.393,727.097],""row number"":1,""column number"":6,""row span"":1,""column span"":1,""is_header"":true,""kids"":[{""type"":""paragraph"",""pdfua_tag"":""P"",""id"":3090,""page number"":65,""bounding box"":[242.855,704.333,280.393,727.097],""font"":null,""font size"":9.0,""text color"":""[0.0]"",""content"":""3종일반 주거지역""}]},{""type"":""table cell"",""pdfua_tag"":""TH"",""page number"":65,""bounding box"":[280.393,704.333,317.932,727.097],""row number"":1,""column number"":7,""row span"":1,""column span"":1,""is_header"":true,""kids"":[{""type"":""paragraph"",""pdfua_tag"":""P"",""id"":3091,""page number"":65,""bounding box"":[280.393,704.333,317.932,727.097],""font"":null,""font size"":9.0,""text color"":""[0.0]"",""content"":""제2종일반 주거지역 제""}]},{""type"":""table cell"",""pdfua_tag"":""TH"",""page number"":65,""bounding box"":[317.932,704.333,355.47,727.097],""row number"":1,""column number"":8,""row span"":1,""column span"":1,""is_header"":true,""kids"":[{""type"":""paragraph"",""pdfua_tag"":""P"",""id"":3092,""page number"":65,""bounding box"":[317.932,704.333,355.47,727.097],""font"":null,""font size"":9.0,""text color"":""[0.0]"",""content"":""3종일반 주거지역""}]},{""type"":""table cell"",""pdfua_tag"":""TH"",""page number"":65,""bounding box"":[355.47,704.333,393.008,727.097],""row number"":1,""column number"":9,""row span"":1,""column span"":1,""is_header"":true,""kids"":[{""type"":""paragraph"",""pdfua_tag"":""P"",""id"":3093,""page number"":65,""bounding box"":[355.47,704.333,393.008,727.097],""font"":null,""font size"":9.0,""text color"":""[0.0]"",""content"":""준주거 지역 제""}]},{""type"":""table cell"",""pdfua_tag"":""TH"",""page number"":65,""bounding box"":[393.008,704.333,430.547,727.097],""row number"":1,""column number"":10,""row span"":1,""column span"":1,""is_header"":true,""kids"":[{""type"":""paragraph"",""pdfua_tag"":""P"",""id"":3094,""page number"":65,""bounding box"":[393.008,704.333,430.547,727.097],""font"":null,""font size"":9.0,""text color"":""[0.0]"",""content"":""2종일반 주거지역 제""}]},{""type"":""table cell"",""pdfua_tag"":""TH"",""page number"":65,""bounding box"":[430.547,704.333,468.085,727.097],""row number"":1,""column number"":11,""row span"":1,""column span"":1,""is_header"":true,""kids"":[{""type"":""paragraph"",""pdfua_tag"":""P"",""id"":3095,""page number"":65,""bounding box"":[430.547,704.333,468.085,727.097],""font"":null,""font size"":9.0,""text color"":""[0.0]"",""content"":""3종일반 주거지역""}]},{""type"":""table cell"",""pdfua_tag"":""TH"",""page number"":65,""bounding box"":[468.085,704.333,505.623,727.097],""row number"":1,""column number"":12,""row span"":1,""column span"":1,""is_header"":true,""kids"":[{""type"":""paragraph"",""pdfua_tag"":""P"",""id"":3096,""page number"":65,""bounding box"":[468.085,704.333,505.623,727.097],""font"":null,""font size"":9.0,""text color"":""[0.0]"",""content"":""준주거 지역""}]},{""type"":""table cell"",""pdfua_tag"":""TH"",""page number"":65,""bounding box"":[505.623,704.333,543.162,727.097],""row number"":1,""column number"":13,""row span"":1,""column span"":1,""is_header"":true,""kids"":[{""type"":""paragraph"",""pdfua_tag"":""P"",""id"":3097,""page number"":65,""bounding box"":[505.623,704.333,543.162,727.097],""font"":null,""font size"":9.0,""text color"":""[0.0]"",""content"":""근린상업 지역""}]}]},{""type"":""table row"",""row number"":2,""cells"":[{""type"":""table cell"",""pdfua_tag"":""TD"",""page number"":65,""bounding box"":[55.163,681.57,130.24,704.333],""row number"":2,""column number"":1,""row span"":1,""column span"":2,""kids"":[{""type"":""paragraph"",""pdfua_tag"":""P"",""id"":3098,""page number"":65,""bounding box"":[55.163,681.57,130.24,704.333],""font"":null,""font size"":9.0,""text color"":""[0.0]"",""content"":""변경 용도지역""}]},{""type"":""table cell"",""pdfua_tag"":""TD"",""page number"":65,""bounding box"":[130.24,681.57,205.316,704.333],""row number"":2,""column number"":3,""row span"":1,""column span"":2,""kids"":[{""type"":""paragraph"",""pdfua_tag"":""P"",""id"":3099,""page number"":65,""bounding box"":[130.24,681.57,205.316,704.333],""font"":null,""font size"":9.0,""text color"":""[0.0]"",""content"":""제2종일반 주거지역""}]},{""type"":""table cell"",""pdfua_tag"":""TD"",""page number"":65,""bounding box"":[205.316,681.57,280.393,704.333],""row number"":2,""column number"":5,""row span"":1,""column span"":2,""kids"":[{""type"":""paragraph"",""pdfua_tag"":""P"",""id"":3100,""page number"":65,""bounding box"":[205.316,681.57,280.393,704.333],""font"":null,""font size"":9.0,""text color"":""[0.0]"",""content"":""준주거지역""}]},{""type"":""table cell"",""pdfua_tag"":""TD"",""page number"":65,""bounding box"":[280.393,681.57,393.008,704.333],""row number"":2,""column number"":7,""row span"":1,""column span"":3,""kids"":[{""type"":""paragraph"",""pdfua_tag"":""P"",""id"":3101,""page number"":65,""bounding box"":[280.393,681.57,393.008,704.333],""font"":null,""font size"":9.0,""text color"":""[0.0]"",""content"":""근린상업지역""}]},{""type"":""table cell"",""pdfua_tag"":""TD"",""page number"":65,""bounding box"":[393.008,681.57,543.162,704.333],""row number"":2,""column number"":10,""row span"":1,""column span"":4,""kids"":[{""type"":""paragraph"",""pdfua_tag"":""P"",""id"":3102,""page number"":65,""bounding box"":[393.008,681.57,543.162,704.333],""font"":null,""font size"":9.0,""text color"":""[0.0]"",""content"":""일반상업지역""}]}]},{""type"":""table row"",""row number"":3,""cells"":[{""type"":""table cell"",""pdfua_tag"":""TD"",""page number"":65,""bounding box"":[55.163,658.807,130.24,681.57],""row number"":3,""column number"":1,""row span"":1,""column span"":2,""kids"":[{""type"":""paragraph"",""pdfua_tag"":""P"",""id"":3103,""page number"":65,""bounding box"":[55.163,658.807,130.24,681.57],""font"":null,""font size"":9.0,""text color"":""[0.0]"",""content"":""기본용적률""}]},{""type"":""table cell"",""pdfua_tag"":""TD"",""page number"":65,""bounding box"":[130.24,658.807,205.316,681.57],""row number"":3,""column number"":3,""row span"":1,""column span"":2,""kids"":[{""type"":""paragraph"",""pdfua_tag"":""P"",""id"":3104,""page number"":65,""bounding box"":[130.24,658.807,205.316,681.57],""font"":null,""font size"":9.0,""text color"":""[0.0]"",""content"":""200%""}]},{""type"":""table cell"",""pdfua_tag"":""TD"",""page number"":65,""bounding box"":[205.316,658.807,280.393,681.57],""row number"":3,""column number"":5,""row span"":1,""column span"":2,""kids"":[{""type"":""paragraph"",""pdfua_tag"":""P"",""id"":3105,""page number"":65,""bounding box"":[205.316,658.807,280.393,681.57],""font"":null,""font size"":9.0,""text color"":""[0.0]"",""content"":""400%""}]},{""type"":""table cell"",""pdfua_tag"":""TD"",""page number"":65,""bounding box"":[280.393,658.807,393.008,681.57],""row number"":3,""column number"":7,""row span"":1,""column span"":3,""kids"":[{""type"":""paragraph"",""pdfua_tag"":""P"",""id"":3106,""page number"":65,""bounding box"":[280.393,658.807,393.008,681.57],""font"":null,""font size"":9.0,""text color"":""[0.0]"",""content"":""540%""}]},{""type"":""table cell"",""pdfua_tag"":""TD"",""page number"":65,""bounding box"":[393.008,658.807,505.623,681.57],""row number"":3,""column number"":10,""row span"":1,""column span"":3,""kids"":[{""type"":""paragraph"",""pdfua_tag"":""P"",""id"":3107,""page number"":65,""bounding box"":[393.008,658.807,505.623,681.57],""font"":null,""font size"":9.0,""text color"":""[0.0]"",""content"":""680%""}]},{""type"":""table cell"",""pdfua_tag"":""TD"",""page number"":65,""bounding box"":[505.623,658.807,543.162,681.57],""row number"":3,""column number"":13,""row span"":1,""column span"":1,""kids"":[{""type"":""paragraph"",""pdfua_tag"":""P"",""id"":3108,""page number"":65,""bounding box"":[505.623,658.807,543.162,681.57],""font"":null,""font size"":9.0,""text color"":""[0.0]"",""content"":""700%""}]}]},{""type"":""table row"",""row number"":4,""cells"":[{""type"":""table cell"",""pdfua_tag"":""TD"",""page number"":65,""bounding box"":[55.163,636.043,130.24,658.807],""row number"":4,""column number"":1,""row span"":1,""column span"":2,""kids"":[{""type"":""paragraph"",""pdfua_tag"":""P"",""id"":3109,""page number"":65,""bounding box"":[55.163,636.043,130.24,658.807],""font"":null,""font size"":9.0,""text color"":""[0.0]"",""content"":""공공기여율 30%""}]},{""type"":""table cell"",""pdfua_tag"":""TD"",""page number"":65,""bounding box"":[130.24,636.043,167.778,658.807],""row number"":4,""column number"":3,""row span"":1,""column span"":1,""kids"":[{""type"":""paragraph"",""pdfua_tag"":""P"",""id"":3110,""page number"":65,""bounding box"":[130.24,636.043,167.778,658.807],""font"":null,""font size"":12.0,""content"":""30%""}]},{""type"":""table cell"",""pdfua_tag"":""TD"",""page number"":65,""bounding box"":[167.778,636.043,205.316,658.807],""row number"":4,""column number"":4,""row span"":1,""column span"":1,""kids"":[{""type"":""paragraph"",""pdfua_tag"":""P"",""id"":3111,""page number"":65,""bounding box"":[167.778,636.043,205.316,658.807],""font"":null,""font size"":9.0,""text color"":""[0.0]"",""content"":""10%""}]},{""type"":""table cell"",""pdfua_tag"":""TD"",""page number"":65,""bounding box"":[205.316,636.043,242.855,658.807],""row number"":4,""column number"":5,""row span"":1,""column span"":1,""kids"":[{""type"":""paragraph"",""pdfua_tag"":""P"",""id"":3112,""page number"":65,""bounding box"":[205.316,636.043,242.855,658.807],""font"":null,""font size"":9.0,""text color"":""[0.0]"",""content"":""15%""}]},{""type"":""table cell"",""pdfua_tag"":""TD"",""page number"":65,""bounding box"":[242.855,636.043,280.393,658.807],""row number"":4,""column number"":6,""row span"":1,""column span"":1,""kids"":[{""type"":""paragraph"",""pdfua_tag"":""P"",""id"":3113,""page number"":65,""bounding box"":[242.855,636.043,280.393,658.807],""font"":null,""font size"":9.0,""text color"":""[0.0]"",""content"":""10%""}]},{""type"":""table cell"",""pdfua_tag"":""TD"",""page number"":65,""bounding box"":[280.393,636.043,317.932,658.807],""row number"":4,""column number"":7,""row span"":1,""column span"":1,""kids"":[{""type"":""paragraph"",""pdfua_tag"":""P"",""id"":3114,""page number"":65,""bounding box"":[280.393,636.043,317.932,658.807],""font"":null,""font size"":9.0,""text color"":""[0.0]"",""content"":""25%""}]},{""type"":""table cell"",""pdfua_tag"":""TD"",""page number"":65,""bounding box"":[317.932,636.043,355.47,658.807],""row number"":4,""column number"":8,""row span"":1,""column span"":1,""kids"":[{""type"":""paragraph"",""pdfua_tag"":""P"",""id"":3115,""page number"":65,""bounding box"":[317.932,636.043,355.47,658.807],""font"":null,""font size"":9.0,""text color"":""[0.0]"",""content"":""20%""}]},{""type"":""table cell"",""pdfua_tag"":""TD"",""page number"":65,""bounding box"":[355.47,636.043,393.008,658.807],""row number"":4,""column number"":9,""row span"":1,""column span"":1,""kids"":[{""type"":""paragraph"",""pdfua_tag"":""P"",""id"":3116,""page number"":65,""bounding box"":[355.47,636.043,393.008,658.807],""font"":null,""font size"":9.0,""text color"":""[0.0]"",""content"":""10%""}]},{""type"":""table cell"",""pdfua_tag"":""TD"",""page number"":65,""bounding box"":[393.008,636.043,430.547,658.807],""row number"":4,""column number"":10,""row span"":1,""column span"":1,""kids"":[{""type"":""paragraph"",""pdfua_tag"":""P"",""id"":3117,""page number"":65,""bounding box"":[393.008,636.043,430.547,658.807],""font"":null,""font size"":9.0,""text color"":""[0.0]"",""content"":""30%""}]},{""type"":""table cell"",""pdfua_tag"":""TD"",""page number"":65,""bounding box"":[430.547,636.043,468.085,658.807],""row number"":4,""column number"":11,""row span"":1,""column span"":1,""kids"":[{""type"":""paragraph"",""pdfua_tag"":""P"",""id"":3118,""page number"":65,""bounding box"":[430.547,636.043,468.085,658.807],""font"":null,""font size"":9.0,""text color"":""[0.0]"",""content"":""25%""}]},{""type"":""table cell"",""pdfua_tag"":""TD"",""page number"":65,""bounding box"":[468.085,636.043,505.623,658.807],""row number"":4,""column number"":12,""row span"":1,""column span"":1,""kids"":[{""type"":""paragraph"",""pdfua_tag"":""P"",""id"":3119,""page number"":65,""bounding box"":[468.085,636.043,505.623,658.807],""font"":null,""font size"":9.0,""text color"":""[0.0]"",""content"":""20%""}]},{""type"":""table cell"",""pdfua_tag"":""TD"",""page number"":65,""bounding box"":[505.623,636.043,543.162,658.807],""row number"":4,""column number"":13,""row span"":1,""column span"":1,""kids"":[{""type"":""paragraph"",""pdfua_tag"":""P"",""id"":3120,""page number"":65,""bounding box"":[505.623,636.043,543.162,658.807],""font"":null,""font size"":9.0,""text color"":""[0.0]"",""content"":""10%""}]}]},{""type"":""table row"",""row number"":5,""cells"":[{""type"":""table cell"",""pdfua_tag"":""TD"",""page number"":65,""bounding box"":[55.163,613.28,130.24,636.043],""row number"":5,""column number"":1,""row span"":1,""column span"":2,""kids"":[{""type"":""paragraph"",""pdfua_tag"":""P"",""id"":3121,""page number"":65,""bounding box"":[55.163,613.28,130.24,636.043],""font"":null,""font size"":9.0,""text color"":""[0.0]"",""content"":""상한용적률""}]},{""type"":""table cell"",""pdfua_tag"":""TD"",""page number"":65,""bounding box"":[130.24,613.28,205.316,636.043],""row number"":5,""column number"":3,""row span"":1,""column span"":2,""kids"":[{""type"":""paragraph"",""pdfua_tag"":""P"",""id"":3122,""page number"":65,""bounding box"":[130.24,613.28,205.316,636.043],""font"":null,""font size"":9.0,""text color"":""[0.0]"",""content"":""250%""}]},{""type"":""table cell"",""pdfua_tag"":""TD"",""page number"":65,""bounding box"":[205.316,613.28,280.393,636.043],""row number"":5,""column number"":5,""row span"":1,""column span"":2,""kids"":[{""type"":""paragraph"",""pdfua_tag"":""P"",""id"":3123,""page number"":65,""bounding box"":[205.316,613.28,280.393,636.043],""font"":null,""font size"":9.0,""text color"":""[0.0]"",""content"":""500%""}]},{""type"":""table cell"",""pdfua_tag"":""TD"",""page number"":65,""bounding box"":[280.393,613.28,393.008,636.043],""row number"":5,""column number"":7,""row span"":1,""column span"":3,""kids"":[{""type"":""paragraph"",""pdfua_tag"":""P"",""id"":3124,""page number"":65,""bounding box"":[280.393,613.28,393.008,636.043],""font"":null,""font size"":9.0,""text color"":""[0.0]"",""content"":""900%""}]},{""type"":""table cell"",""pdfua_tag"":""TD"",""page number"":65,""bounding box"":[393.008,613.28,543.162,636.043],""row number"":5,""column number"":10,""row span"":1,""column span"":4,""kids"":[{""type"":""paragraph"",""pdfua_tag"":""P"",""id"":3125,""page number"":65,""bounding box"":[393.008,613.28,543.162,636.043],""font"":null,""font size"":9.0,""text color"":""[0.0]"",""content"":""1,300%""}]}]},{""type"":""table row"",""row number"":6,""cells"":[{""type"":""table cell"",""pdfua_tag"":""TD"",""page number"":65,""bounding box"":[55.163,567.753,92.701,613.28],""row number"":6,""column number"":1,""row span"":2,""column span"":1,""kids"":[{""type"":""paragraph"",""pdfua_tag"":""P"",""id"":3126,""page number"":65,""bounding box"":[55.163,567.753,92.701,613.28],""font"":null,""font size"":9.0,""text color"":""[0.0]"",""content"":""용도별 비율""}]},{""type"":""table cell"",""pdfua_tag"":""TD"",""page number"":65,""bounding box"":[92.701,590.517,130.24,613.28],""row number"":6,""column number"":2,""row span"":1,""column span"":1,""kids"":[{""type"":""paragraph"",""pdfua_tag"":""P"",""id"":3127,""page number"":65,""bounding box"":[92.701,590.517,130.24,613.28],""font"":null,""font size"":9.0,""text color"":""[0.0]"",""content"":""주거""}]},{""type"":""table cell"",""pdfua_tag"":""TD"",""page number"":65,""bounding box"":[130.24,590.517,205.316,613.28],""row number"":6,""column number"":3,""row span"":1,""column span"":2,""kids"":[{""type"":""paragraph"",""pdfua_tag"":""P"",""id"":3128,""level"":""1"",""page number"":65,""bounding box"":[130.24,590.517,205.316,613.28],""font"":null,""font size"":9.0,""text color"":""[0.0]"",""content"":""-""}]},{""type"":""table cell"",""pdfua_tag"":""TD"",""page number"":65,""bounding box"":[205.316,590.517,280.393,613.28],""row number"":6,""column number"":5,""row span"":1,""column span"":2,""kids"":[{""type"":""paragraph"",""pdfua_tag"":""P"",""id"":3129,""page number"":65,""bounding box"":[205.316,590.517,280.393,613.28],""font"":null,""font size"":9.0,""text color"":""[0.0]"",""content"":""85%이상""}]},{""type"":""table cell"",""pdfua_tag"":""TD"",""page number"":65,""bounding box"":[280.393,590.517,543.162,613.28],""row number"":6,""column number"":7,""row span"":1,""column span"":7,""kids"":[{""type"":""paragraph"",""pdfua_tag"":""P"",""id"":3130,""page number"":65,""bounding box"":[280.393,590.517,543.162,613.28],""font"":null,""font size"":9.0,""text color"":""[0.0]"",""content"":""80% 이상""}]}]},{""type"":""table row"",""row number"":7,""cells"":[{""type"":""table cell"",""pdfua_tag"":""TD"",""page number"":65,""bounding box"":[92.701,567.753,130.24,590.517],""row number"":7,""column number"":2,""row span"":1,""column span"":1,""kids"":[{""type"":""paragraph"",""pdfua_tag"":""P"",""id"":3131,""page number"":65,""bounding box"":[92.701,567.753,130.24,590.517],""font"":null,""font size"":9.0,""text color"":""[0.0]"",""content"":""비주거""}]},{""type"":""table cell"",""pdfua_tag"":""TD"",""page number"":65,""bounding box"":[130.24,567.753,205.316,590.517],""row number"":7,""column number"":3,""row span"":1,""column span"":2,""kids"":[{""type"":""paragraph"",""pdfua_tag"":""P"",""id"":3132,""level"":""1"",""page number"":65,""bounding box"":[130.24,567.753,205.316,590.517],""font"":null,""font size"":9.0,""text color"":""[0.0]"",""content"":""-""}]},{""type"":""table cell"",""pdfua_tag"":""TD"",""page number"":65,""bounding box"":[205.316,567.753,280.393,590.517],""row number"":7,""column number"":5,""row span"":1,""column span"":2,""kids"":[{""type"":""paragraph"",""pdfua_tag"":""P"",""id"":3133,""level"":""1"",""page number"":65,""bounding box"":[205.316,567.753,280.393,590.517],""font"":null,""font size"":9.0,""text color"":""[0.0]"",""content"":""-""}]},{""type"":""table cell"",""pdfua_tag"":""TD"",""page number"":65,""bounding box"":[280.393,567.753,543.162,590.517],""row number"":7,""column number"":7,""row span"":1,""column span"":7,""kids"":[{""type"":""paragraph"",""pdfua_tag"":""P"",""id"":3134,""page number"":65,""bounding box"":[280.393,567.753,543.162,590.517],""font"":null,""font size"":9.0,""text color"":""[0.0]"",""content"":""10% 이상 (가로변 비주거 설치 의무)""}]}]}]",law-1_p065_LAW1-T027.png,55.163,567.753,543.162,727.097,자동 추출,
LAW1-T028,LAW1,LAW1-4_4_2,66,66,LAW1-4_4_2 표 28,6,10,"용도지역 | 준주거지역 500% | 준공업지역 | 근린상업지역 600% | 일반상업지역 800%
[( )는 역세권외 이면부 또는 서울도심 내] 상한 임대기간 | 500% (400%) | 400% | (500%) | 700% | 800% | (600%) | 900% | 1,000%
 | 임대기간 10년이상 임대기간 | 575 (400%) 600 (500%) | 400% | 900% | 1,300%
이면부) 기본 공공기여율 [( )는 역세권외 이면부 | (500%) 6% (4%) | 10~15% | 8% (6%) | 10% | 12% | 10% (8%) | 12% | 14%
또는 용도별 비율 | 주거 | 85% 이상 | 80% 이상
비주거 | - | 10% 이상 (가로변 비주거 설치 의무)","<table><tr><td colspan=""2"">용도지역</td><td>준주거지역 500%</td><td>준공업지역</td><td colspan=""3"">근린상업지역 600%</td><td colspan=""3"">일반상업지역 800%</td></tr><tr><td colspan=""2"">[( )는 역세권외 이면부 또는 서울도심 내] 상한 임대기간</td><td>500% (400%)</td><td>400%</td><td>(500%)</td><td>700%</td><td>800%</td><td>(600%)</td><td>900%</td><td>1,000%</td></tr><tr><td></td><td>임대기간 10년이상 임대기간</td><td>575 (400%) 600 (500%)</td><td>400%</td><td colspan=""3"">900%</td><td colspan=""3"">1,300%</td></tr><tr><td colspan=""2"">이면부) 기본 공공기여율 [( )는 역세권외 이면부</td><td>(500%) 6% (4%)</td><td>10~15%</td><td>8% (6%)</td><td>10%</td><td>12%</td><td>10% (8%)</td><td>12%</td><td>14%</td></tr><tr><td rowspan=""2"">또는 용도별 비율</td><td>주거</td><td colspan=""2"">85% 이상</td><td colspan=""6"">80% 이상</td></tr><tr><td>비주거</td><td colspan=""2"">-</td><td colspan=""6"">10% 이상 (가로변 비주거 설치 의무)</td></tr></table>","[{""type"":""table row"",""row number"":1,""cells"":[{""type"":""table cell"",""pdfua_tag"":""TH"",""page number"":66,""bounding box"":[51.452,216.894,148.776,243.609],""row number"":1,""column number"":1,""row span"":1,""column span"":2,""is_header"":true,""kids"":[{""type"":""paragraph"",""pdfua_tag"":""P"",""id"":3136,""page number"":66,""bounding box"":[51.452,216.894,148.776,243.609],""font"":null,""font size"":12.0,""content"":""용도지역""}]},{""type"":""table cell"",""pdfua_tag"":""TH"",""page number"":66,""bounding box"":[148.776,216.894,197.439,243.609],""row number"":1,""column number"":3,""row span"":1,""column span"":1,""is_header"":true,""kids"":[{""type"":""paragraph"",""pdfua_tag"":""P"",""id"":3137,""page number"":66,""bounding box"":[148.776,216.894,197.439,243.609],""font"":null,""font size"":9.0,""text color"":""[0.0]"",""content"":""준주거지역 500%""}]},{""type"":""table cell"",""pdfua_tag"":""TH"",""page number"":66,""bounding box"":[197.439,216.894,246.101,243.609],""row number"":1,""column number"":4,""row span"":1,""column span"":1,""is_header"":true,""kids"":[{""type"":""paragraph"",""pdfua_tag"":""P"",""id"":3138,""page number"":66,""bounding box"":[197.439,216.894,246.101,243.609],""font"":null,""font size"":9.0,""text color"":""[0.0]"",""content"":""준공업지역""}]},{""type"":""table cell"",""pdfua_tag"":""TH"",""page number"":66,""bounding box"":[246.101,216.894,392.087,243.609],""row number"":1,""column number"":5,""row span"":1,""column span"":3,""is_header"":true,""kids"":[{""type"":""paragraph"",""pdfua_tag"":""P"",""id"":3139,""page number"":66,""bounding box"":[246.101,216.894,392.087,243.609],""font"":null,""font size"":9.0,""text color"":""[0.0]"",""content"":""근린상업지역 600%""}]},{""type"":""table cell"",""pdfua_tag"":""TH"",""page number"":66,""bounding box"":[392.087,216.894,538.074,243.609],""row number"":1,""column number"":8,""row span"":1,""column span"":3,""is_header"":true,""kids"":[{""type"":""paragraph"",""pdfua_tag"":""P"",""id"":3140,""page number"":66,""bounding box"":[392.087,216.894,538.074,243.609],""font"":null,""font size"":9.0,""text color"":""[0.0]"",""content"":""일반상업지역 800%""}]}]},{""type"":""table row"",""row number"":2,""cells"":[{""type"":""table cell"",""pdfua_tag"":""TD"",""page number"":66,""bounding box"":[51.452,190.178,148.776,216.894],""row number"":2,""column number"":1,""row span"":1,""column span"":2,""kids"":[{""type"":""paragraph"",""pdfua_tag"":""P"",""id"":3141,""page number"":66,""bounding box"":[51.452,190.178,148.776,216.894],""font"":null,""font size"":9.0,""text color"":""[0.0]"",""content"":""[( )는 역세권외 이면부 또는 서울도심 내] 상한 임대기간""}]},{""type"":""table cell"",""pdfua_tag"":""TD"",""page number"":66,""bounding box"":[148.776,190.178,197.439,216.894],""row number"":2,""column number"":3,""row span"":1,""column span"":1,""kids"":[{""type"":""paragraph"",""pdfua_tag"":""P"",""id"":3142,""page number"":66,""bounding box"":[148.776,190.178,197.439,216.894],""font"":null,""font size"":12.0,""content"":""500% (400%)""}]},{""type"":""table cell"",""pdfua_tag"":""TD"",""page number"":66,""bounding box"":[197.439,190.178,246.101,216.894],""row number"":2,""column number"":4,""row span"":1,""column span"":1,""kids"":[{""type"":""paragraph"",""pdfua_tag"":""P"",""id"":3143,""page number"":66,""bounding box"":[197.439,190.178,246.101,216.894],""font"":null,""font size"":9.0,""text color"":""[0.0]"",""content"":""400%""}]},{""type"":""table cell"",""pdfua_tag"":""TD"",""page number"":66,""bounding box"":[246.101,190.178,294.763,216.894],""row number"":2,""column number"":5,""row span"":1,""column span"":1,""kids"":[{""type"":""paragraph"",""pdfua_tag"":""P"",""id"":3144,""page number"":66,""bounding box"":[246.101,190.178,294.763,216.894],""font"":null,""font size"":9.0,""text color"":""[0.0]"",""content"":""(500%)""}]},{""type"":""table cell"",""pdfua_tag"":""TD"",""page number"":66,""bounding box"":[294.763,190.178,343.425,216.894],""row number"":2,""column number"":6,""row span"":1,""column span"":1,""kids"":[{""type"":""paragraph"",""pdfua_tag"":""P"",""id"":3145,""page number"":66,""bounding box"":[294.763,190.178,343.425,216.894],""font"":null,""font size"":9.0,""text color"":""[0.0]"",""content"":""700%""}]},{""type"":""table cell"",""pdfua_tag"":""TD"",""page number"":66,""bounding box"":[343.425,190.178,392.087,216.894],""row number"":2,""column number"":7,""row span"":1,""column span"":1,""kids"":[{""type"":""paragraph"",""pdfua_tag"":""P"",""id"":3146,""page number"":66,""bounding box"":[343.425,190.178,392.087,216.894],""font"":null,""font size"":9.0,""text color"":""[0.0]"",""content"":""800%""}]},{""type"":""table cell"",""pdfua_tag"":""TD"",""page number"":66,""bounding box"":[392.087,190.178,440.75,216.894],""row number"":2,""column number"":8,""row span"":1,""column span"":1,""kids"":[{""type"":""paragraph"",""pdfua_tag"":""P"",""id"":3147,""page number"":66,""bounding box"":[392.087,190.178,440.75,216.894],""font"":null,""font size"":9.0,""text color"":""[0.0]"",""content"":""(600%)""}]},{""type"":""table cell"",""pdfua_tag"":""TD"",""page number"":66,""bounding box"":[440.75,190.178,489.412,216.894],""row number"":2,""column number"":9,""row span"":1,""column span"":1,""kids"":[{""type"":""paragraph"",""pdfua_tag"":""P"",""id"":3148,""page number"":66,""bounding box"":[440.75,190.178,489.412,216.894],""font"":null,""font size"":9.0,""text color"":""[0.0]"",""content"":""900%""}]},{""type"":""table cell"",""pdfua_tag"":""TD"",""page number"":66,""bounding box"":[489.412,190.178,538.074,216.894],""row number"":2,""column number"":10,""row span"":1,""column span"":1,""kids"":[{""type"":""paragraph"",""pdfua_tag"":""P"",""id"":3149,""page number"":66,""bounding box"":[489.412,190.178,538.074,216.894],""font"":null,""font size"":9.0,""text color"":""[0.0]"",""content"":""1,000%""}]}]},{""type"":""table row"",""row number"":3,""cells"":[{""type"":""table cell"",""pdfua_tag"":""TD"",""page number"":66,""bounding box"":[51.452,163.462,100.114,190.178],""row number"":3,""column number"":1,""row span"":1,""column span"":1,""kids"":[]},{""type"":""table cell"",""pdfua_tag"":""TD"",""page number"":66,""bounding box"":[100.114,163.462,148.776,190.178],""row number"":3,""column number"":2,""row span"":1,""column span"":1,""kids"":[{""type"":""paragraph"",""pdfua_tag"":""P"",""id"":3150,""page number"":66,""bounding box"":[100.114,163.462,148.776,190.178],""font"":null,""font size"":12.0,""content"":""임대기간 10년이상 임대기간""}]},{""type"":""table cell"",""pdfua_tag"":""TD"",""page number"":66,""bounding box"":[148.776,163.462,197.439,190.178],""row number"":3,""column number"":3,""row span"":1,""column span"":1,""kids"":[{""type"":""paragraph"",""pdfua_tag"":""P"",""id"":3151,""page number"":66,""bounding box"":[148.776,163.462,197.439,190.178],""font"":null,""font size"":12.0,""content"":""575 (400%) 600 (500%)""}]},{""type"":""table cell"",""pdfua_tag"":""TD"",""page number"":66,""bounding box"":[197.439,163.462,246.101,190.178],""row number"":3,""column number"":4,""row span"":1,""column span"":1,""kids"":[{""type"":""paragraph"",""pdfua_tag"":""P"",""id"":3152,""page number"":66,""bounding box"":[197.439,163.462,246.101,190.178],""font"":null,""font size"":9.0,""text color"":""[0.0]"",""content"":""400%""}]},{""type"":""table cell"",""pdfua_tag"":""TD"",""page number"":66,""bounding box"":[246.101,163.462,392.087,190.178],""row number"":3,""column number"":5,""row span"":1,""column span"":3,""kids"":[{""type"":""paragraph"",""pdfua_tag"":""P"",""id"":3153,""page number"":66,""bounding box"":[246.101,163.462,392.087,190.178],""font"":null,""font size"":9.0,""text color"":""[0.0]"",""content"":""900%""}]},{""type"":""table cell"",""pdfua_tag"":""TD"",""page number"":66,""bounding box"":[392.087,163.462,538.074,190.178],""row number"":3,""column number"":8,""row span"":1,""column span"":3,""kids"":[{""type"":""paragraph"",""pdfua_tag"":""P"",""id"":3154,""page number"":66,""bounding box"":[392.087,163.462,538.074,190.178],""font"":null,""font size"":9.0,""text color"":""[0.0]"",""content"":""1,300%""}]}]},{""type"":""table row"",""row number"":4,""cells"":[{""type"":""table cell"",""pdfua_tag"":""TD"",""page number"":66,""bounding box"":[51.452,136.746,148.776,163.462],""row number"":4,""column number"":1,""row span"":1,""column span"":2,""kids"":[{""type"":""paragraph"",""pdfua_tag"":""P"",""id"":3155,""page number"":66,""bounding box"":[51.452,136.746,148.776,163.462],""font"":null,""font size"":9.0,""text color"":""[0.0]"",""content"":""이면부) 기본 공공기여율 [( )는 역세권외 이면부""}]},{""type"":""table cell"",""pdfua_tag"":""TD"",""page number"":66,""bounding box"":[148.776,136.746,197.439,163.462],""row number"":4,""column number"":3,""row span"":1,""column span"":1,""kids"":[{""type"":""paragraph"",""pdfua_tag"":""P"",""id"":3156,""page number"":66,""bounding box"":[148.776,136.746,197.439,163.462],""font"":null,""font size"":9.0,""text color"":""[0.0]"",""content"":""(500%) 6% (4%)""}]},{""type"":""table cell"",""pdfua_tag"":""TD"",""page number"":66,""bounding box"":[197.439,136.746,246.101,163.462],""row number"":4,""column number"":4,""row span"":1,""column span"":1,""kids"":[{""type"":""paragraph"",""pdfua_tag"":""P"",""id"":3157,""page number"":66,""bounding box"":[197.439,136.746,246.101,163.462],""font"":null,""font size"":9.0,""text color"":""[0.0]"",""content"":""10~15%""}]},{""type"":""table cell"",""pdfua_tag"":""TD"",""page number"":66,""bounding box"":[246.101,136.746,294.763,163.462],""row number"":4,""column number"":5,""row span"":1,""column span"":1,""kids"":[{""type"":""paragraph"",""pdfua_tag"":""P"",""id"":3158,""page number"":66,""bounding box"":[246.101,136.746,294.763,163.462],""font"":null,""font size"":9.0,""text color"":""[0.0]"",""content"":""8% (6%)""}]},{""type"":""table cell"",""pdfua_tag"":""TD"",""page number"":66,""bounding box"":[294.763,136.746,343.425,163.462],""row number"":4,""column number"":6,""row span"":1,""column span"":1,""kids"":[{""type"":""paragraph"",""pdfua_tag"":""P"",""id"":3159,""page number"":66,""bounding box"":[294.763,136.746,343.425,163.462],""font"":null,""font size"":9.0,""text color"":""[0.0]"",""content"":""10%""}]},{""type"":""table cell"",""pdfua_tag"":""TD"",""page number"":66,""bounding box"":[343.425,136.746,392.087,163.462],""row number"":4,""column number"":7,""row span"":1,""column span"":1,""kids"":[{""type"":""paragraph"",""pdfua_tag"":""P"",""id"":3160,""page number"":66,""bounding box"":[343.425,136.746,392.087,163.462],""font"":null,""font size"":9.0,""text color"":""[0.0]"",""content"":""12%""}]},{""type"":""table cell"",""pdfua_tag"":""TD"",""page number"":66,""bounding box"":[392.087,136.746,440.75,163.462],""row number"":4,""column number"":8,""row span"":1,""column span"":1,""kids"":[{""type"":""paragraph"",""pdfua_tag"":""P"",""id"":3161,""page number"":66,""bounding box"":[392.087,136.746,440.75,163.462],""font"":null,""font size"":9.0,""text color"":""[0.0]"",""content"":""10% (8%)""}]},{""type"":""table cell"",""pdfua_tag"":""TD"",""page number"":66,""bounding box"":[440.75,136.746,489.412,163.462],""row number"":4,""column number"":9,""row span"":1,""column span"":1,""kids"":[{""type"":""paragraph"",""pdfua_tag"":""P"",""id"":3162,""page number"":66,""bounding box"":[440.75,136.746,489.412,163.462],""font"":null,""font size"":9.0,""text color"":""[0.0]"",""content"":""12%""}]},{""type"":""table cell"",""pdfua_tag"":""TD"",""page number"":66,""bounding box"":[489.412,136.746,538.074,163.462],""row number"":4,""column number"":10,""row span"":1,""column span"":1,""kids"":[{""type"":""paragraph"",""pdfua_tag"":""P"",""id"":3163,""page number"":66,""bounding box"":[489.412,136.746,538.074,163.462],""font"":null,""font size"":9.0,""text color"":""[0.0]"",""content"":""14%""}]}]},{""type"":""table row"",""row number"":5,""cells"":[{""type"":""table cell"",""pdfua_tag"":""TD"",""page number"":66,""bounding box"":[51.452,83.315,100.114,136.746],""row number"":5,""column number"":1,""row span"":2,""column span"":1,""kids"":[{""type"":""paragraph"",""pdfua_tag"":""P"",""id"":3164,""page number"":66,""bounding box"":[51.452,83.315,100.114,136.746],""font"":null,""font size"":9.0,""text color"":""[0.0]"",""content"":""또는 용도별 비율""}]},{""type"":""table cell"",""pdfua_tag"":""TD"",""page number"":66,""bounding box"":[100.114,110.03,148.776,136.746],""row number"":5,""column number"":2,""row span"":1,""column span"":1,""kids"":[{""type"":""paragraph"",""pdfua_tag"":""P"",""id"":3165,""page number"":66,""bounding box"":[100.114,110.03,148.776,136.746],""font"":null,""font size"":12.0,""content"":""주거""}]},{""type"":""table cell"",""pdfua_tag"":""TD"",""page number"":66,""bounding box"":[148.776,110.03,246.101,136.746],""row number"":5,""column number"":3,""row span"":1,""column span"":2,""kids"":[{""type"":""paragraph"",""pdfua_tag"":""P"",""id"":3166,""page number"":66,""bounding box"":[148.776,110.03,246.101,136.746],""font"":null,""font size"":9.0,""text color"":""[0.0]"",""content"":""85% 이상""}]},{""type"":""table cell"",""pdfua_tag"":""TD"",""page number"":66,""bounding box"":[246.101,110.03,538.074,136.746],""row number"":5,""column number"":5,""row span"":1,""column span"":6,""kids"":[{""type"":""paragraph"",""pdfua_tag"":""P"",""id"":3167,""page number"":66,""bounding box"":[246.101,110.03,538.074,136.746],""font"":null,""font size"":9.0,""text color"":""[0.0]"",""content"":""80% 이상""}]}]},{""type"":""table row"",""row number"":6,""cells"":[{""type"":""table cell"",""pdfua_tag"":""TD"",""page number"":66,""bounding box"":[100.114,83.315,148.776,110.03],""row number"":6,""column number"":2,""row span"":1,""column span"":1,""kids"":[{""type"":""paragraph"",""pdfua_tag"":""P"",""id"":3168,""page number"":66,""bounding box"":[100.114,83.315,148.776,110.03],""font"":null,""font size"":9.0,""text color"":""[0.0]"",""content"":""비주거""}]},{""type"":""table cell"",""pdfua_tag"":""TD"",""page number"":66,""bounding box"":[148.776,83.315,246.101,110.03],""row number"":6,""column number"":3,""row span"":1,""column span"":2,""kids"":[{""type"":""paragraph"",""pdfua_tag"":""P"",""id"":3169,""level"":""1"",""page number"":66,""bounding box"":[148.776,83.315,246.101,110.03],""font"":null,""font size"":9.0,""text color"":""[0.0]"",""content"":""-""}]},{""type"":""table cell"",""pdfua_tag"":""TD"",""page number"":66,""bounding box"":[246.101,83.315,538.074,110.03],""row number"":6,""column number"":5,""row span"":1,""column span"":6,""kids"":[{""type"":""paragraph"",""pdfua_tag"":""P"",""id"":3170,""page number"":66,""bounding box"":[246.101,83.315,538.074,110.03],""font"":null,""font size"":9.0,""text color"":""[0.0]"",""content"":""10% 이상 (가로변 비주거 설치 의무)""}]}]}]",law-1_p066_LAW1-T028.png,51.452,83.315,538.074,243.609,자동 추출,
LAW1-T029,LAW1,LAW1-4_7_4,68,68,LAW1-4_7_4 표 29,2,2,"기본용적률 | 상한용적률
400% | 500%",<table><tr><td>기본용적률</td><td>상한용적률</td></tr><tr><td>400%</td><td>500%</td></tr></table>,"[{""type"":""table row"",""row number"":1,""cells"":[{""type"":""table cell"",""pdfua_tag"":""TH"",""page number"":68,""bounding box"":[80.612,651.532,297.604,672.42],""row number"":1,""column number"":1,""row span"":1,""column span"":1,""is_header"":true,""kids"":[{""type"":""paragraph"",""pdfua_tag"":""P"",""id"":3172,""page number"":68,""bounding box"":[80.612,651.532,297.604,672.42],""font"":null,""font size"":11.04,""text color"":""[0.0]"",""content"":""기본용적률""}]},{""type"":""table cell"",""pdfua_tag"":""TH"",""page number"":68,""bounding box"":[297.604,651.532,514.597,672.42],""row number"":1,""column number"":2,""row span"":1,""column span"":1,""is_header"":true,""kids"":[{""type"":""paragraph"",""pdfua_tag"":""P"",""id"":3173,""page number"":68,""bounding box"":[297.604,651.532,514.597,672.42],""font"":null,""font size"":11.04,""text color"":""[0.0]"",""content"":""상한용적률""}]}]},{""type"":""table row"",""row number"":2,""cells"":[{""type"":""table cell"",""pdfua_tag"":""TD"",""page number"":68,""bounding box"":[80.612,630.645,297.604,651.532],""row number"":2,""column number"":1,""row span"":1,""column span"":1,""kids"":[{""type"":""paragraph"",""pdfua_tag"":""P"",""id"":3174,""page number"":68,""bounding box"":[80.612,630.645,297.604,651.532],""font"":null,""font size"":11.04,""text color"":""[0.0]"",""content"":""400%""}]},{""type"":""table cell"",""pdfua_tag"":""TD"",""page number"":68,""bounding box"":[297.604,630.645,514.597,651.532],""row number"":2,""column number"":2,""row span"":1,""column span"":1,""kids"":[{""type"":""paragraph"",""pdfua_tag"":""P"",""id"":3175,""page number"":68,""bounding box"":[297.604,630.645,514.597,651.532],""font"":null,""font size"":11.04,""text color"":""[0.0]"",""content"":""500%""}]}]}]",law-1_p068_LAW1-T029.png,80.612,630.645,514.597,672.42,자동 추출,
LAW1-T030,LAW1,LAW1-4_7_4,68,68,LAW1-4_7_4 표 30,10,3,"구 분 | 산출근거
기본용적률 | 공공기여율 | 부지면적의 10%
공공기여 | 토지면적 | 300 ㎡ ( = 3,000 ㎡ × 0.1)
상한용적률 공공기여 | 완 화용적률 | 100% ( = 500% - 400%)
공공기여량 | 50% ( = 100% × 1/2)
공공기여율 | 10% ( = 50% / 500%)
토지면적 | 300 ㎡ ( = 3,000 ㎡ × 0.1)
공공기여 총 량(토지면적) | 600 ㎡ ( = 300 ㎡ + 300 ㎡ )
현 금 납부 | 감정평가 액 | 6,000,000원/ ㎡
납부 액 | 3,600,000,000원","<table><tr><td colspan=""2"">구 분</td><td>산출근거</td></tr><tr><td>기본용적률</td><td>공공기여율</td><td>부지면적의 10%</td></tr><tr><td>공공기여</td><td>토지면적</td><td>300 ㎡ ( = 3,000 ㎡ × 0.1)</td></tr><tr><td rowspan=""4"">상한용적률 공공기여</td><td>완 화용적률</td><td>100% ( = 500% - 400%)</td></tr><tr><td>공공기여량</td><td>50% ( = 100% × 1/2)</td></tr><tr><td>공공기여율</td><td>10% ( = 50% / 500%)</td></tr><tr><td>토지면적</td><td>300 ㎡ ( = 3,000 ㎡ × 0.1)</td></tr><tr><td colspan=""2"">공공기여 총 량(토지면적)</td><td>600 ㎡ ( = 300 ㎡ + 300 ㎡ )</td></tr><tr><td rowspan=""2"">현 금 납부</td><td>감정평가 액</td><td>6,000,000원/ ㎡</td></tr><tr><td>납부 액</td><td>3,600,000,000원</td></tr></table>","[{""type"":""table row"",""row number"":1,""cells"":[{""type"":""table cell"",""pdfua_tag"":""TH"",""page number"":68,""bounding box"":[84.722,594.582,372.479,615.663],""row number"":1,""column number"":1,""row span"":1,""column span"":2,""is_header"":true,""kids"":[{""type"":""paragraph"",""pdfua_tag"":""P"",""id"":3177,""page number"":68,""bounding box"":[84.722,594.582,372.479,615.663],""font"":null,""font size"":12.0,""content"":""구 분""}]},{""type"":""table cell"",""pdfua_tag"":""TH"",""page number"":68,""bounding box"":[372.479,594.582,516.358,615.663],""row number"":1,""column number"":3,""row span"":1,""column span"":1,""is_header"":true,""kids"":[{""type"":""paragraph"",""pdfua_tag"":""P"",""id"":3178,""page number"":68,""bounding box"":[372.479,594.582,516.358,615.663],""font"":null,""font size"":12.0,""content"":""산출근거""}]}]},{""type"":""table row"",""row number"":2,""cells"":[{""type"":""table cell"",""pdfua_tag"":""TD"",""page number"":68,""bounding box"":[84.722,573.501,228.601,594.582],""row number"":2,""column number"":1,""row span"":1,""column span"":1,""kids"":[{""type"":""paragraph"",""pdfua_tag"":""P"",""id"":3179,""page number"":68,""bounding box"":[84.722,573.501,228.601,594.582],""font"":null,""font size"":12.0,""content"":""기본용적률""}]},{""type"":""table cell"",""pdfua_tag"":""TD"",""page number"":68,""bounding box"":[228.601,573.501,372.479,594.582],""row number"":2,""column number"":2,""row span"":1,""column span"":1,""kids"":[{""type"":""paragraph"",""pdfua_tag"":""P"",""id"":3180,""page number"":68,""bounding box"":[228.601,573.501,372.479,594.582],""font"":null,""font size"":12.0,""content"":""공공기여율""}]},{""type"":""table cell"",""pdfua_tag"":""TD"",""page number"":68,""bounding box"":[372.479,573.501,516.358,594.582],""row number"":2,""column number"":3,""row span"":1,""column span"":1,""kids"":[{""type"":""paragraph"",""pdfua_tag"":""P"",""id"":3181,""page number"":68,""bounding box"":[372.479,573.501,516.358,594.582],""font"":null,""font size"":12.0,""content"":""부지면적의 10%""}]}]},{""type"":""table row"",""row number"":3,""cells"":[{""type"":""table cell"",""pdfua_tag"":""TD"",""page number"":68,""bounding box"":[84.722,552.42,228.601,573.501],""row number"":3,""column number"":1,""row span"":1,""column span"":1,""kids"":[{""type"":""paragraph"",""pdfua_tag"":""P"",""id"":3182,""page number"":68,""bounding box"":[84.722,552.42,228.601,573.501],""font"":null,""font size"":12.0,""content"":""공공기여""}]},{""type"":""table cell"",""pdfua_tag"":""TD"",""page number"":68,""bounding box"":[228.601,552.42,372.479,573.501],""row number"":3,""column number"":2,""row span"":1,""column span"":1,""kids"":[{""type"":""paragraph"",""pdfua_tag"":""P"",""id"":3183,""page number"":68,""bounding box"":[228.601,552.42,372.479,573.501],""font"":null,""font size"":12.0,""content"":""토지면적""}]},{""type"":""table cell"",""pdfua_tag"":""TD"",""page number"":68,""bounding box"":[372.479,552.42,516.358,573.501],""row number"":3,""column number"":3,""row span"":1,""column span"":1,""kids"":[{""type"":""paragraph"",""pdfua_tag"":""P"",""id"":3184,""page number"":68,""bounding box"":[372.479,552.42,516.358,573.501],""font"":null,""font size"":12.0,""content"":""300 ㎡ ( = 3,000 ㎡ × 0.1)""}]}]},{""type"":""table row"",""row number"":4,""cells"":[{""type"":""table cell"",""pdfua_tag"":""TD"",""page number"":68,""bounding box"":[84.722,468.096,228.601,552.42],""row number"":4,""column number"":1,""row span"":4,""column span"":1,""kids"":[{""type"":""paragraph"",""pdfua_tag"":""P"",""id"":3185,""page number"":68,""bounding box"":[84.722,468.096,228.601,552.42],""font"":null,""font size"":12.0,""content"":""상한용적률 공공기여""}]},{""type"":""table cell"",""pdfua_tag"":""TD"",""page number"":68,""bounding box"":[228.601,531.339,372.479,552.42],""row number"":4,""column number"":2,""row span"":1,""column span"":1,""kids"":[{""type"":""paragraph"",""pdfua_tag"":""P"",""id"":3186,""page number"":68,""bounding box"":[228.601,531.339,372.479,552.42],""font"":null,""font size"":12.0,""content"":""완 화용적률""}]},{""type"":""table cell"",""pdfua_tag"":""TD"",""page number"":68,""bounding box"":[372.479,531.339,516.358,552.42],""row number"":4,""column number"":3,""row span"":1,""column span"":1,""kids"":[{""type"":""paragraph"",""pdfua_tag"":""P"",""id"":3187,""page number"":68,""bounding box"":[372.479,531.339,516.358,552.42],""font"":null,""font size"":12.0,""content"":""100% ( = 500% - 400%)""}]}]},{""type"":""table row"",""row number"":5,""cells"":[{""type"":""table cell"",""pdfua_tag"":""TD"",""page number"":68,""bounding box"":[228.601,510.258,372.479,531.339],""row number"":5,""column number"":2,""row span"":1,""column span"":1,""kids"":[{""type"":""paragraph"",""pdfua_tag"":""P"",""id"":3188,""page number"":68,""bounding box"":[228.601,510.258,372.479,531.339],""font"":null,""font size"":12.0,""content"":""공공기여량""}]},{""type"":""table cell"",""pdfua_tag"":""TD"",""page number"":68,""bounding box"":[372.479,510.258,516.358,531.339],""row number"":5,""column number"":3,""row span"":1,""column span"":1,""kids"":[{""type"":""paragraph"",""pdfua_tag"":""P"",""id"":3189,""page number"":68,""bounding box"":[372.479,510.258,516.358,531.339],""font"":null,""font size"":12.0,""content"":""50% ( = 100% × 1/2)""}]}]},{""type"":""table row"",""row number"":6,""cells"":[{""type"":""table cell"",""pdfua_tag"":""TD"",""page number"":68,""bounding box"":[228.601,489.177,372.479,510.258],""row number"":6,""column number"":2,""row span"":1,""column span"":1,""kids"":[{""type"":""paragraph"",""pdfua_tag"":""P"",""id"":3190,""page number"":68,""bounding box"":[228.601,489.177,372.479,510.258],""font"":null,""font size"":12.0,""content"":""공공기여율""}]},{""type"":""table cell"",""pdfua_tag"":""TD"",""page number"":68,""bounding box"":[372.479,489.177,516.358,510.258],""row number"":6,""column number"":3,""row span"":1,""column span"":1,""kids"":[{""type"":""paragraph"",""pdfua_tag"":""P"",""id"":3191,""page number"":68,""bounding box"":[372.479,489.177,516.358,510.258],""font"":null,""font size"":12.0,""content"":""10% ( = 50% / 500%)""}]}]},{""type"":""table row"",""row number"":7,""cells"":[{""type"":""table cell"",""pdfua_tag"":""TD"",""page number"":68,""bounding box"":[228.601,468.096,372.479,489.177],""row number"":7,""column number"":2,""row span"":1,""column span"":1,""kids"":[{""type"":""paragraph"",""pdfua_tag"":""P"",""id"":3192,""page number"":68,""bounding box"":[228.601,468.096,372.479,489.177],""font"":null,""font size"":12.0,""content"":""토지면적""}]},{""type"":""table cell"",""pdfua_tag"":""TD"",""page number"":68,""bounding box"":[372.479,468.096,516.358,489.177],""row number"":7,""column number"":3,""row span"":1,""column span"":1,""kids"":[{""type"":""paragraph"",""pdfua_tag"":""P"",""id"":3193,""page number"":68,""bounding box"":[372.479,468.096,516.358,489.177],""font"":null,""font size"":12.0,""content"":""300 ㎡ ( = 3,000 ㎡ × 0.1)""}]}]},{""type"":""table row"",""row number"":8,""cells"":[{""type"":""table cell"",""pdfua_tag"":""TD"",""page number"":68,""bounding box"":[84.722,447.015,372.479,468.096],""row number"":8,""column number"":1,""row span"":1,""column span"":2,""kids"":[{""type"":""paragraph"",""pdfua_tag"":""P"",""id"":3194,""page number"":68,""bounding box"":[84.722,447.015,372.479,468.096],""font"":null,""font size"":12.0,""content"":""공공기여 총 량(토지면적)""}]},{""type"":""table cell"",""pdfua_tag"":""TD"",""page number"":68,""bounding box"":[372.479,447.015,516.358,468.096],""row number"":8,""column number"":3,""row span"":1,""column span"":1,""kids"":[{""type"":""paragraph"",""pdfua_tag"":""P"",""id"":3195,""page number"":68,""bounding box"":[372.479,447.015,516.358,468.096],""font"":null,""font size"":12.0,""content"":""600 ㎡ ( = 300 ㎡ + 300 ㎡ )""}]}]},{""type"":""table row"",""row number"":9,""cells"":[{""type"":""table cell"",""pdfua_tag"":""TD"",""page number"":68,""bounding box"":[84.722,404.853,228.601,447.015],""row number"":9,""column number"":1,""row span"":2,""column span"":1,""kids"":[{""type"":""paragraph"",""pdfua_tag"":""P"",""id"":3196,""page number"":68,""bounding box"":[84.722,404.853,228.601,447.015],""font"":null,""font size"":12.0,""content"":""현 금 납부""}]},{""type"":""table cell"",""pdfua_tag"":""TD"",""page number"":68,""bounding box"":[228.601,425.934,372.479,447.015],""row number"":9,""column number"":2,""row span"":1,""column span"":1,""kids"":[{""type"":""paragraph"",""pdfua_tag"":""P"",""id"":3197,""page number"":68,""bounding box"":[228.601,425.934,372.479,447.015],""font"":null,""font size"":12.0,""content"":""감정평가 액""}]},{""type"":""table cell"",""pdfua_tag"":""TD"",""page number"":68,""bounding box"":[372.479,425.934,516.358,447.015],""row number"":9,""column number"":3,""row span"":1,""column span"":1,""kids"":[{""type"":""paragraph"",""pdfua_tag"":""P"",""id"":3198,""page number"":68,""bounding box"":[372.479,425.934,516.358,447.015],""font"":null,""font size"":12.0,""content"":""6,000,000원/ ㎡""}]}]},{""type"":""table row"",""row number"":10,""cells"":[{""type"":""table cell"",""pdfua_tag"":""TD"",""page number"":68,""bounding box"":[228.601,404.853,372.479,425.934],""row number"":10,""column number"":2,""row span"":1,""column span"":1,""kids"":[{""type"":""paragraph"",""pdfua_tag"":""P"",""id"":3199,""page number"":68,""bounding box"":[228.601,404.853,372.479,425.934],""font"":null,""font size"":12.0,""content"":""납부 액""}]},{""type"":""table cell"",""pdfua_tag"":""TD"",""page number"":68,""bounding box"":[372.479,404.853,516.358,425.934],""row number"":10,""column number"":3,""row span"":1,""column span"":1,""kids"":[{""type"":""paragraph"",""pdfua_tag"":""P"",""id"":3200,""page number"":68,""bounding box"":[372.479,404.853,516.358,425.934],""font"":null,""font size"":12.0,""content"":""3,600,000,000원""}]}]}]",law-1_p068_LAW1-T030.png,84.722,404.853,516.358,615.663,자동 추출,
LAW1-T031,LAW1,LAW1-4_7_4,69,69,LAW1-4_7_4 표 31,7,4,"구분 | 통합실외기 설치기준 | 유지 · 관리 기준 | 반영여부 (○, ×) 실외 규모
‧ 바닥 면적 6.5 x 1.03 = 6.7 ㎡ 이상 | ‧ 주택건설기준 관한 규 정 실외 기 열 교 환 및 유지보수 반영 ‧ 실외기를 공유하는 세대의 규모 에 따라 효 율적인 기기 선정 ‧ 실외기 보관장소의 입지와 면적의 적정 성 위원회에서 검토 | 등에 에 대해 | 실외기 실면적
‧ 에너지 효 율 등급 1등급~2등급 만족 | ‧ 주요시 책 사 항 중 에너지1등급을 선택 할 경우해당시설기준반 드 시준수 |  | 냉방 능력
‧ 단상 2선식 220 V 60H Z ‧ 실외기 및 실내기 전원은 반 드 시 주 전원차단기와 ELB ( 누 전차단기)를 설 치하고 각 개별 실외기용 전원차단기 와 ELB 를 설치해 야 한다 ‧ 배전반에서실외기간 거리가 50 M 이상 시 전 압 강화고 려 전선 굵 기 재 선정 필요 | ‧ 세대별, 전체가 제어 가능한 시 스 템 이여 야 하고, 세대별 전 력 사용 량에 따른 요 금 을 배분 할 것 |  | 전원
‧ 장배관 50m 이하, 고 저 차10m 이하 | ‧ 길 이 50m 이하, 고 저 차 10m 이 하. 다만, 효 율 성 등을 감안, 위원회 에서 인정하는 경우 예외적으로 가능 |  | 배관
‧ 매년 1회 정기적인 점 검과 유지보수 에 필요한 조치를 하여 야 함 ‧ 실내기별개별 운전 제어 / 관리실운전및 장비 상 태 모 니터 링 / 원 격 제어중택일 | ‧ 정기 점 검비용 및 교체 · 보수비용 은 사업주 부 담 ‧ 서울시, SH소유의 경우는 개별사 업장별로 사업주와 협의에 의함 |  | 제어
‧ 단면 형상이 매 끈할 것 (우수방지용 루버 사용 불 가), ‧ 루버 면적 > 실외기 토출면적+ 흡 입면 적, 개구율 80% 이상일 것 , 흡 입 풍 속 은2m/ s 이하일 것 ‧ 루버 각도는 수평을 권장하며 최대 20 도를 넘 지 않을 것 |  |  | 실외기 루버","<table><tr><td>구분</td><td>통합실외기 설치기준</td><td>유지 · 관리 기준</td><td>반영여부 (○, ×) 실외 규모</td></tr><tr><td>‧ 바닥 면적 6.5 x 1.03 = 6.7 ㎡ 이상</td><td>‧ 주택건설기준 관한 규 정 실외 기 열 교 환 및 유지보수 반영 ‧ 실외기를 공유하는 세대의 규모 에 따라 효 율적인 기기 선정 ‧ 실외기 보관장소의 입지와 면적의 적정 성 위원회에서 검토</td><td>등에 에 대해</td><td>실외기 실면적</td></tr><tr><td>‧ 에너지 효 율 등급 1등급~2등급 만족</td><td>‧ 주요시 책 사 항 중 에너지1등급을 선택 할 경우해당시설기준반 드 시준수</td><td></td><td>냉방 능력</td></tr><tr><td>‧ 단상 2선식 220 V 60H Z ‧ 실외기 및 실내기 전원은 반 드 시 주 전원차단기와 ELB ( 누 전차단기)를 설 치하고 각 개별 실외기용 전원차단기 와 ELB 를 설치해 야 한다 ‧ 배전반에서실외기간 거리가 50 M 이상 시 전 압 강화고 려 전선 굵 기 재 선정 필요</td><td>‧ 세대별, 전체가 제어 가능한 시 스 템 이여 야 하고, 세대별 전 력 사용 량에 따른 요 금 을 배분 할 것</td><td></td><td>전원</td></tr><tr><td>‧ 장배관 50m 이하, 고 저 차10m 이하</td><td>‧ 길 이 50m 이하, 고 저 차 10m 이 하. 다만, 효 율 성 등을 감안, 위원회 에서 인정하는 경우 예외적으로 가능</td><td></td><td>배관</td></tr><tr><td>‧ 매년 1회 정기적인 점 검과 유지보수 에 필요한 조치를 하여 야 함 ‧ 실내기별개별 운전 제어 / 관리실운전및 장비 상 태 모 니터 링 / 원 격 제어중택일</td><td>‧ 정기 점 검비용 및 교체 · 보수비용 은 사업주 부 담 ‧ 서울시, SH소유의 경우는 개별사 업장별로 사업주와 협의에 의함</td><td></td><td>제어</td></tr><tr><td>‧ 단면 형상이 매 끈할 것 (우수방지용 루버 사용 불 가), ‧ 루버 면적 &gt; 실외기 토출면적+ 흡 입면 적, 개구율 80% 이상일 것 , 흡 입 풍 속 은2m/ s 이하일 것 ‧ 루버 각도는 수평을 권장하며 최대 20 도를 넘 지 않을 것</td><td></td><td></td><td>실외기 루버</td></tr></table>","[{""type"":""table row"",""row number"":1,""cells"":[{""type"":""table cell"",""pdfua_tag"":""TH"",""page number"":69,""bounding box"":[62.773,656.744,180.131,723.979],""row number"":1,""column number"":1,""row span"":1,""column span"":1,""is_header"":true,""kids"":[{""type"":""paragraph"",""pdfua_tag"":""P"",""id"":3202,""page number"":69,""bounding box"":[62.773,656.744,180.131,723.979],""font"":null,""font size"":12.0,""content"":""구분""}]},{""type"":""table cell"",""pdfua_tag"":""TH"",""page number"":69,""bounding box"":[180.131,656.744,297.49,723.979],""row number"":1,""column number"":2,""row span"":1,""column span"":1,""is_header"":true,""kids"":[{""type"":""paragraph"",""pdfua_tag"":""P"",""id"":3203,""page number"":69,""bounding box"":[180.131,656.744,297.49,723.979],""font"":null,""font size"":12.0,""content"":""통합실외기 설치기준""}]},{""type"":""table cell"",""pdfua_tag"":""TH"",""page number"":69,""bounding box"":[297.49,656.744,414.849,723.979],""row number"":1,""column number"":3,""row span"":1,""column span"":1,""is_header"":true,""kids"":[{""type"":""paragraph"",""pdfua_tag"":""P"",""id"":3204,""page number"":69,""bounding box"":[297.49,656.744,414.849,723.979],""font"":null,""font size"":12.0,""content"":""유지 · 관리 기준""}]},{""type"":""table cell"",""pdfua_tag"":""TH"",""page number"":69,""bounding box"":[414.849,656.744,532.207,723.979],""row number"":1,""column number"":4,""row span"":1,""column span"":1,""is_header"":true,""kids"":[{""type"":""paragraph"",""pdfua_tag"":""P"",""id"":3205,""page number"":69,""bounding box"":[414.849,656.744,532.207,723.979],""font"":null,""font size"":11.04,""text color"":""[0.0]"",""content"":""반영여부 (○, ×) 실외 규모""}]}]},{""type"":""table row"",""row number"":2,""cells"":[{""type"":""table cell"",""pdfua_tag"":""TD"",""page number"":69,""bounding box"":[62.773,589.508,180.131,656.744],""row number"":2,""column number"":1,""row span"":1,""column span"":1,""kids"":[{""type"":""paragraph"",""pdfua_tag"":""P"",""id"":3206,""level"":""1"",""page number"":69,""bounding box"":[62.773,589.508,180.131,656.744],""font"":null,""font size"":12.0,""content"":""‧ 바닥 면적 6.5 x 1.03 = 6.7 ㎡ 이상""}]},{""type"":""table cell"",""pdfua_tag"":""TD"",""page number"":69,""bounding box"":[180.131,589.508,297.49,656.744],""row number"":2,""column number"":2,""row span"":1,""column span"":1,""kids"":[{""type"":""paragraph"",""pdfua_tag"":""P"",""id"":3207,""level"":""1"",""page number"":69,""bounding box"":[180.131,589.508,297.49,656.744],""font"":null,""font size"":12.0,""content"":""‧ 주택건설기준 관한 규 정 실외 기 열 교 환 및 유지보수 반영 ‧ 실외기를 공유하는 세대의 규모 에 따라 효 율적인 기기 선정 ‧ 실외기 보관장소의 입지와 면적의 적정 성 위원회에서 검토""}]},{""type"":""table cell"",""pdfua_tag"":""TD"",""page number"":69,""bounding box"":[297.49,589.508,414.849,656.744],""row number"":2,""column number"":3,""row span"":1,""column span"":1,""kids"":[{""type"":""paragraph"",""pdfua_tag"":""P"",""id"":3208,""page number"":69,""bounding box"":[297.49,589.508,414.849,656.744],""font"":null,""font size"":12.0,""content"":""등에 에 대해""}]},{""type"":""table cell"",""pdfua_tag"":""TD"",""page number"":69,""bounding box"":[414.849,589.508,532.207,656.744],""row number"":2,""column number"":4,""row span"":1,""column span"":1,""kids"":[{""type"":""paragraph"",""pdfua_tag"":""P"",""id"":3209,""page number"":69,""bounding box"":[414.849,589.508,532.207,656.744],""font"":null,""font size"":12.0,""content"":""실외기 실면적""}]}]},{""type"":""table row"",""row number"":3,""cells"":[{""type"":""table cell"",""pdfua_tag"":""TD"",""page number"":69,""bounding box"":[62.773,522.273,180.131,589.508],""row number"":3,""column number"":1,""row span"":1,""column span"":1,""kids"":[{""type"":""paragraph"",""pdfua_tag"":""P"",""id"":3210,""level"":""1"",""page number"":69,""bounding box"":[62.773,522.273,180.131,589.508],""font"":null,""font size"":12.0,""content"":""‧ 에너지 효 율 등급 1등급~2등급 만족""}]},{""type"":""table cell"",""pdfua_tag"":""TD"",""page number"":69,""bounding box"":[180.131,522.273,297.49,589.508],""row number"":3,""column number"":2,""row span"":1,""column span"":1,""kids"":[{""type"":""paragraph"",""pdfua_tag"":""P"",""id"":3211,""level"":""1"",""page number"":69,""bounding box"":[180.131,522.273,297.49,589.508],""font"":null,""font size"":12.0,""content"":""‧ 주요시 책 사 항 중 에너지1등급을 선택 할 경우해당시설기준반 드 시준수""}]},{""type"":""table cell"",""pdfua_tag"":""TD"",""page number"":69,""bounding box"":[297.49,522.273,414.849,589.508],""row number"":3,""column number"":3,""row span"":1,""column span"":1,""kids"":[]},{""type"":""table cell"",""pdfua_tag"":""TD"",""page number"":69,""bounding box"":[414.849,522.273,532.207,589.508],""row number"":3,""column number"":4,""row span"":1,""column span"":1,""kids"":[{""type"":""paragraph"",""pdfua_tag"":""P"",""id"":3212,""page number"":69,""bounding box"":[414.849,522.273,532.207,589.508],""font"":null,""font size"":12.0,""content"":""냉방 능력""}]}]},{""type"":""table row"",""row number"":4,""cells"":[{""type"":""table cell"",""pdfua_tag"":""TD"",""page number"":69,""bounding box"":[62.773,455.038,180.131,522.273],""row number"":4,""column number"":1,""row span"":1,""column span"":1,""kids"":[{""type"":""paragraph"",""pdfua_tag"":""P"",""id"":3213,""level"":""1"",""page number"":69,""bounding box"":[62.773,455.038,180.131,522.273],""font"":null,""font size"":12.0,""content"":""‧ 단상 2선식 220 V 60H Z ‧ 실외기 및 실내기 전원은 반 드 시 주 전원차단기와 ELB ( 누 전차단기)를 설 치하고 각 개별 실외기용 전원차단기 와 ELB 를 설치해 야 한다 ‧ 배전반에서실외기간 거리가 50 M 이상 시 전 압 강화고 려 전선 굵 기 재 선정 필요""}]},{""type"":""table cell"",""pdfua_tag"":""TD"",""page number"":69,""bounding box"":[180.131,455.038,297.49,522.273],""row number"":4,""column number"":2,""row span"":1,""column span"":1,""kids"":[{""type"":""paragraph"",""pdfua_tag"":""P"",""id"":3214,""level"":""1"",""page number"":69,""bounding box"":[180.131,455.038,297.49,522.273],""font"":null,""font size"":12.0,""content"":""‧ 세대별, 전체가 제어 가능한 시 스 템 이여 야 하고, 세대별 전 력 사용 량에 따른 요 금 을 배분 할 것""}]},{""type"":""table cell"",""pdfua_tag"":""TD"",""page number"":69,""bounding box"":[297.49,455.038,414.849,522.273],""row number"":4,""column number"":3,""row span"":1,""column span"":1,""kids"":[]},{""type"":""table cell"",""pdfua_tag"":""TD"",""page number"":69,""bounding box"":[414.849,455.038,532.207,522.273],""row number"":4,""column number"":4,""row span"":1,""column span"":1,""kids"":[{""type"":""paragraph"",""pdfua_tag"":""P"",""id"":3215,""page number"":69,""bounding box"":[414.849,455.038,532.207,522.273],""font"":null,""font size"":12.0,""content"":""전원""}]}]},{""type"":""table row"",""row number"":5,""cells"":[{""type"":""table cell"",""pdfua_tag"":""TD"",""page number"":69,""bounding box"":[62.773,387.803,180.131,455.038],""row number"":5,""column number"":1,""row span"":1,""column span"":1,""kids"":[{""type"":""paragraph"",""pdfua_tag"":""P"",""id"":3216,""level"":""1"",""page number"":69,""bounding box"":[62.773,387.803,180.131,455.038],""font"":null,""font size"":12.0,""content"":""‧ 장배관 50m 이하, 고 저 차10m 이하""}]},{""type"":""table cell"",""pdfua_tag"":""TD"",""page number"":69,""bounding box"":[180.131,387.803,297.49,455.038],""row number"":5,""column number"":2,""row span"":1,""column span"":1,""kids"":[{""type"":""paragraph"",""pdfua_tag"":""P"",""id"":3217,""level"":""1"",""page number"":69,""bounding box"":[180.131,387.803,297.49,455.038],""font"":null,""font size"":12.0,""content"":""‧ 길 이 50m 이하, 고 저 차 10m 이 하. 다만, 효 율 성 등을 감안, 위원회 에서 인정하는 경우 예외적으로 가능""}]},{""type"":""table cell"",""pdfua_tag"":""TD"",""page number"":69,""bounding box"":[297.49,387.803,414.849,455.038],""row number"":5,""column number"":3,""row span"":1,""column span"":1,""kids"":[]},{""type"":""table cell"",""pdfua_tag"":""TD"",""page number"":69,""bounding box"":[414.849,387.803,532.207,455.038],""row number"":5,""column number"":4,""row span"":1,""column span"":1,""kids"":[{""type"":""paragraph"",""pdfua_tag"":""P"",""id"":3218,""page number"":69,""bounding box"":[414.849,387.803,532.207,455.038],""font"":null,""font size"":12.0,""content"":""배관""}]}]},{""type"":""table row"",""row number"":6,""cells"":[{""type"":""table cell"",""pdfua_tag"":""TD"",""page number"":69,""bounding box"":[62.773,320.567,180.131,387.803],""row number"":6,""column number"":1,""row span"":1,""column span"":1,""kids"":[{""type"":""paragraph"",""pdfua_tag"":""P"",""id"":3219,""level"":""1"",""page number"":69,""bounding box"":[62.773,320.567,180.131,387.803],""font"":null,""font size"":12.0,""content"":""‧ 매년 1회 정기적인 점 검과 유지보수 에 필요한 조치를 하여 야 함 ‧ 실내기별개별 운전 제어 / 관리실운전및 장비 상 태 모 니터 링 / 원 격 제어중택일""}]},{""type"":""table cell"",""pdfua_tag"":""TD"",""page number"":69,""bounding box"":[180.131,320.567,297.49,387.803],""row number"":6,""column number"":2,""row span"":1,""column span"":1,""kids"":[{""type"":""paragraph"",""pdfua_tag"":""P"",""id"":3220,""level"":""1"",""page number"":69,""bounding box"":[180.131,320.567,297.49,387.803],""font"":null,""font size"":12.0,""content"":""‧ 정기 점 검비용 및 교체 · 보수비용 은 사업주 부 담 ‧ 서울시, SH소유의 경우는 개별사 업장별로 사업주와 협의에 의함""}]},{""type"":""table cell"",""pdfua_tag"":""TD"",""page number"":69,""bounding box"":[297.49,320.567,414.849,387.803],""row number"":6,""column number"":3,""row span"":1,""column span"":1,""kids"":[]},{""type"":""table cell"",""pdfua_tag"":""TD"",""page number"":69,""bounding box"":[414.849,320.567,532.207,387.803],""row number"":6,""column number"":4,""row span"":1,""column span"":1,""kids"":[{""type"":""paragraph"",""pdfua_tag"":""P"",""id"":3221,""page number"":69,""bounding box"":[414.849,320.567,532.207,387.803],""font"":null,""font size"":12.0,""content"":""제어""}]}]},{""type"":""table row"",""row number"":7,""cells"":[{""type"":""table cell"",""pdfua_tag"":""TD"",""page number"":69,""bounding box"":[62.773,253.332,180.131,320.567],""row number"":7,""column number"":1,""row span"":1,""column span"":1,""kids"":[{""type"":""paragraph"",""pdfua_tag"":""P"",""id"":3222,""level"":""1"",""page number"":69,""bounding box"":[62.773,253.332,180.131,320.567],""font"":null,""font size"":12.0,""content"":""‧ 단면 형상이 매 끈할 것 (우수방지용 루버 사용 불 가), ‧ 루버 면적 > 실외기 토출면적+ 흡 입면 적, 개구율 80% 이상일 것 , 흡 입 풍 속 은2m/ s 이하일 것 ‧ 루버 각도는 수평을 권장하며 최대 20 도를 넘 지 않을 것""}]},{""type"":""table cell"",""pdfua_tag"":""TD"",""page number"":69,""bounding box"":[180.131,253.332,297.49,320.567],""row number"":7,""column number"":2,""row span"":1,""column span"":1,""kids"":[]},{""type"":""table cell"",""pdfua_tag"":""TD"",""page number"":69,""bounding box"":[297.49,253.332,414.849,320.567],""row number"":7,""column number"":3,""row span"":1,""column span"":1,""kids"":[]},{""type"":""table cell"",""pdfua_tag"":""TD"",""page number"":69,""bounding box"":[414.849,253.332,532.207,320.567],""row number"":7,""column number"":4,""row span"":1,""column span"":1,""kids"":[{""type"":""paragraph"",""pdfua_tag"":""P"",""id"":3223,""page number"":69,""bounding box"":[414.849,253.332,532.207,320.567],""font"":null,""font size"":12.0,""content"":""실외기 루버""}]}]}]",law-1_p069_LAW1-T031.png,62.773,253.332,532.207,723.979,자동 추출,
LAW1-T032,LAW1,LAW1-4_7_4,70,70,LAW1-4_7_4 표 32,23,3,"내 용 | 반영여부 ( ○ , × ) | 미반영 사유
안심주택사업 대상지의 적정성 여부 |  | 
• 역세권 범 위 내 위치 • 인접 및 도로기준 만족 |  | 
• 의료시설 범 위 만족 (임대주택 100% 어르신세대 계획 시) |  | 
• 도시 환 경정비구역, 정비예정구역 여부 등 확인 |  | 
• 노후 건축물 기준 만족 여부 |  | 
• 도로 등의 설치 시 용도지역상향 |  | 
• 일조 수인한도 만족여부 |  | 
용적률 적용사항 |  | 
• 용적률 적용의 적정성 |  | 
• 공공기여율 기본, 상한으로 |  | 
• 커뮤니티시설 설치 면적의 적정여부 |  | 
• 커뮤니티시설 계획 프로그램의 |  | 
• 부설주차장 설치여부 |  | 
• 소셜 믹스 계획의 적정 여부 |  | 
건축 계획 |  | 
배치 계획 |  | 
• 지하 철 역 또는 버스 정 류 장부터 주 출입구까지 합리적인 보행 접근 체계도 제시 |  | 
• 광역교통도면 제시 |  | 
• 주유소 등의 이격 |  | 
• 진출입도로 6m 확보 |  | 
• 대지안의 공지기준(건축법) |  | 
• 채 광방 향 건축물의 높 이 제한 준수(준주거지역, 근린상업지역) |  | ","<table><tr><td>내 용</td><td>반영여부 ( ○ , × )</td><td>미반영 사유</td></tr><tr><td>안심주택사업 대상지의 적정성 여부</td><td></td><td></td></tr><tr><td>• 역세권 범 위 내 위치 • 인접 및 도로기준 만족</td><td></td><td></td></tr><tr><td>• 의료시설 범 위 만족 (임대주택 100% 어르신세대 계획 시)</td><td></td><td></td></tr><tr><td>• 도시 환 경정비구역, 정비예정구역 여부 등 확인</td><td></td><td></td></tr><tr><td>• 노후 건축물 기준 만족 여부</td><td></td><td></td></tr><tr><td>• 도로 등의 설치 시 용도지역상향</td><td></td><td></td></tr><tr><td>• 일조 수인한도 만족여부</td><td></td><td></td></tr><tr><td>용적률 적용사항</td><td></td><td></td></tr><tr><td>• 용적률 적용의 적정성</td><td></td><td></td></tr><tr><td>• 공공기여율 기본, 상한으로</td><td></td><td></td></tr><tr><td>• 커뮤니티시설 설치 면적의 적정여부</td><td></td><td></td></tr><tr><td>• 커뮤니티시설 계획 프로그램의</td><td></td><td></td></tr><tr><td>• 부설주차장 설치여부</td><td></td><td></td></tr><tr><td>• 소셜 믹스 계획의 적정 여부</td><td></td><td></td></tr><tr><td>건축 계획</td><td></td><td></td></tr><tr><td>배치 계획</td><td></td><td></td></tr><tr><td>• 지하 철 역 또는 버스 정 류 장부터 주 출입구까지 합리적인 보행 접근 체계도 제시</td><td></td><td></td></tr><tr><td>• 광역교통도면 제시</td><td></td><td></td></tr><tr><td>• 주유소 등의 이격</td><td></td><td></td></tr><tr><td>• 진출입도로 6m 확보</td><td></td><td></td></tr><tr><td>• 대지안의 공지기준(건축법)</td><td></td><td></td></tr><tr><td>• 채 광방 향 건축물의 높 이 제한 준수(준주거지역, 근린상업지역)</td><td></td><td></td></tr></table>","[{""type"":""table row"",""row number"":1,""cells"":[{""type"":""table cell"",""pdfua_tag"":""TH"",""page number"":70,""bounding box"":[54.802,697.374,217.892,725.32],""row number"":1,""column number"":1,""row span"":1,""column span"":1,""is_header"":true,""kids"":[{""type"":""paragraph"",""pdfua_tag"":""P"",""id"":3225,""page number"":70,""bounding box"":[54.802,697.374,217.892,725.32],""font"":null,""font size"":12.0,""content"":""내 용""}]},{""type"":""table cell"",""pdfua_tag"":""TH"",""page number"":70,""bounding box"":[217.892,697.374,380.982,725.32],""row number"":1,""column number"":2,""row span"":1,""column span"":1,""is_header"":true,""kids"":[{""type"":""paragraph"",""pdfua_tag"":""P"",""id"":3226,""page number"":70,""bounding box"":[217.892,697.374,380.982,725.32],""font"":null,""font size"":12.0,""content"":""반영여부 ( ○ , × )""}]},{""type"":""table cell"",""pdfua_tag"":""TH"",""page number"":70,""bounding box"":[380.982,697.374,544.071,725.32],""row number"":1,""column number"":3,""row span"":1,""column span"":1,""is_header"":true,""kids"":[{""type"":""paragraph"",""pdfua_tag"":""P"",""id"":3227,""page number"":70,""bounding box"":[380.982,697.374,544.071,725.32],""font"":null,""font size"":12.0,""content"":""미반영 사유""}]}]},{""type"":""table row"",""row number"":2,""cells"":[{""type"":""table cell"",""pdfua_tag"":""TD"",""page number"":70,""bounding box"":[54.802,669.428,217.892,697.374],""row number"":2,""column number"":1,""row span"":1,""column span"":1,""kids"":[{""type"":""paragraph"",""pdfua_tag"":""P"",""id"":3228,""page number"":70,""bounding box"":[54.802,669.428,217.892,697.374],""font"":null,""font size"":9.96,""text color"":""[0.0]"",""content"":""안심주택사업 대상지의 적정성 여부""}]},{""type"":""table cell"",""pdfua_tag"":""TD"",""page number"":70,""bounding box"":[217.892,669.428,380.982,697.374],""row number"":2,""column number"":2,""row span"":1,""column span"":1,""kids"":[]},{""type"":""table cell"",""pdfua_tag"":""TD"",""page number"":70,""bounding box"":[380.982,669.428,544.071,697.374],""row number"":2,""column number"":3,""row span"":1,""column span"":1,""kids"":[]}]},{""type"":""table row"",""row number"":3,""cells"":[{""type"":""table cell"",""pdfua_tag"":""TD"",""page number"":70,""bounding box"":[54.802,641.481,217.892,669.428],""row number"":3,""column number"":1,""row span"":1,""column span"":1,""kids"":[{""type"":""paragraph"",""pdfua_tag"":""P"",""id"":3229,""level"":""1"",""page number"":70,""bounding box"":[54.802,641.481,217.892,669.428],""font"":null,""font size"":12.0,""content"":""• 역세권 범 위 내 위치 • 인접 및 도로기준 만족""}]},{""type"":""table cell"",""pdfua_tag"":""TD"",""page number"":70,""bounding box"":[217.892,641.481,380.982,669.428],""row number"":3,""column number"":2,""row span"":1,""column span"":1,""kids"":[]},{""type"":""table cell"",""pdfua_tag"":""TD"",""page number"":70,""bounding box"":[380.982,641.481,544.071,669.428],""row number"":3,""column number"":3,""row span"":1,""column span"":1,""kids"":[]}]},{""type"":""table row"",""row number"":4,""cells"":[{""type"":""table cell"",""pdfua_tag"":""TD"",""page number"":70,""bounding box"":[54.802,613.535,217.892,641.481],""row number"":4,""column number"":1,""row span"":1,""column span"":1,""kids"":[{""type"":""paragraph"",""pdfua_tag"":""P"",""id"":3230,""level"":""1"",""page number"":70,""bounding box"":[54.802,613.535,217.892,641.481],""font"":null,""font size"":12.0,""content"":""• 의료시설 범 위 만족 (임대주택 100% 어르신세대 계획 시)""}]},{""type"":""table cell"",""pdfua_tag"":""TD"",""page number"":70,""bounding box"":[217.892,613.535,380.982,641.481],""row number"":4,""column number"":2,""row span"":1,""column span"":1,""kids"":[]},{""type"":""table cell"",""pdfua_tag"":""TD"",""page number"":70,""bounding box"":[380.982,613.535,544.071,641.481],""row number"":4,""column number"":3,""row span"":1,""column span"":1,""kids"":[]}]},{""type"":""table row"",""row number"":5,""cells"":[{""type"":""table cell"",""pdfua_tag"":""TD"",""page number"":70,""bounding box"":[54.802,585.589,217.892,613.535],""row number"":5,""column number"":1,""row span"":1,""column span"":1,""kids"":[{""type"":""paragraph"",""pdfua_tag"":""P"",""id"":3231,""level"":""1"",""page number"":70,""bounding box"":[54.802,585.589,217.892,613.535],""font"":null,""font size"":12.0,""content"":""• 도시 환 경정비구역, 정비예정구역 여부 등 확인""}]},{""type"":""table cell"",""pdfua_tag"":""TD"",""page number"":70,""bounding box"":[217.892,585.589,380.982,613.535],""row number"":5,""column number"":2,""row span"":1,""column span"":1,""kids"":[]},{""type"":""table cell"",""pdfua_tag"":""TD"",""page number"":70,""bounding box"":[380.982,585.589,544.071,613.535],""row number"":5,""column number"":3,""row span"":1,""column span"":1,""kids"":[]}]},{""type"":""table row"",""row number"":6,""cells"":[{""type"":""table cell"",""pdfua_tag"":""TD"",""page number"":70,""bounding box"":[54.802,557.642,217.892,585.589],""row number"":6,""column number"":1,""row span"":1,""column span"":1,""kids"":[{""type"":""paragraph"",""pdfua_tag"":""P"",""id"":3232,""level"":""1"",""page number"":70,""bounding box"":[54.802,557.642,217.892,585.589],""font"":null,""font size"":9.96,""text color"":""[0.0]"",""content"":""• 노후 건축물 기준 만족 여부""}]},{""type"":""table cell"",""pdfua_tag"":""TD"",""page number"":70,""bounding box"":[217.892,557.642,380.982,585.589],""row number"":6,""column number"":2,""row span"":1,""column span"":1,""kids"":[]},{""type"":""table cell"",""pdfua_tag"":""TD"",""page number"":70,""bounding box"":[380.982,557.642,544.071,585.589],""row number"":6,""column number"":3,""row span"":1,""column span"":1,""kids"":[]}]},{""type"":""table row"",""row number"":7,""cells"":[{""type"":""table cell"",""pdfua_tag"":""TD"",""page number"":70,""bounding box"":[54.802,529.696,217.892,557.642],""row number"":7,""column number"":1,""row span"":1,""column span"":1,""kids"":[{""type"":""paragraph"",""pdfua_tag"":""P"",""id"":3233,""level"":""1"",""page number"":70,""bounding box"":[54.802,529.696,217.892,557.642],""font"":null,""font size"":9.96,""text color"":""[0.0]"",""content"":""• 도로 등의 설치 시 용도지역상향""}]},{""type"":""table cell"",""pdfua_tag"":""TD"",""page number"":70,""bounding box"":[217.892,529.696,380.982,557.642],""row number"":7,""column number"":2,""row span"":1,""column span"":1,""kids"":[]},{""type"":""table cell"",""pdfua_tag"":""TD"",""page number"":70,""bounding box"":[380.982,529.696,544.071,557.642],""row number"":7,""column number"":3,""row span"":1,""column span"":1,""kids"":[]}]},{""type"":""table row"",""row number"":8,""cells"":[{""type"":""table cell"",""pdfua_tag"":""TD"",""page number"":70,""bounding box"":[54.802,501.75,217.892,529.696],""row number"":8,""column number"":1,""row span"":1,""column span"":1,""kids"":[{""type"":""paragraph"",""pdfua_tag"":""P"",""id"":3234,""level"":""1"",""page number"":70,""bounding box"":[54.802,501.75,217.892,529.696],""font"":null,""font size"":9.96,""text color"":""[0.0]"",""content"":""• 일조 수인한도 만족여부""}]},{""type"":""table cell"",""pdfua_tag"":""TD"",""page number"":70,""bounding box"":[217.892,501.75,380.982,529.696],""row number"":8,""column number"":2,""row span"":1,""column span"":1,""kids"":[]},{""type"":""table cell"",""pdfua_tag"":""TD"",""page number"":70,""bounding box"":[380.982,501.75,544.071,529.696],""row number"":8,""column number"":3,""row span"":1,""column span"":1,""kids"":[]}]},{""type"":""table row"",""row number"":9,""cells"":[{""type"":""table cell"",""pdfua_tag"":""TD"",""page number"":70,""bounding box"":[54.802,473.803,217.892,501.75],""row number"":9,""column number"":1,""row span"":1,""column span"":1,""kids"":[{""type"":""paragraph"",""pdfua_tag"":""P"",""id"":3235,""page number"":70,""bounding box"":[54.802,473.803,217.892,501.75],""font"":null,""font size"":9.96,""text color"":""[0.0]"",""content"":""용적률 적용사항""}]},{""type"":""table cell"",""pdfua_tag"":""TD"",""page number"":70,""bounding box"":[217.892,473.803,380.982,501.75],""row number"":9,""column number"":2,""row span"":1,""column span"":1,""kids"":[]},{""type"":""table cell"",""pdfua_tag"":""TD"",""page number"":70,""bounding box"":[380.982,473.803,544.071,501.75],""row number"":9,""column number"":3,""row span"":1,""column span"":1,""kids"":[]}]},{""type"":""table row"",""row number"":10,""cells"":[{""type"":""table cell"",""pdfua_tag"":""TD"",""page number"":70,""bounding box"":[54.802,445.857,217.892,473.803],""row number"":10,""column number"":1,""row span"":1,""column span"":1,""kids"":[{""type"":""paragraph"",""pdfua_tag"":""P"",""id"":3236,""level"":""1"",""page number"":70,""bounding box"":[54.802,445.857,217.892,473.803],""font"":null,""font size"":9.96,""text color"":""[0.0]"",""content"":""• 용적률 적용의 적정성""}]},{""type"":""table cell"",""pdfua_tag"":""TD"",""page number"":70,""bounding box"":[217.892,445.857,380.982,473.803],""row number"":10,""column number"":2,""row span"":1,""column span"":1,""kids"":[]},{""type"":""table cell"",""pdfua_tag"":""TD"",""page number"":70,""bounding box"":[380.982,445.857,544.071,473.803],""row number"":10,""column number"":3,""row span"":1,""column span"":1,""kids"":[]}]},{""type"":""table row"",""row number"":11,""cells"":[{""type"":""table cell"",""pdfua_tag"":""TD"",""page number"":70,""bounding box"":[54.802,417.911,217.892,445.857],""row number"":11,""column number"":1,""row span"":1,""column span"":1,""kids"":[{""type"":""paragraph"",""pdfua_tag"":""P"",""id"":3237,""level"":""1"",""page number"":70,""bounding box"":[54.802,417.911,217.892,445.857],""font"":null,""font size"":9.96,""text color"":""[0.0]"",""content"":""• 공공기여율 기본, 상한으로""}]},{""type"":""table cell"",""pdfua_tag"":""TD"",""page number"":70,""bounding box"":[217.892,417.911,380.982,445.857],""row number"":11,""column number"":2,""row span"":1,""column span"":1,""kids"":[]},{""type"":""table cell"",""pdfua_tag"":""TD"",""page number"":70,""bounding box"":[380.982,417.911,544.071,445.857],""row number"":11,""column number"":3,""row span"":1,""column span"":1,""kids"":[]}]},{""type"":""table row"",""row number"":12,""cells"":[{""type"":""table cell"",""pdfua_tag"":""TD"",""page number"":70,""bounding box"":[54.802,389.964,217.892,417.911],""row number"":12,""column number"":1,""row span"":1,""column span"":1,""kids"":[{""type"":""paragraph"",""pdfua_tag"":""P"",""id"":3238,""level"":""1"",""page number"":70,""bounding box"":[54.802,389.964,217.892,417.911],""font"":null,""font size"":9.96,""text color"":""[0.0]"",""content"":""• 커뮤니티시설 설치 면적의 적정여부""}]},{""type"":""table cell"",""pdfua_tag"":""TD"",""page number"":70,""bounding box"":[217.892,389.964,380.982,417.911],""row number"":12,""column number"":2,""row span"":1,""column span"":1,""kids"":[]},{""type"":""table cell"",""pdfua_tag"":""TD"",""page number"":70,""bounding box"":[380.982,389.964,544.071,417.911],""row number"":12,""column number"":3,""row span"":1,""column span"":1,""kids"":[]}]},{""type"":""table row"",""row number"":13,""cells"":[{""type"":""table cell"",""pdfua_tag"":""TD"",""page number"":70,""bounding box"":[54.802,362.018,217.892,389.964],""row number"":13,""column number"":1,""row span"":1,""column span"":1,""kids"":[{""type"":""paragraph"",""pdfua_tag"":""P"",""id"":3239,""level"":""1"",""page number"":70,""bounding box"":[54.802,362.018,217.892,389.964],""font"":null,""font size"":9.96,""text color"":""[0.0]"",""content"":""• 커뮤니티시설 계획 프로그램의""}]},{""type"":""table cell"",""pdfua_tag"":""TD"",""page number"":70,""bounding box"":[217.892,362.018,380.982,389.964],""row number"":13,""column number"":2,""row span"":1,""column span"":1,""kids"":[]},{""type"":""table cell"",""pdfua_tag"":""TD"",""page number"":70,""bounding box"":[380.982,362.018,544.071,389.964],""row number"":13,""column number"":3,""row span"":1,""column span"":1,""kids"":[]}]},{""type"":""table row"",""row number"":14,""cells"":[{""type"":""table cell"",""pdfua_tag"":""TD"",""page number"":70,""bounding box"":[54.802,334.072,217.892,362.018],""row number"":14,""column number"":1,""row span"":1,""column span"":1,""kids"":[{""type"":""paragraph"",""pdfua_tag"":""P"",""id"":3240,""level"":""1"",""page number"":70,""bounding box"":[54.802,334.072,217.892,362.018],""font"":null,""font size"":9.96,""text color"":""[0.0]"",""content"":""• 부설주차장 설치여부""}]},{""type"":""table cell"",""pdfua_tag"":""TD"",""page number"":70,""bounding box"":[217.892,334.072,380.982,362.018],""row number"":14,""column number"":2,""row span"":1,""column span"":1,""kids"":[]},{""type"":""table cell"",""pdfua_tag"":""TD"",""page number"":70,""bounding box"":[380.982,334.072,544.071,362.018],""row number"":14,""column number"":3,""row span"":1,""column span"":1,""kids"":[]}]},{""type"":""table row"",""row number"":15,""cells"":[{""type"":""table cell"",""pdfua_tag"":""TD"",""page number"":70,""bounding box"":[54.802,306.126,217.892,334.072],""row number"":15,""column number"":1,""row span"":1,""column span"":1,""kids"":[{""type"":""paragraph"",""pdfua_tag"":""P"",""id"":3241,""level"":""1"",""page number"":70,""bounding box"":[54.802,306.126,217.892,334.072],""font"":null,""font size"":9.96,""text color"":""[0.0]"",""content"":""• 소셜 믹스 계획의 적정 여부""}]},{""type"":""table cell"",""pdfua_tag"":""TD"",""page number"":70,""bounding box"":[217.892,306.126,380.982,334.072],""row number"":15,""column number"":2,""row span"":1,""column span"":1,""kids"":[]},{""type"":""table cell"",""pdfua_tag"":""TD"",""page number"":70,""bounding box"":[380.982,306.126,544.071,334.072],""row number"":15,""column number"":3,""row span"":1,""column span"":1,""kids"":[]}]},{""type"":""table row"",""row number"":16,""cells"":[{""type"":""table cell"",""pdfua_tag"":""TD"",""page number"":70,""bounding box"":[54.802,278.179,217.892,306.126],""row number"":16,""column number"":1,""row span"":1,""column span"":1,""kids"":[{""type"":""paragraph"",""pdfua_tag"":""P"",""id"":3242,""page number"":70,""bounding box"":[54.802,278.179,217.892,306.126],""font"":null,""font size"":9.96,""text color"":""[0.0]"",""content"":""건축 계획""}]},{""type"":""table cell"",""pdfua_tag"":""TD"",""page number"":70,""bounding box"":[217.892,278.179,380.982,306.126],""row number"":16,""column number"":2,""row span"":1,""column span"":1,""kids"":[]},{""type"":""table cell"",""pdfua_tag"":""TD"",""page number"":70,""bounding box"":[380.982,278.179,544.071,306.126],""row number"":16,""column number"":3,""row span"":1,""column span"":1,""kids"":[]}]},{""type"":""table row"",""row number"":17,""cells"":[{""type"":""table cell"",""pdfua_tag"":""TD"",""page number"":70,""bounding box"":[54.802,250.233,217.892,278.179],""row number"":17,""column number"":1,""row span"":1,""column span"":1,""kids"":[{""type"":""paragraph"",""pdfua_tag"":""P"",""id"":3243,""page number"":70,""bounding box"":[54.802,250.233,217.892,278.179],""font"":null,""font size"":12.0,""content"":""배치 계획""}]},{""type"":""table cell"",""pdfua_tag"":""TD"",""page number"":70,""bounding box"":[217.892,250.233,380.982,278.179],""row number"":17,""column number"":2,""row span"":1,""column span"":1,""kids"":[]},{""type"":""table cell"",""pdfua_tag"":""TD"",""page number"":70,""bounding box"":[380.982,250.233,544.071,278.179],""row number"":17,""column number"":3,""row span"":1,""column span"":1,""kids"":[]}]},{""type"":""table row"",""row number"":18,""cells"":[{""type"":""table cell"",""pdfua_tag"":""TD"",""page number"":70,""bounding box"":[54.802,222.287,217.892,250.233],""row number"":18,""column number"":1,""row span"":1,""column span"":1,""kids"":[{""type"":""paragraph"",""pdfua_tag"":""P"",""id"":3244,""level"":""1"",""page number"":70,""bounding box"":[54.802,222.287,217.892,250.233],""font"":null,""font size"":12.0,""content"":""• 지하 철 역 또는 버스 정 류 장부터 주 출입구까지 합리적인 보행 접근 체계도 제시""}]},{""type"":""table cell"",""pdfua_tag"":""TD"",""page number"":70,""bounding box"":[217.892,222.287,380.982,250.233],""row number"":18,""column number"":2,""row span"":1,""column span"":1,""kids"":[]},{""type"":""table cell"",""pdfua_tag"":""TD"",""page number"":70,""bounding box"":[380.982,222.287,544.071,250.233],""row number"":18,""column number"":3,""row span"":1,""column span"":1,""kids"":[]}]},{""type"":""table row"",""row number"":19,""cells"":[{""type"":""table cell"",""pdfua_tag"":""TD"",""page number"":70,""bounding box"":[54.802,194.34,217.892,222.287],""row number"":19,""column number"":1,""row span"":1,""column span"":1,""kids"":[{""type"":""paragraph"",""pdfua_tag"":""P"",""id"":3245,""level"":""1"",""page number"":70,""bounding box"":[54.802,194.34,217.892,222.287],""font"":null,""font size"":9.96,""text color"":""[0.0]"",""content"":""• 광역교통도면 제시""}]},{""type"":""table cell"",""pdfua_tag"":""TD"",""page number"":70,""bounding box"":[217.892,194.34,380.982,222.287],""row number"":19,""column number"":2,""row span"":1,""column span"":1,""kids"":[]},{""type"":""table cell"",""pdfua_tag"":""TD"",""page number"":70,""bounding box"":[380.982,194.34,544.071,222.287],""row number"":19,""column number"":3,""row span"":1,""column span"":1,""kids"":[]}]},{""type"":""table row"",""row number"":20,""cells"":[{""type"":""table cell"",""pdfua_tag"":""TD"",""page number"":70,""bounding box"":[54.802,166.394,217.892,194.34],""row number"":20,""column number"":1,""row span"":1,""column span"":1,""kids"":[{""type"":""paragraph"",""pdfua_tag"":""P"",""id"":3246,""level"":""1"",""page number"":70,""bounding box"":[54.802,166.394,217.892,194.34],""font"":null,""font size"":9.96,""text color"":""[0.0]"",""content"":""• 주유소 등의 이격""}]},{""type"":""table cell"",""pdfua_tag"":""TD"",""page number"":70,""bounding box"":[217.892,166.394,380.982,194.34],""row number"":20,""column number"":2,""row span"":1,""column span"":1,""kids"":[]},{""type"":""table cell"",""pdfua_tag"":""TD"",""page number"":70,""bounding box"":[380.982,166.394,544.071,194.34],""row number"":20,""column number"":3,""row span"":1,""column span"":1,""kids"":[]}]},{""type"":""table row"",""row number"":21,""cells"":[{""type"":""table cell"",""pdfua_tag"":""TD"",""page number"":70,""bounding box"":[54.802,138.448,217.892,166.394],""row number"":21,""column number"":1,""row span"":1,""column span"":1,""kids"":[{""type"":""paragraph"",""pdfua_tag"":""P"",""id"":3247,""level"":""1"",""page number"":70,""bounding box"":[54.802,138.448,217.892,166.394],""font"":null,""font size"":9.96,""text color"":""[0.0]"",""content"":""• 진출입도로 6m 확보""}]},{""type"":""table cell"",""pdfua_tag"":""TD"",""page number"":70,""bounding box"":[217.892,138.448,380.982,166.394],""row number"":21,""column number"":2,""row span"":1,""column span"":1,""kids"":[]},{""type"":""table cell"",""pdfua_tag"":""TD"",""page number"":70,""bounding box"":[380.982,138.448,544.071,166.394],""row number"":21,""column number"":3,""row span"":1,""column span"":1,""kids"":[]}]},{""type"":""table row"",""row number"":22,""cells"":[{""type"":""table cell"",""pdfua_tag"":""TD"",""page number"":70,""bounding box"":[54.802,110.501,217.892,138.448],""row number"":22,""column number"":1,""row span"":1,""column span"":1,""kids"":[{""type"":""paragraph"",""pdfua_tag"":""P"",""id"":3248,""level"":""1"",""page number"":70,""bounding box"":[54.802,110.501,217.892,138.448],""font"":null,""font size"":9.96,""text color"":""[0.0]"",""content"":""• 대지안의 공지기준(건축법)""}]},{""type"":""table cell"",""pdfua_tag"":""TD"",""page number"":70,""bounding box"":[217.892,110.501,380.982,138.448],""row number"":22,""column number"":2,""row span"":1,""column span"":1,""kids"":[]},{""type"":""table cell"",""pdfua_tag"":""TD"",""page number"":70,""bounding box"":[380.982,110.501,544.071,138.448],""row number"":22,""column number"":3,""row span"":1,""column span"":1,""kids"":[]}]},{""type"":""table row"",""row number"":23,""cells"":[{""type"":""table cell"",""pdfua_tag"":""TD"",""page number"":70,""bounding box"":[54.802,82.555,217.892,110.501],""row number"":23,""column number"":1,""row span"":1,""column span"":1,""kids"":[{""type"":""paragraph"",""pdfua_tag"":""P"",""id"":3249,""level"":""1"",""page number"":70,""bounding box"":[54.802,82.555,217.892,110.501],""font"":null,""font size"":12.0,""content"":""• 채 광방 향 건축물의 높 이 제한 준수(준주거지역, 근린상업지역)""}]},{""type"":""table cell"",""pdfua_tag"":""TD"",""page number"":70,""bounding box"":[217.892,82.555,380.982,110.501],""row number"":23,""column number"":2,""row span"":1,""column span"":1,""kids"":[]},{""type"":""table cell"",""pdfua_tag"":""TD"",""page number"":70,""bounding box"":[380.982,82.555,544.071,110.501],""row number"":23,""column number"":3,""row span"":1,""column span"":1,""kids"":[]}]}]",law-1_p070_LAW1-T032.png,54.802,82.555,544.071,725.32,자동 추출,
LAW1-T033,LAW1,LAW1-4_7_4,71,71,LAW1-4_7_4 표 33,23,3,"내 | 용 반영여부 ( ○ , × ) | 미반영 사유
계획 |  | 
• 남녀 • • • 모든 • • 우 편 물 가능하도 • 쓰 • 소방자동차 • CCTV 코어 계획 E/V • 엘 리 베 |  | 
정의 | 이터 대수 산 적정 성 | 
• | 계획(어르신 세대 계획 시) | 
 | 화장실 출입구가 대면하지 않도 록 계획 | 
 | 외기에 면한 공간에 충분한 공간의 방 풍 실 계획 | 
 | 근린생활시설의 복 도는 안목치수 2m 이상 계획 | 
 | 근생이 내부 복 도로 연결 되 도 록 계획 | 
 | 주거부 코어와 연계한 로비공간 계획 | 
택배함 | 수 취 함(무인 등) 계획(경비실 등에서 자연적 감시 | 
 | 레기 처리시설(조업 주차 공간 마련) 계획 | 
 | 전용구획 설치 (해당시) | 
 | 설치 위치도 제시 | 
 | 계획 | 
 | • 계단실형 코어는 계단실마다 계획 | 
 | • 엘 리 베 이터 홀 의 너비는 안목치수 2.8m 이상 | 
 | 계단실 계획 | 
 | • 직통계단 개소의 적정 성 | 
 | • 특별 피난 계단, 피난 계단 계획의 | 
 | 적정 성 | 
 | 복도 계획 | 
측복 |  | ","<table><tr><td>내</td><td>용 반영여부 ( ○ , × )</td><td>미반영 사유</td></tr><tr><td>계획</td><td></td><td></td></tr><tr><td>• 남녀 • • • 모든 • • 우 편 물 가능하도 • 쓰 • 소방자동차 • CCTV 코어 계획 E/V • 엘 리 베</td><td></td><td></td></tr><tr><td>정의</td><td>이터 대수 산 적정 성</td><td></td></tr><tr><td>•</td><td>계획(어르신 세대 계획 시)</td><td></td></tr><tr><td></td><td>화장실 출입구가 대면하지 않도 록 계획</td><td></td></tr><tr><td></td><td>외기에 면한 공간에 충분한 공간의 방 풍 실 계획</td><td></td></tr><tr><td></td><td>근린생활시설의 복 도는 안목치수 2m 이상 계획</td><td></td></tr><tr><td></td><td>근생이 내부 복 도로 연결 되 도 록 계획</td><td></td></tr><tr><td></td><td>주거부 코어와 연계한 로비공간 계획</td><td></td></tr><tr><td>택배함</td><td>수 취 함(무인 등) 계획(경비실 등에서 자연적 감시</td><td></td></tr><tr><td></td><td>레기 처리시설(조업 주차 공간 마련) 계획</td><td></td></tr><tr><td></td><td>전용구획 설치 (해당시)</td><td></td></tr><tr><td></td><td>설치 위치도 제시</td><td></td></tr><tr><td></td><td>계획</td><td></td></tr><tr><td></td><td>• 계단실형 코어는 계단실마다 계획</td><td></td></tr><tr><td></td><td>• 엘 리 베 이터 홀 의 너비는 안목치수 2.8m 이상</td><td></td></tr><tr><td></td><td>계단실 계획</td><td></td></tr><tr><td></td><td>• 직통계단 개소의 적정 성</td><td></td></tr><tr><td></td><td>• 특별 피난 계단, 피난 계단 계획의</td><td></td></tr><tr><td></td><td>적정 성</td><td></td></tr><tr><td></td><td>복도 계획</td><td></td></tr><tr><td>측복</td><td></td><td></td></tr></table>","[{""type"":""table row"",""row number"":1,""cells"":[{""type"":""table cell"",""pdfua_tag"":""TH"",""page number"":71,""bounding box"":[54.798,738.092,217.803,767.813],""row number"":1,""column number"":1,""row span"":1,""column span"":1,""is_header"":true,""kids"":[{""type"":""paragraph"",""pdfua_tag"":""P"",""id"":3251,""page number"":71,""bounding box"":[54.798,738.092,217.803,767.813],""font"":null,""font size"":12.0,""content"":""내""}]},{""type"":""table cell"",""pdfua_tag"":""TH"",""page number"":71,""bounding box"":[217.803,738.092,380.807,767.813],""row number"":1,""column number"":2,""row span"":1,""column span"":1,""is_header"":true,""kids"":[{""type"":""paragraph"",""pdfua_tag"":""P"",""id"":3252,""page number"":71,""bounding box"":[217.803,738.092,380.807,767.813],""font"":null,""font size"":12.0,""content"":""용 반영여부 ( ○ , × )""}]},{""type"":""table cell"",""pdfua_tag"":""TH"",""page number"":71,""bounding box"":[380.807,738.092,543.812,767.813],""row number"":1,""column number"":3,""row span"":1,""column span"":1,""is_header"":true,""kids"":[{""type"":""paragraph"",""pdfua_tag"":""P"",""id"":3253,""page number"":71,""bounding box"":[380.807,738.092,543.812,767.813],""font"":null,""font size"":12.0,""content"":""미반영 사유""}]}]},{""type"":""table row"",""row number"":2,""cells"":[{""type"":""table cell"",""pdfua_tag"":""TD"",""page number"":71,""bounding box"":[54.798,708.371,217.803,738.092],""row number"":2,""column number"":1,""row span"":1,""column span"":1,""kids"":[{""type"":""paragraph"",""pdfua_tag"":""P"",""id"":3254,""page number"":71,""bounding box"":[54.798,708.371,217.803,738.092],""font"":null,""font size"":12.0,""content"":""계획""}]},{""type"":""table cell"",""pdfua_tag"":""TD"",""page number"":71,""bounding box"":[217.803,708.371,380.807,738.092],""row number"":2,""column number"":2,""row span"":1,""column span"":1,""kids"":[]},{""type"":""table cell"",""pdfua_tag"":""TD"",""page number"":71,""bounding box"":[380.807,708.371,543.812,738.092],""row number"":2,""column number"":3,""row span"":1,""column span"":1,""kids"":[]}]},{""type"":""table row"",""row number"":3,""cells"":[{""type"":""table cell"",""pdfua_tag"":""TD"",""page number"":71,""bounding box"":[54.798,678.65,217.803,708.371],""row number"":3,""column number"":1,""row span"":1,""column span"":1,""kids"":[{""type"":""paragraph"",""pdfua_tag"":""P"",""id"":3255,""level"":""1"",""page number"":71,""bounding box"":[54.798,678.65,217.803,708.371],""font"":null,""font size"":12.0,""content"":""• 남녀 • • • 모든 • • 우 편 물 가능하도 • 쓰 • 소방자동차 • CCTV 코어 계획 E/V • 엘 리 베""}]},{""type"":""table cell"",""pdfua_tag"":""TD"",""page number"":71,""bounding box"":[217.803,678.65,380.807,708.371],""row number"":3,""column number"":2,""row span"":1,""column span"":1,""kids"":[]},{""type"":""table cell"",""pdfua_tag"":""TD"",""page number"":71,""bounding box"":[380.807,678.65,543.812,708.371],""row number"":3,""column number"":3,""row span"":1,""column span"":1,""kids"":[]}]},{""type"":""table row"",""row number"":4,""cells"":[{""type"":""table cell"",""pdfua_tag"":""TD"",""page number"":71,""bounding box"":[54.798,648.929,217.803,678.65],""row number"":4,""column number"":1,""row span"":1,""column span"":1,""kids"":[{""type"":""paragraph"",""pdfua_tag"":""P"",""id"":3256,""page number"":71,""bounding box"":[54.798,648.929,217.803,678.65],""font"":null,""font size"":12.0,""content"":""정의""}]},{""type"":""table cell"",""pdfua_tag"":""TD"",""page number"":71,""bounding box"":[217.803,648.929,380.807,678.65],""row number"":4,""column number"":2,""row span"":1,""column span"":1,""kids"":[{""type"":""paragraph"",""pdfua_tag"":""P"",""id"":3257,""page number"":71,""bounding box"":[217.803,648.929,380.807,678.65],""font"":null,""font size"":12.0,""content"":""이터 대수 산 적정 성""}]},{""type"":""table cell"",""pdfua_tag"":""TD"",""page number"":71,""bounding box"":[380.807,648.929,543.812,678.65],""row number"":4,""column number"":3,""row span"":1,""column span"":1,""kids"":[]}]},{""type"":""table row"",""row number"":5,""cells"":[{""type"":""table cell"",""pdfua_tag"":""TD"",""page number"":71,""bounding box"":[54.798,619.207,217.803,648.929],""row number"":5,""column number"":1,""row span"":1,""column span"":1,""kids"":[{""type"":""paragraph"",""pdfua_tag"":""P"",""id"":3258,""level"":""1"",""page number"":71,""bounding box"":[54.798,619.207,217.803,648.929],""font"":null,""font size"":12.0,""content"":""•""}]},{""type"":""table cell"",""pdfua_tag"":""TD"",""page number"":71,""bounding box"":[217.803,619.207,380.807,648.929],""row number"":5,""column number"":2,""row span"":1,""column span"":1,""kids"":[{""type"":""paragraph"",""pdfua_tag"":""P"",""id"":3259,""page number"":71,""bounding box"":[217.803,619.207,380.807,648.929],""font"":null,""font size"":9.96,""text color"":""[0.0]"",""content"":""계획(어르신 세대 계획 시)""}]},{""type"":""table cell"",""pdfua_tag"":""TD"",""page number"":71,""bounding box"":[380.807,619.207,543.812,648.929],""row number"":5,""column number"":3,""row span"":1,""column span"":1,""kids"":[]}]},{""type"":""table row"",""row number"":6,""cells"":[{""type"":""table cell"",""pdfua_tag"":""TD"",""page number"":71,""bounding box"":[54.798,589.486,217.803,619.207],""row number"":6,""column number"":1,""row span"":1,""column span"":1,""kids"":[]},{""type"":""table cell"",""pdfua_tag"":""TD"",""page number"":71,""bounding box"":[217.803,589.486,380.807,619.207],""row number"":6,""column number"":2,""row span"":1,""column span"":1,""kids"":[{""type"":""paragraph"",""pdfua_tag"":""P"",""id"":3260,""page number"":71,""bounding box"":[217.803,589.486,380.807,619.207],""font"":null,""font size"":12.0,""content"":""화장실 출입구가 대면하지 않도 록 계획""}]},{""type"":""table cell"",""pdfua_tag"":""TD"",""page number"":71,""bounding box"":[380.807,589.486,543.812,619.207],""row number"":6,""column number"":3,""row span"":1,""column span"":1,""kids"":[]}]},{""type"":""table row"",""row number"":7,""cells"":[{""type"":""table cell"",""pdfua_tag"":""TD"",""page number"":71,""bounding box"":[54.798,559.765,217.803,589.486],""row number"":7,""column number"":1,""row span"":1,""column span"":1,""kids"":[]},{""type"":""table cell"",""pdfua_tag"":""TD"",""page number"":71,""bounding box"":[217.803,559.765,380.807,589.486],""row number"":7,""column number"":2,""row span"":1,""column span"":1,""kids"":[{""type"":""paragraph"",""pdfua_tag"":""P"",""id"":3261,""page number"":71,""bounding box"":[217.803,559.765,380.807,589.486],""font"":null,""font size"":12.0,""content"":""외기에 면한 공간에 충분한 공간의 방 풍 실 계획""}]},{""type"":""table cell"",""pdfua_tag"":""TD"",""page number"":71,""bounding box"":[380.807,559.765,543.812,589.486],""row number"":7,""column number"":3,""row span"":1,""column span"":1,""kids"":[]}]},{""type"":""table row"",""row number"":8,""cells"":[{""type"":""table cell"",""pdfua_tag"":""TD"",""page number"":71,""bounding box"":[54.798,530.044,217.803,559.765],""row number"":8,""column number"":1,""row span"":1,""column span"":1,""kids"":[]},{""type"":""table cell"",""pdfua_tag"":""TD"",""page number"":71,""bounding box"":[217.803,530.044,380.807,559.765],""row number"":8,""column number"":2,""row span"":1,""column span"":1,""kids"":[{""type"":""paragraph"",""pdfua_tag"":""P"",""id"":3262,""page number"":71,""bounding box"":[217.803,530.044,380.807,559.765],""font"":null,""font size"":12.0,""content"":""근린생활시설의 복 도는 안목치수 2m 이상 계획""}]},{""type"":""table cell"",""pdfua_tag"":""TD"",""page number"":71,""bounding box"":[380.807,530.044,543.812,559.765],""row number"":8,""column number"":3,""row span"":1,""column span"":1,""kids"":[]}]},{""type"":""table row"",""row number"":9,""cells"":[{""type"":""table cell"",""pdfua_tag"":""TD"",""page number"":71,""bounding box"":[54.798,500.323,217.803,530.044],""row number"":9,""column number"":1,""row span"":1,""column span"":1,""kids"":[]},{""type"":""table cell"",""pdfua_tag"":""TD"",""page number"":71,""bounding box"":[217.803,500.323,380.807,530.044],""row number"":9,""column number"":2,""row span"":1,""column span"":1,""kids"":[{""type"":""paragraph"",""pdfua_tag"":""P"",""id"":3263,""page number"":71,""bounding box"":[217.803,500.323,380.807,530.044],""font"":null,""font size"":12.0,""content"":""근생이 내부 복 도로 연결 되 도 록 계획""}]},{""type"":""table cell"",""pdfua_tag"":""TD"",""page number"":71,""bounding box"":[380.807,500.323,543.812,530.044],""row number"":9,""column number"":3,""row span"":1,""column span"":1,""kids"":[]}]},{""type"":""table row"",""row number"":10,""cells"":[{""type"":""table cell"",""pdfua_tag"":""TD"",""page number"":71,""bounding box"":[54.798,470.602,217.803,500.323],""row number"":10,""column number"":1,""row span"":1,""column span"":1,""kids"":[]},{""type"":""table cell"",""pdfua_tag"":""TD"",""page number"":71,""bounding box"":[217.803,470.602,380.807,500.323],""row number"":10,""column number"":2,""row span"":1,""column span"":1,""kids"":[{""type"":""paragraph"",""pdfua_tag"":""P"",""id"":3264,""page number"":71,""bounding box"":[217.803,470.602,380.807,500.323],""font"":null,""font size"":12.0,""content"":""주거부 코어와 연계한 로비공간 계획""}]},{""type"":""table cell"",""pdfua_tag"":""TD"",""page number"":71,""bounding box"":[380.807,470.602,543.812,500.323],""row number"":10,""column number"":3,""row span"":1,""column span"":1,""kids"":[]}]},{""type"":""table row"",""row number"":11,""cells"":[{""type"":""table cell"",""pdfua_tag"":""TD"",""page number"":71,""bounding box"":[54.798,440.88,217.803,470.602],""row number"":11,""column number"":1,""row span"":1,""column span"":1,""kids"":[{""type"":""paragraph"",""pdfua_tag"":""P"",""id"":3265,""page number"":71,""bounding box"":[54.798,440.88,217.803,470.602],""font"":null,""font size"":12.0,""content"":""택배함""}]},{""type"":""table cell"",""pdfua_tag"":""TD"",""page number"":71,""bounding box"":[217.803,440.88,380.807,470.602],""row number"":11,""column number"":2,""row span"":1,""column span"":1,""kids"":[{""type"":""paragraph"",""pdfua_tag"":""P"",""id"":3266,""page number"":71,""bounding box"":[217.803,440.88,380.807,470.602],""font"":null,""font size"":12.0,""content"":""수 취 함(무인 등) 계획(경비실 등에서 자연적 감시""}]},{""type"":""table cell"",""pdfua_tag"":""TD"",""page number"":71,""bounding box"":[380.807,440.88,543.812,470.602],""row number"":11,""column number"":3,""row span"":1,""column span"":1,""kids"":[]}]},{""type"":""table row"",""row number"":12,""cells"":[{""type"":""table cell"",""pdfua_tag"":""TD"",""page number"":71,""bounding box"":[54.798,411.159,217.803,440.88],""row number"":12,""column number"":1,""row span"":1,""column span"":1,""kids"":[]},{""type"":""table cell"",""pdfua_tag"":""TD"",""page number"":71,""bounding box"":[217.803,411.159,380.807,440.88],""row number"":12,""column number"":2,""row span"":1,""column span"":1,""kids"":[{""type"":""paragraph"",""pdfua_tag"":""P"",""id"":3267,""page number"":71,""bounding box"":[217.803,411.159,380.807,440.88],""font"":null,""font size"":12.0,""content"":""레기 처리시설(조업 주차 공간 마련) 계획""}]},{""type"":""table cell"",""pdfua_tag"":""TD"",""page number"":71,""bounding box"":[380.807,411.159,543.812,440.88],""row number"":12,""column number"":3,""row span"":1,""column span"":1,""kids"":[]}]},{""type"":""table row"",""row number"":13,""cells"":[{""type"":""table cell"",""pdfua_tag"":""TD"",""page number"":71,""bounding box"":[54.798,381.438,217.803,411.159],""row number"":13,""column number"":1,""row span"":1,""column span"":1,""kids"":[]},{""type"":""table cell"",""pdfua_tag"":""TD"",""page number"":71,""bounding box"":[217.803,381.438,380.807,411.159],""row number"":13,""column number"":2,""row span"":1,""column span"":1,""kids"":[{""type"":""paragraph"",""pdfua_tag"":""P"",""id"":3268,""page number"":71,""bounding box"":[217.803,381.438,380.807,411.159],""font"":null,""font size"":12.0,""content"":""전용구획 설치 (해당시)""}]},{""type"":""table cell"",""pdfua_tag"":""TD"",""page number"":71,""bounding box"":[380.807,381.438,543.812,411.159],""row number"":13,""column number"":3,""row span"":1,""column span"":1,""kids"":[]}]},{""type"":""table row"",""row number"":14,""cells"":[{""type"":""table cell"",""pdfua_tag"":""TD"",""page number"":71,""bounding box"":[54.798,351.717,217.803,381.438],""row number"":14,""column number"":1,""row span"":1,""column span"":1,""kids"":[]},{""type"":""table cell"",""pdfua_tag"":""TD"",""page number"":71,""bounding box"":[217.803,351.717,380.807,381.438],""row number"":14,""column number"":2,""row span"":1,""column span"":1,""kids"":[{""type"":""paragraph"",""pdfua_tag"":""P"",""id"":3269,""page number"":71,""bounding box"":[217.803,351.717,380.807,381.438],""font"":null,""font size"":12.0,""content"":""설치 위치도 제시""}]},{""type"":""table cell"",""pdfua_tag"":""TD"",""page number"":71,""bounding box"":[380.807,351.717,543.812,381.438],""row number"":14,""column number"":3,""row span"":1,""column span"":1,""kids"":[]}]},{""type"":""table row"",""row number"":15,""cells"":[{""type"":""table cell"",""pdfua_tag"":""TD"",""page number"":71,""bounding box"":[54.798,321.996,217.803,351.717],""row number"":15,""column number"":1,""row span"":1,""column span"":1,""kids"":[]},{""type"":""table cell"",""pdfua_tag"":""TD"",""page number"":71,""bounding box"":[217.803,321.996,380.807,351.717],""row number"":15,""column number"":2,""row span"":1,""column span"":1,""kids"":[{""type"":""paragraph"",""pdfua_tag"":""P"",""id"":3270,""page number"":71,""bounding box"":[217.803,321.996,380.807,351.717],""font"":null,""font size"":12.0,""content"":""계획""}]},{""type"":""table cell"",""pdfua_tag"":""TD"",""page number"":71,""bounding box"":[380.807,321.996,543.812,351.717],""row number"":15,""column number"":3,""row span"":1,""column span"":1,""kids"":[]}]},{""type"":""table row"",""row number"":16,""cells"":[{""type"":""table cell"",""pdfua_tag"":""TD"",""page number"":71,""bounding box"":[54.798,292.275,217.803,321.996],""row number"":16,""column number"":1,""row span"":1,""column span"":1,""kids"":[]},{""type"":""table cell"",""pdfua_tag"":""TD"",""page number"":71,""bounding box"":[217.803,292.275,380.807,321.996],""row number"":16,""column number"":2,""row span"":1,""column span"":1,""kids"":[{""type"":""paragraph"",""pdfua_tag"":""P"",""id"":3271,""level"":""1"",""page number"":71,""bounding box"":[217.803,292.275,380.807,321.996],""font"":null,""font size"":12.0,""content"":""• 계단실형 코어는 계단실마다 계획""}]},{""type"":""table cell"",""pdfua_tag"":""TD"",""page number"":71,""bounding box"":[380.807,292.275,543.812,321.996],""row number"":16,""column number"":3,""row span"":1,""column span"":1,""kids"":[]}]},{""type"":""table row"",""row number"":17,""cells"":[{""type"":""table cell"",""pdfua_tag"":""TD"",""page number"":71,""bounding box"":[54.798,262.554,217.803,292.275],""row number"":17,""column number"":1,""row span"":1,""column span"":1,""kids"":[]},{""type"":""table cell"",""pdfua_tag"":""TD"",""page number"":71,""bounding box"":[217.803,262.554,380.807,292.275],""row number"":17,""column number"":2,""row span"":1,""column span"":1,""kids"":[{""type"":""paragraph"",""pdfua_tag"":""P"",""id"":3272,""level"":""1"",""page number"":71,""bounding box"":[217.803,262.554,380.807,292.275],""font"":null,""font size"":12.0,""content"":""• 엘 리 베 이터 홀 의 너비는 안목치수 2.8m 이상""}]},{""type"":""table cell"",""pdfua_tag"":""TD"",""page number"":71,""bounding box"":[380.807,262.554,543.812,292.275],""row number"":17,""column number"":3,""row span"":1,""column span"":1,""kids"":[]}]},{""type"":""table row"",""row number"":18,""cells"":[{""type"":""table cell"",""pdfua_tag"":""TD"",""page number"":71,""bounding box"":[54.798,232.832,217.803,262.554],""row number"":18,""column number"":1,""row span"":1,""column span"":1,""kids"":[]},{""type"":""table cell"",""pdfua_tag"":""TD"",""page number"":71,""bounding box"":[217.803,232.832,380.807,262.554],""row number"":18,""column number"":2,""row span"":1,""column span"":1,""kids"":[{""type"":""paragraph"",""pdfua_tag"":""P"",""id"":3273,""page number"":71,""bounding box"":[217.803,232.832,380.807,262.554],""font"":null,""font size"":12.0,""content"":""계단실 계획""}]},{""type"":""table cell"",""pdfua_tag"":""TD"",""page number"":71,""bounding box"":[380.807,232.832,543.812,262.554],""row number"":18,""column number"":3,""row span"":1,""column span"":1,""kids"":[]}]},{""type"":""table row"",""row number"":19,""cells"":[{""type"":""table cell"",""pdfua_tag"":""TD"",""page number"":71,""bounding box"":[54.798,203.111,217.803,232.832],""row number"":19,""column number"":1,""row span"":1,""column span"":1,""kids"":[]},{""type"":""table cell"",""pdfua_tag"":""TD"",""page number"":71,""bounding box"":[217.803,203.111,380.807,232.832],""row number"":19,""column number"":2,""row span"":1,""column span"":1,""kids"":[{""type"":""paragraph"",""pdfua_tag"":""P"",""id"":3274,""level"":""1"",""page number"":71,""bounding box"":[217.803,203.111,380.807,232.832],""font"":null,""font size"":12.0,""content"":""• 직통계단 개소의 적정 성""}]},{""type"":""table cell"",""pdfua_tag"":""TD"",""page number"":71,""bounding box"":[380.807,203.111,543.812,232.832],""row number"":19,""column number"":3,""row span"":1,""column span"":1,""kids"":[]}]},{""type"":""table row"",""row number"":20,""cells"":[{""type"":""table cell"",""pdfua_tag"":""TD"",""page number"":71,""bounding box"":[54.798,173.39,217.803,203.111],""row number"":20,""column number"":1,""row span"":1,""column span"":1,""kids"":[]},{""type"":""table cell"",""pdfua_tag"":""TD"",""page number"":71,""bounding box"":[217.803,173.39,380.807,203.111],""row number"":20,""column number"":2,""row span"":1,""column span"":1,""kids"":[{""type"":""paragraph"",""pdfua_tag"":""P"",""id"":3275,""level"":""1"",""page number"":71,""bounding box"":[217.803,173.39,380.807,203.111],""font"":null,""font size"":12.0,""content"":""• 특별 피난 계단, 피난 계단 계획의""}]},{""type"":""table cell"",""pdfua_tag"":""TD"",""page number"":71,""bounding box"":[380.807,173.39,543.812,203.111],""row number"":20,""column number"":3,""row span"":1,""column span"":1,""kids"":[]}]},{""type"":""table row"",""row number"":21,""cells"":[{""type"":""table cell"",""pdfua_tag"":""TD"",""page number"":71,""bounding box"":[54.798,143.669,217.803,173.39],""row number"":21,""column number"":1,""row span"":1,""column span"":1,""kids"":[]},{""type"":""table cell"",""pdfua_tag"":""TD"",""page number"":71,""bounding box"":[217.803,143.669,380.807,173.39],""row number"":21,""column number"":2,""row span"":1,""column span"":1,""kids"":[{""type"":""paragraph"",""pdfua_tag"":""P"",""id"":3276,""page number"":71,""bounding box"":[217.803,143.669,380.807,173.39],""font"":null,""font size"":12.0,""content"":""적정 성""}]},{""type"":""table cell"",""pdfua_tag"":""TD"",""page number"":71,""bounding box"":[380.807,143.669,543.812,173.39],""row number"":21,""column number"":3,""row span"":1,""column span"":1,""kids"":[]}]},{""type"":""table row"",""row number"":22,""cells"":[{""type"":""table cell"",""pdfua_tag"":""TD"",""page number"":71,""bounding box"":[54.798,113.948,217.803,143.669],""row number"":22,""column number"":1,""row span"":1,""column span"":1,""kids"":[]},{""type"":""table cell"",""pdfua_tag"":""TD"",""page number"":71,""bounding box"":[217.803,113.948,380.807,143.669],""row number"":22,""column number"":2,""row span"":1,""column span"":1,""kids"":[{""type"":""paragraph"",""pdfua_tag"":""P"",""id"":3277,""page number"":71,""bounding box"":[217.803,113.948,380.807,143.669],""font"":null,""font size"":12.0,""content"":""복도 계획""}]},{""type"":""table cell"",""pdfua_tag"":""TD"",""page number"":71,""bounding box"":[380.807,113.948,543.812,143.669],""row number"":22,""column number"":3,""row span"":1,""column span"":1,""kids"":[]}]},{""type"":""table row"",""row number"":23,""cells"":[{""type"":""table cell"",""pdfua_tag"":""TD"",""page number"":71,""bounding box"":[54.798,84.227,217.803,113.948],""row number"":23,""column number"":1,""row span"":1,""column span"":1,""kids"":[{""type"":""paragraph"",""pdfua_tag"":""P"",""id"":3278,""page number"":71,""bounding box"":[54.798,84.227,217.803,113.948],""font"":null,""font size"":12.0,""content"":""측복""}]},{""type"":""table cell"",""pdfua_tag"":""TD"",""page number"":71,""bounding box"":[217.803,84.227,380.807,113.948],""row number"":23,""column number"":2,""row span"":1,""column span"":1,""kids"":[]},{""type"":""table cell"",""pdfua_tag"":""TD"",""page number"":71,""bounding box"":[380.807,84.227,543.812,113.948],""row number"":23,""column number"":3,""row span"":1,""column span"":1,""kids"":[]}]}]",law-1_p071_LAW1-T033.png,54.798,84.227,543.812,767.813,자동 추출,
LAW1-T034,LAW1,LAW1-4_7_4,72,72,LAW1-4_7_4 표 34,22,3,"내 용 | 반영여부 ( ○ , × ) | 미반영 사유
• 중복도 문이 양쪽에 있을 • 출입문이 한쪽에만 있을 |  | 
• 출입문이 한 쪽 에만 있을 때 안목치수 1.6m 이상 |  | 
• 기계식 주차 타워 가 개인공간에 인접 할 경우 소음 · 진동방지 대 책 마련 |  | 
• 측벽 세대는 가능한 2면 |  | 
• 전용면적 기준 1인 세대 23 ㎡ 이상, 2인 세대 44 ㎡ 이상(권장) 으로 계획 |  | 
• 단위세대 내 빌 트인 가구, 가전 설치 (내역, 사양, 에너지 효 율등급 등 제시) |  | 
• 보일 러 실, 실외기 설치 공간 확보하거나 통합실외기실 설치 |  | 
• 전기 · 가 스 · 수도 등 검침용 기기는 세대 외부에 설치 |  | 
• 실제 이용 가능한 옥상조경 |  | 
• 태양광 설비 설치의 |  | 
• 엘 리 베 이터가 옥 상 층 까지 연결 되 도 록 계획 |  | 
• 방풍실 설치 |  | 
• 현관문, 거실 · 욕실문 유 효 폭 0.9m 이상 확보 |  | 
• 거실, 침실은 무단차로 |  | 
• 어르신 신체특 징 을 고 려 한 세면대, 싱크대 설치 |  | 
• 화장실 안전 손잡 이 설치, 샤워 실 벽 면의자 설치 |  | 
• 실내도어는 미닫이문 |  | 
• 충격 흡수성 및 미끄럼방지 |  | 
• 침실, 화장실 등 동 작 감지설비 및 응 급구조 자동전 송 시 스템 설치 |  | 
• 돌출부, 예각부 원형 처리 |  | 
• 스마트 기기와 연동 IoT |  | ","<table><tr><td>내 용</td><td>반영여부 ( ○ , × )</td><td>미반영 사유</td></tr><tr><td>• 중복도 문이 양쪽에 있을 • 출입문이 한쪽에만 있을</td><td></td><td></td></tr><tr><td>• 출입문이 한 쪽 에만 있을 때 안목치수 1.6m 이상</td><td></td><td></td></tr><tr><td>• 기계식 주차 타워 가 개인공간에 인접 할 경우 소음 · 진동방지 대 책 마련</td><td></td><td></td></tr><tr><td>• 측벽 세대는 가능한 2면</td><td></td><td></td></tr><tr><td>• 전용면적 기준 1인 세대 23 ㎡ 이상, 2인 세대 44 ㎡ 이상(권장) 으로 계획</td><td></td><td></td></tr><tr><td>• 단위세대 내 빌 트인 가구, 가전 설치 (내역, 사양, 에너지 효 율등급 등 제시)</td><td></td><td></td></tr><tr><td>• 보일 러 실, 실외기 설치 공간 확보하거나 통합실외기실 설치</td><td></td><td></td></tr><tr><td>• 전기 · 가 스 · 수도 등 검침용 기기는 세대 외부에 설치</td><td></td><td></td></tr><tr><td>• 실제 이용 가능한 옥상조경</td><td></td><td></td></tr><tr><td>• 태양광 설비 설치의</td><td></td><td></td></tr><tr><td>• 엘 리 베 이터가 옥 상 층 까지 연결 되 도 록 계획</td><td></td><td></td></tr><tr><td>• 방풍실 설치</td><td></td><td></td></tr><tr><td>• 현관문, 거실 · 욕실문 유 효 폭 0.9m 이상 확보</td><td></td><td></td></tr><tr><td>• 거실, 침실은 무단차로</td><td></td><td></td></tr><tr><td>• 어르신 신체특 징 을 고 려 한 세면대, 싱크대 설치</td><td></td><td></td></tr><tr><td>• 화장실 안전 손잡 이 설치, 샤워 실 벽 면의자 설치</td><td></td><td></td></tr><tr><td>• 실내도어는 미닫이문</td><td></td><td></td></tr><tr><td>• 충격 흡수성 및 미끄럼방지</td><td></td><td></td></tr><tr><td>• 침실, 화장실 등 동 작 감지설비 및 응 급구조 자동전 송 시 스템 설치</td><td></td><td></td></tr><tr><td>• 돌출부, 예각부 원형 처리</td><td></td><td></td></tr><tr><td>• 스마트 기기와 연동 IoT</td><td></td><td></td></tr></table>","[{""type"":""table row"",""row number"":1,""cells"":[{""type"":""table cell"",""pdfua_tag"":""TH"",""page number"":72,""bounding box"":[54.774,736.555,218.001,767.516],""row number"":1,""column number"":1,""row span"":1,""column span"":1,""is_header"":true,""kids"":[{""type"":""paragraph"",""pdfua_tag"":""P"",""id"":3280,""page number"":72,""bounding box"":[54.774,736.555,218.001,767.516],""font"":null,""font size"":12.0,""content"":""내 용""}]},{""type"":""table cell"",""pdfua_tag"":""TH"",""page number"":72,""bounding box"":[218.001,736.555,381.228,767.516],""row number"":1,""column number"":2,""row span"":1,""column span"":1,""is_header"":true,""kids"":[{""type"":""paragraph"",""pdfua_tag"":""P"",""id"":3281,""page number"":72,""bounding box"":[218.001,736.555,381.228,767.516],""font"":null,""font size"":12.0,""content"":""반영여부 ( ○ , × )""}]},{""type"":""table cell"",""pdfua_tag"":""TH"",""page number"":72,""bounding box"":[381.228,736.555,544.455,767.516],""row number"":1,""column number"":3,""row span"":1,""column span"":1,""is_header"":true,""kids"":[{""type"":""paragraph"",""pdfua_tag"":""P"",""id"":3282,""page number"":72,""bounding box"":[381.228,736.555,544.455,767.516],""font"":null,""font size"":12.0,""content"":""미반영 사유""}]}]},{""type"":""table row"",""row number"":2,""cells"":[{""type"":""table cell"",""pdfua_tag"":""TD"",""page number"":72,""bounding box"":[54.774,705.593,218.001,736.555],""row number"":2,""column number"":1,""row span"":1,""column span"":1,""kids"":[{""type"":""paragraph"",""pdfua_tag"":""P"",""id"":3283,""level"":""1"",""page number"":72,""bounding box"":[54.774,705.593,218.001,736.555],""font"":null,""font size"":9.96,""text color"":""[0.0]"",""content"":""• 중복도 문이 양쪽에 있을 • 출입문이 한쪽에만 있을""}]},{""type"":""table cell"",""pdfua_tag"":""TD"",""page number"":72,""bounding box"":[218.001,705.593,381.228,736.555],""row number"":2,""column number"":2,""row span"":1,""column span"":1,""kids"":[]},{""type"":""table cell"",""pdfua_tag"":""TD"",""page number"":72,""bounding box"":[381.228,705.593,544.455,736.555],""row number"":2,""column number"":3,""row span"":1,""column span"":1,""kids"":[]}]},{""type"":""table row"",""row number"":3,""cells"":[{""type"":""table cell"",""pdfua_tag"":""TD"",""page number"":72,""bounding box"":[54.774,674.632,218.001,705.593],""row number"":3,""column number"":1,""row span"":1,""column span"":1,""kids"":[{""type"":""paragraph"",""pdfua_tag"":""P"",""id"":3284,""level"":""1"",""page number"":72,""bounding box"":[54.774,674.632,218.001,705.593],""font"":null,""font size"":12.0,""content"":""• 출입문이 한 쪽 에만 있을 때 안목치수 1.6m 이상""}]},{""type"":""table cell"",""pdfua_tag"":""TD"",""page number"":72,""bounding box"":[218.001,674.632,381.228,705.593],""row number"":3,""column number"":2,""row span"":1,""column span"":1,""kids"":[]},{""type"":""table cell"",""pdfua_tag"":""TD"",""page number"":72,""bounding box"":[381.228,674.632,544.455,705.593],""row number"":3,""column number"":3,""row span"":1,""column span"":1,""kids"":[]}]},{""type"":""table row"",""row number"":4,""cells"":[{""type"":""table cell"",""pdfua_tag"":""TD"",""page number"":72,""bounding box"":[54.774,643.67,218.001,674.632],""row number"":4,""column number"":1,""row span"":1,""column span"":1,""kids"":[{""type"":""paragraph"",""pdfua_tag"":""P"",""id"":3285,""level"":""1"",""page number"":72,""bounding box"":[54.774,643.67,218.001,674.632],""font"":null,""font size"":12.0,""content"":""• 기계식 주차 타워 가 개인공간에 인접 할 경우 소음 · 진동방지 대 책 마련""}]},{""type"":""table cell"",""pdfua_tag"":""TD"",""page number"":72,""bounding box"":[218.001,643.67,381.228,674.632],""row number"":4,""column number"":2,""row span"":1,""column span"":1,""kids"":[]},{""type"":""table cell"",""pdfua_tag"":""TD"",""page number"":72,""bounding box"":[381.228,643.67,544.455,674.632],""row number"":4,""column number"":3,""row span"":1,""column span"":1,""kids"":[]}]},{""type"":""table row"",""row number"":5,""cells"":[{""type"":""table cell"",""pdfua_tag"":""TD"",""page number"":72,""bounding box"":[54.774,612.709,218.001,643.67],""row number"":5,""column number"":1,""row span"":1,""column span"":1,""kids"":[{""type"":""paragraph"",""pdfua_tag"":""P"",""id"":3286,""level"":""1"",""page number"":72,""bounding box"":[54.774,612.709,218.001,643.67],""font"":null,""font size"":9.96,""text color"":""[0.0]"",""content"":""• 측벽 세대는 가능한 2면""}]},{""type"":""table cell"",""pdfua_tag"":""TD"",""page number"":72,""bounding box"":[218.001,612.709,381.228,643.67],""row number"":5,""column number"":2,""row span"":1,""column span"":1,""kids"":[]},{""type"":""table cell"",""pdfua_tag"":""TD"",""page number"":72,""bounding box"":[381.228,612.709,544.455,643.67],""row number"":5,""column number"":3,""row span"":1,""column span"":1,""kids"":[]}]},{""type"":""table row"",""row number"":6,""cells"":[{""type"":""table cell"",""pdfua_tag"":""TD"",""page number"":72,""bounding box"":[54.774,581.747,218.001,612.709],""row number"":6,""column number"":1,""row span"":1,""column span"":1,""kids"":[{""type"":""paragraph"",""pdfua_tag"":""P"",""id"":3287,""level"":""1"",""page number"":72,""bounding box"":[54.774,581.747,218.001,612.709],""font"":null,""font size"":12.0,""content"":""• 전용면적 기준 1인 세대 23 ㎡ 이상, 2인 세대 44 ㎡ 이상(권장) 으로 계획""}]},{""type"":""table cell"",""pdfua_tag"":""TD"",""page number"":72,""bounding box"":[218.001,581.747,381.228,612.709],""row number"":6,""column number"":2,""row span"":1,""column span"":1,""kids"":[]},{""type"":""table cell"",""pdfua_tag"":""TD"",""page number"":72,""bounding box"":[381.228,581.747,544.455,612.709],""row number"":6,""column number"":3,""row span"":1,""column span"":1,""kids"":[]}]},{""type"":""table row"",""row number"":7,""cells"":[{""type"":""table cell"",""pdfua_tag"":""TD"",""page number"":72,""bounding box"":[54.774,550.786,218.001,581.747],""row number"":7,""column number"":1,""row span"":1,""column span"":1,""kids"":[{""type"":""paragraph"",""pdfua_tag"":""P"",""id"":3288,""level"":""1"",""page number"":72,""bounding box"":[54.774,550.786,218.001,581.747],""font"":null,""font size"":12.0,""content"":""• 단위세대 내 빌 트인 가구, 가전 설치 (내역, 사양, 에너지 효 율등급 등 제시)""}]},{""type"":""table cell"",""pdfua_tag"":""TD"",""page number"":72,""bounding box"":[218.001,550.786,381.228,581.747],""row number"":7,""column number"":2,""row span"":1,""column span"":1,""kids"":[]},{""type"":""table cell"",""pdfua_tag"":""TD"",""page number"":72,""bounding box"":[381.228,550.786,544.455,581.747],""row number"":7,""column number"":3,""row span"":1,""column span"":1,""kids"":[]}]},{""type"":""table row"",""row number"":8,""cells"":[{""type"":""table cell"",""pdfua_tag"":""TD"",""page number"":72,""bounding box"":[54.774,519.824,218.001,550.786],""row number"":8,""column number"":1,""row span"":1,""column span"":1,""kids"":[{""type"":""paragraph"",""pdfua_tag"":""P"",""id"":3289,""level"":""1"",""page number"":72,""bounding box"":[54.774,519.824,218.001,550.786],""font"":null,""font size"":12.0,""content"":""• 보일 러 실, 실외기 설치 공간 확보하거나 통합실외기실 설치""}]},{""type"":""table cell"",""pdfua_tag"":""TD"",""page number"":72,""bounding box"":[218.001,519.824,381.228,550.786],""row number"":8,""column number"":2,""row span"":1,""column span"":1,""kids"":[]},{""type"":""table cell"",""pdfua_tag"":""TD"",""page number"":72,""bounding box"":[381.228,519.824,544.455,550.786],""row number"":8,""column number"":3,""row span"":1,""column span"":1,""kids"":[]}]},{""type"":""table row"",""row number"":9,""cells"":[{""type"":""table cell"",""pdfua_tag"":""TD"",""page number"":72,""bounding box"":[54.774,488.862,218.001,519.824],""row number"":9,""column number"":1,""row span"":1,""column span"":1,""kids"":[{""type"":""paragraph"",""pdfua_tag"":""P"",""id"":3290,""level"":""1"",""page number"":72,""bounding box"":[54.774,488.862,218.001,519.824],""font"":null,""font size"":12.0,""content"":""• 전기 · 가 스 · 수도 등 검침용 기기는 세대 외부에 설치""}]},{""type"":""table cell"",""pdfua_tag"":""TD"",""page number"":72,""bounding box"":[218.001,488.862,381.228,519.824],""row number"":9,""column number"":2,""row span"":1,""column span"":1,""kids"":[]},{""type"":""table cell"",""pdfua_tag"":""TD"",""page number"":72,""bounding box"":[381.228,488.862,544.455,519.824],""row number"":9,""column number"":3,""row span"":1,""column span"":1,""kids"":[]}]},{""type"":""table row"",""row number"":10,""cells"":[{""type"":""table cell"",""pdfua_tag"":""TD"",""page number"":72,""bounding box"":[54.774,457.901,218.001,488.862],""row number"":10,""column number"":1,""row span"":1,""column span"":1,""kids"":[{""type"":""paragraph"",""pdfua_tag"":""P"",""id"":3291,""level"":""1"",""page number"":72,""bounding box"":[54.774,457.901,218.001,488.862],""font"":null,""font size"":9.96,""text color"":""[0.0]"",""content"":""• 실제 이용 가능한 옥상조경""}]},{""type"":""table cell"",""pdfua_tag"":""TD"",""page number"":72,""bounding box"":[218.001,457.901,381.228,488.862],""row number"":10,""column number"":2,""row span"":1,""column span"":1,""kids"":[]},{""type"":""table cell"",""pdfua_tag"":""TD"",""page number"":72,""bounding box"":[381.228,457.901,544.455,488.862],""row number"":10,""column number"":3,""row span"":1,""column span"":1,""kids"":[]}]},{""type"":""table row"",""row number"":11,""cells"":[{""type"":""table cell"",""pdfua_tag"":""TD"",""page number"":72,""bounding box"":[54.774,426.939,218.001,457.901],""row number"":11,""column number"":1,""row span"":1,""column span"":1,""kids"":[{""type"":""paragraph"",""pdfua_tag"":""P"",""id"":3292,""level"":""1"",""page number"":72,""bounding box"":[54.774,426.939,218.001,457.901],""font"":null,""font size"":9.96,""text color"":""[0.0]"",""content"":""• 태양광 설비 설치의""}]},{""type"":""table cell"",""pdfua_tag"":""TD"",""page number"":72,""bounding box"":[218.001,426.939,381.228,457.901],""row number"":11,""column number"":2,""row span"":1,""column span"":1,""kids"":[]},{""type"":""table cell"",""pdfua_tag"":""TD"",""page number"":72,""bounding box"":[381.228,426.939,544.455,457.901],""row number"":11,""column number"":3,""row span"":1,""column span"":1,""kids"":[]}]},{""type"":""table row"",""row number"":12,""cells"":[{""type"":""table cell"",""pdfua_tag"":""TD"",""page number"":72,""bounding box"":[54.774,395.978,218.001,426.939],""row number"":12,""column number"":1,""row span"":1,""column span"":1,""kids"":[{""type"":""paragraph"",""pdfua_tag"":""P"",""id"":3293,""level"":""1"",""page number"":72,""bounding box"":[54.774,395.978,218.001,426.939],""font"":null,""font size"":12.0,""content"":""• 엘 리 베 이터가 옥 상 층 까지 연결 되 도 록 계획""}]},{""type"":""table cell"",""pdfua_tag"":""TD"",""page number"":72,""bounding box"":[218.001,395.978,381.228,426.939],""row number"":12,""column number"":2,""row span"":1,""column span"":1,""kids"":[]},{""type"":""table cell"",""pdfua_tag"":""TD"",""page number"":72,""bounding box"":[381.228,395.978,544.455,426.939],""row number"":12,""column number"":3,""row span"":1,""column span"":1,""kids"":[]}]},{""type"":""table row"",""row number"":13,""cells"":[{""type"":""table cell"",""pdfua_tag"":""TD"",""page number"":72,""bounding box"":[54.774,365.016,218.001,395.978],""row number"":13,""column number"":1,""row span"":1,""column span"":1,""kids"":[{""type"":""paragraph"",""pdfua_tag"":""P"",""id"":3294,""level"":""1"",""page number"":72,""bounding box"":[54.774,365.016,218.001,395.978],""font"":null,""font size"":9.96,""text color"":""[0.0]"",""content"":""• 방풍실 설치""}]},{""type"":""table cell"",""pdfua_tag"":""TD"",""page number"":72,""bounding box"":[218.001,365.016,381.228,395.978],""row number"":13,""column number"":2,""row span"":1,""column span"":1,""kids"":[]},{""type"":""table cell"",""pdfua_tag"":""TD"",""page number"":72,""bounding box"":[381.228,365.016,544.455,395.978],""row number"":13,""column number"":3,""row span"":1,""column span"":1,""kids"":[]}]},{""type"":""table row"",""row number"":14,""cells"":[{""type"":""table cell"",""pdfua_tag"":""TD"",""page number"":72,""bounding box"":[54.774,334.055,218.001,365.016],""row number"":14,""column number"":1,""row span"":1,""column span"":1,""kids"":[{""type"":""paragraph"",""pdfua_tag"":""P"",""id"":3295,""level"":""1"",""page number"":72,""bounding box"":[54.774,334.055,218.001,365.016],""font"":null,""font size"":12.0,""content"":""• 현관문, 거실 · 욕실문 유 효 폭 0.9m 이상 확보""}]},{""type"":""table cell"",""pdfua_tag"":""TD"",""page number"":72,""bounding box"":[218.001,334.055,381.228,365.016],""row number"":14,""column number"":2,""row span"":1,""column span"":1,""kids"":[]},{""type"":""table cell"",""pdfua_tag"":""TD"",""page number"":72,""bounding box"":[381.228,334.055,544.455,365.016],""row number"":14,""column number"":3,""row span"":1,""column span"":1,""kids"":[]}]},{""type"":""table row"",""row number"":15,""cells"":[{""type"":""table cell"",""pdfua_tag"":""TD"",""page number"":72,""bounding box"":[54.774,303.093,218.001,334.055],""row number"":15,""column number"":1,""row span"":1,""column span"":1,""kids"":[{""type"":""paragraph"",""pdfua_tag"":""P"",""id"":3296,""level"":""1"",""page number"":72,""bounding box"":[54.774,303.093,218.001,334.055],""font"":null,""font size"":9.96,""text color"":""[0.0]"",""content"":""• 거실, 침실은 무단차로""}]},{""type"":""table cell"",""pdfua_tag"":""TD"",""page number"":72,""bounding box"":[218.001,303.093,381.228,334.055],""row number"":15,""column number"":2,""row span"":1,""column span"":1,""kids"":[]},{""type"":""table cell"",""pdfua_tag"":""TD"",""page number"":72,""bounding box"":[381.228,303.093,544.455,334.055],""row number"":15,""column number"":3,""row span"":1,""column span"":1,""kids"":[]}]},{""type"":""table row"",""row number"":16,""cells"":[{""type"":""table cell"",""pdfua_tag"":""TD"",""page number"":72,""bounding box"":[54.774,272.132,218.001,303.093],""row number"":16,""column number"":1,""row span"":1,""column span"":1,""kids"":[{""type"":""paragraph"",""pdfua_tag"":""P"",""id"":3297,""level"":""1"",""page number"":72,""bounding box"":[54.774,272.132,218.001,303.093],""font"":null,""font size"":12.0,""content"":""• 어르신 신체특 징 을 고 려 한 세면대, 싱크대 설치""}]},{""type"":""table cell"",""pdfua_tag"":""TD"",""page number"":72,""bounding box"":[218.001,272.132,381.228,303.093],""row number"":16,""column number"":2,""row span"":1,""column span"":1,""kids"":[]},{""type"":""table cell"",""pdfua_tag"":""TD"",""page number"":72,""bounding box"":[381.228,272.132,544.455,303.093],""row number"":16,""column number"":3,""row span"":1,""column span"":1,""kids"":[]}]},{""type"":""table row"",""row number"":17,""cells"":[{""type"":""table cell"",""pdfua_tag"":""TD"",""page number"":72,""bounding box"":[54.774,241.17,218.001,272.132],""row number"":17,""column number"":1,""row span"":1,""column span"":1,""kids"":[{""type"":""paragraph"",""pdfua_tag"":""P"",""id"":3298,""level"":""1"",""page number"":72,""bounding box"":[54.774,241.17,218.001,272.132],""font"":null,""font size"":12.0,""content"":""• 화장실 안전 손잡 이 설치, 샤워 실 벽 면의자 설치""}]},{""type"":""table cell"",""pdfua_tag"":""TD"",""page number"":72,""bounding box"":[218.001,241.17,381.228,272.132],""row number"":17,""column number"":2,""row span"":1,""column span"":1,""kids"":[]},{""type"":""table cell"",""pdfua_tag"":""TD"",""page number"":72,""bounding box"":[381.228,241.17,544.455,272.132],""row number"":17,""column number"":3,""row span"":1,""column span"":1,""kids"":[]}]},{""type"":""table row"",""row number"":18,""cells"":[{""type"":""table cell"",""pdfua_tag"":""TD"",""page number"":72,""bounding box"":[54.774,210.209,218.001,241.17],""row number"":18,""column number"":1,""row span"":1,""column span"":1,""kids"":[{""type"":""paragraph"",""pdfua_tag"":""P"",""id"":3299,""level"":""1"",""page number"":72,""bounding box"":[54.774,210.209,218.001,241.17],""font"":null,""font size"":9.96,""text color"":""[0.0]"",""content"":""• 실내도어는 미닫이문""}]},{""type"":""table cell"",""pdfua_tag"":""TD"",""page number"":72,""bounding box"":[218.001,210.209,381.228,241.17],""row number"":18,""column number"":2,""row span"":1,""column span"":1,""kids"":[]},{""type"":""table cell"",""pdfua_tag"":""TD"",""page number"":72,""bounding box"":[381.228,210.209,544.455,241.17],""row number"":18,""column number"":3,""row span"":1,""column span"":1,""kids"":[]}]},{""type"":""table row"",""row number"":19,""cells"":[{""type"":""table cell"",""pdfua_tag"":""TD"",""page number"":72,""bounding box"":[54.774,179.247,218.001,210.209],""row number"":19,""column number"":1,""row span"":1,""column span"":1,""kids"":[{""type"":""paragraph"",""pdfua_tag"":""P"",""id"":3300,""level"":""1"",""page number"":72,""bounding box"":[54.774,179.247,218.001,210.209],""font"":null,""font size"":9.96,""text color"":""[0.0]"",""content"":""• 충격 흡수성 및 미끄럼방지""}]},{""type"":""table cell"",""pdfua_tag"":""TD"",""page number"":72,""bounding box"":[218.001,179.247,381.228,210.209],""row number"":19,""column number"":2,""row span"":1,""column span"":1,""kids"":[]},{""type"":""table cell"",""pdfua_tag"":""TD"",""page number"":72,""bounding box"":[381.228,179.247,544.455,210.209],""row number"":19,""column number"":3,""row span"":1,""column span"":1,""kids"":[]}]},{""type"":""table row"",""row number"":20,""cells"":[{""type"":""table cell"",""pdfua_tag"":""TD"",""page number"":72,""bounding box"":[54.774,148.285,218.001,179.247],""row number"":20,""column number"":1,""row span"":1,""column span"":1,""kids"":[{""type"":""paragraph"",""pdfua_tag"":""P"",""id"":3301,""level"":""1"",""page number"":72,""bounding box"":[54.774,148.285,218.001,179.247],""font"":null,""font size"":12.0,""content"":""• 침실, 화장실 등 동 작 감지설비 및 응 급구조 자동전 송 시 스템 설치""}]},{""type"":""table cell"",""pdfua_tag"":""TD"",""page number"":72,""bounding box"":[218.001,148.285,381.228,179.247],""row number"":20,""column number"":2,""row span"":1,""column span"":1,""kids"":[]},{""type"":""table cell"",""pdfua_tag"":""TD"",""page number"":72,""bounding box"":[381.228,148.285,544.455,179.247],""row number"":20,""column number"":3,""row span"":1,""column span"":1,""kids"":[]}]},{""type"":""table row"",""row number"":21,""cells"":[{""type"":""table cell"",""pdfua_tag"":""TD"",""page number"":72,""bounding box"":[54.774,117.324,218.001,148.285],""row number"":21,""column number"":1,""row span"":1,""column span"":1,""kids"":[{""type"":""paragraph"",""pdfua_tag"":""P"",""id"":3302,""level"":""1"",""page number"":72,""bounding box"":[54.774,117.324,218.001,148.285],""font"":null,""font size"":9.96,""text color"":""[0.0]"",""content"":""• 돌출부, 예각부 원형 처리""}]},{""type"":""table cell"",""pdfua_tag"":""TD"",""page number"":72,""bounding box"":[218.001,117.324,381.228,148.285],""row number"":21,""column number"":2,""row span"":1,""column span"":1,""kids"":[]},{""type"":""table cell"",""pdfua_tag"":""TD"",""page number"":72,""bounding box"":[381.228,117.324,544.455,148.285],""row number"":21,""column number"":3,""row span"":1,""column span"":1,""kids"":[]}]},{""type"":""table row"",""row number"":22,""cells"":[{""type"":""table cell"",""pdfua_tag"":""TD"",""page number"":72,""bounding box"":[54.774,86.362,218.001,117.324],""row number"":22,""column number"":1,""row span"":1,""column span"":1,""kids"":[{""type"":""paragraph"",""pdfua_tag"":""P"",""id"":3303,""level"":""1"",""page number"":72,""bounding box"":[54.774,86.362,218.001,117.324],""font"":null,""font size"":9.96,""text color"":""[0.0]"",""content"":""• 스마트 기기와 연동 IoT""}]},{""type"":""table cell"",""pdfua_tag"":""TD"",""page number"":72,""bounding box"":[218.001,86.362,381.228,117.324],""row number"":22,""column number"":2,""row span"":1,""column span"":1,""kids"":[]},{""type"":""table cell"",""pdfua_tag"":""TD"",""page number"":72,""bounding box"":[381.228,86.362,544.455,117.324],""row number"":22,""column number"":3,""row span"":1,""column span"":1,""kids"":[]}]}]",law-1_p072_LAW1-T034.png,54.774,86.362,544.455,767.516,자동 추출,
LAW1-T035,LAW1,LAW1-4_7_4,73,73,LAW1-4_7_4 표 35,20,2,"내 용 반영여부 ( ○ , × ) | 미반영 사유
간선 도로변에 측벽 계획 지양 주변 건물 현 황 표현 (자동차, 사 람 , 나무, 주변 건물의 재질 , 창문 BIPV 시 스템 도입하여 계획 | 
• 기준층 층고 3m 이상 (최상층과 최하층은 공간 확보), 천장높이 2.4m 이상 | 
• 지하 주차장으로 내려가는 경사로 높이는 2.7m | 
• 장비 반입구 계획 입면 계획 | 
• | 
• 위치) | 
• | 
• 수직배관 노출 설치지양 (설치 시 세대 내 침입 불 가능하도 록 방안마련) | 
동선 계획 | 
• 차량동선이 순환되 도 록 계획, 막 다른 길 일 경우 회차공간 설치 | 
• 비주거 / 주거 주차구획이 구분 되 도 록 차단기 설치 | 
• 지상층 긴급(의료)차량 주차 공간 확보 | 
• 평행주차 지양 | 
• 나눔카 집 중 배치(설치 시) | 
• 주차장 내부에서 회전 시 R값 5m 이상 확보 권장 | 
• 차로 폭 6.5m 이상 권장 | 
• 장애인 전용 주차구획은 코어 인근에 배치 | 
• 장애인 전용 주차구획에서 코어까지 진입하는 | 
• 기둥과 벽에 의한 사각지대가 생기지 않도록 | ","<table><tr><td>내 용 반영여부 ( ○ , × )</td><td>미반영 사유</td></tr><tr><td>간선 도로변에 측벽 계획 지양 주변 건물 현 황 표현 (자동차, 사 람 , 나무, 주변 건물의 재질 , 창문 BIPV 시 스템 도입하여 계획</td><td></td></tr><tr><td>• 기준층 층고 3m 이상 (최상층과 최하층은 공간 확보), 천장높이 2.4m 이상</td><td></td></tr><tr><td>• 지하 주차장으로 내려가는 경사로 높이는 2.7m</td><td></td></tr><tr><td>• 장비 반입구 계획 입면 계획</td><td></td></tr><tr><td>•</td><td></td></tr><tr><td>• 위치)</td><td></td></tr><tr><td>•</td><td></td></tr><tr><td>• 수직배관 노출 설치지양 (설치 시 세대 내 침입 불 가능하도 록 방안마련)</td><td></td></tr><tr><td>동선 계획</td><td></td></tr><tr><td>• 차량동선이 순환되 도 록 계획, 막 다른 길 일 경우 회차공간 설치</td><td></td></tr><tr><td>• 비주거 / 주거 주차구획이 구분 되 도 록 차단기 설치</td><td></td></tr><tr><td>• 지상층 긴급(의료)차량 주차 공간 확보</td><td></td></tr><tr><td>• 평행주차 지양</td><td></td></tr><tr><td>• 나눔카 집 중 배치(설치 시)</td><td></td></tr><tr><td>• 주차장 내부에서 회전 시 R값 5m 이상 확보 권장</td><td></td></tr><tr><td>• 차로 폭 6.5m 이상 권장</td><td></td></tr><tr><td>• 장애인 전용 주차구획은 코어 인근에 배치</td><td></td></tr><tr><td>• 장애인 전용 주차구획에서 코어까지 진입하는</td><td></td></tr><tr><td>• 기둥과 벽에 의한 사각지대가 생기지 않도록</td><td></td></tr></table>","[{""type"":""table row"",""row number"":1,""cells"":[{""type"":""table cell"",""pdfua_tag"":""TH"",""page number"":73,""bounding box"":[54.226,733.788,299.359,768.148],""row number"":1,""column number"":1,""row span"":1,""column span"":1,""is_header"":true,""kids"":[{""type"":""paragraph"",""pdfua_tag"":""P"",""id"":3305,""page number"":73,""bounding box"":[54.226,733.788,299.359,768.148],""font"":null,""font size"":12.0,""content"":""내 용 반영여부 ( ○ , × )""}]},{""type"":""table cell"",""pdfua_tag"":""TH"",""page number"":73,""bounding box"":[299.359,733.788,544.492,768.148],""row number"":1,""column number"":2,""row span"":1,""column span"":1,""is_header"":true,""kids"":[{""type"":""paragraph"",""pdfua_tag"":""P"",""id"":3306,""page number"":73,""bounding box"":[299.359,733.788,544.492,768.148],""font"":null,""font size"":12.0,""content"":""미반영 사유""}]}]},{""type"":""table row"",""row number"":2,""cells"":[{""type"":""table cell"",""pdfua_tag"":""TD"",""page number"":73,""bounding box"":[54.226,699.428,299.359,733.788],""row number"":2,""column number"":1,""row span"":1,""column span"":1,""kids"":[{""type"":""paragraph"",""pdfua_tag"":""P"",""id"":3307,""page number"":73,""bounding box"":[54.226,699.428,299.359,733.788],""font"":null,""font size"":12.0,""content"":""간선 도로변에 측벽 계획 지양 주변 건물 현 황 표현 (자동차, 사 람 , 나무, 주변 건물의 재질 , 창문 BIPV 시 스템 도입하여 계획""}]},{""type"":""table cell"",""pdfua_tag"":""TD"",""page number"":73,""bounding box"":[299.359,699.428,544.492,733.788],""row number"":2,""column number"":2,""row span"":1,""column span"":1,""kids"":[]}]},{""type"":""table row"",""row number"":3,""cells"":[{""type"":""table cell"",""pdfua_tag"":""TD"",""page number"":73,""bounding box"":[54.226,665.067,299.359,699.428],""row number"":3,""column number"":1,""row span"":1,""column span"":1,""kids"":[{""type"":""paragraph"",""pdfua_tag"":""P"",""id"":3308,""level"":""1"",""page number"":73,""bounding box"":[54.226,665.067,299.359,699.428],""font"":null,""font size"":9.96,""text color"":""[0.0]"",""content"":""• 기준층 층고 3m 이상 (최상층과 최하층은 공간 확보), 천장높이 2.4m 이상""}]},{""type"":""table cell"",""pdfua_tag"":""TD"",""page number"":73,""bounding box"":[299.359,665.067,544.492,699.428],""row number"":3,""column number"":2,""row span"":1,""column span"":1,""kids"":[]}]},{""type"":""table row"",""row number"":4,""cells"":[{""type"":""table cell"",""pdfua_tag"":""TD"",""page number"":73,""bounding box"":[54.226,630.707,299.359,665.067],""row number"":4,""column number"":1,""row span"":1,""column span"":1,""kids"":[{""type"":""paragraph"",""pdfua_tag"":""P"",""id"":3309,""level"":""1"",""page number"":73,""bounding box"":[54.226,630.707,299.359,665.067],""font"":null,""font size"":9.96,""text color"":""[0.0]"",""content"":""• 지하 주차장으로 내려가는 경사로 높이는 2.7m""}]},{""type"":""table cell"",""pdfua_tag"":""TD"",""page number"":73,""bounding box"":[299.359,630.707,544.492,665.067],""row number"":4,""column number"":2,""row span"":1,""column span"":1,""kids"":[]}]},{""type"":""table row"",""row number"":5,""cells"":[{""type"":""table cell"",""pdfua_tag"":""TD"",""page number"":73,""bounding box"":[54.226,596.347,299.359,630.707],""row number"":5,""column number"":1,""row span"":1,""column span"":1,""kids"":[{""type"":""paragraph"",""pdfua_tag"":""P"",""id"":3310,""level"":""1"",""page number"":73,""bounding box"":[54.226,596.347,299.359,630.707],""font"":null,""font size"":9.96,""text color"":""[0.0]"",""content"":""• 장비 반입구 계획 입면 계획""}]},{""type"":""table cell"",""pdfua_tag"":""TD"",""page number"":73,""bounding box"":[299.359,596.347,544.492,630.707],""row number"":5,""column number"":2,""row span"":1,""column span"":1,""kids"":[]}]},{""type"":""table row"",""row number"":6,""cells"":[{""type"":""table cell"",""pdfua_tag"":""TD"",""page number"":73,""bounding box"":[54.226,561.987,299.359,596.347],""row number"":6,""column number"":1,""row span"":1,""column span"":1,""kids"":[{""type"":""paragraph"",""pdfua_tag"":""P"",""id"":3311,""level"":""1"",""page number"":73,""bounding box"":[54.226,561.987,299.359,596.347],""font"":null,""font size"":12.0,""content"":""•""}]},{""type"":""table cell"",""pdfua_tag"":""TD"",""page number"":73,""bounding box"":[299.359,561.987,544.492,596.347],""row number"":6,""column number"":2,""row span"":1,""column span"":1,""kids"":[]}]},{""type"":""table row"",""row number"":7,""cells"":[{""type"":""table cell"",""pdfua_tag"":""TD"",""page number"":73,""bounding box"":[54.226,527.626,299.359,561.987],""row number"":7,""column number"":1,""row span"":1,""column span"":1,""kids"":[{""type"":""paragraph"",""pdfua_tag"":""P"",""id"":3312,""level"":""1"",""page number"":73,""bounding box"":[54.226,527.626,299.359,561.987],""font"":null,""font size"":12.0,""content"":""• 위치)""}]},{""type"":""table cell"",""pdfua_tag"":""TD"",""page number"":73,""bounding box"":[299.359,527.626,544.492,561.987],""row number"":7,""column number"":2,""row span"":1,""column span"":1,""kids"":[]}]},{""type"":""table row"",""row number"":8,""cells"":[{""type"":""table cell"",""pdfua_tag"":""TD"",""page number"":73,""bounding box"":[54.226,493.266,299.359,527.626],""row number"":8,""column number"":1,""row span"":1,""column span"":1,""kids"":[{""type"":""paragraph"",""pdfua_tag"":""P"",""id"":3313,""level"":""1"",""page number"":73,""bounding box"":[54.226,493.266,299.359,527.626],""font"":null,""font size"":12.0,""content"":""•""}]},{""type"":""table cell"",""pdfua_tag"":""TD"",""page number"":73,""bounding box"":[299.359,493.266,544.492,527.626],""row number"":8,""column number"":2,""row span"":1,""column span"":1,""kids"":[]}]},{""type"":""table row"",""row number"":9,""cells"":[{""type"":""table cell"",""pdfua_tag"":""TD"",""page number"":73,""bounding box"":[54.226,458.906,299.359,493.266],""row number"":9,""column number"":1,""row span"":1,""column span"":1,""kids"":[{""type"":""paragraph"",""pdfua_tag"":""P"",""id"":3314,""level"":""1"",""page number"":73,""bounding box"":[54.226,458.906,299.359,493.266],""font"":null,""font size"":12.0,""content"":""• 수직배관 노출 설치지양 (설치 시 세대 내 침입 불 가능하도 록 방안마련)""}]},{""type"":""table cell"",""pdfua_tag"":""TD"",""page number"":73,""bounding box"":[299.359,458.906,544.492,493.266],""row number"":9,""column number"":2,""row span"":1,""column span"":1,""kids"":[]}]},{""type"":""table row"",""row number"":10,""cells"":[{""type"":""table cell"",""pdfua_tag"":""TD"",""page number"":73,""bounding box"":[54.226,424.546,299.359,458.906],""row number"":10,""column number"":1,""row span"":1,""column span"":1,""kids"":[{""type"":""paragraph"",""pdfua_tag"":""P"",""id"":3315,""page number"":73,""bounding box"":[54.226,424.546,299.359,458.906],""font"":null,""font size"":9.96,""text color"":""[0.0]"",""content"":""동선 계획""}]},{""type"":""table cell"",""pdfua_tag"":""TD"",""page number"":73,""bounding box"":[299.359,424.546,544.492,458.906],""row number"":10,""column number"":2,""row span"":1,""column span"":1,""kids"":[]}]},{""type"":""table row"",""row number"":11,""cells"":[{""type"":""table cell"",""pdfua_tag"":""TD"",""page number"":73,""bounding box"":[54.226,390.185,299.359,424.546],""row number"":11,""column number"":1,""row span"":1,""column span"":1,""kids"":[{""type"":""paragraph"",""pdfua_tag"":""P"",""id"":3316,""level"":""1"",""page number"":73,""bounding box"":[54.226,390.185,299.359,424.546],""font"":null,""font size"":12.0,""content"":""• 차량동선이 순환되 도 록 계획, 막 다른 길 일 경우 회차공간 설치""}]},{""type"":""table cell"",""pdfua_tag"":""TD"",""page number"":73,""bounding box"":[299.359,390.185,544.492,424.546],""row number"":11,""column number"":2,""row span"":1,""column span"":1,""kids"":[]}]},{""type"":""table row"",""row number"":12,""cells"":[{""type"":""table cell"",""pdfua_tag"":""TD"",""page number"":73,""bounding box"":[54.226,355.825,299.359,390.185],""row number"":12,""column number"":1,""row span"":1,""column span"":1,""kids"":[{""type"":""paragraph"",""pdfua_tag"":""P"",""id"":3317,""level"":""1"",""page number"":73,""bounding box"":[54.226,355.825,299.359,390.185],""font"":null,""font size"":12.0,""content"":""• 비주거 / 주거 주차구획이 구분 되 도 록 차단기 설치""}]},{""type"":""table cell"",""pdfua_tag"":""TD"",""page number"":73,""bounding box"":[299.359,355.825,544.492,390.185],""row number"":12,""column number"":2,""row span"":1,""column span"":1,""kids"":[]}]},{""type"":""table row"",""row number"":13,""cells"":[{""type"":""table cell"",""pdfua_tag"":""TD"",""page number"":73,""bounding box"":[54.226,321.465,299.359,355.825],""row number"":13,""column number"":1,""row span"":1,""column span"":1,""kids"":[{""type"":""paragraph"",""pdfua_tag"":""P"",""id"":3318,""level"":""1"",""page number"":73,""bounding box"":[54.226,321.465,299.359,355.825],""font"":null,""font size"":9.96,""text color"":""[0.0]"",""content"":""• 지상층 긴급(의료)차량 주차 공간 확보""}]},{""type"":""table cell"",""pdfua_tag"":""TD"",""page number"":73,""bounding box"":[299.359,321.465,544.492,355.825],""row number"":13,""column number"":2,""row span"":1,""column span"":1,""kids"":[]}]},{""type"":""table row"",""row number"":14,""cells"":[{""type"":""table cell"",""pdfua_tag"":""TD"",""page number"":73,""bounding box"":[54.226,287.105,299.359,321.465],""row number"":14,""column number"":1,""row span"":1,""column span"":1,""kids"":[{""type"":""paragraph"",""pdfua_tag"":""P"",""id"":3319,""level"":""1"",""page number"":73,""bounding box"":[54.226,287.105,299.359,321.465],""font"":null,""font size"":12.0,""content"":""• 평행주차 지양""}]},{""type"":""table cell"",""pdfua_tag"":""TD"",""page number"":73,""bounding box"":[299.359,287.105,544.492,321.465],""row number"":14,""column number"":2,""row span"":1,""column span"":1,""kids"":[]}]},{""type"":""table row"",""row number"":15,""cells"":[{""type"":""table cell"",""pdfua_tag"":""TD"",""page number"":73,""bounding box"":[54.226,252.744,299.359,287.105],""row number"":15,""column number"":1,""row span"":1,""column span"":1,""kids"":[{""type"":""paragraph"",""pdfua_tag"":""P"",""id"":3320,""level"":""1"",""page number"":73,""bounding box"":[54.226,252.744,299.359,287.105],""font"":null,""font size"":12.0,""content"":""• 나눔카 집 중 배치(설치 시)""}]},{""type"":""table cell"",""pdfua_tag"":""TD"",""page number"":73,""bounding box"":[299.359,252.744,544.492,287.105],""row number"":15,""column number"":2,""row span"":1,""column span"":1,""kids"":[]}]},{""type"":""table row"",""row number"":16,""cells"":[{""type"":""table cell"",""pdfua_tag"":""TD"",""page number"":73,""bounding box"":[54.226,218.384,299.359,252.744],""row number"":16,""column number"":1,""row span"":1,""column span"":1,""kids"":[{""type"":""paragraph"",""pdfua_tag"":""P"",""id"":3321,""level"":""1"",""page number"":73,""bounding box"":[54.226,218.384,299.359,252.744],""font"":null,""font size"":12.0,""content"":""• 주차장 내부에서 회전 시 R값 5m 이상 확보 권장""}]},{""type"":""table cell"",""pdfua_tag"":""TD"",""page number"":73,""bounding box"":[299.359,218.384,544.492,252.744],""row number"":16,""column number"":2,""row span"":1,""column span"":1,""kids"":[]}]},{""type"":""table row"",""row number"":17,""cells"":[{""type"":""table cell"",""pdfua_tag"":""TD"",""page number"":73,""bounding box"":[54.226,184.024,299.359,218.384],""row number"":17,""column number"":1,""row span"":1,""column span"":1,""kids"":[{""type"":""paragraph"",""pdfua_tag"":""P"",""id"":3322,""level"":""1"",""page number"":73,""bounding box"":[54.226,184.024,299.359,218.384],""font"":null,""font size"":12.0,""content"":""• 차로 폭 6.5m 이상 권장""}]},{""type"":""table cell"",""pdfua_tag"":""TD"",""page number"":73,""bounding box"":[299.359,184.024,544.492,218.384],""row number"":17,""column number"":2,""row span"":1,""column span"":1,""kids"":[]}]},{""type"":""table row"",""row number"":18,""cells"":[{""type"":""table cell"",""pdfua_tag"":""TD"",""page number"":73,""bounding box"":[54.226,149.663,299.359,184.024],""row number"":18,""column number"":1,""row span"":1,""column span"":1,""kids"":[{""type"":""paragraph"",""pdfua_tag"":""P"",""id"":3323,""level"":""1"",""page number"":73,""bounding box"":[54.226,149.663,299.359,184.024],""font"":null,""font size"":9.96,""text color"":""[0.0]"",""content"":""• 장애인 전용 주차구획은 코어 인근에 배치""}]},{""type"":""table cell"",""pdfua_tag"":""TD"",""page number"":73,""bounding box"":[299.359,149.663,544.492,184.024],""row number"":18,""column number"":2,""row span"":1,""column span"":1,""kids"":[]}]},{""type"":""table row"",""row number"":19,""cells"":[{""type"":""table cell"",""pdfua_tag"":""TD"",""page number"":73,""bounding box"":[54.226,115.303,299.359,149.663],""row number"":19,""column number"":1,""row span"":1,""column span"":1,""kids"":[{""type"":""paragraph"",""pdfua_tag"":""P"",""id"":3324,""level"":""1"",""page number"":73,""bounding box"":[54.226,115.303,299.359,149.663],""font"":null,""font size"":9.96,""text color"":""[0.0]"",""content"":""• 장애인 전용 주차구획에서 코어까지 진입하는""}]},{""type"":""table cell"",""pdfua_tag"":""TD"",""page number"":73,""bounding box"":[299.359,115.303,544.492,149.663],""row number"":19,""column number"":2,""row span"":1,""column span"":1,""kids"":[]}]},{""type"":""table row"",""row number"":20,""cells"":[{""type"":""table cell"",""pdfua_tag"":""TD"",""page number"":73,""bounding box"":[54.226,80.943,299.359,115.303],""row number"":20,""column number"":1,""row span"":1,""column span"":1,""kids"":[{""type"":""paragraph"",""pdfua_tag"":""P"",""id"":3325,""level"":""1"",""page number"":73,""bounding box"":[54.226,80.943,299.359,115.303],""font"":null,""font size"":9.96,""text color"":""[0.0]"",""content"":""• 기둥과 벽에 의한 사각지대가 생기지 않도록""}]},{""type"":""table cell"",""pdfua_tag"":""TD"",""page number"":73,""bounding box"":[299.359,80.943,544.492,115.303],""row number"":20,""column number"":2,""row span"":1,""column span"":1,""kids"":[]}]}]",law-1_p073_LAW1-T035.png,54.226,80.943,544.492,768.148,자동 추출,
LAW1-T036,LAW1,LAW1-4_7_4,74,74,LAW1-4_7_4 표 36,5,4,"내 용 | 반영여부 ( ○ , × ) | 미반영
 | 기계식 주차 |  | 
 | 초과되는 20대마다 대기주차 구획 |  | 
 | 확보, 필요시 턴테이블 설치 |  | 
 | 장치의 스펙 제시 |  | ","<table><tr><td colspan=""2"">내 용</td><td>반영여부 ( ○ , × )</td><td>미반영</td></tr><tr><td></td><td>기계식 주차</td><td></td><td></td></tr><tr><td></td><td>초과되는 20대마다 대기주차 구획</td><td></td><td></td></tr><tr><td></td><td>확보, 필요시 턴테이블 설치</td><td></td><td></td></tr><tr><td></td><td>장치의 스펙 제시</td><td></td><td></td></tr></table>","[{""type"":""table row"",""row number"":1,""cells"":[{""type"":""table cell"",""pdfua_tag"":""TH"",""page number"":74,""bounding box"":[53.043,741.427,298.68,767.567],""row number"":1,""column number"":1,""row span"":1,""column span"":2,""is_header"":true,""kids"":[{""type"":""paragraph"",""pdfua_tag"":""P"",""id"":3327,""page number"":74,""bounding box"":[53.043,741.427,298.68,767.567],""font"":null,""font size"":9.96,""text color"":""[0.0]"",""content"":""내 용""}]},{""type"":""table cell"",""pdfua_tag"":""TH"",""page number"":74,""bounding box"":[298.68,741.427,421.498,767.567],""row number"":1,""column number"":3,""row span"":1,""column span"":1,""is_header"":true,""kids"":[{""type"":""paragraph"",""pdfua_tag"":""P"",""id"":3328,""page number"":74,""bounding box"":[298.68,741.427,421.498,767.567],""font"":null,""font size"":12.0,""content"":""반영여부 ( ○ , × )""}]},{""type"":""table cell"",""pdfua_tag"":""TH"",""page number"":74,""bounding box"":[421.498,741.427,544.316,767.567],""row number"":1,""column number"":4,""row span"":1,""column span"":1,""is_header"":true,""kids"":[{""type"":""paragraph"",""pdfua_tag"":""P"",""id"":3329,""page number"":74,""bounding box"":[421.498,741.427,544.316,767.567],""font"":null,""font size"":12.0,""content"":""미반영""}]}]},{""type"":""table row"",""row number"":2,""cells"":[{""type"":""table cell"",""pdfua_tag"":""TD"",""page number"":74,""bounding box"":[53.043,715.287,175.862,741.427],""row number"":2,""column number"":1,""row span"":1,""column span"":1,""kids"":[]},{""type"":""table cell"",""pdfua_tag"":""TD"",""page number"":74,""bounding box"":[175.862,715.287,298.68,741.427],""row number"":2,""column number"":2,""row span"":1,""column span"":1,""kids"":[{""type"":""paragraph"",""pdfua_tag"":""P"",""id"":3330,""page number"":74,""bounding box"":[175.862,715.287,298.68,741.427],""font"":null,""font size"":12.0,""content"":""기계식 주차""}]},{""type"":""table cell"",""pdfua_tag"":""TD"",""page number"":74,""bounding box"":[298.68,715.287,421.498,741.427],""row number"":2,""column number"":3,""row span"":1,""column span"":1,""kids"":[]},{""type"":""table cell"",""pdfua_tag"":""TD"",""page number"":74,""bounding box"":[421.498,715.287,544.316,741.427],""row number"":2,""column number"":4,""row span"":1,""column span"":1,""kids"":[]}]},{""type"":""table row"",""row number"":3,""cells"":[{""type"":""table cell"",""pdfua_tag"":""TD"",""page number"":74,""bounding box"":[53.043,689.147,175.862,715.287],""row number"":3,""column number"":1,""row span"":1,""column span"":1,""kids"":[]},{""type"":""table cell"",""pdfua_tag"":""TD"",""page number"":74,""bounding box"":[175.862,689.147,298.68,715.287],""row number"":3,""column number"":2,""row span"":1,""column span"":1,""kids"":[{""type"":""paragraph"",""pdfua_tag"":""P"",""id"":3331,""page number"":74,""bounding box"":[175.862,689.147,298.68,715.287],""font"":null,""font size"":9.96,""text color"":""[0.0]"",""content"":""초과되는 20대마다 대기주차 구획""}]},{""type"":""table cell"",""pdfua_tag"":""TD"",""page number"":74,""bounding box"":[298.68,689.147,421.498,715.287],""row number"":3,""column number"":3,""row span"":1,""column span"":1,""kids"":[]},{""type"":""table cell"",""pdfua_tag"":""TD"",""page number"":74,""bounding box"":[421.498,689.147,544.316,715.287],""row number"":3,""column number"":4,""row span"":1,""column span"":1,""kids"":[]}]},{""type"":""table row"",""row number"":4,""cells"":[{""type"":""table cell"",""pdfua_tag"":""TD"",""page number"":74,""bounding box"":[53.043,663.006,175.862,689.147],""row number"":4,""column number"":1,""row span"":1,""column span"":1,""kids"":[]},{""type"":""table cell"",""pdfua_tag"":""TD"",""page number"":74,""bounding box"":[175.862,663.006,298.68,689.147],""row number"":4,""column number"":2,""row span"":1,""column span"":1,""kids"":[{""type"":""paragraph"",""pdfua_tag"":""P"",""id"":3332,""page number"":74,""bounding box"":[175.862,663.006,298.68,689.147],""font"":null,""font size"":9.96,""text color"":""[0.0]"",""content"":""확보, 필요시 턴테이블 설치""}]},{""type"":""table cell"",""pdfua_tag"":""TD"",""page number"":74,""bounding box"":[298.68,663.006,421.498,689.147],""row number"":4,""column number"":3,""row span"":1,""column span"":1,""kids"":[]},{""type"":""table cell"",""pdfua_tag"":""TD"",""page number"":74,""bounding box"":[421.498,663.006,544.316,689.147],""row number"":4,""column number"":4,""row span"":1,""column span"":1,""kids"":[]}]},{""type"":""table row"",""row number"":5,""cells"":[{""type"":""table cell"",""pdfua_tag"":""TD"",""page number"":74,""bounding box"":[53.043,636.866,175.862,663.006],""row number"":5,""column number"":1,""row span"":1,""column span"":1,""kids"":[]},{""type"":""table cell"",""pdfua_tag"":""TD"",""page number"":74,""bounding box"":[175.862,636.866,298.68,663.006],""row number"":5,""column number"":2,""row span"":1,""column span"":1,""kids"":[{""type"":""paragraph"",""pdfua_tag"":""P"",""id"":3333,""page number"":74,""bounding box"":[175.862,636.866,298.68,663.006],""font"":null,""font size"":9.96,""text color"":""[0.0]"",""content"":""장치의 스펙 제시""}]},{""type"":""table cell"",""pdfua_tag"":""TD"",""page number"":74,""bounding box"":[298.68,636.866,421.498,663.006],""row number"":5,""column number"":3,""row span"":1,""column span"":1,""kids"":[]},{""type"":""table cell"",""pdfua_tag"":""TD"",""page number"":74,""bounding box"":[421.498,636.866,544.316,663.006],""row number"":5,""column number"":4,""row span"":1,""column span"":1,""kids"":[]}]}]",law-1_p074_LAW1-T036.png,53.043,636.866,544.316,767.567,자동 추출,
LAW1-T037,LAW1,LAW1-4_7_4,75,75,LAW1-4_7_4 표 37,22,3,"내 용 | 반영여부 ( ○ , × ) | 미반영 사유
서울형 공유주택사업 대상지의 • 역세권 범위 내 위치 |  | 
• 역세권 범 위 내 위치 • 인접 및 도로기준 만족 • 의료시설 범 위 만족 |  | 
• 도시 환 경정비구역, 정비예정구역 여부 등 확인 |  | 
• 도로 등의 설치 시 용도지역상 향 제외 여부 |  | 
• 일조 수인한도 만족여부 |  | 
용적률 적용사항 |  | 
• 용적률 적용의 적정 성 |  | 
• 공공기여율 기본, 상한으로 분리하여 제시 |  | 
• 소 셜 믹스 계획의 적정 여부 |  | 
건축 계획 |  | 
건축 계획 |  | 
• 광역교통도면 제시 |  | 
• 주유소 등의 이 격 |  | 
• 진출입도로 6m 확보 |  | 
• 대지안의 공지기준 (건축법) |  | 
• 범죄 예방 건축기준 준수 |  | 
평면 계획 |  | 
평면 계획 저층부 계획 |  | 
• 계획고, 현황고 등 표시 |  | 
• 주거/비주거 동선 분리 |  | 
• 대지 규모 별 자주식 주차장 비율 및 진출입 계획 |  | ","<table><tr><td>내 용</td><td>반영여부 ( ○ , × )</td><td>미반영 사유</td></tr><tr><td>서울형 공유주택사업 대상지의 • 역세권 범위 내 위치</td><td></td><td></td></tr><tr><td>• 역세권 범 위 내 위치 • 인접 및 도로기준 만족 • 의료시설 범 위 만족</td><td></td><td></td></tr><tr><td>• 도시 환 경정비구역, 정비예정구역 여부 등 확인</td><td></td><td></td></tr><tr><td>• 도로 등의 설치 시 용도지역상 향 제외 여부</td><td></td><td></td></tr><tr><td>• 일조 수인한도 만족여부</td><td></td><td></td></tr><tr><td>용적률 적용사항</td><td></td><td></td></tr><tr><td>• 용적률 적용의 적정 성</td><td></td><td></td></tr><tr><td>• 공공기여율 기본, 상한으로 분리하여 제시</td><td></td><td></td></tr><tr><td>• 소 셜 믹스 계획의 적정 여부</td><td></td><td></td></tr><tr><td>건축 계획</td><td></td><td></td></tr><tr><td>건축 계획</td><td></td><td></td></tr><tr><td>• 광역교통도면 제시</td><td></td><td></td></tr><tr><td>• 주유소 등의 이 격</td><td></td><td></td></tr><tr><td>• 진출입도로 6m 확보</td><td></td><td></td></tr><tr><td>• 대지안의 공지기준 (건축법)</td><td></td><td></td></tr><tr><td>• 범죄 예방 건축기준 준수</td><td></td><td></td></tr><tr><td>평면 계획</td><td></td><td></td></tr><tr><td>평면 계획 저층부 계획</td><td></td><td></td></tr><tr><td>• 계획고, 현황고 등 표시</td><td></td><td></td></tr><tr><td>• 주거/비주거 동선 분리</td><td></td><td></td></tr><tr><td>• 대지 규모 별 자주식 주차장 비율 및 진출입 계획</td><td></td><td></td></tr></table>","[{""type"":""table row"",""row number"":1,""cells"":[{""type"":""table cell"",""pdfua_tag"":""TH"",""page number"":75,""bounding box"":[53.726,696.239,217.199,725.593],""row number"":1,""column number"":1,""row span"":1,""column span"":1,""is_header"":true,""kids"":[{""type"":""paragraph"",""pdfua_tag"":""P"",""id"":3335,""page number"":75,""bounding box"":[53.726,696.239,217.199,725.593],""font"":null,""font size"":12.0,""content"":""내 용""}]},{""type"":""table cell"",""pdfua_tag"":""TH"",""page number"":75,""bounding box"":[217.199,696.239,380.671,725.593],""row number"":1,""column number"":2,""row span"":1,""column span"":1,""is_header"":true,""kids"":[{""type"":""paragraph"",""pdfua_tag"":""P"",""id"":3336,""page number"":75,""bounding box"":[217.199,696.239,380.671,725.593],""font"":null,""font size"":12.0,""content"":""반영여부 ( ○ , × )""}]},{""type"":""table cell"",""pdfua_tag"":""TH"",""page number"":75,""bounding box"":[380.671,696.239,544.144,725.593],""row number"":1,""column number"":3,""row span"":1,""column span"":1,""is_header"":true,""kids"":[{""type"":""paragraph"",""pdfua_tag"":""P"",""id"":3337,""page number"":75,""bounding box"":[380.671,696.239,544.144,725.593],""font"":null,""font size"":12.0,""content"":""미반영 사유""}]}]},{""type"":""table row"",""row number"":2,""cells"":[{""type"":""table cell"",""pdfua_tag"":""TD"",""page number"":75,""bounding box"":[53.726,666.885,217.199,696.239],""row number"":2,""column number"":1,""row span"":1,""column span"":1,""kids"":[{""type"":""paragraph"",""pdfua_tag"":""P"",""id"":3338,""page number"":75,""bounding box"":[53.726,666.885,217.199,696.239],""font"":null,""font size"":9.96,""text color"":""[0.0]"",""content"":""서울형 공유주택사업 대상지의 • 역세권 범위 내 위치""}]},{""type"":""table cell"",""pdfua_tag"":""TD"",""page number"":75,""bounding box"":[217.199,666.885,380.671,696.239],""row number"":2,""column number"":2,""row span"":1,""column span"":1,""kids"":[]},{""type"":""table cell"",""pdfua_tag"":""TD"",""page number"":75,""bounding box"":[380.671,666.885,544.144,696.239],""row number"":2,""column number"":3,""row span"":1,""column span"":1,""kids"":[]}]},{""type"":""table row"",""row number"":3,""cells"":[{""type"":""table cell"",""pdfua_tag"":""TD"",""page number"":75,""bounding box"":[53.726,637.53,217.199,666.885],""row number"":3,""column number"":1,""row span"":1,""column span"":1,""kids"":[{""type"":""paragraph"",""pdfua_tag"":""P"",""id"":3339,""level"":""1"",""page number"":75,""bounding box"":[53.726,637.53,217.199,666.885],""font"":null,""font size"":12.0,""content"":""• 역세권 범 위 내 위치 • 인접 및 도로기준 만족 • 의료시설 범 위 만족""}]},{""type"":""table cell"",""pdfua_tag"":""TD"",""page number"":75,""bounding box"":[217.199,637.53,380.671,666.885],""row number"":3,""column number"":2,""row span"":1,""column span"":1,""kids"":[]},{""type"":""table cell"",""pdfua_tag"":""TD"",""page number"":75,""bounding box"":[380.671,637.53,544.144,666.885],""row number"":3,""column number"":3,""row span"":1,""column span"":1,""kids"":[]}]},{""type"":""table row"",""row number"":4,""cells"":[{""type"":""table cell"",""pdfua_tag"":""TD"",""page number"":75,""bounding box"":[53.726,608.176,217.199,637.53],""row number"":4,""column number"":1,""row span"":1,""column span"":1,""kids"":[{""type"":""paragraph"",""pdfua_tag"":""P"",""id"":3340,""level"":""1"",""page number"":75,""bounding box"":[53.726,608.176,217.199,637.53],""font"":null,""font size"":12.0,""content"":""• 도시 환 경정비구역, 정비예정구역 여부 등 확인""}]},{""type"":""table cell"",""pdfua_tag"":""TD"",""page number"":75,""bounding box"":[217.199,608.176,380.671,637.53],""row number"":4,""column number"":2,""row span"":1,""column span"":1,""kids"":[]},{""type"":""table cell"",""pdfua_tag"":""TD"",""page number"":75,""bounding box"":[380.671,608.176,544.144,637.53],""row number"":4,""column number"":3,""row span"":1,""column span"":1,""kids"":[]}]},{""type"":""table row"",""row number"":5,""cells"":[{""type"":""table cell"",""pdfua_tag"":""TD"",""page number"":75,""bounding box"":[53.726,578.822,217.199,608.176],""row number"":5,""column number"":1,""row span"":1,""column span"":1,""kids"":[{""type"":""paragraph"",""pdfua_tag"":""P"",""id"":3341,""level"":""1"",""page number"":75,""bounding box"":[53.726,578.822,217.199,608.176],""font"":null,""font size"":12.0,""content"":""• 도로 등의 설치 시 용도지역상 향 제외 여부""}]},{""type"":""table cell"",""pdfua_tag"":""TD"",""page number"":75,""bounding box"":[217.199,578.822,380.671,608.176],""row number"":5,""column number"":2,""row span"":1,""column span"":1,""kids"":[]},{""type"":""table cell"",""pdfua_tag"":""TD"",""page number"":75,""bounding box"":[380.671,578.822,544.144,608.176],""row number"":5,""column number"":3,""row span"":1,""column span"":1,""kids"":[]}]},{""type"":""table row"",""row number"":6,""cells"":[{""type"":""table cell"",""pdfua_tag"":""TD"",""page number"":75,""bounding box"":[53.726,549.467,217.199,578.822],""row number"":6,""column number"":1,""row span"":1,""column span"":1,""kids"":[{""type"":""paragraph"",""pdfua_tag"":""P"",""id"":3342,""level"":""1"",""page number"":75,""bounding box"":[53.726,549.467,217.199,578.822],""font"":null,""font size"":12.0,""content"":""• 일조 수인한도 만족여부""}]},{""type"":""table cell"",""pdfua_tag"":""TD"",""page number"":75,""bounding box"":[217.199,549.467,380.671,578.822],""row number"":6,""column number"":2,""row span"":1,""column span"":1,""kids"":[]},{""type"":""table cell"",""pdfua_tag"":""TD"",""page number"":75,""bounding box"":[380.671,549.467,544.144,578.822],""row number"":6,""column number"":3,""row span"":1,""column span"":1,""kids"":[]}]},{""type"":""table row"",""row number"":7,""cells"":[{""type"":""table cell"",""pdfua_tag"":""TD"",""page number"":75,""bounding box"":[53.726,520.113,217.199,549.467],""row number"":7,""column number"":1,""row span"":1,""column span"":1,""kids"":[{""type"":""paragraph"",""pdfua_tag"":""P"",""id"":3343,""page number"":75,""bounding box"":[53.726,520.113,217.199,549.467],""font"":null,""font size"":12.0,""content"":""용적률 적용사항""}]},{""type"":""table cell"",""pdfua_tag"":""TD"",""page number"":75,""bounding box"":[217.199,520.113,380.671,549.467],""row number"":7,""column number"":2,""row span"":1,""column span"":1,""kids"":[]},{""type"":""table cell"",""pdfua_tag"":""TD"",""page number"":75,""bounding box"":[380.671,520.113,544.144,549.467],""row number"":7,""column number"":3,""row span"":1,""column span"":1,""kids"":[]}]},{""type"":""table row"",""row number"":8,""cells"":[{""type"":""table cell"",""pdfua_tag"":""TD"",""page number"":75,""bounding box"":[53.726,490.759,217.199,520.113],""row number"":8,""column number"":1,""row span"":1,""column span"":1,""kids"":[{""type"":""paragraph"",""pdfua_tag"":""P"",""id"":3344,""level"":""1"",""page number"":75,""bounding box"":[53.726,490.759,217.199,520.113],""font"":null,""font size"":12.0,""content"":""• 용적률 적용의 적정 성""}]},{""type"":""table cell"",""pdfua_tag"":""TD"",""page number"":75,""bounding box"":[217.199,490.759,380.671,520.113],""row number"":8,""column number"":2,""row span"":1,""column span"":1,""kids"":[]},{""type"":""table cell"",""pdfua_tag"":""TD"",""page number"":75,""bounding box"":[380.671,490.759,544.144,520.113],""row number"":8,""column number"":3,""row span"":1,""column span"":1,""kids"":[]}]},{""type"":""table row"",""row number"":9,""cells"":[{""type"":""table cell"",""pdfua_tag"":""TD"",""page number"":75,""bounding box"":[53.726,461.405,217.199,490.759],""row number"":9,""column number"":1,""row span"":1,""column span"":1,""kids"":[{""type"":""paragraph"",""pdfua_tag"":""P"",""id"":3345,""level"":""1"",""page number"":75,""bounding box"":[53.726,461.405,217.199,490.759],""font"":null,""font size"":12.0,""content"":""• 공공기여율 기본, 상한으로 분리하여 제시""}]},{""type"":""table cell"",""pdfua_tag"":""TD"",""page number"":75,""bounding box"":[217.199,461.405,380.671,490.759],""row number"":9,""column number"":2,""row span"":1,""column span"":1,""kids"":[]},{""type"":""table cell"",""pdfua_tag"":""TD"",""page number"":75,""bounding box"":[380.671,461.405,544.144,490.759],""row number"":9,""column number"":3,""row span"":1,""column span"":1,""kids"":[]}]},{""type"":""table row"",""row number"":10,""cells"":[{""type"":""table cell"",""pdfua_tag"":""TD"",""page number"":75,""bounding box"":[53.726,432.05,217.199,461.405],""row number"":10,""column number"":1,""row span"":1,""column span"":1,""kids"":[{""type"":""paragraph"",""pdfua_tag"":""P"",""id"":3346,""level"":""1"",""page number"":75,""bounding box"":[53.726,432.05,217.199,461.405],""font"":null,""font size"":12.0,""content"":""• 소 셜 믹스 계획의 적정 여부""}]},{""type"":""table cell"",""pdfua_tag"":""TD"",""page number"":75,""bounding box"":[217.199,432.05,380.671,461.405],""row number"":10,""column number"":2,""row span"":1,""column span"":1,""kids"":[]},{""type"":""table cell"",""pdfua_tag"":""TD"",""page number"":75,""bounding box"":[380.671,432.05,544.144,461.405],""row number"":10,""column number"":3,""row span"":1,""column span"":1,""kids"":[]}]},{""type"":""table row"",""row number"":11,""cells"":[{""type"":""table cell"",""pdfua_tag"":""TD"",""page number"":75,""bounding box"":[53.726,402.696,217.199,432.05],""row number"":11,""column number"":1,""row span"":1,""column span"":1,""kids"":[{""type"":""paragraph"",""pdfua_tag"":""P"",""id"":3347,""page number"":75,""bounding box"":[53.726,402.696,217.199,432.05],""font"":null,""font size"":12.0,""content"":""건축 계획""}]},{""type"":""table cell"",""pdfua_tag"":""TD"",""page number"":75,""bounding box"":[217.199,402.696,380.671,432.05],""row number"":11,""column number"":2,""row span"":1,""column span"":1,""kids"":[]},{""type"":""table cell"",""pdfua_tag"":""TD"",""page number"":75,""bounding box"":[380.671,402.696,544.144,432.05],""row number"":11,""column number"":3,""row span"":1,""column span"":1,""kids"":[]}]},{""type"":""table row"",""row number"":12,""cells"":[{""type"":""table cell"",""pdfua_tag"":""TD"",""page number"":75,""bounding box"":[53.726,373.342,217.199,402.696],""row number"":12,""column number"":1,""row span"":1,""column span"":1,""kids"":[{""type"":""paragraph"",""pdfua_tag"":""P"",""id"":3348,""page number"":75,""bounding box"":[53.726,373.342,217.199,402.696],""font"":null,""font size"":9.96,""text color"":""[0.0]"",""content"":""건축 계획""}]},{""type"":""table cell"",""pdfua_tag"":""TD"",""page number"":75,""bounding box"":[217.199,373.342,380.671,402.696],""row number"":12,""column number"":2,""row span"":1,""column span"":1,""kids"":[]},{""type"":""table cell"",""pdfua_tag"":""TD"",""page number"":75,""bounding box"":[380.671,373.342,544.144,402.696],""row number"":12,""column number"":3,""row span"":1,""column span"":1,""kids"":[]}]},{""type"":""table row"",""row number"":13,""cells"":[{""type"":""table cell"",""pdfua_tag"":""TD"",""page number"":75,""bounding box"":[53.726,343.987,217.199,373.342],""row number"":13,""column number"":1,""row span"":1,""column span"":1,""kids"":[{""type"":""paragraph"",""pdfua_tag"":""P"",""id"":3349,""level"":""1"",""page number"":75,""bounding box"":[53.726,343.987,217.199,373.342],""font"":null,""font size"":12.0,""content"":""• 광역교통도면 제시""}]},{""type"":""table cell"",""pdfua_tag"":""TD"",""page number"":75,""bounding box"":[217.199,343.987,380.671,373.342],""row number"":13,""column number"":2,""row span"":1,""column span"":1,""kids"":[]},{""type"":""table cell"",""pdfua_tag"":""TD"",""page number"":75,""bounding box"":[380.671,343.987,544.144,373.342],""row number"":13,""column number"":3,""row span"":1,""column span"":1,""kids"":[]}]},{""type"":""table row"",""row number"":14,""cells"":[{""type"":""table cell"",""pdfua_tag"":""TD"",""page number"":75,""bounding box"":[53.726,314.633,217.199,343.987],""row number"":14,""column number"":1,""row span"":1,""column span"":1,""kids"":[{""type"":""paragraph"",""pdfua_tag"":""P"",""id"":3350,""level"":""1"",""page number"":75,""bounding box"":[53.726,314.633,217.199,343.987],""font"":null,""font size"":12.0,""content"":""• 주유소 등의 이 격""}]},{""type"":""table cell"",""pdfua_tag"":""TD"",""page number"":75,""bounding box"":[217.199,314.633,380.671,343.987],""row number"":14,""column number"":2,""row span"":1,""column span"":1,""kids"":[]},{""type"":""table cell"",""pdfua_tag"":""TD"",""page number"":75,""bounding box"":[380.671,314.633,544.144,343.987],""row number"":14,""column number"":3,""row span"":1,""column span"":1,""kids"":[]}]},{""type"":""table row"",""row number"":15,""cells"":[{""type"":""table cell"",""pdfua_tag"":""TD"",""page number"":75,""bounding box"":[53.726,285.279,217.199,314.633],""row number"":15,""column number"":1,""row span"":1,""column span"":1,""kids"":[{""type"":""paragraph"",""pdfua_tag"":""P"",""id"":3351,""level"":""1"",""page number"":75,""bounding box"":[53.726,285.279,217.199,314.633],""font"":null,""font size"":12.0,""content"":""• 진출입도로 6m 확보""}]},{""type"":""table cell"",""pdfua_tag"":""TD"",""page number"":75,""bounding box"":[217.199,285.279,380.671,314.633],""row number"":15,""column number"":2,""row span"":1,""column span"":1,""kids"":[]},{""type"":""table cell"",""pdfua_tag"":""TD"",""page number"":75,""bounding box"":[380.671,285.279,544.144,314.633],""row number"":15,""column number"":3,""row span"":1,""column span"":1,""kids"":[]}]},{""type"":""table row"",""row number"":16,""cells"":[{""type"":""table cell"",""pdfua_tag"":""TD"",""page number"":75,""bounding box"":[53.726,255.925,217.199,285.279],""row number"":16,""column number"":1,""row span"":1,""column span"":1,""kids"":[{""type"":""paragraph"",""pdfua_tag"":""P"",""id"":3352,""level"":""1"",""page number"":75,""bounding box"":[53.726,255.925,217.199,285.279],""font"":null,""font size"":12.0,""content"":""• 대지안의 공지기준 (건축법)""}]},{""type"":""table cell"",""pdfua_tag"":""TD"",""page number"":75,""bounding box"":[217.199,255.925,380.671,285.279],""row number"":16,""column number"":2,""row span"":1,""column span"":1,""kids"":[]},{""type"":""table cell"",""pdfua_tag"":""TD"",""page number"":75,""bounding box"":[380.671,255.925,544.144,285.279],""row number"":16,""column number"":3,""row span"":1,""column span"":1,""kids"":[]}]},{""type"":""table row"",""row number"":17,""cells"":[{""type"":""table cell"",""pdfua_tag"":""TD"",""page number"":75,""bounding box"":[53.726,226.57,217.199,255.925],""row number"":17,""column number"":1,""row span"":1,""column span"":1,""kids"":[{""type"":""paragraph"",""pdfua_tag"":""P"",""id"":3353,""level"":""1"",""page number"":75,""bounding box"":[53.726,226.57,217.199,255.925],""font"":null,""font size"":12.0,""content"":""• 범죄 예방 건축기준 준수""}]},{""type"":""table cell"",""pdfua_tag"":""TD"",""page number"":75,""bounding box"":[217.199,226.57,380.671,255.925],""row number"":17,""column number"":2,""row span"":1,""column span"":1,""kids"":[]},{""type"":""table cell"",""pdfua_tag"":""TD"",""page number"":75,""bounding box"":[380.671,226.57,544.144,255.925],""row number"":17,""column number"":3,""row span"":1,""column span"":1,""kids"":[]}]},{""type"":""table row"",""row number"":18,""cells"":[{""type"":""table cell"",""pdfua_tag"":""TD"",""page number"":75,""bounding box"":[53.726,197.216,217.199,226.57],""row number"":18,""column number"":1,""row span"":1,""column span"":1,""kids"":[{""type"":""paragraph"",""pdfua_tag"":""P"",""id"":3354,""page number"":75,""bounding box"":[53.726,197.216,217.199,226.57],""font"":null,""font size"":12.0,""content"":""평면 계획""}]},{""type"":""table cell"",""pdfua_tag"":""TD"",""page number"":75,""bounding box"":[217.199,197.216,380.671,226.57],""row number"":18,""column number"":2,""row span"":1,""column span"":1,""kids"":[]},{""type"":""table cell"",""pdfua_tag"":""TD"",""page number"":75,""bounding box"":[380.671,197.216,544.144,226.57],""row number"":18,""column number"":3,""row span"":1,""column span"":1,""kids"":[]}]},{""type"":""table row"",""row number"":19,""cells"":[{""type"":""table cell"",""pdfua_tag"":""TD"",""page number"":75,""bounding box"":[53.726,167.862,217.199,197.216],""row number"":19,""column number"":1,""row span"":1,""column span"":1,""kids"":[{""type"":""paragraph"",""pdfua_tag"":""P"",""id"":3355,""page number"":75,""bounding box"":[53.726,167.862,217.199,197.216],""font"":null,""font size"":9.96,""text color"":""[0.0]"",""content"":""평면 계획 저층부 계획""}]},{""type"":""table cell"",""pdfua_tag"":""TD"",""page number"":75,""bounding box"":[217.199,167.862,380.671,197.216],""row number"":19,""column number"":2,""row span"":1,""column span"":1,""kids"":[]},{""type"":""table cell"",""pdfua_tag"":""TD"",""page number"":75,""bounding box"":[380.671,167.862,544.144,197.216],""row number"":19,""column number"":3,""row span"":1,""column span"":1,""kids"":[]}]},{""type"":""table row"",""row number"":20,""cells"":[{""type"":""table cell"",""pdfua_tag"":""TD"",""page number"":75,""bounding box"":[53.726,138.508,217.199,167.862],""row number"":20,""column number"":1,""row span"":1,""column span"":1,""kids"":[{""type"":""paragraph"",""pdfua_tag"":""P"",""id"":3356,""level"":""1"",""page number"":75,""bounding box"":[53.726,138.508,217.199,167.862],""font"":null,""font size"":9.96,""text color"":""[0.0]"",""content"":""• 계획고, 현황고 등 표시""}]},{""type"":""table cell"",""pdfua_tag"":""TD"",""page number"":75,""bounding box"":[217.199,138.508,380.671,167.862],""row number"":20,""column number"":2,""row span"":1,""column span"":1,""kids"":[]},{""type"":""table cell"",""pdfua_tag"":""TD"",""page number"":75,""bounding box"":[380.671,138.508,544.144,167.862],""row number"":20,""column number"":3,""row span"":1,""column span"":1,""kids"":[]}]},{""type"":""table row"",""row number"":21,""cells"":[{""type"":""table cell"",""pdfua_tag"":""TD"",""page number"":75,""bounding box"":[53.726,109.153,217.199,138.508],""row number"":21,""column number"":1,""row span"":1,""column span"":1,""kids"":[{""type"":""paragraph"",""pdfua_tag"":""P"",""id"":3357,""level"":""1"",""page number"":75,""bounding box"":[53.726,109.153,217.199,138.508],""font"":null,""font size"":9.96,""text color"":""[0.0]"",""content"":""• 주거/비주거 동선 분리""}]},{""type"":""table cell"",""pdfua_tag"":""TD"",""page number"":75,""bounding box"":[217.199,109.153,380.671,138.508],""row number"":21,""column number"":2,""row span"":1,""column span"":1,""kids"":[]},{""type"":""table cell"",""pdfua_tag"":""TD"",""page number"":75,""bounding box"":[380.671,109.153,544.144,138.508],""row number"":21,""column number"":3,""row span"":1,""column span"":1,""kids"":[]}]},{""type"":""table row"",""row number"":22,""cells"":[{""type"":""table cell"",""pdfua_tag"":""TD"",""page number"":75,""bounding box"":[53.726,79.799,217.199,109.153],""row number"":22,""column number"":1,""row span"":1,""column span"":1,""kids"":[{""type"":""paragraph"",""pdfua_tag"":""P"",""id"":3358,""level"":""1"",""page number"":75,""bounding box"":[53.726,79.799,217.199,109.153],""font"":null,""font size"":12.0,""content"":""• 대지 규모 별 자주식 주차장 비율 및 진출입 계획""}]},{""type"":""table cell"",""pdfua_tag"":""TD"",""page number"":75,""bounding box"":[217.199,79.799,380.671,109.153],""row number"":22,""column number"":2,""row span"":1,""column span"":1,""kids"":[]},{""type"":""table cell"",""pdfua_tag"":""TD"",""page number"":75,""bounding box"":[380.671,79.799,544.144,109.153],""row number"":22,""column number"":3,""row span"":1,""column span"":1,""kids"":[]}]}]",law-1_p075_LAW1-T037.png,53.726,79.799,544.144,725.593,자동 추출,
LAW1-T038,LAW1,LAW1-4_7_4,76,76,LAW1-4_7_4 표 38,25,3,"내 용 반영여부 ( ○ , × ) | 미반영 | 사유
• 남녀 화장실 출입구가 |  | 
• 외기에 면한 공간에 충분한 공간의 방 풍 실 계획 |  | 
• 근린생활시설의 복도는 • 모든 근생이 내부 복도로 |  | 
• 모든 근생이 내부 복 도로 연결 되 도 록 계획 |  | 
• 주거부 코어와 연계한 로비공간 계획 |  | 
• 쓰 레기 처리시설(조업 주차 공간 마련) 계획 |  | 
• 소방자동차 전용구획 설치 (해당시) |  | 
• CCTV 설치 위치도 제시 |  | 
• 전기 · 가 스 · 수도 등 통합관리 가능하도 록 계획 |  | 
E/V 계획 |  | 
E/V 계획 |  | 
• 계단실형 코어는 계단실마다 • 엘리베이터 홀의 너비는 |  | 
• 엘 리 베 이터 홀 의 너비는 안목치수 1.5m |  | 
이상 |  | 
계단실 계획 |  | 
• 계단실간 거리의 적정 성 |  | 
• 특별 피난 계단, 피난 계단 계획의 적정 성 |  | 
• 양 측복 도 끝 이 외기에 접하도 록 (자연 환 기, 채 광) 계획 |  | 
• 개인공간 출입문이 마주보지 않고 피난 방 향 으로 개 폐 |  | 
• 중 복 도 문이 양 쪽 에 있을 때 안목치수 1.8m 이상 |  | 
• 출입문이 한쪽에만 있을 기준층 계획 |  | 
기준층 계획 |  | 
• 측벽 개인공간은 가능한 |  | 
• 통합 보일러실, 통합 실외기 |  | ","<table><tr><td>내 용 반영여부 ( ○ , × )</td><td>미반영</td><td>사유</td></tr><tr><td>• 남녀 화장실 출입구가</td><td></td><td></td></tr><tr><td>• 외기에 면한 공간에 충분한 공간의 방 풍 실 계획</td><td></td><td></td></tr><tr><td>• 근린생활시설의 복도는 • 모든 근생이 내부 복도로</td><td></td><td></td></tr><tr><td>• 모든 근생이 내부 복 도로 연결 되 도 록 계획</td><td></td><td></td></tr><tr><td>• 주거부 코어와 연계한 로비공간 계획</td><td></td><td></td></tr><tr><td>• 쓰 레기 처리시설(조업 주차 공간 마련) 계획</td><td></td><td></td></tr><tr><td>• 소방자동차 전용구획 설치 (해당시)</td><td></td><td></td></tr><tr><td>• CCTV 설치 위치도 제시</td><td></td><td></td></tr><tr><td>• 전기 · 가 스 · 수도 등 통합관리 가능하도 록 계획</td><td></td><td></td></tr><tr><td>E/V 계획</td><td></td><td></td></tr><tr><td>E/V 계획</td><td></td><td></td></tr><tr><td>• 계단실형 코어는 계단실마다 • 엘리베이터 홀의 너비는</td><td></td><td></td></tr><tr><td>• 엘 리 베 이터 홀 의 너비는 안목치수 1.5m</td><td></td><td></td></tr><tr><td>이상</td><td></td><td></td></tr><tr><td>계단실 계획</td><td></td><td></td></tr><tr><td>• 계단실간 거리의 적정 성</td><td></td><td></td></tr><tr><td>• 특별 피난 계단, 피난 계단 계획의 적정 성</td><td></td><td></td></tr><tr><td>• 양 측복 도 끝 이 외기에 접하도 록 (자연 환 기, 채 광) 계획</td><td></td><td></td></tr><tr><td>• 개인공간 출입문이 마주보지 않고 피난 방 향 으로 개 폐</td><td></td><td></td></tr><tr><td>• 중 복 도 문이 양 쪽 에 있을 때 안목치수 1.8m 이상</td><td></td><td></td></tr><tr><td>• 출입문이 한쪽에만 있을 기준층 계획</td><td></td><td></td></tr><tr><td>기준층 계획</td><td></td><td></td></tr><tr><td>• 측벽 개인공간은 가능한</td><td></td><td></td></tr><tr><td>• 통합 보일러실, 통합 실외기</td><td></td><td></td></tr></table>","[{""type"":""table row"",""row number"":1,""cells"":[{""type"":""table cell"",""pdfua_tag"":""TH"",""page number"":76,""bounding box"":[54.717,740.456,217.905,768.014],""row number"":1,""column number"":1,""row span"":1,""column span"":1,""is_header"":true,""kids"":[{""type"":""paragraph"",""pdfua_tag"":""P"",""id"":3360,""page number"":76,""bounding box"":[54.717,740.456,217.905,768.014],""font"":null,""font size"":12.0,""content"":""내 용 반영여부 ( ○ , × )""}]},{""type"":""table cell"",""pdfua_tag"":""TH"",""page number"":76,""bounding box"":[217.905,740.456,381.093,768.014],""row number"":1,""column number"":2,""row span"":1,""column span"":1,""is_header"":true,""kids"":[{""type"":""paragraph"",""pdfua_tag"":""P"",""id"":3361,""page number"":76,""bounding box"":[217.905,740.456,381.093,768.014],""font"":null,""font size"":12.0,""content"":""미반영""}]},{""type"":""table cell"",""pdfua_tag"":""TH"",""page number"":76,""bounding box"":[381.093,740.456,544.281,768.014],""row number"":1,""column number"":3,""row span"":1,""column span"":1,""is_header"":true,""kids"":[{""type"":""paragraph"",""pdfua_tag"":""P"",""id"":3362,""page number"":76,""bounding box"":[381.093,740.456,544.281,768.014],""font"":null,""font size"":12.0,""content"":""사유""}]}]},{""type"":""table row"",""row number"":2,""cells"":[{""type"":""table cell"",""pdfua_tag"":""TD"",""page number"":76,""bounding box"":[54.717,712.897,217.905,740.456],""row number"":2,""column number"":1,""row span"":1,""column span"":1,""kids"":[{""type"":""paragraph"",""pdfua_tag"":""P"",""id"":3363,""level"":""1"",""page number"":76,""bounding box"":[54.717,712.897,217.905,740.456],""font"":null,""font size"":9.96,""text color"":""[0.0]"",""content"":""• 남녀 화장실 출입구가""}]},{""type"":""table cell"",""pdfua_tag"":""TD"",""page number"":76,""bounding box"":[217.905,712.897,381.093,740.456],""row number"":2,""column number"":2,""row span"":1,""column span"":1,""kids"":[]},{""type"":""table cell"",""pdfua_tag"":""TD"",""page number"":76,""bounding box"":[381.093,712.897,544.281,740.456],""row number"":2,""column number"":3,""row span"":1,""column span"":1,""kids"":[]}]},{""type"":""table row"",""row number"":3,""cells"":[{""type"":""table cell"",""pdfua_tag"":""TD"",""page number"":76,""bounding box"":[54.717,685.338,217.905,712.897],""row number"":3,""column number"":1,""row span"":1,""column span"":1,""kids"":[{""type"":""paragraph"",""pdfua_tag"":""P"",""id"":3364,""level"":""1"",""page number"":76,""bounding box"":[54.717,685.338,217.905,712.897],""font"":null,""font size"":12.0,""content"":""• 외기에 면한 공간에 충분한 공간의 방 풍 실 계획""}]},{""type"":""table cell"",""pdfua_tag"":""TD"",""page number"":76,""bounding box"":[217.905,685.338,381.093,712.897],""row number"":3,""column number"":2,""row span"":1,""column span"":1,""kids"":[]},{""type"":""table cell"",""pdfua_tag"":""TD"",""page number"":76,""bounding box"":[381.093,685.338,544.281,712.897],""row number"":3,""column number"":3,""row span"":1,""column span"":1,""kids"":[]}]},{""type"":""table row"",""row number"":4,""cells"":[{""type"":""table cell"",""pdfua_tag"":""TD"",""page number"":76,""bounding box"":[54.717,657.78,217.905,685.338],""row number"":4,""column number"":1,""row span"":1,""column span"":1,""kids"":[{""type"":""paragraph"",""pdfua_tag"":""P"",""id"":3365,""level"":""1"",""page number"":76,""bounding box"":[54.717,657.78,217.905,685.338],""font"":null,""font size"":9.96,""text color"":""[0.0]"",""content"":""• 근린생활시설의 복도는 • 모든 근생이 내부 복도로""}]},{""type"":""table cell"",""pdfua_tag"":""TD"",""page number"":76,""bounding box"":[217.905,657.78,381.093,685.338],""row number"":4,""column number"":2,""row span"":1,""column span"":1,""kids"":[]},{""type"":""table cell"",""pdfua_tag"":""TD"",""page number"":76,""bounding box"":[381.093,657.78,544.281,685.338],""row number"":4,""column number"":3,""row span"":1,""column span"":1,""kids"":[]}]},{""type"":""table row"",""row number"":5,""cells"":[{""type"":""table cell"",""pdfua_tag"":""TD"",""page number"":76,""bounding box"":[54.717,630.221,217.905,657.78],""row number"":5,""column number"":1,""row span"":1,""column span"":1,""kids"":[{""type"":""paragraph"",""pdfua_tag"":""P"",""id"":3366,""level"":""1"",""page number"":76,""bounding box"":[54.717,630.221,217.905,657.78],""font"":null,""font size"":12.0,""content"":""• 모든 근생이 내부 복 도로 연결 되 도 록 계획""}]},{""type"":""table cell"",""pdfua_tag"":""TD"",""page number"":76,""bounding box"":[217.905,630.221,381.093,657.78],""row number"":5,""column number"":2,""row span"":1,""column span"":1,""kids"":[]},{""type"":""table cell"",""pdfua_tag"":""TD"",""page number"":76,""bounding box"":[381.093,630.221,544.281,657.78],""row number"":5,""column number"":3,""row span"":1,""column span"":1,""kids"":[]}]},{""type"":""table row"",""row number"":6,""cells"":[{""type"":""table cell"",""pdfua_tag"":""TD"",""page number"":76,""bounding box"":[54.717,602.662,217.905,630.221],""row number"":6,""column number"":1,""row span"":1,""column span"":1,""kids"":[{""type"":""paragraph"",""pdfua_tag"":""P"",""id"":3367,""level"":""1"",""page number"":76,""bounding box"":[54.717,602.662,217.905,630.221],""font"":null,""font size"":12.0,""content"":""• 주거부 코어와 연계한 로비공간 계획""}]},{""type"":""table cell"",""pdfua_tag"":""TD"",""page number"":76,""bounding box"":[217.905,602.662,381.093,630.221],""row number"":6,""column number"":2,""row span"":1,""column span"":1,""kids"":[]},{""type"":""table cell"",""pdfua_tag"":""TD"",""page number"":76,""bounding box"":[381.093,602.662,544.281,630.221],""row number"":6,""column number"":3,""row span"":1,""column span"":1,""kids"":[]}]},{""type"":""table row"",""row number"":7,""cells"":[{""type"":""table cell"",""pdfua_tag"":""TD"",""page number"":76,""bounding box"":[54.717,575.103,217.905,602.662],""row number"":7,""column number"":1,""row span"":1,""column span"":1,""kids"":[{""type"":""paragraph"",""pdfua_tag"":""P"",""id"":3368,""level"":""1"",""page number"":76,""bounding box"":[54.717,575.103,217.905,602.662],""font"":null,""font size"":12.0,""content"":""• 쓰 레기 처리시설(조업 주차 공간 마련) 계획""}]},{""type"":""table cell"",""pdfua_tag"":""TD"",""page number"":76,""bounding box"":[217.905,575.103,381.093,602.662],""row number"":7,""column number"":2,""row span"":1,""column span"":1,""kids"":[]},{""type"":""table cell"",""pdfua_tag"":""TD"",""page number"":76,""bounding box"":[381.093,575.103,544.281,602.662],""row number"":7,""column number"":3,""row span"":1,""column span"":1,""kids"":[]}]},{""type"":""table row"",""row number"":8,""cells"":[{""type"":""table cell"",""pdfua_tag"":""TD"",""page number"":76,""bounding box"":[54.717,547.545,217.905,575.103],""row number"":8,""column number"":1,""row span"":1,""column span"":1,""kids"":[{""type"":""paragraph"",""pdfua_tag"":""P"",""id"":3369,""level"":""1"",""page number"":76,""bounding box"":[54.717,547.545,217.905,575.103],""font"":null,""font size"":12.0,""content"":""• 소방자동차 전용구획 설치 (해당시)""}]},{""type"":""table cell"",""pdfua_tag"":""TD"",""page number"":76,""bounding box"":[217.905,547.545,381.093,575.103],""row number"":8,""column number"":2,""row span"":1,""column span"":1,""kids"":[]},{""type"":""table cell"",""pdfua_tag"":""TD"",""page number"":76,""bounding box"":[381.093,547.545,544.281,575.103],""row number"":8,""column number"":3,""row span"":1,""column span"":1,""kids"":[]}]},{""type"":""table row"",""row number"":9,""cells"":[{""type"":""table cell"",""pdfua_tag"":""TD"",""page number"":76,""bounding box"":[54.717,519.986,217.905,547.545],""row number"":9,""column number"":1,""row span"":1,""column span"":1,""kids"":[{""type"":""paragraph"",""pdfua_tag"":""P"",""id"":3370,""level"":""1"",""page number"":76,""bounding box"":[54.717,519.986,217.905,547.545],""font"":null,""font size"":12.0,""content"":""• CCTV 설치 위치도 제시""}]},{""type"":""table cell"",""pdfua_tag"":""TD"",""page number"":76,""bounding box"":[217.905,519.986,381.093,547.545],""row number"":9,""column number"":2,""row span"":1,""column span"":1,""kids"":[]},{""type"":""table cell"",""pdfua_tag"":""TD"",""page number"":76,""bounding box"":[381.093,519.986,544.281,547.545],""row number"":9,""column number"":3,""row span"":1,""column span"":1,""kids"":[]}]},{""type"":""table row"",""row number"":10,""cells"":[{""type"":""table cell"",""pdfua_tag"":""TD"",""page number"":76,""bounding box"":[54.717,492.427,217.905,519.986],""row number"":10,""column number"":1,""row span"":1,""column span"":1,""kids"":[{""type"":""paragraph"",""pdfua_tag"":""P"",""id"":3371,""level"":""1"",""page number"":76,""bounding box"":[54.717,492.427,217.905,519.986],""font"":null,""font size"":12.0,""content"":""• 전기 · 가 스 · 수도 등 통합관리 가능하도 록 계획""}]},{""type"":""table cell"",""pdfua_tag"":""TD"",""page number"":76,""bounding box"":[217.905,492.427,381.093,519.986],""row number"":10,""column number"":2,""row span"":1,""column span"":1,""kids"":[]},{""type"":""table cell"",""pdfua_tag"":""TD"",""page number"":76,""bounding box"":[381.093,492.427,544.281,519.986],""row number"":10,""column number"":3,""row span"":1,""column span"":1,""kids"":[]}]},{""type"":""table row"",""row number"":11,""cells"":[{""type"":""table cell"",""pdfua_tag"":""TD"",""page number"":76,""bounding box"":[54.717,464.869,217.905,492.427],""row number"":11,""column number"":1,""row span"":1,""column span"":1,""kids"":[{""type"":""paragraph"",""pdfua_tag"":""P"",""id"":3372,""page number"":76,""bounding box"":[54.717,464.869,217.905,492.427],""font"":null,""font size"":9.96,""text color"":""[0.0]"",""content"":""E/V 계획""}]},{""type"":""table cell"",""pdfua_tag"":""TD"",""page number"":76,""bounding box"":[217.905,464.869,381.093,492.427],""row number"":11,""column number"":2,""row span"":1,""column span"":1,""kids"":[]},{""type"":""table cell"",""pdfua_tag"":""TD"",""page number"":76,""bounding box"":[381.093,464.869,544.281,492.427],""row number"":11,""column number"":3,""row span"":1,""column span"":1,""kids"":[]}]},{""type"":""table row"",""row number"":12,""cells"":[{""type"":""table cell"",""pdfua_tag"":""TD"",""page number"":76,""bounding box"":[54.717,437.31,217.905,464.869],""row number"":12,""column number"":1,""row span"":1,""column span"":1,""kids"":[{""type"":""paragraph"",""pdfua_tag"":""P"",""id"":3373,""page number"":76,""bounding box"":[54.717,437.31,217.905,464.869],""font"":null,""font size"":12.0,""content"":""E/V 계획""}]},{""type"":""table cell"",""pdfua_tag"":""TD"",""page number"":76,""bounding box"":[217.905,437.31,381.093,464.869],""row number"":12,""column number"":2,""row span"":1,""column span"":1,""kids"":[]},{""type"":""table cell"",""pdfua_tag"":""TD"",""page number"":76,""bounding box"":[381.093,437.31,544.281,464.869],""row number"":12,""column number"":3,""row span"":1,""column span"":1,""kids"":[]}]},{""type"":""table row"",""row number"":13,""cells"":[{""type"":""table cell"",""pdfua_tag"":""TD"",""page number"":76,""bounding box"":[54.717,409.751,217.905,437.31],""row number"":13,""column number"":1,""row span"":1,""column span"":1,""kids"":[{""type"":""paragraph"",""pdfua_tag"":""P"",""id"":3374,""level"":""1"",""page number"":76,""bounding box"":[54.717,409.751,217.905,437.31],""font"":null,""font size"":9.96,""text color"":""[0.0]"",""content"":""• 계단실형 코어는 계단실마다 • 엘리베이터 홀의 너비는""}]},{""type"":""table cell"",""pdfua_tag"":""TD"",""page number"":76,""bounding box"":[217.905,409.751,381.093,437.31],""row number"":13,""column number"":2,""row span"":1,""column span"":1,""kids"":[]},{""type"":""table cell"",""pdfua_tag"":""TD"",""page number"":76,""bounding box"":[381.093,409.751,544.281,437.31],""row number"":13,""column number"":3,""row span"":1,""column span"":1,""kids"":[]}]},{""type"":""table row"",""row number"":14,""cells"":[{""type"":""table cell"",""pdfua_tag"":""TD"",""page number"":76,""bounding box"":[54.717,382.193,217.905,409.751],""row number"":14,""column number"":1,""row span"":1,""column span"":1,""kids"":[{""type"":""paragraph"",""pdfua_tag"":""P"",""id"":3375,""level"":""1"",""page number"":76,""bounding box"":[54.717,382.193,217.905,409.751],""font"":null,""font size"":12.0,""content"":""• 엘 리 베 이터 홀 의 너비는 안목치수 1.5m""}]},{""type"":""table cell"",""pdfua_tag"":""TD"",""page number"":76,""bounding box"":[217.905,382.193,381.093,409.751],""row number"":14,""column number"":2,""row span"":1,""column span"":1,""kids"":[]},{""type"":""table cell"",""pdfua_tag"":""TD"",""page number"":76,""bounding box"":[381.093,382.193,544.281,409.751],""row number"":14,""column number"":3,""row span"":1,""column span"":1,""kids"":[]}]},{""type"":""table row"",""row number"":15,""cells"":[{""type"":""table cell"",""pdfua_tag"":""TD"",""page number"":76,""bounding box"":[54.717,354.634,217.905,382.193],""row number"":15,""column number"":1,""row span"":1,""column span"":1,""kids"":[{""type"":""paragraph"",""pdfua_tag"":""P"",""id"":3376,""page number"":76,""bounding box"":[54.717,354.634,217.905,382.193],""font"":null,""font size"":12.0,""content"":""이상""}]},{""type"":""table cell"",""pdfua_tag"":""TD"",""page number"":76,""bounding box"":[217.905,354.634,381.093,382.193],""row number"":15,""column number"":2,""row span"":1,""column span"":1,""kids"":[]},{""type"":""table cell"",""pdfua_tag"":""TD"",""page number"":76,""bounding box"":[381.093,354.634,544.281,382.193],""row number"":15,""column number"":3,""row span"":1,""column span"":1,""kids"":[]}]},{""type"":""table row"",""row number"":16,""cells"":[{""type"":""table cell"",""pdfua_tag"":""TD"",""page number"":76,""bounding box"":[54.717,327.075,217.905,354.634],""row number"":16,""column number"":1,""row span"":1,""column span"":1,""kids"":[{""type"":""paragraph"",""pdfua_tag"":""P"",""id"":3377,""page number"":76,""bounding box"":[54.717,327.075,217.905,354.634],""font"":null,""font size"":12.0,""content"":""계단실 계획""}]},{""type"":""table cell"",""pdfua_tag"":""TD"",""page number"":76,""bounding box"":[217.905,327.075,381.093,354.634],""row number"":16,""column number"":2,""row span"":1,""column span"":1,""kids"":[]},{""type"":""table cell"",""pdfua_tag"":""TD"",""page number"":76,""bounding box"":[381.093,327.075,544.281,354.634],""row number"":16,""column number"":3,""row span"":1,""column span"":1,""kids"":[]}]},{""type"":""table row"",""row number"":17,""cells"":[{""type"":""table cell"",""pdfua_tag"":""TD"",""page number"":76,""bounding box"":[54.717,299.517,217.905,327.075],""row number"":17,""column number"":1,""row span"":1,""column span"":1,""kids"":[{""type"":""paragraph"",""pdfua_tag"":""P"",""id"":3378,""level"":""1"",""page number"":76,""bounding box"":[54.717,299.517,217.905,327.075],""font"":null,""font size"":12.0,""content"":""• 계단실간 거리의 적정 성""}]},{""type"":""table cell"",""pdfua_tag"":""TD"",""page number"":76,""bounding box"":[217.905,299.517,381.093,327.075],""row number"":17,""column number"":2,""row span"":1,""column span"":1,""kids"":[]},{""type"":""table cell"",""pdfua_tag"":""TD"",""page number"":76,""bounding box"":[381.093,299.517,544.281,327.075],""row number"":17,""column number"":3,""row span"":1,""column span"":1,""kids"":[]}]},{""type"":""table row"",""row number"":18,""cells"":[{""type"":""table cell"",""pdfua_tag"":""TD"",""page number"":76,""bounding box"":[54.717,271.958,217.905,299.517],""row number"":18,""column number"":1,""row span"":1,""column span"":1,""kids"":[{""type"":""paragraph"",""pdfua_tag"":""P"",""id"":3379,""level"":""1"",""page number"":76,""bounding box"":[54.717,271.958,217.905,299.517],""font"":null,""font size"":12.0,""content"":""• 특별 피난 계단, 피난 계단 계획의 적정 성""}]},{""type"":""table cell"",""pdfua_tag"":""TD"",""page number"":76,""bounding box"":[217.905,271.958,381.093,299.517],""row number"":18,""column number"":2,""row span"":1,""column span"":1,""kids"":[]},{""type"":""table cell"",""pdfua_tag"":""TD"",""page number"":76,""bounding box"":[381.093,271.958,544.281,299.517],""row number"":18,""column number"":3,""row span"":1,""column span"":1,""kids"":[]}]},{""type"":""table row"",""row number"":19,""cells"":[{""type"":""table cell"",""pdfua_tag"":""TD"",""page number"":76,""bounding box"":[54.717,244.399,217.905,271.958],""row number"":19,""column number"":1,""row span"":1,""column span"":1,""kids"":[{""type"":""paragraph"",""pdfua_tag"":""P"",""id"":3380,""level"":""1"",""page number"":76,""bounding box"":[54.717,244.399,217.905,271.958],""font"":null,""font size"":12.0,""content"":""• 양 측복 도 끝 이 외기에 접하도 록 (자연 환 기, 채 광) 계획""}]},{""type"":""table cell"",""pdfua_tag"":""TD"",""page number"":76,""bounding box"":[217.905,244.399,381.093,271.958],""row number"":19,""column number"":2,""row span"":1,""column span"":1,""kids"":[]},{""type"":""table cell"",""pdfua_tag"":""TD"",""page number"":76,""bounding box"":[381.093,244.399,544.281,271.958],""row number"":19,""column number"":3,""row span"":1,""column span"":1,""kids"":[]}]},{""type"":""table row"",""row number"":20,""cells"":[{""type"":""table cell"",""pdfua_tag"":""TD"",""page number"":76,""bounding box"":[54.717,216.841,217.905,244.399],""row number"":20,""column number"":1,""row span"":1,""column span"":1,""kids"":[{""type"":""paragraph"",""pdfua_tag"":""P"",""id"":3381,""level"":""1"",""page number"":76,""bounding box"":[54.717,216.841,217.905,244.399],""font"":null,""font size"":12.0,""content"":""• 개인공간 출입문이 마주보지 않고 피난 방 향 으로 개 폐""}]},{""type"":""table cell"",""pdfua_tag"":""TD"",""page number"":76,""bounding box"":[217.905,216.841,381.093,244.399],""row number"":20,""column number"":2,""row span"":1,""column span"":1,""kids"":[]},{""type"":""table cell"",""pdfua_tag"":""TD"",""page number"":76,""bounding box"":[381.093,216.841,544.281,244.399],""row number"":20,""column number"":3,""row span"":1,""column span"":1,""kids"":[]}]},{""type"":""table row"",""row number"":21,""cells"":[{""type"":""table cell"",""pdfua_tag"":""TD"",""page number"":76,""bounding box"":[54.717,189.282,217.905,216.841],""row number"":21,""column number"":1,""row span"":1,""column span"":1,""kids"":[{""type"":""paragraph"",""pdfua_tag"":""P"",""id"":3382,""level"":""1"",""page number"":76,""bounding box"":[54.717,189.282,217.905,216.841],""font"":null,""font size"":12.0,""content"":""• 중 복 도 문이 양 쪽 에 있을 때 안목치수 1.8m 이상""}]},{""type"":""table cell"",""pdfua_tag"":""TD"",""page number"":76,""bounding box"":[217.905,189.282,381.093,216.841],""row number"":21,""column number"":2,""row span"":1,""column span"":1,""kids"":[]},{""type"":""table cell"",""pdfua_tag"":""TD"",""page number"":76,""bounding box"":[381.093,189.282,544.281,216.841],""row number"":21,""column number"":3,""row span"":1,""column span"":1,""kids"":[]}]},{""type"":""table row"",""row number"":22,""cells"":[{""type"":""table cell"",""pdfua_tag"":""TD"",""page number"":76,""bounding box"":[54.717,161.723,217.905,189.282],""row number"":22,""column number"":1,""row span"":1,""column span"":1,""kids"":[{""type"":""paragraph"",""pdfua_tag"":""P"",""id"":3383,""level"":""1"",""page number"":76,""bounding box"":[54.717,161.723,217.905,189.282],""font"":null,""font size"":9.96,""text color"":""[0.0]"",""content"":""• 출입문이 한쪽에만 있을 기준층 계획""}]},{""type"":""table cell"",""pdfua_tag"":""TD"",""page number"":76,""bounding box"":[217.905,161.723,381.093,189.282],""row number"":22,""column number"":2,""row span"":1,""column span"":1,""kids"":[]},{""type"":""table cell"",""pdfua_tag"":""TD"",""page number"":76,""bounding box"":[381.093,161.723,544.281,189.282],""row number"":22,""column number"":3,""row span"":1,""column span"":1,""kids"":[]}]},{""type"":""table row"",""row number"":23,""cells"":[{""type"":""table cell"",""pdfua_tag"":""TD"",""page number"":76,""bounding box"":[54.717,134.165,217.905,161.723],""row number"":23,""column number"":1,""row span"":1,""column span"":1,""kids"":[{""type"":""paragraph"",""pdfua_tag"":""P"",""id"":3384,""page number"":76,""bounding box"":[54.717,134.165,217.905,161.723],""font"":null,""font size"":12.0,""content"":""기준층 계획""}]},{""type"":""table cell"",""pdfua_tag"":""TD"",""page number"":76,""bounding box"":[217.905,134.165,381.093,161.723],""row number"":23,""column number"":2,""row span"":1,""column span"":1,""kids"":[]},{""type"":""table cell"",""pdfua_tag"":""TD"",""page number"":76,""bounding box"":[381.093,134.165,544.281,161.723],""row number"":23,""column number"":3,""row span"":1,""column span"":1,""kids"":[]}]},{""type"":""table row"",""row number"":24,""cells"":[{""type"":""table cell"",""pdfua_tag"":""TD"",""page number"":76,""bounding box"":[54.717,106.606,217.905,134.165],""row number"":24,""column number"":1,""row span"":1,""column span"":1,""kids"":[{""type"":""paragraph"",""pdfua_tag"":""P"",""id"":3385,""level"":""1"",""page number"":76,""bounding box"":[54.717,106.606,217.905,134.165],""font"":null,""font size"":9.96,""text color"":""[0.0]"",""content"":""• 측벽 개인공간은 가능한""}]},{""type"":""table cell"",""pdfua_tag"":""TD"",""page number"":76,""bounding box"":[217.905,106.606,381.093,134.165],""row number"":24,""column number"":2,""row span"":1,""column span"":1,""kids"":[]},{""type"":""table cell"",""pdfua_tag"":""TD"",""page number"":76,""bounding box"":[381.093,106.606,544.281,134.165],""row number"":24,""column number"":3,""row span"":1,""column span"":1,""kids"":[]}]},{""type"":""table row"",""row number"":25,""cells"":[{""type"":""table cell"",""pdfua_tag"":""TD"",""page number"":76,""bounding box"":[54.717,79.047,217.905,106.606],""row number"":25,""column number"":1,""row span"":1,""column span"":1,""kids"":[{""type"":""paragraph"",""pdfua_tag"":""P"",""id"":3386,""level"":""1"",""page number"":76,""bounding box"":[54.717,79.047,217.905,106.606],""font"":null,""font size"":9.96,""text color"":""[0.0]"",""content"":""• 통합 보일러실, 통합 실외기""}]},{""type"":""table cell"",""pdfua_tag"":""TD"",""page number"":76,""bounding box"":[217.905,79.047,381.093,106.606],""row number"":25,""column number"":2,""row span"":1,""column span"":1,""kids"":[]},{""type"":""table cell"",""pdfua_tag"":""TD"",""page number"":76,""bounding box"":[381.093,79.047,544.281,106.606],""row number"":25,""column number"":3,""row span"":1,""column span"":1,""kids"":[]}]}]",law-1_p076_LAW1-T038.png,54.717,79.047,544.281,768.014,자동 추출,
LAW1-T039,LAW1,LAW1-4_7_4,77,77,LAW1-4_7_4 표 39,8,3,"내 용 | 반영여부 ( ○ , × ) | 미반영 사유
• 주거서비 스 인증(우수 이상) 이행 • 특화공간 외부 설치시 면적의 1/2로 산 정 • 접근 동선을 고 려 한 계획 • 공유주방(식당) 및 공유세탁실은 5개 층 이내 배치 권장 • 공유공간 용도 적정 성 제시 • 500인 이상인 경우 구내식당 설치 권장 • 우 편 물 수 취 함(택배보관실 등) 계획 • 1인당 1 ㎥ 이상 개별 창고 계획 |  | 
공유공간 계획 |  | 
계획 |  | 
단면 |  | 
• 주거부와 비주거부 사이 충분한 공간의 PIT층 계획, 점 검구 |  | 
계획 |  | 
• 천장 높 이 2.4m 이상 |  | ","<table><tr><td>내 용</td><td>반영여부 ( ○ , × )</td><td>미반영 사유</td></tr><tr><td>• 주거서비 스 인증(우수 이상) 이행 • 특화공간 외부 설치시 면적의 1/2로 산 정 • 접근 동선을 고 려 한 계획 • 공유주방(식당) 및 공유세탁실은 5개 층 이내 배치 권장 • 공유공간 용도 적정 성 제시 • 500인 이상인 경우 구내식당 설치 권장 • 우 편 물 수 취 함(택배보관실 등) 계획 • 1인당 1 ㎥ 이상 개별 창고 계획</td><td></td><td></td></tr><tr><td>공유공간 계획</td><td></td><td></td></tr><tr><td>계획</td><td></td><td></td></tr><tr><td>단면</td><td></td><td></td></tr><tr><td>• 주거부와 비주거부 사이 충분한 공간의 PIT층 계획, 점 검구</td><td></td><td></td></tr><tr><td>계획</td><td></td><td></td></tr><tr><td>• 천장 높 이 2.4m 이상</td><td></td><td></td></tr></table>","[{""type"":""table row"",""row number"":1,""cells"":[{""type"":""table cell"",""pdfua_tag"":""TH"",""page number"":77,""bounding box"":[55.593,681.872,218.526,767.996],""row number"":1,""column number"":1,""row span"":1,""column span"":1,""is_header"":true,""kids"":[{""type"":""paragraph"",""pdfua_tag"":""P"",""id"":3388,""page number"":77,""bounding box"":[55.593,681.872,218.526,767.996],""font"":null,""font size"":12.0,""content"":""내 용""}]},{""type"":""table cell"",""pdfua_tag"":""TH"",""page number"":77,""bounding box"":[218.526,681.872,381.458,767.996],""row number"":1,""column number"":2,""row span"":1,""column span"":1,""is_header"":true,""kids"":[{""type"":""paragraph"",""pdfua_tag"":""P"",""id"":3389,""page number"":77,""bounding box"":[218.526,681.872,381.458,767.996],""font"":null,""font size"":12.0,""content"":""반영여부 ( ○ , × )""}]},{""type"":""table cell"",""pdfua_tag"":""TH"",""page number"":77,""bounding box"":[381.458,681.872,544.39,767.996],""row number"":1,""column number"":3,""row span"":1,""column span"":1,""is_header"":true,""kids"":[{""type"":""paragraph"",""pdfua_tag"":""P"",""id"":3390,""page number"":77,""bounding box"":[381.458,681.872,544.39,767.996],""font"":null,""font size"":12.0,""content"":""미반영 사유""}]}]},{""type"":""table row"",""row number"":2,""cells"":[{""type"":""table cell"",""pdfua_tag"":""TD"",""page number"":77,""bounding box"":[55.593,595.748,218.526,681.872],""row number"":2,""column number"":1,""row span"":1,""column span"":1,""kids"":[{""type"":""paragraph"",""pdfua_tag"":""P"",""id"":3391,""level"":""1"",""page number"":77,""bounding box"":[55.593,595.748,218.526,681.872],""font"":null,""font size"":12.0,""content"":""• 주거서비 스 인증(우수 이상) 이행 • 특화공간 외부 설치시 면적의 1/2로 산 정 • 접근 동선을 고 려 한 계획 • 공유주방(식당) 및 공유세탁실은 5개 층 이내 배치 권장 • 공유공간 용도 적정 성 제시 • 500인 이상인 경우 구내식당 설치 권장 • 우 편 물 수 취 함(택배보관실 등) 계획 • 1인당 1 ㎥ 이상 개별 창고 계획""}]},{""type"":""table cell"",""pdfua_tag"":""TD"",""page number"":77,""bounding box"":[218.526,595.748,381.458,681.872],""row number"":2,""column number"":2,""row span"":1,""column span"":1,""kids"":[]},{""type"":""table cell"",""pdfua_tag"":""TD"",""page number"":77,""bounding box"":[381.458,595.748,544.39,681.872],""row number"":2,""column number"":3,""row span"":1,""column span"":1,""kids"":[]}]},{""type"":""table row"",""row number"":3,""cells"":[{""type"":""table cell"",""pdfua_tag"":""TD"",""page number"":77,""bounding box"":[55.593,509.624,218.526,595.748],""row number"":3,""column number"":1,""row span"":1,""column span"":1,""kids"":[{""type"":""paragraph"",""pdfua_tag"":""P"",""id"":3392,""page number"":77,""bounding box"":[55.593,509.624,218.526,595.748],""font"":null,""font size"":12.0,""content"":""공유공간 계획""}]},{""type"":""table cell"",""pdfua_tag"":""TD"",""page number"":77,""bounding box"":[218.526,509.624,381.458,595.748],""row number"":3,""column number"":2,""row span"":1,""column span"":1,""kids"":[]},{""type"":""table cell"",""pdfua_tag"":""TD"",""page number"":77,""bounding box"":[381.458,509.624,544.39,595.748],""row number"":3,""column number"":3,""row span"":1,""column span"":1,""kids"":[]}]},{""type"":""table row"",""row number"":4,""cells"":[{""type"":""table cell"",""pdfua_tag"":""TD"",""page number"":77,""bounding box"":[55.593,423.5,218.526,509.624],""row number"":4,""column number"":1,""row span"":1,""column span"":1,""kids"":[{""type"":""paragraph"",""pdfua_tag"":""P"",""id"":3393,""page number"":77,""bounding box"":[55.593,423.5,218.526,509.624],""font"":null,""font size"":12.0,""content"":""계획""}]},{""type"":""table cell"",""pdfua_tag"":""TD"",""page number"":77,""bounding box"":[218.526,423.5,381.458,509.624],""row number"":4,""column number"":2,""row span"":1,""column span"":1,""kids"":[]},{""type"":""table cell"",""pdfua_tag"":""TD"",""page number"":77,""bounding box"":[381.458,423.5,544.39,509.624],""row number"":4,""column number"":3,""row span"":1,""column span"":1,""kids"":[]}]},{""type"":""table row"",""row number"":5,""cells"":[{""type"":""table cell"",""pdfua_tag"":""TD"",""page number"":77,""bounding box"":[55.593,337.376,218.526,423.5],""row number"":5,""column number"":1,""row span"":1,""column span"":1,""kids"":[{""type"":""paragraph"",""pdfua_tag"":""P"",""id"":3394,""page number"":77,""bounding box"":[55.593,337.376,218.526,423.5],""font"":null,""font size"":12.0,""content"":""단면""}]},{""type"":""table cell"",""pdfua_tag"":""TD"",""page number"":77,""bounding box"":[218.526,337.376,381.458,423.5],""row number"":5,""column number"":2,""row span"":1,""column span"":1,""kids"":[]},{""type"":""table cell"",""pdfua_tag"":""TD"",""page number"":77,""bounding box"":[381.458,337.376,544.39,423.5],""row number"":5,""column number"":3,""row span"":1,""column span"":1,""kids"":[]}]},{""type"":""table row"",""row number"":6,""cells"":[{""type"":""table cell"",""pdfua_tag"":""TD"",""page number"":77,""bounding box"":[55.593,251.252,218.526,337.376],""row number"":6,""column number"":1,""row span"":1,""column span"":1,""kids"":[{""type"":""paragraph"",""pdfua_tag"":""P"",""id"":3395,""level"":""1"",""page number"":77,""bounding box"":[55.593,251.252,218.526,337.376],""font"":null,""font size"":12.0,""content"":""• 주거부와 비주거부 사이 충분한 공간의 PIT층 계획, 점 검구""}]},{""type"":""table cell"",""pdfua_tag"":""TD"",""page number"":77,""bounding box"":[218.526,251.252,381.458,337.376],""row number"":6,""column number"":2,""row span"":1,""column span"":1,""kids"":[]},{""type"":""table cell"",""pdfua_tag"":""TD"",""page number"":77,""bounding box"":[381.458,251.252,544.39,337.376],""row number"":6,""column number"":3,""row span"":1,""column span"":1,""kids"":[]}]},{""type"":""table row"",""row number"":7,""cells"":[{""type"":""table cell"",""pdfua_tag"":""TD"",""page number"":77,""bounding box"":[55.593,165.128,218.526,251.252],""row number"":7,""column number"":1,""row span"":1,""column span"":1,""kids"":[{""type"":""paragraph"",""pdfua_tag"":""P"",""id"":3396,""page number"":77,""bounding box"":[55.593,165.128,218.526,251.252],""font"":null,""font size"":12.0,""content"":""계획""}]},{""type"":""table cell"",""pdfua_tag"":""TD"",""page number"":77,""bounding box"":[218.526,165.128,381.458,251.252],""row number"":7,""column number"":2,""row span"":1,""column span"":1,""kids"":[]},{""type"":""table cell"",""pdfua_tag"":""TD"",""page number"":77,""bounding box"":[381.458,165.128,544.39,251.252],""row number"":7,""column number"":3,""row span"":1,""column span"":1,""kids"":[]}]},{""type"":""table row"",""row number"":8,""cells"":[{""type"":""table cell"",""pdfua_tag"":""TD"",""page number"":77,""bounding box"":[55.593,79.004,218.526,165.128],""row number"":8,""column number"":1,""row span"":1,""column span"":1,""kids"":[{""type"":""paragraph"",""pdfua_tag"":""P"",""id"":3397,""level"":""1"",""page number"":77,""bounding box"":[55.593,79.004,218.526,165.128],""font"":null,""font size"":12.0,""content"":""• 천장 높 이 2.4m 이상""}]},{""type"":""table cell"",""pdfua_tag"":""TD"",""page number"":77,""bounding box"":[218.526,79.004,381.458,165.128],""row number"":8,""column number"":2,""row span"":1,""column span"":1,""kids"":[]},{""type"":""table cell"",""pdfua_tag"":""TD"",""page number"":77,""bounding box"":[381.458,79.004,544.39,165.128],""row number"":8,""column number"":3,""row span"":1,""column span"":1,""kids"":[]}]}]",law-1_p077_LAW1-T039.png,55.593,79.004,544.39,767.996,자동 추출,
LAW1-T040,LAW1,LAW1-4_7_4,78,78,LAW1-4_7_4 표 40,24,3,"내 용 반영여부 | ( ○ , × ) | 미반영 사유
• 지하 주차장으로 내 려 가는 경사로 높 이는 2.7m 이상 (탑차 출입 가능) |  | 
• 장비 반입구 계획 |  | 
입면 계획 |  | 
• 주변 건물 현 황 표현 (자동차, 사 람 , 나무, 주변 건물의 재질 , 창문 위치) |  | 
• BIPV 시 스템 도입하여 계획 |  | 
• 수직배관 노출 설치지양 (설치 시 개인공간 내 침입 불 가능하도 록 방안마련) |  | 
주차 계획 |  | 
주차 계획 |  | 
• 차량동선이 순환되 도 록 계획, 막 다른 길 일 경우 회차공간 설치 |  | 
• 비주거 / 주거 주차구획이 구분 되 도 록 차단기 설치 |  | 
• 입주자용, 개방용 대수 구분하여 표시 |  | 
배치 계획 |  | 
• 평행주차 지양 |  | 
• 나눔카 집 중 배치 |  | 
• 주차장 내부에서 회전 시 R값 5m 이상 확보 권장 |  | 
• 차로 폭 6.5m 이상 권장 |  | 
• 장애인 전용 주차구획은 코어 인근에 배치 |  | 
• 장애인 전용 주차구획에서 코어까지 진입하는 경로 표현 |  | 
• 기 둥 과 벽 에 의한 사각지대가 생기지 않도 록 배치 |  | 
기계식 주차 |  | 
• 20대가 초과되는 20대마다 |  | 
• 회전 공간 확보, 필요시 |  | 
• 기계식주차 장치의 스펙 |  | ","<table><tr><td>내 용 반영여부</td><td>( ○ , × )</td><td>미반영 사유</td></tr><tr><td>• 지하 주차장으로 내 려 가는 경사로 높 이는 2.7m 이상 (탑차 출입 가능)</td><td></td><td></td></tr><tr><td>• 장비 반입구 계획</td><td></td><td></td></tr><tr><td>입면 계획</td><td></td><td></td></tr><tr><td>• 주변 건물 현 황 표현 (자동차, 사 람 , 나무, 주변 건물의 재질 , 창문 위치)</td><td></td><td></td></tr><tr><td>• BIPV 시 스템 도입하여 계획</td><td></td><td></td></tr><tr><td>• 수직배관 노출 설치지양 (설치 시 개인공간 내 침입 불 가능하도 록 방안마련)</td><td></td><td></td></tr><tr><td>주차 계획</td><td></td><td></td></tr><tr><td>주차 계획</td><td></td><td></td></tr><tr><td>• 차량동선이 순환되 도 록 계획, 막 다른 길 일 경우 회차공간 설치</td><td></td><td></td></tr><tr><td>• 비주거 / 주거 주차구획이 구분 되 도 록 차단기 설치</td><td></td><td></td></tr><tr><td>• 입주자용, 개방용 대수 구분하여 표시</td><td></td><td></td></tr><tr><td>배치 계획</td><td></td><td></td></tr><tr><td>• 평행주차 지양</td><td></td><td></td></tr><tr><td>• 나눔카 집 중 배치</td><td></td><td></td></tr><tr><td>• 주차장 내부에서 회전 시 R값 5m 이상 확보 권장</td><td></td><td></td></tr><tr><td>• 차로 폭 6.5m 이상 권장</td><td></td><td></td></tr><tr><td>• 장애인 전용 주차구획은 코어 인근에 배치</td><td></td><td></td></tr><tr><td>• 장애인 전용 주차구획에서 코어까지 진입하는 경로 표현</td><td></td><td></td></tr><tr><td>• 기 둥 과 벽 에 의한 사각지대가 생기지 않도 록 배치</td><td></td><td></td></tr><tr><td>기계식 주차</td><td></td><td></td></tr><tr><td>• 20대가 초과되는 20대마다</td><td></td><td></td></tr><tr><td>• 회전 공간 확보, 필요시</td><td></td><td></td></tr><tr><td>• 기계식주차 장치의 스펙</td><td></td><td></td></tr></table>","[{""type"":""table row"",""row number"":1,""cells"":[{""type"":""table cell"",""pdfua_tag"":""TH"",""page number"":78,""bounding box"":[53.893,740.042,217.367,767.943],""row number"":1,""column number"":1,""row span"":1,""column span"":1,""is_header"":true,""kids"":[{""type"":""paragraph"",""pdfua_tag"":""P"",""id"":3399,""page number"":78,""bounding box"":[53.893,740.042,217.367,767.943],""font"":null,""font size"":12.0,""content"":""내 용 반영여부""}]},{""type"":""table cell"",""pdfua_tag"":""TH"",""page number"":78,""bounding box"":[217.367,740.042,380.841,767.943],""row number"":1,""column number"":2,""row span"":1,""column span"":1,""is_header"":true,""kids"":[{""type"":""paragraph"",""pdfua_tag"":""P"",""id"":3400,""page number"":78,""bounding box"":[217.367,740.042,380.841,767.943],""font"":null,""font size"":12.0,""content"":""( ○ , × )""}]},{""type"":""table cell"",""pdfua_tag"":""TH"",""page number"":78,""bounding box"":[380.841,740.042,544.315,767.943],""row number"":1,""column number"":3,""row span"":1,""column span"":1,""is_header"":true,""kids"":[{""type"":""paragraph"",""pdfua_tag"":""P"",""id"":3401,""page number"":78,""bounding box"":[380.841,740.042,544.315,767.943],""font"":null,""font size"":12.0,""content"":""미반영 사유""}]}]},{""type"":""table row"",""row number"":2,""cells"":[{""type"":""table cell"",""pdfua_tag"":""TD"",""page number"":78,""bounding box"":[53.893,712.14,217.367,740.042],""row number"":2,""column number"":1,""row span"":1,""column span"":1,""kids"":[{""type"":""paragraph"",""pdfua_tag"":""P"",""id"":3402,""level"":""1"",""page number"":78,""bounding box"":[53.893,712.14,217.367,740.042],""font"":null,""font size"":12.0,""content"":""• 지하 주차장으로 내 려 가는 경사로 높 이는 2.7m 이상 (탑차 출입 가능)""}]},{""type"":""table cell"",""pdfua_tag"":""TD"",""page number"":78,""bounding box"":[217.367,712.14,380.841,740.042],""row number"":2,""column number"":2,""row span"":1,""column span"":1,""kids"":[]},{""type"":""table cell"",""pdfua_tag"":""TD"",""page number"":78,""bounding box"":[380.841,712.14,544.315,740.042],""row number"":2,""column number"":3,""row span"":1,""column span"":1,""kids"":[]}]},{""type"":""table row"",""row number"":3,""cells"":[{""type"":""table cell"",""pdfua_tag"":""TD"",""page number"":78,""bounding box"":[53.893,684.238,217.367,712.14],""row number"":3,""column number"":1,""row span"":1,""column span"":1,""kids"":[{""type"":""paragraph"",""pdfua_tag"":""P"",""id"":3403,""level"":""1"",""page number"":78,""bounding box"":[53.893,684.238,217.367,712.14],""font"":null,""font size"":9.96,""text color"":""[0.0]"",""content"":""• 장비 반입구 계획""}]},{""type"":""table cell"",""pdfua_tag"":""TD"",""page number"":78,""bounding box"":[217.367,684.238,380.841,712.14],""row number"":3,""column number"":2,""row span"":1,""column span"":1,""kids"":[]},{""type"":""table cell"",""pdfua_tag"":""TD"",""page number"":78,""bounding box"":[380.841,684.238,544.315,712.14],""row number"":3,""column number"":3,""row span"":1,""column span"":1,""kids"":[]}]},{""type"":""table row"",""row number"":4,""cells"":[{""type"":""table cell"",""pdfua_tag"":""TD"",""page number"":78,""bounding box"":[53.893,656.336,217.367,684.238],""row number"":4,""column number"":1,""row span"":1,""column span"":1,""kids"":[{""type"":""paragraph"",""pdfua_tag"":""P"",""id"":3404,""page number"":78,""bounding box"":[53.893,656.336,217.367,684.238],""font"":null,""font size"":9.96,""text color"":""[0.0]"",""content"":""입면 계획""}]},{""type"":""table cell"",""pdfua_tag"":""TD"",""page number"":78,""bounding box"":[217.367,656.336,380.841,684.238],""row number"":4,""column number"":2,""row span"":1,""column span"":1,""kids"":[]},{""type"":""table cell"",""pdfua_tag"":""TD"",""page number"":78,""bounding box"":[380.841,656.336,544.315,684.238],""row number"":4,""column number"":3,""row span"":1,""column span"":1,""kids"":[]}]},{""type"":""table row"",""row number"":5,""cells"":[{""type"":""table cell"",""pdfua_tag"":""TD"",""page number"":78,""bounding box"":[53.893,628.435,217.367,656.336],""row number"":5,""column number"":1,""row span"":1,""column span"":1,""kids"":[{""type"":""paragraph"",""pdfua_tag"":""P"",""id"":3405,""level"":""1"",""page number"":78,""bounding box"":[53.893,628.435,217.367,656.336],""font"":null,""font size"":12.0,""content"":""• 주변 건물 현 황 표현 (자동차, 사 람 , 나무, 주변 건물의 재질 , 창문 위치)""}]},{""type"":""table cell"",""pdfua_tag"":""TD"",""page number"":78,""bounding box"":[217.367,628.435,380.841,656.336],""row number"":5,""column number"":2,""row span"":1,""column span"":1,""kids"":[]},{""type"":""table cell"",""pdfua_tag"":""TD"",""page number"":78,""bounding box"":[380.841,628.435,544.315,656.336],""row number"":5,""column number"":3,""row span"":1,""column span"":1,""kids"":[]}]},{""type"":""table row"",""row number"":6,""cells"":[{""type"":""table cell"",""pdfua_tag"":""TD"",""page number"":78,""bounding box"":[53.893,600.533,217.367,628.435],""row number"":6,""column number"":1,""row span"":1,""column span"":1,""kids"":[{""type"":""paragraph"",""pdfua_tag"":""P"",""id"":3406,""level"":""1"",""page number"":78,""bounding box"":[53.893,600.533,217.367,628.435],""font"":null,""font size"":12.0,""content"":""• BIPV 시 스템 도입하여 계획""}]},{""type"":""table cell"",""pdfua_tag"":""TD"",""page number"":78,""bounding box"":[217.367,600.533,380.841,628.435],""row number"":6,""column number"":2,""row span"":1,""column span"":1,""kids"":[]},{""type"":""table cell"",""pdfua_tag"":""TD"",""page number"":78,""bounding box"":[380.841,600.533,544.315,628.435],""row number"":6,""column number"":3,""row span"":1,""column span"":1,""kids"":[]}]},{""type"":""table row"",""row number"":7,""cells"":[{""type"":""table cell"",""pdfua_tag"":""TD"",""page number"":78,""bounding box"":[53.893,572.631,217.367,600.533],""row number"":7,""column number"":1,""row span"":1,""column span"":1,""kids"":[{""type"":""paragraph"",""pdfua_tag"":""P"",""id"":3407,""level"":""1"",""page number"":78,""bounding box"":[53.893,572.631,217.367,600.533],""font"":null,""font size"":12.0,""content"":""• 수직배관 노출 설치지양 (설치 시 개인공간 내 침입 불 가능하도 록 방안마련)""}]},{""type"":""table cell"",""pdfua_tag"":""TD"",""page number"":78,""bounding box"":[217.367,572.631,380.841,600.533],""row number"":7,""column number"":2,""row span"":1,""column span"":1,""kids"":[]},{""type"":""table cell"",""pdfua_tag"":""TD"",""page number"":78,""bounding box"":[380.841,572.631,544.315,600.533],""row number"":7,""column number"":3,""row span"":1,""column span"":1,""kids"":[]}]},{""type"":""table row"",""row number"":8,""cells"":[{""type"":""table cell"",""pdfua_tag"":""TD"",""page number"":78,""bounding box"":[53.893,544.729,217.367,572.631],""row number"":8,""column number"":1,""row span"":1,""column span"":1,""kids"":[{""type"":""paragraph"",""pdfua_tag"":""P"",""id"":3408,""page number"":78,""bounding box"":[53.893,544.729,217.367,572.631],""font"":null,""font size"":12.0,""content"":""주차 계획""}]},{""type"":""table cell"",""pdfua_tag"":""TD"",""page number"":78,""bounding box"":[217.367,544.729,380.841,572.631],""row number"":8,""column number"":2,""row span"":1,""column span"":1,""kids"":[]},{""type"":""table cell"",""pdfua_tag"":""TD"",""page number"":78,""bounding box"":[380.841,544.729,544.315,572.631],""row number"":8,""column number"":3,""row span"":1,""column span"":1,""kids"":[]}]},{""type"":""table row"",""row number"":9,""cells"":[{""type"":""table cell"",""pdfua_tag"":""TD"",""page number"":78,""bounding box"":[53.893,516.828,217.367,544.729],""row number"":9,""column number"":1,""row span"":1,""column span"":1,""kids"":[{""type"":""paragraph"",""pdfua_tag"":""P"",""id"":3409,""page number"":78,""bounding box"":[53.893,516.828,217.367,544.729],""font"":null,""font size"":9.96,""text color"":""[0.0]"",""content"":""주차 계획""}]},{""type"":""table cell"",""pdfua_tag"":""TD"",""page number"":78,""bounding box"":[217.367,516.828,380.841,544.729],""row number"":9,""column number"":2,""row span"":1,""column span"":1,""kids"":[]},{""type"":""table cell"",""pdfua_tag"":""TD"",""page number"":78,""bounding box"":[380.841,516.828,544.315,544.729],""row number"":9,""column number"":3,""row span"":1,""column span"":1,""kids"":[]}]},{""type"":""table row"",""row number"":10,""cells"":[{""type"":""table cell"",""pdfua_tag"":""TD"",""page number"":78,""bounding box"":[53.893,488.926,217.367,516.828],""row number"":10,""column number"":1,""row span"":1,""column span"":1,""kids"":[{""type"":""paragraph"",""pdfua_tag"":""P"",""id"":3410,""level"":""1"",""page number"":78,""bounding box"":[53.893,488.926,217.367,516.828],""font"":null,""font size"":12.0,""content"":""• 차량동선이 순환되 도 록 계획, 막 다른 길 일 경우 회차공간 설치""}]},{""type"":""table cell"",""pdfua_tag"":""TD"",""page number"":78,""bounding box"":[217.367,488.926,380.841,516.828],""row number"":10,""column number"":2,""row span"":1,""column span"":1,""kids"":[]},{""type"":""table cell"",""pdfua_tag"":""TD"",""page number"":78,""bounding box"":[380.841,488.926,544.315,516.828],""row number"":10,""column number"":3,""row span"":1,""column span"":1,""kids"":[]}]},{""type"":""table row"",""row number"":11,""cells"":[{""type"":""table cell"",""pdfua_tag"":""TD"",""page number"":78,""bounding box"":[53.893,461.024,217.367,488.926],""row number"":11,""column number"":1,""row span"":1,""column span"":1,""kids"":[{""type"":""paragraph"",""pdfua_tag"":""P"",""id"":3411,""level"":""1"",""page number"":78,""bounding box"":[53.893,461.024,217.367,488.926],""font"":null,""font size"":12.0,""content"":""• 비주거 / 주거 주차구획이 구분 되 도 록 차단기 설치""}]},{""type"":""table cell"",""pdfua_tag"":""TD"",""page number"":78,""bounding box"":[217.367,461.024,380.841,488.926],""row number"":11,""column number"":2,""row span"":1,""column span"":1,""kids"":[]},{""type"":""table cell"",""pdfua_tag"":""TD"",""page number"":78,""bounding box"":[380.841,461.024,544.315,488.926],""row number"":11,""column number"":3,""row span"":1,""column span"":1,""kids"":[]}]},{""type"":""table row"",""row number"":12,""cells"":[{""type"":""table cell"",""pdfua_tag"":""TD"",""page number"":78,""bounding box"":[53.893,433.122,217.367,461.024],""row number"":12,""column number"":1,""row span"":1,""column span"":1,""kids"":[{""type"":""paragraph"",""pdfua_tag"":""P"",""id"":3412,""level"":""1"",""page number"":78,""bounding box"":[53.893,433.122,217.367,461.024],""font"":null,""font size"":12.0,""content"":""• 입주자용, 개방용 대수 구분하여 표시""}]},{""type"":""table cell"",""pdfua_tag"":""TD"",""page number"":78,""bounding box"":[217.367,433.122,380.841,461.024],""row number"":12,""column number"":2,""row span"":1,""column span"":1,""kids"":[]},{""type"":""table cell"",""pdfua_tag"":""TD"",""page number"":78,""bounding box"":[380.841,433.122,544.315,461.024],""row number"":12,""column number"":3,""row span"":1,""column span"":1,""kids"":[]}]},{""type"":""table row"",""row number"":13,""cells"":[{""type"":""table cell"",""pdfua_tag"":""TD"",""page number"":78,""bounding box"":[53.893,405.221,217.367,433.122],""row number"":13,""column number"":1,""row span"":1,""column span"":1,""kids"":[{""type"":""paragraph"",""pdfua_tag"":""P"",""id"":3413,""page number"":78,""bounding box"":[53.893,405.221,217.367,433.122],""font"":null,""font size"":12.0,""content"":""배치 계획""}]},{""type"":""table cell"",""pdfua_tag"":""TD"",""page number"":78,""bounding box"":[217.367,405.221,380.841,433.122],""row number"":13,""column number"":2,""row span"":1,""column span"":1,""kids"":[]},{""type"":""table cell"",""pdfua_tag"":""TD"",""page number"":78,""bounding box"":[380.841,405.221,544.315,433.122],""row number"":13,""column number"":3,""row span"":1,""column span"":1,""kids"":[]}]},{""type"":""table row"",""row number"":14,""cells"":[{""type"":""table cell"",""pdfua_tag"":""TD"",""page number"":78,""bounding box"":[53.893,377.319,217.367,405.221],""row number"":14,""column number"":1,""row span"":1,""column span"":1,""kids"":[{""type"":""paragraph"",""pdfua_tag"":""P"",""id"":3414,""level"":""1"",""page number"":78,""bounding box"":[53.893,377.319,217.367,405.221],""font"":null,""font size"":12.0,""content"":""• 평행주차 지양""}]},{""type"":""table cell"",""pdfua_tag"":""TD"",""page number"":78,""bounding box"":[217.367,377.319,380.841,405.221],""row number"":14,""column number"":2,""row span"":1,""column span"":1,""kids"":[]},{""type"":""table cell"",""pdfua_tag"":""TD"",""page number"":78,""bounding box"":[380.841,377.319,544.315,405.221],""row number"":14,""column number"":3,""row span"":1,""column span"":1,""kids"":[]}]},{""type"":""table row"",""row number"":15,""cells"":[{""type"":""table cell"",""pdfua_tag"":""TD"",""page number"":78,""bounding box"":[53.893,349.417,217.367,377.319],""row number"":15,""column number"":1,""row span"":1,""column span"":1,""kids"":[{""type"":""paragraph"",""pdfua_tag"":""P"",""id"":3415,""level"":""1"",""page number"":78,""bounding box"":[53.893,349.417,217.367,377.319],""font"":null,""font size"":12.0,""content"":""• 나눔카 집 중 배치""}]},{""type"":""table cell"",""pdfua_tag"":""TD"",""page number"":78,""bounding box"":[217.367,349.417,380.841,377.319],""row number"":15,""column number"":2,""row span"":1,""column span"":1,""kids"":[]},{""type"":""table cell"",""pdfua_tag"":""TD"",""page number"":78,""bounding box"":[380.841,349.417,544.315,377.319],""row number"":15,""column number"":3,""row span"":1,""column span"":1,""kids"":[]}]},{""type"":""table row"",""row number"":16,""cells"":[{""type"":""table cell"",""pdfua_tag"":""TD"",""page number"":78,""bounding box"":[53.893,321.515,217.367,349.417],""row number"":16,""column number"":1,""row span"":1,""column span"":1,""kids"":[{""type"":""paragraph"",""pdfua_tag"":""P"",""id"":3416,""level"":""1"",""page number"":78,""bounding box"":[53.893,321.515,217.367,349.417],""font"":null,""font size"":12.0,""content"":""• 주차장 내부에서 회전 시 R값 5m 이상 확보 권장""}]},{""type"":""table cell"",""pdfua_tag"":""TD"",""page number"":78,""bounding box"":[217.367,321.515,380.841,349.417],""row number"":16,""column number"":2,""row span"":1,""column span"":1,""kids"":[]},{""type"":""table cell"",""pdfua_tag"":""TD"",""page number"":78,""bounding box"":[380.841,321.515,544.315,349.417],""row number"":16,""column number"":3,""row span"":1,""column span"":1,""kids"":[]}]},{""type"":""table row"",""row number"":17,""cells"":[{""type"":""table cell"",""pdfua_tag"":""TD"",""page number"":78,""bounding box"":[53.893,293.614,217.367,321.515],""row number"":17,""column number"":1,""row span"":1,""column span"":1,""kids"":[{""type"":""paragraph"",""pdfua_tag"":""P"",""id"":3417,""level"":""1"",""page number"":78,""bounding box"":[53.893,293.614,217.367,321.515],""font"":null,""font size"":12.0,""content"":""• 차로 폭 6.5m 이상 권장""}]},{""type"":""table cell"",""pdfua_tag"":""TD"",""page number"":78,""bounding box"":[217.367,293.614,380.841,321.515],""row number"":17,""column number"":2,""row span"":1,""column span"":1,""kids"":[]},{""type"":""table cell"",""pdfua_tag"":""TD"",""page number"":78,""bounding box"":[380.841,293.614,544.315,321.515],""row number"":17,""column number"":3,""row span"":1,""column span"":1,""kids"":[]}]},{""type"":""table row"",""row number"":18,""cells"":[{""type"":""table cell"",""pdfua_tag"":""TD"",""page number"":78,""bounding box"":[53.893,265.712,217.367,293.614],""row number"":18,""column number"":1,""row span"":1,""column span"":1,""kids"":[{""type"":""paragraph"",""pdfua_tag"":""P"",""id"":3418,""level"":""1"",""page number"":78,""bounding box"":[53.893,265.712,217.367,293.614],""font"":null,""font size"":12.0,""content"":""• 장애인 전용 주차구획은 코어 인근에 배치""}]},{""type"":""table cell"",""pdfua_tag"":""TD"",""page number"":78,""bounding box"":[217.367,265.712,380.841,293.614],""row number"":18,""column number"":2,""row span"":1,""column span"":1,""kids"":[]},{""type"":""table cell"",""pdfua_tag"":""TD"",""page number"":78,""bounding box"":[380.841,265.712,544.315,293.614],""row number"":18,""column number"":3,""row span"":1,""column span"":1,""kids"":[]}]},{""type"":""table row"",""row number"":19,""cells"":[{""type"":""table cell"",""pdfua_tag"":""TD"",""page number"":78,""bounding box"":[53.893,237.81,217.367,265.712],""row number"":19,""column number"":1,""row span"":1,""column span"":1,""kids"":[{""type"":""paragraph"",""pdfua_tag"":""P"",""id"":3419,""level"":""1"",""page number"":78,""bounding box"":[53.893,237.81,217.367,265.712],""font"":null,""font size"":12.0,""content"":""• 장애인 전용 주차구획에서 코어까지 진입하는 경로 표현""}]},{""type"":""table cell"",""pdfua_tag"":""TD"",""page number"":78,""bounding box"":[217.367,237.81,380.841,265.712],""row number"":19,""column number"":2,""row span"":1,""column span"":1,""kids"":[]},{""type"":""table cell"",""pdfua_tag"":""TD"",""page number"":78,""bounding box"":[380.841,237.81,544.315,265.712],""row number"":19,""column number"":3,""row span"":1,""column span"":1,""kids"":[]}]},{""type"":""table row"",""row number"":20,""cells"":[{""type"":""table cell"",""pdfua_tag"":""TD"",""page number"":78,""bounding box"":[53.893,209.908,217.367,237.81],""row number"":20,""column number"":1,""row span"":1,""column span"":1,""kids"":[{""type"":""paragraph"",""pdfua_tag"":""P"",""id"":3420,""level"":""1"",""page number"":78,""bounding box"":[53.893,209.908,217.367,237.81],""font"":null,""font size"":12.0,""content"":""• 기 둥 과 벽 에 의한 사각지대가 생기지 않도 록 배치""}]},{""type"":""table cell"",""pdfua_tag"":""TD"",""page number"":78,""bounding box"":[217.367,209.908,380.841,237.81],""row number"":20,""column number"":2,""row span"":1,""column span"":1,""kids"":[]},{""type"":""table cell"",""pdfua_tag"":""TD"",""page number"":78,""bounding box"":[380.841,209.908,544.315,237.81],""row number"":20,""column number"":3,""row span"":1,""column span"":1,""kids"":[]}]},{""type"":""table row"",""row number"":21,""cells"":[{""type"":""table cell"",""pdfua_tag"":""TD"",""page number"":78,""bounding box"":[53.893,182.007,217.367,209.908],""row number"":21,""column number"":1,""row span"":1,""column span"":1,""kids"":[{""type"":""paragraph"",""pdfua_tag"":""P"",""id"":3421,""page number"":78,""bounding box"":[53.893,182.007,217.367,209.908],""font"":null,""font size"":9.96,""text color"":""[0.0]"",""content"":""기계식 주차""}]},{""type"":""table cell"",""pdfua_tag"":""TD"",""page number"":78,""bounding box"":[217.367,182.007,380.841,209.908],""row number"":21,""column number"":2,""row span"":1,""column span"":1,""kids"":[]},{""type"":""table cell"",""pdfua_tag"":""TD"",""page number"":78,""bounding box"":[380.841,182.007,544.315,209.908],""row number"":21,""column number"":3,""row span"":1,""column span"":1,""kids"":[]}]},{""type"":""table row"",""row number"":22,""cells"":[{""type"":""table cell"",""pdfua_tag"":""TD"",""page number"":78,""bounding box"":[53.893,154.105,217.367,182.007],""row number"":22,""column number"":1,""row span"":1,""column span"":1,""kids"":[{""type"":""paragraph"",""pdfua_tag"":""P"",""id"":3422,""level"":""1"",""page number"":78,""bounding box"":[53.893,154.105,217.367,182.007],""font"":null,""font size"":9.96,""text color"":""[0.0]"",""content"":""• 20대가 초과되는 20대마다""}]},{""type"":""table cell"",""pdfua_tag"":""TD"",""page number"":78,""bounding box"":[217.367,154.105,380.841,182.007],""row number"":22,""column number"":2,""row span"":1,""column span"":1,""kids"":[]},{""type"":""table cell"",""pdfua_tag"":""TD"",""page number"":78,""bounding box"":[380.841,154.105,544.315,182.007],""row number"":22,""column number"":3,""row span"":1,""column span"":1,""kids"":[]}]},{""type"":""table row"",""row number"":23,""cells"":[{""type"":""table cell"",""pdfua_tag"":""TD"",""page number"":78,""bounding box"":[53.893,126.203,217.367,154.105],""row number"":23,""column number"":1,""row span"":1,""column span"":1,""kids"":[{""type"":""paragraph"",""pdfua_tag"":""P"",""id"":3423,""level"":""1"",""page number"":78,""bounding box"":[53.893,126.203,217.367,154.105],""font"":null,""font size"":9.96,""text color"":""[0.0]"",""content"":""• 회전 공간 확보, 필요시""}]},{""type"":""table cell"",""pdfua_tag"":""TD"",""page number"":78,""bounding box"":[217.367,126.203,380.841,154.105],""row number"":23,""column number"":2,""row span"":1,""column span"":1,""kids"":[]},{""type"":""table cell"",""pdfua_tag"":""TD"",""page number"":78,""bounding box"":[380.841,126.203,544.315,154.105],""row number"":23,""column number"":3,""row span"":1,""column span"":1,""kids"":[]}]},{""type"":""table row"",""row number"":24,""cells"":[{""type"":""table cell"",""pdfua_tag"":""TD"",""page number"":78,""bounding box"":[53.893,98.302,217.367,126.203],""row number"":24,""column number"":1,""row span"":1,""column span"":1,""kids"":[{""type"":""paragraph"",""pdfua_tag"":""P"",""id"":3424,""level"":""1"",""page number"":78,""bounding box"":[53.893,98.302,217.367,126.203],""font"":null,""font size"":9.96,""text color"":""[0.0]"",""content"":""• 기계식주차 장치의 스펙""}]},{""type"":""table cell"",""pdfua_tag"":""TD"",""page number"":78,""bounding box"":[217.367,98.302,380.841,126.203],""row number"":24,""column number"":2,""row span"":1,""column span"":1,""kids"":[]},{""type"":""table cell"",""pdfua_tag"":""TD"",""page number"":78,""bounding box"":[380.841,98.302,544.315,126.203],""row number"":24,""column number"":3,""row span"":1,""column span"":1,""kids"":[]}]}]",law-1_p078_LAW1-T040.png,53.893,98.302,544.315,767.943,자동 추출,
LAW1-T041,LAW1,LAW1-4_7_4,79,79,LAW1-4_7_4 표 41,14,7,"부문 | 범주 | 평가항목 | 세부평가기준 | 반영여부 (O, X) 미반영사유
1.매개 시설 |  | 1.1.1 유 효 폭 | 전체구간의 접근로 유 효 폭 1.2m 이상 |  | 
 | 1.1.2 단차 | 전체구간 중 일부에 단차 2 c m 이하 |  | 
 | 1.1.3 기울기 | 접근로 전체구간 기울기가 1/18 (5%) 이하 |  | 
1.1 접근로 | 1.1.4 바닥 마감 | 모든 출입 접근로 중에서 50% 이상이 걸려 넘 어 질 염려 가 없 는 타 일 혹은 보도 블록 마감인 경우로 줄눈 이 있는 경우 1.0 c m 이하 |  | 
 | 1.1.5 보행 장애물 | 보행 장애물 | 접근로에 가로등, 간판 등이 설치 되 어 있는 경우 접근 방지용 난 간 또는 보 호벽 을 설치하여 보행자의 안전한 접근이 연 속 적으로 가능함 |  | 
 | 접근로와 차도의 경계 | 보행통로와 차도에 경계 석 이 설치 되 고 재질 과 색상 모 두 구분 됨 |  | 
 | 1.1.6 덮 개 | 높 이차 전 혀 없 으며, 격 자구 멍 ( 틈새 ) 등이 양방 향 모 두 2 c m 이하 |  | 
1.2 장애인 전용주 차구역 | 1.2.1 주차장에서 출입구까지의 경로 | 경사로를 이용하여 접근가능하며, 기울기가 1/12(8%) 이하로 설치 |  | 
 | 1.2.2 주차구역 크기 | 폭 3.3m 이상, 길 이 5.0m, 휠 체어 활동공간 노면표시 |  | 
 | 1.2.3 보행안전 통로 | 모든 구간에 안전보행통로(폭 1.2m 이상)가 연 속 적으로 설치 및 안전보행통로에서 출입구까지 동선은 차량의 간 섭없 이 안전하게 이동가능토 록 안전통로와 같 이 조치 |  | 
 | 1.2.4 안내 및 유도표시 | 주차장 입구에서 장애인 전용구역이 바 로 보이며, 바닥 및 입식 안내표시 설치 |  | 
1.3 출입구 | 1.3.1 | 높 이차이 | 0.75m 이상 단차가 발생 할 경우 (1.2m 이상 유 효 폭 경사로 설치) |  | 
(문) | 출입구(문)의 높 이차이 | 경사로 기울기 | 기울기 1/12(8%) 이하 |  | ","<table><tr><td>부문</td><td>범주</td><td colspan=""2"">평가항목</td><td>세부평가기준</td><td colspan=""2"">반영여부 (O, X) 미반영사유</td></tr><tr><td rowspan=""13"">1.매개 시설</td><td></td><td colspan=""2"">1.1.1 유 효 폭</td><td>전체구간의 접근로 유 효 폭 1.2m 이상</td><td></td><td></td></tr><tr><td></td><td colspan=""2"">1.1.2 단차</td><td>전체구간 중 일부에 단차 2 c m 이하</td><td></td><td></td></tr><tr><td></td><td colspan=""2"">1.1.3 기울기</td><td>접근로 전체구간 기울기가 1/18 (5%) 이하</td><td></td><td></td></tr><tr><td>1.1 접근로</td><td colspan=""2"">1.1.4 바닥 마감</td><td>모든 출입 접근로 중에서 50% 이상이 걸려 넘 어 질 염려 가 없 는 타 일 혹은 보도 블록 마감인 경우로 줄눈 이 있는 경우 1.0 c m 이하</td><td></td><td></td></tr><tr><td></td><td rowspan=""2"">1.1.5 보행 장애물</td><td>보행 장애물</td><td>접근로에 가로등, 간판 등이 설치 되 어 있는 경우 접근 방지용 난 간 또는 보 호벽 을 설치하여 보행자의 안전한 접근이 연 속 적으로 가능함</td><td></td><td></td></tr><tr><td></td><td>접근로와 차도의 경계</td><td>보행통로와 차도에 경계 석 이 설치 되 고 재질 과 색상 모 두 구분 됨</td><td></td><td></td></tr><tr><td></td><td colspan=""2"">1.1.6 덮 개</td><td>높 이차 전 혀 없 으며, 격 자구 멍 ( 틈새 ) 등이 양방 향 모 두 2 c m 이하</td><td></td><td></td></tr><tr><td>1.2 장애인 전용주 차구역</td><td colspan=""2"">1.2.1 주차장에서 출입구까지의 경로</td><td>경사로를 이용하여 접근가능하며, 기울기가 1/12(8%) 이하로 설치</td><td></td><td></td></tr><tr><td></td><td colspan=""2"">1.2.2 주차구역 크기</td><td>폭 3.3m 이상, 길 이 5.0m, 휠 체어 활동공간 노면표시</td><td></td><td></td></tr><tr><td></td><td colspan=""2"">1.2.3 보행안전 통로</td><td>모든 구간에 안전보행통로(폭 1.2m 이상)가 연 속 적으로 설치 및 안전보행통로에서 출입구까지 동선은 차량의 간 섭없 이 안전하게 이동가능토 록 안전통로와 같 이 조치</td><td></td><td></td></tr><tr><td></td><td colspan=""2"">1.2.4 안내 및 유도표시</td><td>주차장 입구에서 장애인 전용구역이 바 로 보이며, 바닥 및 입식 안내표시 설치</td><td></td><td></td></tr><tr><td>1.3 출입구</td><td>1.3.1</td><td>높 이차이</td><td>0.75m 이상 단차가 발생 할 경우 (1.2m 이상 유 효 폭 경사로 설치)</td><td></td><td></td></tr><tr><td>(문)</td><td>출입구(문)의 높 이차이</td><td>경사로 기울기</td><td>기울기 1/12(8%) 이하</td><td></td><td></td></tr></table>","[{""type"":""table row"",""row number"":1,""cells"":[{""type"":""table cell"",""pdfua_tag"":""TH"",""page number"":79,""bounding box"":[49.947,452.886,155.452,482.165],""row number"":1,""column number"":1,""row span"":1,""column span"":1,""is_header"":true,""kids"":[{""type"":""paragraph"",""pdfua_tag"":""P"",""id"":3426,""page number"":79,""bounding box"":[49.947,452.886,155.452,482.165],""font"":null,""font size"":12.0,""content"":""부문""}]},{""type"":""table cell"",""pdfua_tag"":""TH"",""page number"":79,""bounding box"":[155.452,452.886,260.957,482.165],""row number"":1,""column number"":2,""row span"":1,""column span"":1,""is_header"":true,""kids"":[{""type"":""paragraph"",""pdfua_tag"":""P"",""id"":3427,""page number"":79,""bounding box"":[155.452,452.886,260.957,482.165],""font"":null,""font size"":12.0,""content"":""범주""}]},{""type"":""table cell"",""pdfua_tag"":""TH"",""page number"":79,""bounding box"":[260.957,452.886,471.968,482.165],""row number"":1,""column number"":3,""row span"":1,""column span"":2,""is_header"":true,""kids"":[{""type"":""paragraph"",""pdfua_tag"":""P"",""id"":3428,""page number"":79,""bounding box"":[260.957,452.886,471.968,482.165],""font"":null,""font size"":12.0,""content"":""평가항목""}]},{""type"":""table cell"",""pdfua_tag"":""TH"",""page number"":79,""bounding box"":[471.968,452.886,577.473,482.165],""row number"":1,""column number"":5,""row span"":1,""column span"":1,""is_header"":true,""kids"":[{""type"":""paragraph"",""pdfua_tag"":""P"",""id"":3429,""page number"":79,""bounding box"":[471.968,452.886,577.473,482.165],""font"":null,""font size"":12.0,""content"":""세부평가기준""}]},{""type"":""table cell"",""pdfua_tag"":""TH"",""page number"":79,""bounding box"":[577.473,452.886,788.484,482.165],""row number"":1,""column number"":6,""row span"":1,""column span"":2,""is_header"":true,""kids"":[{""type"":""paragraph"",""pdfua_tag"":""P"",""id"":3430,""page number"":79,""bounding box"":[577.473,452.886,788.484,482.165],""font"":null,""font size"":9.96,""text color"":""[0.0]"",""content"":""반영여부 (O, X) 미반영사유""}]}]},{""type"":""table row"",""row number"":2,""cells"":[{""type"":""table cell"",""pdfua_tag"":""TD"",""page number"":79,""bounding box"":[49.947,72.259,155.452,452.886],""row number"":2,""column number"":1,""row span"":13,""column span"":1,""kids"":[{""type"":""paragraph"",""pdfua_tag"":""P"",""id"":3431,""page number"":79,""bounding box"":[49.947,72.259,155.452,452.886],""font"":null,""font size"":12.0,""content"":""1.매개 시설""}]},{""type"":""table cell"",""pdfua_tag"":""TD"",""page number"":79,""bounding box"":[155.452,423.607,260.957,452.886],""row number"":2,""column number"":2,""row span"":1,""column span"":1,""kids"":[]},{""type"":""table cell"",""pdfua_tag"":""TD"",""page number"":79,""bounding box"":[260.957,423.607,471.968,452.886],""row number"":2,""column number"":3,""row span"":1,""column span"":2,""kids"":[{""type"":""paragraph"",""pdfua_tag"":""P"",""id"":3432,""page number"":79,""bounding box"":[260.957,423.607,471.968,452.886],""font"":null,""font size"":12.0,""content"":""1.1.1 유 효 폭""}]},{""type"":""table cell"",""pdfua_tag"":""TD"",""page number"":79,""bounding box"":[471.968,423.607,577.473,452.886],""row number"":2,""column number"":5,""row span"":1,""column span"":1,""kids"":[{""type"":""paragraph"",""pdfua_tag"":""P"",""id"":3433,""page number"":79,""bounding box"":[471.968,423.607,577.473,452.886],""font"":null,""font size"":12.0,""content"":""전체구간의 접근로 유 효 폭 1.2m 이상""}]},{""type"":""table cell"",""pdfua_tag"":""TD"",""page number"":79,""bounding box"":[577.473,423.607,682.978,452.886],""row number"":2,""column number"":6,""row span"":1,""column span"":1,""kids"":[]},{""type"":""table cell"",""pdfua_tag"":""TD"",""page number"":79,""bounding box"":[682.978,423.607,788.484,452.886],""row number"":2,""column number"":7,""row span"":1,""column span"":1,""kids"":[]}]},{""type"":""table row"",""row number"":3,""cells"":[{""type"":""table cell"",""pdfua_tag"":""TD"",""page number"":79,""bounding box"":[155.452,394.328,260.957,423.607],""row number"":3,""column number"":2,""row span"":1,""column span"":1,""kids"":[]},{""type"":""table cell"",""pdfua_tag"":""TD"",""page number"":79,""bounding box"":[260.957,394.328,471.968,423.607],""row number"":3,""column number"":3,""row span"":1,""column span"":2,""kids"":[{""type"":""paragraph"",""pdfua_tag"":""P"",""id"":3434,""page number"":79,""bounding box"":[260.957,394.328,471.968,423.607],""font"":null,""font size"":12.0,""content"":""1.1.2 단차""}]},{""type"":""table cell"",""pdfua_tag"":""TD"",""page number"":79,""bounding box"":[471.968,394.328,577.473,423.607],""row number"":3,""column number"":5,""row span"":1,""column span"":1,""kids"":[{""type"":""paragraph"",""pdfua_tag"":""P"",""id"":3435,""page number"":79,""bounding box"":[471.968,394.328,577.473,423.607],""font"":null,""font size"":12.0,""content"":""전체구간 중 일부에 단차 2 c m 이하""}]},{""type"":""table cell"",""pdfua_tag"":""TD"",""page number"":79,""bounding box"":[577.473,394.328,682.978,423.607],""row number"":3,""column number"":6,""row span"":1,""column span"":1,""kids"":[]},{""type"":""table cell"",""pdfua_tag"":""TD"",""page number"":79,""bounding box"":[682.978,394.328,788.484,423.607],""row number"":3,""column number"":7,""row span"":1,""column span"":1,""kids"":[]}]},{""type"":""table row"",""row number"":4,""cells"":[{""type"":""table cell"",""pdfua_tag"":""TD"",""page number"":79,""bounding box"":[155.452,365.049,260.957,394.328],""row number"":4,""column number"":2,""row span"":1,""column span"":1,""kids"":[]},{""type"":""table cell"",""pdfua_tag"":""TD"",""page number"":79,""bounding box"":[260.957,365.049,471.968,394.328],""row number"":4,""column number"":3,""row span"":1,""column span"":2,""kids"":[{""type"":""paragraph"",""pdfua_tag"":""P"",""id"":3436,""page number"":79,""bounding box"":[260.957,365.049,471.968,394.328],""font"":null,""font size"":12.0,""content"":""1.1.3 기울기""}]},{""type"":""table cell"",""pdfua_tag"":""TD"",""page number"":79,""bounding box"":[471.968,365.049,577.473,394.328],""row number"":4,""column number"":5,""row span"":1,""column span"":1,""kids"":[{""type"":""paragraph"",""pdfua_tag"":""P"",""id"":3437,""page number"":79,""bounding box"":[471.968,365.049,577.473,394.328],""font"":null,""font size"":12.0,""content"":""접근로 전체구간 기울기가 1/18 (5%) 이하""}]},{""type"":""table cell"",""pdfua_tag"":""TD"",""page number"":79,""bounding box"":[577.473,365.049,682.978,394.328],""row number"":4,""column number"":6,""row span"":1,""column span"":1,""kids"":[]},{""type"":""table cell"",""pdfua_tag"":""TD"",""page number"":79,""bounding box"":[682.978,365.049,788.484,394.328],""row number"":4,""column number"":7,""row span"":1,""column span"":1,""kids"":[]}]},{""type"":""table row"",""row number"":5,""cells"":[{""type"":""table cell"",""pdfua_tag"":""TD"",""page number"":79,""bounding box"":[155.452,335.77,260.957,365.049],""row number"":5,""column number"":2,""row span"":1,""column span"":1,""kids"":[{""type"":""paragraph"",""pdfua_tag"":""P"",""id"":3438,""page number"":79,""bounding box"":[155.452,335.77,260.957,365.049],""font"":null,""font size"":12.0,""content"":""1.1 접근로""}]},{""type"":""table cell"",""pdfua_tag"":""TD"",""page number"":79,""bounding box"":[260.957,335.77,471.968,365.049],""row number"":5,""column number"":3,""row span"":1,""column span"":2,""kids"":[{""type"":""paragraph"",""pdfua_tag"":""P"",""id"":3439,""page number"":79,""bounding box"":[260.957,335.77,471.968,365.049],""font"":null,""font size"":12.0,""content"":""1.1.4 바닥 마감""}]},{""type"":""table cell"",""pdfua_tag"":""TD"",""page number"":79,""bounding box"":[471.968,335.77,577.473,365.049],""row number"":5,""column number"":5,""row span"":1,""column span"":1,""kids"":[{""type"":""paragraph"",""pdfua_tag"":""P"",""id"":3440,""page number"":79,""bounding box"":[471.968,335.77,577.473,365.049],""font"":null,""font size"":12.0,""content"":""모든 출입 접근로 중에서 50% 이상이 걸려 넘 어 질 염려 가 없 는 타 일 혹은 보도 블록 마감인 경우로 줄눈 이 있는 경우 1.0 c m 이하""}]},{""type"":""table cell"",""pdfua_tag"":""TD"",""page number"":79,""bounding box"":[577.473,335.77,682.978,365.049],""row number"":5,""column number"":6,""row span"":1,""column span"":1,""kids"":[]},{""type"":""table cell"",""pdfua_tag"":""TD"",""page number"":79,""bounding box"":[682.978,335.77,788.484,365.049],""row number"":5,""column number"":7,""row span"":1,""column span"":1,""kids"":[]}]},{""type"":""table row"",""row number"":6,""cells"":[{""type"":""table cell"",""pdfua_tag"":""TD"",""page number"":79,""bounding box"":[155.452,306.491,260.957,335.77],""row number"":6,""column number"":2,""row span"":1,""column span"":1,""kids"":[]},{""type"":""table cell"",""pdfua_tag"":""TD"",""page number"":79,""bounding box"":[260.957,277.212,366.463,335.77],""row number"":6,""column number"":3,""row span"":2,""column span"":1,""kids"":[{""type"":""paragraph"",""pdfua_tag"":""P"",""id"":3441,""page number"":79,""bounding box"":[260.957,277.212,366.463,335.77],""font"":null,""font size"":12.0,""content"":""1.1.5 보행 장애물""}]},{""type"":""table cell"",""pdfua_tag"":""TD"",""page number"":79,""bounding box"":[366.463,306.491,471.968,335.77],""row number"":6,""column number"":4,""row span"":1,""column span"":1,""kids"":[{""type"":""paragraph"",""pdfua_tag"":""P"",""id"":3442,""page number"":79,""bounding box"":[366.463,306.491,471.968,335.77],""font"":null,""font size"":12.0,""content"":""보행 장애물""}]},{""type"":""table cell"",""pdfua_tag"":""TD"",""page number"":79,""bounding box"":[471.968,306.491,577.473,335.77],""row number"":6,""column number"":5,""row span"":1,""column span"":1,""kids"":[{""type"":""paragraph"",""pdfua_tag"":""P"",""id"":3443,""page number"":79,""bounding box"":[471.968,306.491,577.473,335.77],""font"":null,""font size"":12.0,""content"":""접근로에 가로등, 간판 등이 설치 되 어 있는 경우 접근 방지용 난 간 또는 보 호벽 을 설치하여 보행자의 안전한 접근이 연 속 적으로 가능함""}]},{""type"":""table cell"",""pdfua_tag"":""TD"",""page number"":79,""bounding box"":[577.473,306.491,682.978,335.77],""row number"":6,""column number"":6,""row span"":1,""column span"":1,""kids"":[]},{""type"":""table cell"",""pdfua_tag"":""TD"",""page number"":79,""bounding box"":[682.978,306.491,788.484,335.77],""row number"":6,""column number"":7,""row span"":1,""column span"":1,""kids"":[]}]},{""type"":""table row"",""row number"":7,""cells"":[{""type"":""table cell"",""pdfua_tag"":""TD"",""page number"":79,""bounding box"":[155.452,277.212,260.957,306.491],""row number"":7,""column number"":2,""row span"":1,""column span"":1,""kids"":[]},{""type"":""table cell"",""pdfua_tag"":""TD"",""page number"":79,""bounding box"":[366.463,277.212,471.968,306.491],""row number"":7,""column number"":4,""row span"":1,""column span"":1,""kids"":[{""type"":""paragraph"",""pdfua_tag"":""P"",""id"":3444,""page number"":79,""bounding box"":[366.463,277.212,471.968,306.491],""font"":null,""font size"":12.0,""content"":""접근로와 차도의 경계""}]},{""type"":""table cell"",""pdfua_tag"":""TD"",""page number"":79,""bounding box"":[471.968,277.212,577.473,306.491],""row number"":7,""column number"":5,""row span"":1,""column span"":1,""kids"":[{""type"":""paragraph"",""pdfua_tag"":""P"",""id"":3445,""page number"":79,""bounding box"":[471.968,277.212,577.473,306.491],""font"":null,""font size"":12.0,""content"":""보행통로와 차도에 경계 석 이 설치 되 고 재질 과 색상 모 두 구분 됨""}]},{""type"":""table cell"",""pdfua_tag"":""TD"",""page number"":79,""bounding box"":[577.473,277.212,682.978,306.491],""row number"":7,""column number"":6,""row span"":1,""column span"":1,""kids"":[]},{""type"":""table cell"",""pdfua_tag"":""TD"",""page number"":79,""bounding box"":[682.978,277.212,788.484,306.491],""row number"":7,""column number"":7,""row span"":1,""column span"":1,""kids"":[]}]},{""type"":""table row"",""row number"":8,""cells"":[{""type"":""table cell"",""pdfua_tag"":""TD"",""page number"":79,""bounding box"":[155.452,247.933,260.957,277.212],""row number"":8,""column number"":2,""row span"":1,""column span"":1,""kids"":[]},{""type"":""table cell"",""pdfua_tag"":""TD"",""page number"":79,""bounding box"":[260.957,247.933,471.968,277.212],""row number"":8,""column number"":3,""row span"":1,""column span"":2,""kids"":[{""type"":""paragraph"",""pdfua_tag"":""P"",""id"":3446,""page number"":79,""bounding box"":[260.957,247.933,471.968,277.212],""font"":null,""font size"":12.0,""content"":""1.1.6 덮 개""}]},{""type"":""table cell"",""pdfua_tag"":""TD"",""page number"":79,""bounding box"":[471.968,247.933,577.473,277.212],""row number"":8,""column number"":5,""row span"":1,""column span"":1,""kids"":[{""type"":""paragraph"",""pdfua_tag"":""P"",""id"":3447,""page number"":79,""bounding box"":[471.968,247.933,577.473,277.212],""font"":null,""font size"":12.0,""content"":""높 이차 전 혀 없 으며, 격 자구 멍 ( 틈새 ) 등이 양방 향 모 두 2 c m 이하""}]},{""type"":""table cell"",""pdfua_tag"":""TD"",""page number"":79,""bounding box"":[577.473,247.933,682.978,277.212],""row number"":8,""column number"":6,""row span"":1,""column span"":1,""kids"":[]},{""type"":""table cell"",""pdfua_tag"":""TD"",""page number"":79,""bounding box"":[682.978,247.933,788.484,277.212],""row number"":8,""column number"":7,""row span"":1,""column span"":1,""kids"":[]}]},{""type"":""table row"",""row number"":9,""cells"":[{""type"":""table cell"",""pdfua_tag"":""TD"",""page number"":79,""bounding box"":[155.452,218.654,260.957,247.933],""row number"":9,""column number"":2,""row span"":1,""column span"":1,""kids"":[{""type"":""paragraph"",""pdfua_tag"":""P"",""id"":3448,""page number"":79,""bounding box"":[155.452,218.654,260.957,247.933],""font"":null,""font size"":12.0,""content"":""1.2 장애인 전용주 차구역""}]},{""type"":""table cell"",""pdfua_tag"":""TD"",""page number"":79,""bounding box"":[260.957,218.654,471.968,247.933],""row number"":9,""column number"":3,""row span"":1,""column span"":2,""kids"":[{""type"":""paragraph"",""pdfua_tag"":""P"",""id"":3449,""page number"":79,""bounding box"":[260.957,218.654,471.968,247.933],""font"":null,""font size"":12.0,""content"":""1.2.1 주차장에서 출입구까지의 경로""}]},{""type"":""table cell"",""pdfua_tag"":""TD"",""page number"":79,""bounding box"":[471.968,218.654,577.473,247.933],""row number"":9,""column number"":5,""row span"":1,""column span"":1,""kids"":[{""type"":""paragraph"",""pdfua_tag"":""P"",""id"":3450,""page number"":79,""bounding box"":[471.968,218.654,577.473,247.933],""font"":null,""font size"":12.0,""content"":""경사로를 이용하여 접근가능하며, 기울기가 1/12(8%) 이하로 설치""}]},{""type"":""table cell"",""pdfua_tag"":""TD"",""page number"":79,""bounding box"":[577.473,218.654,682.978,247.933],""row number"":9,""column number"":6,""row span"":1,""column span"":1,""kids"":[]},{""type"":""table cell"",""pdfua_tag"":""TD"",""page number"":79,""bounding box"":[682.978,218.654,788.484,247.933],""row number"":9,""column number"":7,""row span"":1,""column span"":1,""kids"":[]}]},{""type"":""table row"",""row number"":10,""cells"":[{""type"":""table cell"",""pdfua_tag"":""TD"",""page number"":79,""bounding box"":[155.452,189.375,260.957,218.654],""row number"":10,""column number"":2,""row span"":1,""column span"":1,""kids"":[]},{""type"":""table cell"",""pdfua_tag"":""TD"",""page number"":79,""bounding box"":[260.957,189.375,471.968,218.654],""row number"":10,""column number"":3,""row span"":1,""column span"":2,""kids"":[{""type"":""paragraph"",""pdfua_tag"":""P"",""id"":3451,""page number"":79,""bounding box"":[260.957,189.375,471.968,218.654],""font"":null,""font size"":12.0,""content"":""1.2.2 주차구역 크기""}]},{""type"":""table cell"",""pdfua_tag"":""TD"",""page number"":79,""bounding box"":[471.968,189.375,577.473,218.654],""row number"":10,""column number"":5,""row span"":1,""column span"":1,""kids"":[{""type"":""paragraph"",""pdfua_tag"":""P"",""id"":3452,""page number"":79,""bounding box"":[471.968,189.375,577.473,218.654],""font"":null,""font size"":12.0,""content"":""폭 3.3m 이상, 길 이 5.0m, 휠 체어 활동공간 노면표시""}]},{""type"":""table cell"",""pdfua_tag"":""TD"",""page number"":79,""bounding box"":[577.473,189.375,682.978,218.654],""row number"":10,""column number"":6,""row span"":1,""column span"":1,""kids"":[]},{""type"":""table cell"",""pdfua_tag"":""TD"",""page number"":79,""bounding box"":[682.978,189.375,788.484,218.654],""row number"":10,""column number"":7,""row span"":1,""column span"":1,""kids"":[]}]},{""type"":""table row"",""row number"":11,""cells"":[{""type"":""table cell"",""pdfua_tag"":""TD"",""page number"":79,""bounding box"":[155.452,160.096,260.957,189.375],""row number"":11,""column number"":2,""row span"":1,""column span"":1,""kids"":[]},{""type"":""table cell"",""pdfua_tag"":""TD"",""page number"":79,""bounding box"":[260.957,160.096,471.968,189.375],""row number"":11,""column number"":3,""row span"":1,""column span"":2,""kids"":[{""type"":""paragraph"",""pdfua_tag"":""P"",""id"":3453,""page number"":79,""bounding box"":[260.957,160.096,471.968,189.375],""font"":null,""font size"":12.0,""content"":""1.2.3 보행안전 통로""}]},{""type"":""table cell"",""pdfua_tag"":""TD"",""page number"":79,""bounding box"":[471.968,160.096,577.473,189.375],""row number"":11,""column number"":5,""row span"":1,""column span"":1,""kids"":[{""type"":""paragraph"",""pdfua_tag"":""P"",""id"":3454,""page number"":79,""bounding box"":[471.968,160.096,577.473,189.375],""font"":null,""font size"":12.0,""content"":""모든 구간에 안전보행통로(폭 1.2m 이상)가 연 속 적으로 설치 및 안전보행통로에서 출입구까지 동선은 차량의 간 섭없 이 안전하게 이동가능토 록 안전통로와 같 이 조치""}]},{""type"":""table cell"",""pdfua_tag"":""TD"",""page number"":79,""bounding box"":[577.473,160.096,682.978,189.375],""row number"":11,""column number"":6,""row span"":1,""column span"":1,""kids"":[]},{""type"":""table cell"",""pdfua_tag"":""TD"",""page number"":79,""bounding box"":[682.978,160.096,788.484,189.375],""row number"":11,""column number"":7,""row span"":1,""column span"":1,""kids"":[]}]},{""type"":""table row"",""row number"":12,""cells"":[{""type"":""table cell"",""pdfua_tag"":""TD"",""page number"":79,""bounding box"":[155.452,130.817,260.957,160.096],""row number"":12,""column number"":2,""row span"":1,""column span"":1,""kids"":[]},{""type"":""table cell"",""pdfua_tag"":""TD"",""page number"":79,""bounding box"":[260.957,130.817,471.968,160.096],""row number"":12,""column number"":3,""row span"":1,""column span"":2,""kids"":[{""type"":""paragraph"",""pdfua_tag"":""P"",""id"":3455,""page number"":79,""bounding box"":[260.957,130.817,471.968,160.096],""font"":null,""font size"":12.0,""content"":""1.2.4 안내 및 유도표시""}]},{""type"":""table cell"",""pdfua_tag"":""TD"",""page number"":79,""bounding box"":[471.968,130.817,577.473,160.096],""row number"":12,""column number"":5,""row span"":1,""column span"":1,""kids"":[{""type"":""paragraph"",""pdfua_tag"":""P"",""id"":3456,""page number"":79,""bounding box"":[471.968,130.817,577.473,160.096],""font"":null,""font size"":12.0,""content"":""주차장 입구에서 장애인 전용구역이 바 로 보이며, 바닥 및 입식 안내표시 설치""}]},{""type"":""table cell"",""pdfua_tag"":""TD"",""page number"":79,""bounding box"":[577.473,130.817,682.978,160.096],""row number"":12,""column number"":6,""row span"":1,""column span"":1,""kids"":[]},{""type"":""table cell"",""pdfua_tag"":""TD"",""page number"":79,""bounding box"":[682.978,130.817,788.484,160.096],""row number"":12,""column number"":7,""row span"":1,""column span"":1,""kids"":[]}]},{""type"":""table row"",""row number"":13,""cells"":[{""type"":""table cell"",""pdfua_tag"":""TD"",""page number"":79,""bounding box"":[155.452,101.538,260.957,130.817],""row number"":13,""column number"":2,""row span"":1,""column span"":1,""kids"":[{""type"":""paragraph"",""pdfua_tag"":""P"",""id"":3457,""page number"":79,""bounding box"":[155.452,101.538,260.957,130.817],""font"":null,""font size"":12.0,""content"":""1.3 출입구""}]},{""type"":""table cell"",""pdfua_tag"":""TD"",""page number"":79,""bounding box"":[260.957,101.538,366.463,130.817],""row number"":13,""column number"":3,""row span"":1,""column span"":1,""kids"":[{""type"":""paragraph"",""pdfua_tag"":""P"",""id"":3458,""page number"":79,""bounding box"":[260.957,101.538,366.463,130.817],""font"":null,""font size"":12.0,""content"":""1.3.1""}]},{""type"":""table cell"",""pdfua_tag"":""TD"",""page number"":79,""bounding box"":[366.463,101.538,471.968,130.817],""row number"":13,""column number"":4,""row span"":1,""column span"":1,""kids"":[{""type"":""paragraph"",""pdfua_tag"":""P"",""id"":3459,""page number"":79,""bounding box"":[366.463,101.538,471.968,130.817],""font"":null,""font size"":12.0,""content"":""높 이차이""}]},{""type"":""table cell"",""pdfua_tag"":""TD"",""page number"":79,""bounding box"":[471.968,101.538,577.473,130.817],""row number"":13,""column number"":5,""row span"":1,""column span"":1,""kids"":[{""type"":""paragraph"",""pdfua_tag"":""P"",""id"":3460,""page number"":79,""bounding box"":[471.968,101.538,577.473,130.817],""font"":null,""font size"":12.0,""content"":""0.75m 이상 단차가 발생 할 경우 (1.2m 이상 유 효 폭 경사로 설치)""}]},{""type"":""table cell"",""pdfua_tag"":""TD"",""page number"":79,""bounding box"":[577.473,101.538,682.978,130.817],""row number"":13,""column number"":6,""row span"":1,""column span"":1,""kids"":[]},{""type"":""table cell"",""pdfua_tag"":""TD"",""page number"":79,""bounding box"":[682.978,101.538,788.484,130.817],""row number"":13,""column number"":7,""row span"":1,""column span"":1,""kids"":[]}]},{""type"":""table row"",""row number"":14,""cells"":[{""type"":""table cell"",""pdfua_tag"":""TD"",""page number"":79,""bounding box"":[155.452,72.259,260.957,101.538],""row number"":14,""column number"":2,""row span"":1,""column span"":1,""kids"":[{""type"":""paragraph"",""pdfua_tag"":""P"",""id"":3461,""page number"":79,""bounding box"":[155.452,72.259,260.957,101.538],""font"":null,""font size"":12.0,""content"":""(문)""}]},{""type"":""table cell"",""pdfua_tag"":""TD"",""page number"":79,""bounding box"":[260.957,72.259,366.463,101.538],""row number"":14,""column number"":3,""row span"":1,""column span"":1,""kids"":[{""type"":""paragraph"",""pdfua_tag"":""P"",""id"":3462,""page number"":79,""bounding box"":[260.957,72.259,366.463,101.538],""font"":null,""font size"":12.0,""content"":""출입구(문)의 높 이차이""}]},{""type"":""table cell"",""pdfua_tag"":""TD"",""page number"":79,""bounding box"":[366.463,72.259,471.968,101.538],""row number"":14,""column number"":4,""row span"":1,""column span"":1,""kids"":[{""type"":""paragraph"",""pdfua_tag"":""P"",""id"":3463,""page number"":79,""bounding box"":[366.463,72.259,471.968,101.538],""font"":null,""font size"":12.0,""content"":""경사로 기울기""}]},{""type"":""table cell"",""pdfua_tag"":""TD"",""page number"":79,""bounding box"":[471.968,72.259,577.473,101.538],""row number"":14,""column number"":5,""row span"":1,""column span"":1,""kids"":[{""type"":""paragraph"",""pdfua_tag"":""P"",""id"":3464,""page number"":79,""bounding box"":[471.968,72.259,577.473,101.538],""font"":null,""font size"":12.0,""content"":""기울기 1/12(8%) 이하""}]},{""type"":""table cell"",""pdfua_tag"":""TD"",""page number"":79,""bounding box"":[577.473,72.259,682.978,101.538],""row number"":14,""column number"":6,""row span"":1,""column span"":1,""kids"":[]},{""type"":""table cell"",""pdfua_tag"":""TD"",""page number"":79,""bounding box"":[682.978,72.259,788.484,101.538],""row number"":14,""column number"":7,""row span"":1,""column span"":1,""kids"":[]}]}]",law-1_p079_LAW1-T041.png,49.947,72.259,788.484,482.165,자동 추출,
LAW1-T042,LAW1,LAW1-4_7_4,80,80,LAW1-4_7_4 표 42,16,6,"부문 | 범주 | 평가항목 | 세부평가기준 | 반영여부 (O, X) 미반영사유
2.내부 | 일반 출입문 | 1.3.2 출입문형 태 | 주출입구는 자동문을 1개소 이상 설치 |  | 
1.3.3 유 효 폭 | 출입구(문)의 유 효 폭 0.9m 이상 |  | 
1.3.4 단차 | 출입구(문) 단차 2 c m 이하 |  | 
1.3.5 전면 유 효 거리 | 출입구(문)의 전면 유 효 거리 1.2m 이상 |  | 
1.3.6 손잡 이 | 손잡 이는 0.8~0.9m에 위치, 레 버 형, 수평 또는 수직 막 대형 중 한 종 류 |  | 
1.3.7 경고 블록 | 출입구(문) 0.3m 전후면에 문폭만 큼 바닥 색상 및 재질 의 변화를 통하여 경고 표시 |  | 
시설 | 2.1 | 2.1.1 단차 | 모든 문에 단차 2 c m 이하 or 턱 낮 추기를 통하여 단차 극복 |  | 
2.1.2 유 효 폭 | 모든 문의 유 효 폭 0.9m 이상 |  | 
2.1.3 전면유 효 거리 | 휠 체어 사용자가 이용하는 모든 문의 전, 후면 유 효 거리 1.2m 이상 |  | 
2.1.4 손잡 이 | 손잡 이 높 이 : 중 앙 지 점 이 바닥 면으로부터 0.8~0.9m에 위치하도 록 설치 손잡 이형 태 : 레 버 형, 수평 또는 수직 막 대형 출입문: 여 닫 이 형 태 일 경우 출입문 옆 에 0.6m 이상의 활동공간 확보 |  | 
2.2 복 도 | 2.2.1 유 효 폭 | 모든 복 도의 유 효 폭 1.6m 이상 |  | 
2.2.2 단차 | 2 c m 이상 단차 발생 시 기울기 1/12(8%) 이하의 경사로 설치 |  | 
2.2.3 바닥 마감 | 미 끄럽 지 않으며 걸려 넘 어 질 염려 없 음 |  | 
2.2.4 보행장애물 | 벽 면에 돌 출물이 있으나 0.1m 이내로 설치 |  | 
2.2.5 연 속손잡 이 | 연 속손잡 이 설치(1단 설치) |  | 고령자 복지주택 적용","<table><tr><td>부문</td><td>범주</td><td>평가항목</td><td>세부평가기준</td><td colspan=""2"">반영여부 (O, X) 미반영사유</td></tr><tr><td rowspan=""6"">2.내부</td><td rowspan=""6"">일반 출입문</td><td>1.3.2 출입문형 태</td><td>주출입구는 자동문을 1개소 이상 설치</td><td></td><td></td></tr><tr><td>1.3.3 유 효 폭</td><td>출입구(문)의 유 효 폭 0.9m 이상</td><td></td><td></td></tr><tr><td>1.3.4 단차</td><td>출입구(문) 단차 2 c m 이하</td><td></td><td></td></tr><tr><td>1.3.5 전면 유 효 거리</td><td>출입구(문)의 전면 유 효 거리 1.2m 이상</td><td></td><td></td></tr><tr><td>1.3.6 손잡 이</td><td>손잡 이는 0.8~0.9m에 위치, 레 버 형, 수평 또는 수직 막 대형 중 한 종 류</td><td></td><td></td></tr><tr><td>1.3.7 경고 블록</td><td>출입구(문) 0.3m 전후면에 문폭만 큼 바닥 색상 및 재질 의 변화를 통하여 경고 표시</td><td></td><td></td></tr><tr><td rowspan=""9"">시설</td><td rowspan=""4"">2.1</td><td>2.1.1 단차</td><td>모든 문에 단차 2 c m 이하 or 턱 낮 추기를 통하여 단차 극복</td><td></td><td></td></tr><tr><td>2.1.2 유 효 폭</td><td>모든 문의 유 효 폭 0.9m 이상</td><td></td><td></td></tr><tr><td>2.1.3 전면유 효 거리</td><td>휠 체어 사용자가 이용하는 모든 문의 전, 후면 유 효 거리 1.2m 이상</td><td></td><td></td></tr><tr><td>2.1.4 손잡 이</td><td>손잡 이 높 이 : 중 앙 지 점 이 바닥 면으로부터 0.8~0.9m에 위치하도 록 설치 손잡 이형 태 : 레 버 형, 수평 또는 수직 막 대형 출입문: 여 닫 이 형 태 일 경우 출입문 옆 에 0.6m 이상의 활동공간 확보</td><td></td><td></td></tr><tr><td rowspan=""5"">2.2 복 도</td><td>2.2.1 유 효 폭</td><td>모든 복 도의 유 효 폭 1.6m 이상</td><td></td><td></td></tr><tr><td>2.2.2 단차</td><td>2 c m 이상 단차 발생 시 기울기 1/12(8%) 이하의 경사로 설치</td><td></td><td></td></tr><tr><td>2.2.3 바닥 마감</td><td>미 끄럽 지 않으며 걸려 넘 어 질 염려 없 음</td><td></td><td></td></tr><tr><td>2.2.4 보행장애물</td><td>벽 면에 돌 출물이 있으나 0.1m 이내로 설치</td><td></td><td></td></tr><tr><td>2.2.5 연 속손잡 이</td><td>연 속손잡 이 설치(1단 설치)</td><td></td><td>고령자 복지주택 적용</td></tr></table>","[{""type"":""table row"",""row number"":1,""cells"":[{""type"":""table cell"",""pdfua_tag"":""TH"",""page number"":80,""bounding box"":[49.909,496.091,173.035,524.349],""row number"":1,""column number"":1,""row span"":1,""column span"":1,""is_header"":true,""kids"":[{""type"":""paragraph"",""pdfua_tag"":""P"",""id"":3466,""page number"":80,""bounding box"":[49.909,496.091,173.035,524.349],""font"":null,""font size"":12.0,""content"":""부문""}]},{""type"":""table cell"",""pdfua_tag"":""TH"",""page number"":80,""bounding box"":[173.035,496.091,296.161,524.349],""row number"":1,""column number"":2,""row span"":1,""column span"":1,""is_header"":true,""kids"":[{""type"":""paragraph"",""pdfua_tag"":""P"",""id"":3467,""page number"":80,""bounding box"":[173.035,496.091,296.161,524.349],""font"":null,""font size"":12.0,""content"":""범주""}]},{""type"":""table cell"",""pdfua_tag"":""TH"",""page number"":80,""bounding box"":[296.161,496.091,419.286,524.349],""row number"":1,""column number"":3,""row span"":1,""column span"":1,""is_header"":true,""kids"":[{""type"":""paragraph"",""pdfua_tag"":""P"",""id"":3468,""page number"":80,""bounding box"":[296.161,496.091,419.286,524.349],""font"":null,""font size"":12.0,""content"":""평가항목""}]},{""type"":""table cell"",""pdfua_tag"":""TH"",""page number"":80,""bounding box"":[419.286,496.091,542.412,524.349],""row number"":1,""column number"":4,""row span"":1,""column span"":1,""is_header"":true,""kids"":[{""type"":""paragraph"",""pdfua_tag"":""P"",""id"":3469,""page number"":80,""bounding box"":[419.286,496.091,542.412,524.349],""font"":null,""font size"":12.0,""content"":""세부평가기준""}]},{""type"":""table cell"",""pdfua_tag"":""TH"",""page number"":80,""bounding box"":[542.412,496.091,788.663,524.349],""row number"":1,""column number"":5,""row span"":1,""column span"":2,""is_header"":true,""kids"":[{""type"":""paragraph"",""pdfua_tag"":""P"",""id"":3470,""page number"":80,""bounding box"":[542.412,496.091,788.663,524.349],""font"":null,""font size"":9.96,""text color"":""[0.0]"",""content"":""반영여부 (O, X) 미반영사유""}]}]},{""type"":""table row"",""row number"":2,""cells"":[{""type"":""table cell"",""pdfua_tag"":""TD"",""page number"":80,""bounding box"":[49.909,326.538,173.035,496.091],""row number"":2,""column number"":1,""row span"":6,""column span"":1,""kids"":[{""type"":""paragraph"",""pdfua_tag"":""P"",""id"":3471,""page number"":80,""bounding box"":[49.909,326.538,173.035,496.091],""font"":null,""font size"":12.0,""content"":""2.내부""}]},{""type"":""table cell"",""pdfua_tag"":""TD"",""page number"":80,""bounding box"":[173.035,326.538,296.161,496.091],""row number"":2,""column number"":2,""row span"":6,""column span"":1,""kids"":[{""type"":""paragraph"",""pdfua_tag"":""P"",""id"":3472,""page number"":80,""bounding box"":[173.035,326.538,296.161,496.091],""font"":null,""font size"":12.0,""content"":""일반 출입문""}]},{""type"":""table cell"",""pdfua_tag"":""TD"",""page number"":80,""bounding box"":[296.161,467.832,419.286,496.091],""row number"":2,""column number"":3,""row span"":1,""column span"":1,""kids"":[{""type"":""paragraph"",""pdfua_tag"":""P"",""id"":3473,""page number"":80,""bounding box"":[296.161,467.832,419.286,496.091],""font"":null,""font size"":12.0,""content"":""1.3.2 출입문형 태""}]},{""type"":""table cell"",""pdfua_tag"":""TD"",""page number"":80,""bounding box"":[419.286,467.832,542.412,496.091],""row number"":2,""column number"":4,""row span"":1,""column span"":1,""kids"":[{""type"":""paragraph"",""pdfua_tag"":""P"",""id"":3474,""page number"":80,""bounding box"":[419.286,467.832,542.412,496.091],""font"":null,""font size"":12.0,""content"":""주출입구는 자동문을 1개소 이상 설치""}]},{""type"":""table cell"",""pdfua_tag"":""TD"",""page number"":80,""bounding box"":[542.412,467.832,665.538,496.091],""row number"":2,""column number"":5,""row span"":1,""column span"":1,""kids"":[]},{""type"":""table cell"",""pdfua_tag"":""TD"",""page number"":80,""bounding box"":[665.538,467.832,788.663,496.091],""row number"":2,""column number"":6,""row span"":1,""column span"":1,""kids"":[]}]},{""type"":""table row"",""row number"":3,""cells"":[{""type"":""table cell"",""pdfua_tag"":""TD"",""page number"":80,""bounding box"":[296.161,439.573,419.286,467.832],""row number"":3,""column number"":3,""row span"":1,""column span"":1,""kids"":[{""type"":""paragraph"",""pdfua_tag"":""P"",""id"":3475,""page number"":80,""bounding box"":[296.161,439.573,419.286,467.832],""font"":null,""font size"":12.0,""content"":""1.3.3 유 효 폭""}]},{""type"":""table cell"",""pdfua_tag"":""TD"",""page number"":80,""bounding box"":[419.286,439.573,542.412,467.832],""row number"":3,""column number"":4,""row span"":1,""column span"":1,""kids"":[{""type"":""paragraph"",""pdfua_tag"":""P"",""id"":3476,""page number"":80,""bounding box"":[419.286,439.573,542.412,467.832],""font"":null,""font size"":12.0,""content"":""출입구(문)의 유 효 폭 0.9m 이상""}]},{""type"":""table cell"",""pdfua_tag"":""TD"",""page number"":80,""bounding box"":[542.412,439.573,665.538,467.832],""row number"":3,""column number"":5,""row span"":1,""column span"":1,""kids"":[]},{""type"":""table cell"",""pdfua_tag"":""TD"",""page number"":80,""bounding box"":[665.538,439.573,788.663,467.832],""row number"":3,""column number"":6,""row span"":1,""column span"":1,""kids"":[]}]},{""type"":""table row"",""row number"":4,""cells"":[{""type"":""table cell"",""pdfua_tag"":""TD"",""page number"":80,""bounding box"":[296.161,411.314,419.286,439.573],""row number"":4,""column number"":3,""row span"":1,""column span"":1,""kids"":[{""type"":""paragraph"",""pdfua_tag"":""P"",""id"":3477,""page number"":80,""bounding box"":[296.161,411.314,419.286,439.573],""font"":null,""font size"":12.0,""content"":""1.3.4 단차""}]},{""type"":""table cell"",""pdfua_tag"":""TD"",""page number"":80,""bounding box"":[419.286,411.314,542.412,439.573],""row number"":4,""column number"":4,""row span"":1,""column span"":1,""kids"":[{""type"":""paragraph"",""pdfua_tag"":""P"",""id"":3478,""page number"":80,""bounding box"":[419.286,411.314,542.412,439.573],""font"":null,""font size"":12.0,""content"":""출입구(문) 단차 2 c m 이하""}]},{""type"":""table cell"",""pdfua_tag"":""TD"",""page number"":80,""bounding box"":[542.412,411.314,665.538,439.573],""row number"":4,""column number"":5,""row span"":1,""column span"":1,""kids"":[]},{""type"":""table cell"",""pdfua_tag"":""TD"",""page number"":80,""bounding box"":[665.538,411.314,788.663,439.573],""row number"":4,""column number"":6,""row span"":1,""column span"":1,""kids"":[]}]},{""type"":""table row"",""row number"":5,""cells"":[{""type"":""table cell"",""pdfua_tag"":""TD"",""page number"":80,""bounding box"":[296.161,383.056,419.286,411.314],""row number"":5,""column number"":3,""row span"":1,""column span"":1,""kids"":[{""type"":""paragraph"",""pdfua_tag"":""P"",""id"":3479,""page number"":80,""bounding box"":[296.161,383.056,419.286,411.314],""font"":null,""font size"":12.0,""content"":""1.3.5 전면 유 효 거리""}]},{""type"":""table cell"",""pdfua_tag"":""TD"",""page number"":80,""bounding box"":[419.286,383.056,542.412,411.314],""row number"":5,""column number"":4,""row span"":1,""column span"":1,""kids"":[{""type"":""paragraph"",""pdfua_tag"":""P"",""id"":3480,""page number"":80,""bounding box"":[419.286,383.056,542.412,411.314],""font"":null,""font size"":12.0,""content"":""출입구(문)의 전면 유 효 거리 1.2m 이상""}]},{""type"":""table cell"",""pdfua_tag"":""TD"",""page number"":80,""bounding box"":[542.412,383.056,665.538,411.314],""row number"":5,""column number"":5,""row span"":1,""column span"":1,""kids"":[]},{""type"":""table cell"",""pdfua_tag"":""TD"",""page number"":80,""bounding box"":[665.538,383.056,788.663,411.314],""row number"":5,""column number"":6,""row span"":1,""column span"":1,""kids"":[]}]},{""type"":""table row"",""row number"":6,""cells"":[{""type"":""table cell"",""pdfua_tag"":""TD"",""page number"":80,""bounding box"":[296.161,354.797,419.286,383.056],""row number"":6,""column number"":3,""row span"":1,""column span"":1,""kids"":[{""type"":""paragraph"",""pdfua_tag"":""P"",""id"":3481,""page number"":80,""bounding box"":[296.161,354.797,419.286,383.056],""font"":null,""font size"":12.0,""content"":""1.3.6 손잡 이""}]},{""type"":""table cell"",""pdfua_tag"":""TD"",""page number"":80,""bounding box"":[419.286,354.797,542.412,383.056],""row number"":6,""column number"":4,""row span"":1,""column span"":1,""kids"":[{""type"":""paragraph"",""pdfua_tag"":""P"",""id"":3482,""page number"":80,""bounding box"":[419.286,354.797,542.412,383.056],""font"":null,""font size"":12.0,""content"":""손잡 이는 0.8~0.9m에 위치, 레 버 형, 수평 또는 수직 막 대형 중 한 종 류""}]},{""type"":""table cell"",""pdfua_tag"":""TD"",""page number"":80,""bounding box"":[542.412,354.797,665.538,383.056],""row number"":6,""column number"":5,""row span"":1,""column span"":1,""kids"":[]},{""type"":""table cell"",""pdfua_tag"":""TD"",""page number"":80,""bounding box"":[665.538,354.797,788.663,383.056],""row number"":6,""column number"":6,""row span"":1,""column span"":1,""kids"":[]}]},{""type"":""table row"",""row number"":7,""cells"":[{""type"":""table cell"",""pdfua_tag"":""TD"",""page number"":80,""bounding box"":[296.161,326.538,419.286,354.797],""row number"":7,""column number"":3,""row span"":1,""column span"":1,""kids"":[{""type"":""paragraph"",""pdfua_tag"":""P"",""id"":3483,""page number"":80,""bounding box"":[296.161,326.538,419.286,354.797],""font"":null,""font size"":12.0,""content"":""1.3.7 경고 블록""}]},{""type"":""table cell"",""pdfua_tag"":""TD"",""page number"":80,""bounding box"":[419.286,326.538,542.412,354.797],""row number"":7,""column number"":4,""row span"":1,""column span"":1,""kids"":[{""type"":""paragraph"",""pdfua_tag"":""P"",""id"":3484,""page number"":80,""bounding box"":[419.286,326.538,542.412,354.797],""font"":null,""font size"":12.0,""content"":""출입구(문) 0.3m 전후면에 문폭만 큼 바닥 색상 및 재질 의 변화를 통하여 경고 표시""}]},{""type"":""table cell"",""pdfua_tag"":""TD"",""page number"":80,""bounding box"":[542.412,326.538,665.538,354.797],""row number"":7,""column number"":5,""row span"":1,""column span"":1,""kids"":[]},{""type"":""table cell"",""pdfua_tag"":""TD"",""page number"":80,""bounding box"":[665.538,326.538,788.663,354.797],""row number"":7,""column number"":6,""row span"":1,""column span"":1,""kids"":[]}]},{""type"":""table row"",""row number"":8,""cells"":[{""type"":""table cell"",""pdfua_tag"":""TD"",""page number"":80,""bounding box"":[49.909,72.21,173.035,326.538],""row number"":8,""column number"":1,""row span"":9,""column span"":1,""kids"":[{""type"":""paragraph"",""pdfua_tag"":""P"",""id"":3485,""page number"":80,""bounding box"":[49.909,72.21,173.035,326.538],""font"":null,""font size"":12.0,""content"":""시설""}]},{""type"":""table cell"",""pdfua_tag"":""TD"",""page number"":80,""bounding box"":[173.035,213.503,296.161,326.538],""row number"":8,""column number"":2,""row span"":4,""column span"":1,""kids"":[{""type"":""paragraph"",""pdfua_tag"":""P"",""id"":3486,""page number"":80,""bounding box"":[173.035,213.503,296.161,326.538],""font"":null,""font size"":12.0,""content"":""2.1""}]},{""type"":""table cell"",""pdfua_tag"":""TD"",""page number"":80,""bounding box"":[296.161,298.28,419.286,326.538],""row number"":8,""column number"":3,""row span"":1,""column span"":1,""kids"":[{""type"":""paragraph"",""pdfua_tag"":""P"",""id"":3487,""page number"":80,""bounding box"":[296.161,298.28,419.286,326.538],""font"":null,""font size"":12.0,""content"":""2.1.1 단차""}]},{""type"":""table cell"",""pdfua_tag"":""TD"",""page number"":80,""bounding box"":[419.286,298.28,542.412,326.538],""row number"":8,""column number"":4,""row span"":1,""column span"":1,""kids"":[{""type"":""paragraph"",""pdfua_tag"":""P"",""id"":3488,""page number"":80,""bounding box"":[419.286,298.28,542.412,326.538],""font"":null,""font size"":12.0,""content"":""모든 문에 단차 2 c m 이하 or 턱 낮 추기를 통하여 단차 극복""}]},{""type"":""table cell"",""pdfua_tag"":""TD"",""page number"":80,""bounding box"":[542.412,298.28,665.538,326.538],""row number"":8,""column number"":5,""row span"":1,""column span"":1,""kids"":[]},{""type"":""table cell"",""pdfua_tag"":""TD"",""page number"":80,""bounding box"":[665.538,298.28,788.663,326.538],""row number"":8,""column number"":6,""row span"":1,""column span"":1,""kids"":[]}]},{""type"":""table row"",""row number"":9,""cells"":[{""type"":""table cell"",""pdfua_tag"":""TD"",""page number"":80,""bounding box"":[296.161,270.021,419.286,298.28],""row number"":9,""column number"":3,""row span"":1,""column span"":1,""kids"":[{""type"":""paragraph"",""pdfua_tag"":""P"",""id"":3489,""page number"":80,""bounding box"":[296.161,270.021,419.286,298.28],""font"":null,""font size"":12.0,""content"":""2.1.2 유 효 폭""}]},{""type"":""table cell"",""pdfua_tag"":""TD"",""page number"":80,""bounding box"":[419.286,270.021,542.412,298.28],""row number"":9,""column number"":4,""row span"":1,""column span"":1,""kids"":[{""type"":""paragraph"",""pdfua_tag"":""P"",""id"":3490,""page number"":80,""bounding box"":[419.286,270.021,542.412,298.28],""font"":null,""font size"":12.0,""content"":""모든 문의 유 효 폭 0.9m 이상""}]},{""type"":""table cell"",""pdfua_tag"":""TD"",""page number"":80,""bounding box"":[542.412,270.021,665.538,298.28],""row number"":9,""column number"":5,""row span"":1,""column span"":1,""kids"":[]},{""type"":""table cell"",""pdfua_tag"":""TD"",""page number"":80,""bounding box"":[665.538,270.021,788.663,298.28],""row number"":9,""column number"":6,""row span"":1,""column span"":1,""kids"":[]}]},{""type"":""table row"",""row number"":10,""cells"":[{""type"":""table cell"",""pdfua_tag"":""TD"",""page number"":80,""bounding box"":[296.161,241.762,419.286,270.021],""row number"":10,""column number"":3,""row span"":1,""column span"":1,""kids"":[{""type"":""paragraph"",""pdfua_tag"":""P"",""id"":3491,""page number"":80,""bounding box"":[296.161,241.762,419.286,270.021],""font"":null,""font size"":12.0,""content"":""2.1.3 전면유 효 거리""}]},{""type"":""table cell"",""pdfua_tag"":""TD"",""page number"":80,""bounding box"":[419.286,241.762,542.412,270.021],""row number"":10,""column number"":4,""row span"":1,""column span"":1,""kids"":[{""type"":""paragraph"",""pdfua_tag"":""P"",""id"":3492,""page number"":80,""bounding box"":[419.286,241.762,542.412,270.021],""font"":null,""font size"":12.0,""content"":""휠 체어 사용자가 이용하는 모든 문의 전, 후면 유 효 거리 1.2m 이상""}]},{""type"":""table cell"",""pdfua_tag"":""TD"",""page number"":80,""bounding box"":[542.412,241.762,665.538,270.021],""row number"":10,""column number"":5,""row span"":1,""column span"":1,""kids"":[]},{""type"":""table cell"",""pdfua_tag"":""TD"",""page number"":80,""bounding box"":[665.538,241.762,788.663,270.021],""row number"":10,""column number"":6,""row span"":1,""column span"":1,""kids"":[]}]},{""type"":""table row"",""row number"":11,""cells"":[{""type"":""table cell"",""pdfua_tag"":""TD"",""page number"":80,""bounding box"":[296.161,213.503,419.286,241.762],""row number"":11,""column number"":3,""row span"":1,""column span"":1,""kids"":[{""type"":""paragraph"",""pdfua_tag"":""P"",""id"":3493,""page number"":80,""bounding box"":[296.161,213.503,419.286,241.762],""font"":null,""font size"":12.0,""content"":""2.1.4 손잡 이""}]},{""type"":""table cell"",""pdfua_tag"":""TD"",""page number"":80,""bounding box"":[419.286,213.503,542.412,241.762],""row number"":11,""column number"":4,""row span"":1,""column span"":1,""kids"":[{""type"":""paragraph"",""pdfua_tag"":""P"",""id"":3494,""page number"":80,""bounding box"":[419.286,213.503,542.412,241.762],""font"":null,""font size"":12.0,""content"":""손잡 이 높 이 : 중 앙 지 점 이 바닥 면으로부터 0.8~0.9m에 위치하도 록 설치 손잡 이형 태 : 레 버 형, 수평 또는 수직 막 대형 출입문: 여 닫 이 형 태 일 경우 출입문 옆 에 0.6m 이상의 활동공간 확보""}]},{""type"":""table cell"",""pdfua_tag"":""TD"",""page number"":80,""bounding box"":[542.412,213.503,665.538,241.762],""row number"":11,""column number"":5,""row span"":1,""column span"":1,""kids"":[]},{""type"":""table cell"",""pdfua_tag"":""TD"",""page number"":80,""bounding box"":[665.538,213.503,788.663,241.762],""row number"":11,""column number"":6,""row span"":1,""column span"":1,""kids"":[]}]},{""type"":""table row"",""row number"":12,""cells"":[{""type"":""table cell"",""pdfua_tag"":""TD"",""page number"":80,""bounding box"":[173.035,72.21,296.161,213.503],""row number"":12,""column number"":2,""row span"":5,""column span"":1,""kids"":[{""type"":""paragraph"",""pdfua_tag"":""P"",""id"":3495,""page number"":80,""bounding box"":[173.035,72.21,296.161,213.503],""font"":null,""font size"":12.0,""content"":""2.2 복 도""}]},{""type"":""table cell"",""pdfua_tag"":""TD"",""page number"":80,""bounding box"":[296.161,185.245,419.286,213.503],""row number"":12,""column number"":3,""row span"":1,""column span"":1,""kids"":[{""type"":""paragraph"",""pdfua_tag"":""P"",""id"":3496,""page number"":80,""bounding box"":[296.161,185.245,419.286,213.503],""font"":null,""font size"":12.0,""content"":""2.2.1 유 효 폭""}]},{""type"":""table cell"",""pdfua_tag"":""TD"",""page number"":80,""bounding box"":[419.286,185.245,542.412,213.503],""row number"":12,""column number"":4,""row span"":1,""column span"":1,""kids"":[{""type"":""paragraph"",""pdfua_tag"":""P"",""id"":3497,""page number"":80,""bounding box"":[419.286,185.245,542.412,213.503],""font"":null,""font size"":12.0,""content"":""모든 복 도의 유 효 폭 1.6m 이상""}]},{""type"":""table cell"",""pdfua_tag"":""TD"",""page number"":80,""bounding box"":[542.412,185.245,665.538,213.503],""row number"":12,""column number"":5,""row span"":1,""column span"":1,""kids"":[]},{""type"":""table cell"",""pdfua_tag"":""TD"",""page number"":80,""bounding box"":[665.538,185.245,788.663,213.503],""row number"":12,""column number"":6,""row span"":1,""column span"":1,""kids"":[]}]},{""type"":""table row"",""row number"":13,""cells"":[{""type"":""table cell"",""pdfua_tag"":""TD"",""page number"":80,""bounding box"":[296.161,156.986,419.286,185.245],""row number"":13,""column number"":3,""row span"":1,""column span"":1,""kids"":[{""type"":""paragraph"",""pdfua_tag"":""P"",""id"":3498,""page number"":80,""bounding box"":[296.161,156.986,419.286,185.245],""font"":null,""font size"":12.0,""content"":""2.2.2 단차""}]},{""type"":""table cell"",""pdfua_tag"":""TD"",""page number"":80,""bounding box"":[419.286,156.986,542.412,185.245],""row number"":13,""column number"":4,""row span"":1,""column span"":1,""kids"":[{""type"":""paragraph"",""pdfua_tag"":""P"",""id"":3499,""page number"":80,""bounding box"":[419.286,156.986,542.412,185.245],""font"":null,""font size"":12.0,""content"":""2 c m 이상 단차 발생 시 기울기 1/12(8%) 이하의 경사로 설치""}]},{""type"":""table cell"",""pdfua_tag"":""TD"",""page number"":80,""bounding box"":[542.412,156.986,665.538,185.245],""row number"":13,""column number"":5,""row span"":1,""column span"":1,""kids"":[]},{""type"":""table cell"",""pdfua_tag"":""TD"",""page number"":80,""bounding box"":[665.538,156.986,788.663,185.245],""row number"":13,""column number"":6,""row span"":1,""column span"":1,""kids"":[]}]},{""type"":""table row"",""row number"":14,""cells"":[{""type"":""table cell"",""pdfua_tag"":""TD"",""page number"":80,""bounding box"":[296.161,128.727,419.286,156.986],""row number"":14,""column number"":3,""row span"":1,""column span"":1,""kids"":[{""type"":""paragraph"",""pdfua_tag"":""P"",""id"":3500,""page number"":80,""bounding box"":[296.161,128.727,419.286,156.986],""font"":null,""font size"":12.0,""content"":""2.2.3 바닥 마감""}]},{""type"":""table cell"",""pdfua_tag"":""TD"",""page number"":80,""bounding box"":[419.286,128.727,542.412,156.986],""row number"":14,""column number"":4,""row span"":1,""column span"":1,""kids"":[{""type"":""paragraph"",""pdfua_tag"":""P"",""id"":3501,""page number"":80,""bounding box"":[419.286,128.727,542.412,156.986],""font"":null,""font size"":12.0,""content"":""미 끄럽 지 않으며 걸려 넘 어 질 염려 없 음""}]},{""type"":""table cell"",""pdfua_tag"":""TD"",""page number"":80,""bounding box"":[542.412,128.727,665.538,156.986],""row number"":14,""column number"":5,""row span"":1,""column span"":1,""kids"":[]},{""type"":""table cell"",""pdfua_tag"":""TD"",""page number"":80,""bounding box"":[665.538,128.727,788.663,156.986],""row number"":14,""column number"":6,""row span"":1,""column span"":1,""kids"":[]}]},{""type"":""table row"",""row number"":15,""cells"":[{""type"":""table cell"",""pdfua_tag"":""TD"",""page number"":80,""bounding box"":[296.161,100.469,419.286,128.727],""row number"":15,""column number"":3,""row span"":1,""column span"":1,""kids"":[{""type"":""paragraph"",""pdfua_tag"":""P"",""id"":3502,""page number"":80,""bounding box"":[296.161,100.469,419.286,128.727],""font"":null,""font size"":12.0,""content"":""2.2.4 보행장애물""}]},{""type"":""table cell"",""pdfua_tag"":""TD"",""page number"":80,""bounding box"":[419.286,100.469,542.412,128.727],""row number"":15,""column number"":4,""row span"":1,""column span"":1,""kids"":[{""type"":""paragraph"",""pdfua_tag"":""P"",""id"":3503,""page number"":80,""bounding box"":[419.286,100.469,542.412,128.727],""font"":null,""font size"":12.0,""content"":""벽 면에 돌 출물이 있으나 0.1m 이내로 설치""}]},{""type"":""table cell"",""pdfua_tag"":""TD"",""page number"":80,""bounding box"":[542.412,100.469,665.538,128.727],""row number"":15,""column number"":5,""row span"":1,""column span"":1,""kids"":[]},{""type"":""table cell"",""pdfua_tag"":""TD"",""page number"":80,""bounding box"":[665.538,100.469,788.663,128.727],""row number"":15,""column number"":6,""row span"":1,""column span"":1,""kids"":[]}]},{""type"":""table row"",""row number"":16,""cells"":[{""type"":""table cell"",""pdfua_tag"":""TD"",""page number"":80,""bounding box"":[296.161,72.21,419.286,100.469],""row number"":16,""column number"":3,""row span"":1,""column span"":1,""kids"":[{""type"":""paragraph"",""pdfua_tag"":""P"",""id"":3504,""page number"":80,""bounding box"":[296.161,72.21,419.286,100.469],""font"":null,""font size"":12.0,""content"":""2.2.5 연 속손잡 이""}]},{""type"":""table cell"",""pdfua_tag"":""TD"",""page number"":80,""bounding box"":[419.286,72.21,542.412,100.469],""row number"":16,""column number"":4,""row span"":1,""column span"":1,""kids"":[{""type"":""paragraph"",""pdfua_tag"":""P"",""id"":3505,""page number"":80,""bounding box"":[419.286,72.21,542.412,100.469],""font"":null,""font size"":12.0,""content"":""연 속손잡 이 설치(1단 설치)""}]},{""type"":""table cell"",""pdfua_tag"":""TD"",""page number"":80,""bounding box"":[542.412,72.21,665.538,100.469],""row number"":16,""column number"":5,""row span"":1,""column span"":1,""kids"":[]},{""type"":""table cell"",""pdfua_tag"":""TD"",""page number"":80,""bounding box"":[665.538,72.21,788.663,100.469],""row number"":16,""column number"":6,""row span"":1,""column span"":1,""kids"":[{""type"":""paragraph"",""pdfua_tag"":""P"",""id"":3506,""page number"":80,""bounding box"":[665.538,72.21,788.663,100.469],""font"":null,""font size"":9.0,""text color"":""[0.0]"",""content"":""고령자 복지주택 적용""}]}]}]",law-1_p080_LAW1-T042.png,49.909,72.21,788.663,524.349,자동 추출,
LAW1-T043,LAW1,LAW1-4_7_4,81,81,LAW1-4_7_4 표 43,14,5,"범주 | 평가항목 | 세부평가기준 | 반영여부 (O, X) 미반영사유
2.3 계단 | 2.3.1 형 태 및 유 효 폭 | 모든 계단 및 참 의 유 효 폭 1.2m 이상 확보 |  | 
2.3.2 챌 면 및 디딤 판 | 모든 계단에 챌 면 설치, 챌 면 0.18m 이하, 디딤 판 0.28m 이상, 챌 면의 기울기는 디딤 판의 수평면으로부터 60 ˚ 이상으로 설치 / 계단코는 3 c m이하로 설치 |  | 
2.3.3 바닥 마감 | 계단코에 경 질 고무 류 , 줄눈 등의 미 끄럼 방지 설비를 설치하고, 걸려 넘 어 질 염려 없 음 |  | 
2.3.4 손잡 이 | 연 속손잡 이 1단 설치 / 주변으로부터 쉽 게 구분가능 |  | 
2.3.5 점 형 블록 | 계단 참 을 포함하여 계단의 시 작 과 끝 지 점 에 바닥 재질 변화를 통한 경고표시 설치 |  | 
2.4 경사로 | 2.4.1 유 효 폭 | 경사로의 유 효 폭이 1.2m 이상 |  | 
2.4.2 기울기 | 1/12(8%) 이하로 설치하고, 횡 단 구배가 없 음 |  | 
2.4.3 바닥 마감 | 사용하고, 걸려 넘어질 염려 없음 |  | 
2.4.4 활동공간 및 휴식 참 | 바닥 면으로부터 높 이0.75m 이내마다 수평면으로 된 1.5m이상을 휴식 참 설치, 경사로의 시 작 과 끝 , 굴 절부분 및 참 에는 1.5m x 1.5m이상의 활동공간 확보 |  | 
2.4.5 손잡 이 | 연 속손잡 이 1단 설치 / 색상 및 명 도차이가 명 확해서 주변으로부터 쉽 게 구분 가능 |  | 
2.5 승강기 | 2.5.1 전면활동공간 | 전면에 1.5 X 1.5m 이상의 활동공간 확보 |  | 
2.5.2 통과 유 효 폭 | 통과 유 효 폭 0.8m 이상, 승강장 바닥 과 승강기 바닥 의 틈 은 3 c m 이하, 되열림 장치 설치 |  | 
2.5.3 유 효 바닥 면적 | 폭 1.6m이상, 깊 이 1.35m 이상 |  | ","<table><tr><td>범주</td><td>평가항목</td><td>세부평가기준</td><td colspan=""2"">반영여부 (O, X) 미반영사유</td></tr><tr><td rowspan=""5"">2.3 계단</td><td>2.3.1 형 태 및 유 효 폭</td><td>모든 계단 및 참 의 유 효 폭 1.2m 이상 확보</td><td></td><td></td></tr><tr><td>2.3.2 챌 면 및 디딤 판</td><td>모든 계단에 챌 면 설치, 챌 면 0.18m 이하, 디딤 판 0.28m 이상, 챌 면의 기울기는 디딤 판의 수평면으로부터 60 ˚ 이상으로 설치 / 계단코는 3 c m이하로 설치</td><td></td><td></td></tr><tr><td>2.3.3 바닥 마감</td><td>계단코에 경 질 고무 류 , 줄눈 등의 미 끄럼 방지 설비를 설치하고, 걸려 넘 어 질 염려 없 음</td><td></td><td></td></tr><tr><td>2.3.4 손잡 이</td><td>연 속손잡 이 1단 설치 / 주변으로부터 쉽 게 구분가능</td><td></td><td></td></tr><tr><td>2.3.5 점 형 블록</td><td>계단 참 을 포함하여 계단의 시 작 과 끝 지 점 에 바닥 재질 변화를 통한 경고표시 설치</td><td></td><td></td></tr><tr><td rowspan=""5"">2.4 경사로</td><td>2.4.1 유 효 폭</td><td>경사로의 유 효 폭이 1.2m 이상</td><td></td><td></td></tr><tr><td>2.4.2 기울기</td><td>1/12(8%) 이하로 설치하고, 횡 단 구배가 없 음</td><td></td><td></td></tr><tr><td>2.4.3 바닥 마감</td><td>사용하고, 걸려 넘어질 염려 없음</td><td></td><td></td></tr><tr><td>2.4.4 활동공간 및 휴식 참</td><td>바닥 면으로부터 높 이0.75m 이내마다 수평면으로 된 1.5m이상을 휴식 참 설치, 경사로의 시 작 과 끝 , 굴 절부분 및 참 에는 1.5m x 1.5m이상의 활동공간 확보</td><td></td><td></td></tr><tr><td>2.4.5 손잡 이</td><td>연 속손잡 이 1단 설치 / 색상 및 명 도차이가 명 확해서 주변으로부터 쉽 게 구분 가능</td><td></td><td></td></tr><tr><td rowspan=""3"">2.5 승강기</td><td>2.5.1 전면활동공간</td><td>전면에 1.5 X 1.5m 이상의 활동공간 확보</td><td></td><td></td></tr><tr><td>2.5.2 통과 유 효 폭</td><td>통과 유 효 폭 0.8m 이상, 승강장 바닥 과 승강기 바닥 의 틈 은 3 c m 이하, 되열림 장치 설치</td><td></td><td></td></tr><tr><td>2.5.3 유 효 바닥 면적</td><td>폭 1.6m이상, 깊 이 1.35m 이상</td><td></td><td></td></tr></table>","[{""type"":""table row"",""row number"":1,""cells"":[{""type"":""table cell"",""pdfua_tag"":""TH"",""page number"":81,""bounding box"":[49.314,492.203,197.184,524.53],""row number"":1,""column number"":1,""row span"":1,""column span"":1,""is_header"":true,""kids"":[{""type"":""paragraph"",""pdfua_tag"":""P"",""id"":3508,""page number"":81,""bounding box"":[49.314,492.203,197.184,524.53],""font"":null,""font size"":12.0,""content"":""범주""}]},{""type"":""table cell"",""pdfua_tag"":""TH"",""page number"":81,""bounding box"":[197.184,492.203,345.055,524.53],""row number"":1,""column number"":2,""row span"":1,""column span"":1,""is_header"":true,""kids"":[{""type"":""paragraph"",""pdfua_tag"":""P"",""id"":3509,""page number"":81,""bounding box"":[197.184,492.203,345.055,524.53],""font"":null,""font size"":12.0,""content"":""평가항목""}]},{""type"":""table cell"",""pdfua_tag"":""TH"",""page number"":81,""bounding box"":[345.055,492.203,492.925,524.53],""row number"":1,""column number"":3,""row span"":1,""column span"":1,""is_header"":true,""kids"":[{""type"":""paragraph"",""pdfua_tag"":""P"",""id"":3510,""page number"":81,""bounding box"":[345.055,492.203,492.925,524.53],""font"":null,""font size"":9.96,""text color"":""[0.0]"",""content"":""세부평가기준""}]},{""type"":""table cell"",""pdfua_tag"":""TH"",""page number"":81,""bounding box"":[492.925,492.203,788.666,524.53],""row number"":1,""column number"":4,""row span"":1,""column span"":2,""is_header"":true,""kids"":[{""type"":""paragraph"",""pdfua_tag"":""P"",""id"":3511,""page number"":81,""bounding box"":[492.925,492.203,788.666,524.53],""font"":null,""font size"":9.96,""text color"":""[0.0]"",""content"":""반영여부 (O, X) 미반영사유""}]}]},{""type"":""table row"",""row number"":2,""cells"":[{""type"":""table cell"",""pdfua_tag"":""TD"",""page number"":81,""bounding box"":[49.314,330.568,197.184,492.203],""row number"":2,""column number"":1,""row span"":5,""column span"":1,""kids"":[{""type"":""paragraph"",""pdfua_tag"":""P"",""id"":3512,""page number"":81,""bounding box"":[49.314,330.568,197.184,492.203],""font"":null,""font size"":12.0,""content"":""2.3 계단""}]},{""type"":""table cell"",""pdfua_tag"":""TD"",""page number"":81,""bounding box"":[197.184,459.876,345.055,492.203],""row number"":2,""column number"":2,""row span"":1,""column span"":1,""kids"":[{""type"":""paragraph"",""pdfua_tag"":""P"",""id"":3513,""page number"":81,""bounding box"":[197.184,459.876,345.055,492.203],""font"":null,""font size"":12.0,""content"":""2.3.1 형 태 및 유 효 폭""}]},{""type"":""table cell"",""pdfua_tag"":""TD"",""page number"":81,""bounding box"":[345.055,459.876,492.925,492.203],""row number"":2,""column number"":3,""row span"":1,""column span"":1,""kids"":[{""type"":""paragraph"",""pdfua_tag"":""P"",""id"":3514,""page number"":81,""bounding box"":[345.055,459.876,492.925,492.203],""font"":null,""font size"":12.0,""content"":""모든 계단 및 참 의 유 효 폭 1.2m 이상 확보""}]},{""type"":""table cell"",""pdfua_tag"":""TD"",""page number"":81,""bounding box"":[492.925,459.876,640.796,492.203],""row number"":2,""column number"":4,""row span"":1,""column span"":1,""kids"":[]},{""type"":""table cell"",""pdfua_tag"":""TD"",""page number"":81,""bounding box"":[640.796,459.876,788.666,492.203],""row number"":2,""column number"":5,""row span"":1,""column span"":1,""kids"":[]}]},{""type"":""table row"",""row number"":3,""cells"":[{""type"":""table cell"",""pdfua_tag"":""TD"",""page number"":81,""bounding box"":[197.184,427.549,345.055,459.876],""row number"":3,""column number"":2,""row span"":1,""column span"":1,""kids"":[{""type"":""paragraph"",""pdfua_tag"":""P"",""id"":3515,""page number"":81,""bounding box"":[197.184,427.549,345.055,459.876],""font"":null,""font size"":12.0,""content"":""2.3.2 챌 면 및 디딤 판""}]},{""type"":""table cell"",""pdfua_tag"":""TD"",""page number"":81,""bounding box"":[345.055,427.549,492.925,459.876],""row number"":3,""column number"":3,""row span"":1,""column span"":1,""kids"":[{""type"":""paragraph"",""pdfua_tag"":""P"",""id"":3516,""page number"":81,""bounding box"":[345.055,427.549,492.925,459.876],""font"":null,""font size"":12.0,""content"":""모든 계단에 챌 면 설치, 챌 면 0.18m 이하, 디딤 판 0.28m 이상, 챌 면의 기울기는 디딤 판의 수평면으로부터 60 ˚ 이상으로 설치 / 계단코는 3 c m이하로 설치""}]},{""type"":""table cell"",""pdfua_tag"":""TD"",""page number"":81,""bounding box"":[492.925,427.549,640.796,459.876],""row number"":3,""column number"":4,""row span"":1,""column span"":1,""kids"":[]},{""type"":""table cell"",""pdfua_tag"":""TD"",""page number"":81,""bounding box"":[640.796,427.549,788.666,459.876],""row number"":3,""column number"":5,""row span"":1,""column span"":1,""kids"":[]}]},{""type"":""table row"",""row number"":4,""cells"":[{""type"":""table cell"",""pdfua_tag"":""TD"",""page number"":81,""bounding box"":[197.184,395.222,345.055,427.549],""row number"":4,""column number"":2,""row span"":1,""column span"":1,""kids"":[{""type"":""paragraph"",""pdfua_tag"":""P"",""id"":3517,""page number"":81,""bounding box"":[197.184,395.222,345.055,427.549],""font"":null,""font size"":12.0,""content"":""2.3.3 바닥 마감""}]},{""type"":""table cell"",""pdfua_tag"":""TD"",""page number"":81,""bounding box"":[345.055,395.222,492.925,427.549],""row number"":4,""column number"":3,""row span"":1,""column span"":1,""kids"":[{""type"":""paragraph"",""pdfua_tag"":""P"",""id"":3518,""page number"":81,""bounding box"":[345.055,395.222,492.925,427.549],""font"":null,""font size"":12.0,""content"":""계단코에 경 질 고무 류 , 줄눈 등의 미 끄럼 방지 설비를 설치하고, 걸려 넘 어 질 염려 없 음""}]},{""type"":""table cell"",""pdfua_tag"":""TD"",""page number"":81,""bounding box"":[492.925,395.222,640.796,427.549],""row number"":4,""column number"":4,""row span"":1,""column span"":1,""kids"":[]},{""type"":""table cell"",""pdfua_tag"":""TD"",""page number"":81,""bounding box"":[640.796,395.222,788.666,427.549],""row number"":4,""column number"":5,""row span"":1,""column span"":1,""kids"":[]}]},{""type"":""table row"",""row number"":5,""cells"":[{""type"":""table cell"",""pdfua_tag"":""TD"",""page number"":81,""bounding box"":[197.184,362.895,345.055,395.222],""row number"":5,""column number"":2,""row span"":1,""column span"":1,""kids"":[{""type"":""paragraph"",""pdfua_tag"":""P"",""id"":3519,""page number"":81,""bounding box"":[197.184,362.895,345.055,395.222],""font"":null,""font size"":12.0,""content"":""2.3.4 손잡 이""}]},{""type"":""table cell"",""pdfua_tag"":""TD"",""page number"":81,""bounding box"":[345.055,362.895,492.925,395.222],""row number"":5,""column number"":3,""row span"":1,""column span"":1,""kids"":[{""type"":""paragraph"",""pdfua_tag"":""P"",""id"":3520,""page number"":81,""bounding box"":[345.055,362.895,492.925,395.222],""font"":null,""font size"":12.0,""content"":""연 속손잡 이 1단 설치 / 주변으로부터 쉽 게 구분가능""}]},{""type"":""table cell"",""pdfua_tag"":""TD"",""page number"":81,""bounding box"":[492.925,362.895,640.796,395.222],""row number"":5,""column number"":4,""row span"":1,""column span"":1,""kids"":[]},{""type"":""table cell"",""pdfua_tag"":""TD"",""page number"":81,""bounding box"":[640.796,362.895,788.666,395.222],""row number"":5,""column number"":5,""row span"":1,""column span"":1,""kids"":[]}]},{""type"":""table row"",""row number"":6,""cells"":[{""type"":""table cell"",""pdfua_tag"":""TD"",""page number"":81,""bounding box"":[197.184,330.568,345.055,362.895],""row number"":6,""column number"":2,""row span"":1,""column span"":1,""kids"":[{""type"":""paragraph"",""pdfua_tag"":""P"",""id"":3521,""page number"":81,""bounding box"":[197.184,330.568,345.055,362.895],""font"":null,""font size"":12.0,""content"":""2.3.5 점 형 블록""}]},{""type"":""table cell"",""pdfua_tag"":""TD"",""page number"":81,""bounding box"":[345.055,330.568,492.925,362.895],""row number"":6,""column number"":3,""row span"":1,""column span"":1,""kids"":[{""type"":""paragraph"",""pdfua_tag"":""P"",""id"":3522,""page number"":81,""bounding box"":[345.055,330.568,492.925,362.895],""font"":null,""font size"":12.0,""content"":""계단 참 을 포함하여 계단의 시 작 과 끝 지 점 에 바닥 재질 변화를 통한 경고표시 설치""}]},{""type"":""table cell"",""pdfua_tag"":""TD"",""page number"":81,""bounding box"":[492.925,330.568,640.796,362.895],""row number"":6,""column number"":4,""row span"":1,""column span"":1,""kids"":[]},{""type"":""table cell"",""pdfua_tag"":""TD"",""page number"":81,""bounding box"":[640.796,330.568,788.666,362.895],""row number"":6,""column number"":5,""row span"":1,""column span"":1,""kids"":[]}]},{""type"":""table row"",""row number"":7,""cells"":[{""type"":""table cell"",""pdfua_tag"":""TD"",""page number"":81,""bounding box"":[49.314,168.933,197.184,330.568],""row number"":7,""column number"":1,""row span"":5,""column span"":1,""kids"":[{""type"":""paragraph"",""pdfua_tag"":""P"",""id"":3523,""page number"":81,""bounding box"":[49.314,168.933,197.184,330.568],""font"":null,""font size"":12.0,""content"":""2.4 경사로""}]},{""type"":""table cell"",""pdfua_tag"":""TD"",""page number"":81,""bounding box"":[197.184,298.241,345.055,330.568],""row number"":7,""column number"":2,""row span"":1,""column span"":1,""kids"":[{""type"":""paragraph"",""pdfua_tag"":""P"",""id"":3524,""page number"":81,""bounding box"":[197.184,298.241,345.055,330.568],""font"":null,""font size"":12.0,""content"":""2.4.1 유 효 폭""}]},{""type"":""table cell"",""pdfua_tag"":""TD"",""page number"":81,""bounding box"":[345.055,298.241,492.925,330.568],""row number"":7,""column number"":3,""row span"":1,""column span"":1,""kids"":[{""type"":""paragraph"",""pdfua_tag"":""P"",""id"":3525,""page number"":81,""bounding box"":[345.055,298.241,492.925,330.568],""font"":null,""font size"":12.0,""content"":""경사로의 유 효 폭이 1.2m 이상""}]},{""type"":""table cell"",""pdfua_tag"":""TD"",""page number"":81,""bounding box"":[492.925,298.241,640.796,330.568],""row number"":7,""column number"":4,""row span"":1,""column span"":1,""kids"":[]},{""type"":""table cell"",""pdfua_tag"":""TD"",""page number"":81,""bounding box"":[640.796,298.241,788.666,330.568],""row number"":7,""column number"":5,""row span"":1,""column span"":1,""kids"":[]}]},{""type"":""table row"",""row number"":8,""cells"":[{""type"":""table cell"",""pdfua_tag"":""TD"",""page number"":81,""bounding box"":[197.184,265.914,345.055,298.241],""row number"":8,""column number"":2,""row span"":1,""column span"":1,""kids"":[{""type"":""paragraph"",""pdfua_tag"":""P"",""id"":3526,""page number"":81,""bounding box"":[197.184,265.914,345.055,298.241],""font"":null,""font size"":12.0,""content"":""2.4.2 기울기""}]},{""type"":""table cell"",""pdfua_tag"":""TD"",""page number"":81,""bounding box"":[345.055,265.914,492.925,298.241],""row number"":8,""column number"":3,""row span"":1,""column span"":1,""kids"":[{""type"":""paragraph"",""pdfua_tag"":""P"",""id"":3527,""page number"":81,""bounding box"":[345.055,265.914,492.925,298.241],""font"":null,""font size"":12.0,""content"":""1/12(8%) 이하로 설치하고, 횡 단 구배가 없 음""}]},{""type"":""table cell"",""pdfua_tag"":""TD"",""page number"":81,""bounding box"":[492.925,265.914,640.796,298.241],""row number"":8,""column number"":4,""row span"":1,""column span"":1,""kids"":[]},{""type"":""table cell"",""pdfua_tag"":""TD"",""page number"":81,""bounding box"":[640.796,265.914,788.666,298.241],""row number"":8,""column number"":5,""row span"":1,""column span"":1,""kids"":[]}]},{""type"":""table row"",""row number"":9,""cells"":[{""type"":""table cell"",""pdfua_tag"":""TD"",""page number"":81,""bounding box"":[197.184,233.587,345.055,265.914],""row number"":9,""column number"":2,""row span"":1,""column span"":1,""kids"":[{""type"":""paragraph"",""pdfua_tag"":""P"",""id"":3528,""page number"":81,""bounding box"":[197.184,233.587,345.055,265.914],""font"":null,""font size"":12.0,""content"":""2.4.3 바닥 마감""}]},{""type"":""table cell"",""pdfua_tag"":""TD"",""page number"":81,""bounding box"":[345.055,233.587,492.925,265.914],""row number"":9,""column number"":3,""row span"":1,""column span"":1,""kids"":[{""type"":""paragraph"",""pdfua_tag"":""P"",""id"":3529,""page number"":81,""bounding box"":[345.055,233.587,492.925,265.914],""font"":null,""font size"":9.0,""text color"":""[0.0]"",""content"":""사용하고, 걸려 넘어질 염려 없음""}]},{""type"":""table cell"",""pdfua_tag"":""TD"",""page number"":81,""bounding box"":[492.925,233.587,640.796,265.914],""row number"":9,""column number"":4,""row span"":1,""column span"":1,""kids"":[]},{""type"":""table cell"",""pdfua_tag"":""TD"",""page number"":81,""bounding box"":[640.796,233.587,788.666,265.914],""row number"":9,""column number"":5,""row span"":1,""column span"":1,""kids"":[]}]},{""type"":""table row"",""row number"":10,""cells"":[{""type"":""table cell"",""pdfua_tag"":""TD"",""page number"":81,""bounding box"":[197.184,201.26,345.055,233.587],""row number"":10,""column number"":2,""row span"":1,""column span"":1,""kids"":[{""type"":""paragraph"",""pdfua_tag"":""P"",""id"":3530,""page number"":81,""bounding box"":[197.184,201.26,345.055,233.587],""font"":null,""font size"":12.0,""content"":""2.4.4 활동공간 및 휴식 참""}]},{""type"":""table cell"",""pdfua_tag"":""TD"",""page number"":81,""bounding box"":[345.055,201.26,492.925,233.587],""row number"":10,""column number"":3,""row span"":1,""column span"":1,""kids"":[{""type"":""paragraph"",""pdfua_tag"":""P"",""id"":3531,""page number"":81,""bounding box"":[345.055,201.26,492.925,233.587],""font"":null,""font size"":12.0,""content"":""바닥 면으로부터 높 이0.75m 이내마다 수평면으로 된 1.5m이상을 휴식 참 설치, 경사로의 시 작 과 끝 , 굴 절부분 및 참 에는 1.5m x 1.5m이상의 활동공간 확보""}]},{""type"":""table cell"",""pdfua_tag"":""TD"",""page number"":81,""bounding box"":[492.925,201.26,640.796,233.587],""row number"":10,""column number"":4,""row span"":1,""column span"":1,""kids"":[]},{""type"":""table cell"",""pdfua_tag"":""TD"",""page number"":81,""bounding box"":[640.796,201.26,788.666,233.587],""row number"":10,""column number"":5,""row span"":1,""column span"":1,""kids"":[]}]},{""type"":""table row"",""row number"":11,""cells"":[{""type"":""table cell"",""pdfua_tag"":""TD"",""page number"":81,""bounding box"":[197.184,168.933,345.055,201.26],""row number"":11,""column number"":2,""row span"":1,""column span"":1,""kids"":[{""type"":""paragraph"",""pdfua_tag"":""P"",""id"":3532,""page number"":81,""bounding box"":[197.184,168.933,345.055,201.26],""font"":null,""font size"":12.0,""content"":""2.4.5 손잡 이""}]},{""type"":""table cell"",""pdfua_tag"":""TD"",""page number"":81,""bounding box"":[345.055,168.933,492.925,201.26],""row number"":11,""column number"":3,""row span"":1,""column span"":1,""kids"":[{""type"":""paragraph"",""pdfua_tag"":""P"",""id"":3533,""page number"":81,""bounding box"":[345.055,168.933,492.925,201.26],""font"":null,""font size"":12.0,""content"":""연 속손잡 이 1단 설치 / 색상 및 명 도차이가 명 확해서 주변으로부터 쉽 게 구분 가능""}]},{""type"":""table cell"",""pdfua_tag"":""TD"",""page number"":81,""bounding box"":[492.925,168.933,640.796,201.26],""row number"":11,""column number"":4,""row span"":1,""column span"":1,""kids"":[]},{""type"":""table cell"",""pdfua_tag"":""TD"",""page number"":81,""bounding box"":[640.796,168.933,788.666,201.26],""row number"":11,""column number"":5,""row span"":1,""column span"":1,""kids"":[]}]},{""type"":""table row"",""row number"":12,""cells"":[{""type"":""table cell"",""pdfua_tag"":""TD"",""page number"":81,""bounding box"":[49.314,71.952,197.184,168.933],""row number"":12,""column number"":1,""row span"":3,""column span"":1,""kids"":[{""type"":""paragraph"",""pdfua_tag"":""P"",""id"":3534,""page number"":81,""bounding box"":[49.314,71.952,197.184,168.933],""font"":null,""font size"":12.0,""content"":""2.5 승강기""}]},{""type"":""table cell"",""pdfua_tag"":""TD"",""page number"":81,""bounding box"":[197.184,136.606,345.055,168.933],""row number"":12,""column number"":2,""row span"":1,""column span"":1,""kids"":[{""type"":""paragraph"",""pdfua_tag"":""P"",""id"":3535,""page number"":81,""bounding box"":[197.184,136.606,345.055,168.933],""font"":null,""font size"":12.0,""content"":""2.5.1 전면활동공간""}]},{""type"":""table cell"",""pdfua_tag"":""TD"",""page number"":81,""bounding box"":[345.055,136.606,492.925,168.933],""row number"":12,""column number"":3,""row span"":1,""column span"":1,""kids"":[{""type"":""paragraph"",""pdfua_tag"":""P"",""id"":3536,""page number"":81,""bounding box"":[345.055,136.606,492.925,168.933],""font"":null,""font size"":12.0,""content"":""전면에 1.5 X 1.5m 이상의 활동공간 확보""}]},{""type"":""table cell"",""pdfua_tag"":""TD"",""page number"":81,""bounding box"":[492.925,136.606,640.796,168.933],""row number"":12,""column number"":4,""row span"":1,""column span"":1,""kids"":[]},{""type"":""table cell"",""pdfua_tag"":""TD"",""page number"":81,""bounding box"":[640.796,136.606,788.666,168.933],""row number"":12,""column number"":5,""row span"":1,""column span"":1,""kids"":[]}]},{""type"":""table row"",""row number"":13,""cells"":[{""type"":""table cell"",""pdfua_tag"":""TD"",""page number"":81,""bounding box"":[197.184,104.279,345.055,136.606],""row number"":13,""column number"":2,""row span"":1,""column span"":1,""kids"":[{""type"":""paragraph"",""pdfua_tag"":""P"",""id"":3537,""page number"":81,""bounding box"":[197.184,104.279,345.055,136.606],""font"":null,""font size"":12.0,""content"":""2.5.2 통과 유 효 폭""}]},{""type"":""table cell"",""pdfua_tag"":""TD"",""page number"":81,""bounding box"":[345.055,104.279,492.925,136.606],""row number"":13,""column number"":3,""row span"":1,""column span"":1,""kids"":[{""type"":""paragraph"",""pdfua_tag"":""P"",""id"":3538,""page number"":81,""bounding box"":[345.055,104.279,492.925,136.606],""font"":null,""font size"":12.0,""content"":""통과 유 효 폭 0.8m 이상, 승강장 바닥 과 승강기 바닥 의 틈 은 3 c m 이하, 되열림 장치 설치""}]},{""type"":""table cell"",""pdfua_tag"":""TD"",""page number"":81,""bounding box"":[492.925,104.279,640.796,136.606],""row number"":13,""column number"":4,""row span"":1,""column span"":1,""kids"":[]},{""type"":""table cell"",""pdfua_tag"":""TD"",""page number"":81,""bounding box"":[640.796,104.279,788.666,136.606],""row number"":13,""column number"":5,""row span"":1,""column span"":1,""kids"":[]}]},{""type"":""table row"",""row number"":14,""cells"":[{""type"":""table cell"",""pdfua_tag"":""TD"",""page number"":81,""bounding box"":[197.184,71.952,345.055,104.279],""row number"":14,""column number"":2,""row span"":1,""column span"":1,""kids"":[{""type"":""paragraph"",""pdfua_tag"":""P"",""id"":3539,""page number"":81,""bounding box"":[197.184,71.952,345.055,104.279],""font"":null,""font size"":12.0,""content"":""2.5.3 유 효 바닥 면적""}]},{""type"":""table cell"",""pdfua_tag"":""TD"",""page number"":81,""bounding box"":[345.055,71.952,492.925,104.279],""row number"":14,""column number"":3,""row span"":1,""column span"":1,""kids"":[{""type"":""paragraph"",""pdfua_tag"":""P"",""id"":3540,""page number"":81,""bounding box"":[345.055,71.952,492.925,104.279],""font"":null,""font size"":12.0,""content"":""폭 1.6m이상, 깊 이 1.35m 이상""}]},{""type"":""table cell"",""pdfua_tag"":""TD"",""page number"":81,""bounding box"":[492.925,71.952,640.796,104.279],""row number"":14,""column number"":4,""row span"":1,""column span"":1,""kids"":[]},{""type"":""table cell"",""pdfua_tag"":""TD"",""page number"":81,""bounding box"":[640.796,71.952,788.666,104.279],""row number"":14,""column number"":5,""row span"":1,""column span"":1,""kids"":[]}]}]",law-1_p081_LAW1-T043.png,49.314,71.952,788.666,524.53,자동 추출,
LAW1-T044,LAW1,LAW1-4_7_4,82,82,LAW1-4_7_4 표 44,16,6,"범주 | 평가항목 | 세부평가기준 |  | 반영여부 (O, X) | 미반영사유
 |  | 0.8~1.2m, 양각형태의 | 외부 조 작 설비 태 의 버튼 식 설치, 버튼 을 누 르면 표시등이 켜짐 |  | 
 | 2.5.4 이용자 조 작 설비 | 내부 가로 조 작 설비 | 양각형 태 의 버튼 식을 설치, 버튼 을 누 르면 점멸 등이 켜 지고, 음 성 으로 층 수 안내, 버튼 크기 최소 2 c m이상, 설치 높 이0.8~1.2m, 내부 모 서리로부터 최소 0.4m 떨 어 져 서 설치 |  | 
 |  | 내부 세로 조 작 설비 | 양각형 태 의 버튼 식 설치, 버튼 을 누 르면 표시등이 켜 지고 음 성 으로 층 수 안내 ( 버튼 크기 2 c m 이상), 설치 높 이 1.5m의 범 위 내에 설치, |  | 
 | 2.5.5 시각 및 청각 장애인 안내장치 |  | 승강장에 승강기 도 착 여부를 점멸 과 음 향 으로 안내, 승강기 내부에 승강기의 운행 상 황 , 도 착층 을 표시하는 표시등 및 음 성 으로 안내 |  | 
 | 2.5.6 수평 손잡 이 |  | 수평 손잡 이가 높 이 0.85 c m ± 5 c m, 지 름 3.2~3.8 c m로 벽 과 손잡 이 간 격 5 c m 내외로 설치 |  | 
3.1 장애인 등이 이용 가능한 화장실 | 3.1.1 장애유형별 대 응 방법 |  | 최소 1개 이상의 장애인 등이 이용가능한 화장실 (장애인 대변기는 남 자용 및 여자용 각각1개 이상 설치) |  | 
 | 3.1.2 안내표지판 |  | 화장실 출입문 및 벽 면의 1.5m 높 이에 점 자표기를 포함한 남 ․ 여 구분 안내표지 있음 점 자표지 0.3m 전면에 바닥재질 변화를 통한 경고표시 설치 |  | 
3.2 장애인 등이 이용 가능한 화장실 의접근 | 3.2.1 유 효 폭및 단차 | 유 효 폭 | 0.9m 이상 통로폭 확보 |  | 
 |  | 단차 | 단차 2 c m 이하 또는 경사로 1/12이하 설치 |  | 
 | 3.2.2 바닥 마감 |  | 물이 묻 어도 미 끄럽 지 않은 타 일 혹은 판 석 마감, 줄눈 1 c m 이하 |  | 
 | 3.2.3 출입구(문) |  | 유 효 폭 0.9m 이상의 여 닫 이, 미 닫 이 등의 출입문 형 태 로 설치 |  | 
3.3 장애인 등이 이용 가능한 대변기 | 3.3.1 칸막 이 | 유 효 폭 | 유 효 폭 0.9m 이상. |  | 
 |  | 형 태 | 내부공간이 확보 된 밖 여 닫 이문 또는 미 닫 이 형 태 |  | 
 | 출입문 | 사용여부 설비 | 색상으로 사용여부 알 수 있음 |  | 
 | 잠금 장치 |  | 잠금 장치 설치 |  | ","<table><tr><td>범주</td><td>평가항목</td><td>세부평가기준</td><td></td><td>반영여부 (O, X)</td><td>미반영사유</td></tr><tr><td></td><td></td><td>0.8~1.2m, 양각형태의</td><td>외부 조 작 설비 태 의 버튼 식 설치, 버튼 을 누 르면 표시등이 켜짐</td><td></td><td></td></tr><tr><td></td><td>2.5.4 이용자 조 작 설비</td><td>내부 가로 조 작 설비</td><td>양각형 태 의 버튼 식을 설치, 버튼 을 누 르면 점멸 등이 켜 지고, 음 성 으로 층 수 안내, 버튼 크기 최소 2 c m이상, 설치 높 이0.8~1.2m, 내부 모 서리로부터 최소 0.4m 떨 어 져 서 설치</td><td></td><td></td></tr><tr><td></td><td></td><td>내부 세로 조 작 설비</td><td>양각형 태 의 버튼 식 설치, 버튼 을 누 르면 표시등이 켜 지고 음 성 으로 층 수 안내 ( 버튼 크기 2 c m 이상), 설치 높 이 1.5m의 범 위 내에 설치,</td><td></td><td></td></tr><tr><td></td><td>2.5.5 시각 및 청각 장애인 안내장치</td><td></td><td>승강장에 승강기 도 착 여부를 점멸 과 음 향 으로 안내, 승강기 내부에 승강기의 운행 상 황 , 도 착층 을 표시하는 표시등 및 음 성 으로 안내</td><td></td><td></td></tr><tr><td></td><td>2.5.6 수평 손잡 이</td><td></td><td>수평 손잡 이가 높 이 0.85 c m ± 5 c m, 지 름 3.2~3.8 c m로 벽 과 손잡 이 간 격 5 c m 내외로 설치</td><td></td><td></td></tr><tr><td>3.1 장애인 등이 이용 가능한 화장실</td><td>3.1.1 장애유형별 대 응 방법</td><td></td><td>최소 1개 이상의 장애인 등이 이용가능한 화장실 (장애인 대변기는 남 자용 및 여자용 각각1개 이상 설치)</td><td></td><td></td></tr><tr><td></td><td>3.1.2 안내표지판</td><td></td><td>화장실 출입문 및 벽 면의 1.5m 높 이에 점 자표기를 포함한 남 ․ 여 구분 안내표지 있음 점 자표지 0.3m 전면에 바닥재질 변화를 통한 경고표시 설치</td><td></td><td></td></tr><tr><td>3.2 장애인 등이 이용 가능한 화장실 의접근</td><td>3.2.1 유 효 폭및 단차</td><td>유 효 폭</td><td>0.9m 이상 통로폭 확보</td><td></td><td></td></tr><tr><td></td><td></td><td>단차</td><td>단차 2 c m 이하 또는 경사로 1/12이하 설치</td><td></td><td></td></tr><tr><td></td><td>3.2.2 바닥 마감</td><td></td><td>물이 묻 어도 미 끄럽 지 않은 타 일 혹은 판 석 마감, 줄눈 1 c m 이하</td><td></td><td></td></tr><tr><td></td><td>3.2.3 출입구(문)</td><td></td><td>유 효 폭 0.9m 이상의 여 닫 이, 미 닫 이 등의 출입문 형 태 로 설치</td><td></td><td></td></tr><tr><td>3.3 장애인 등이 이용 가능한 대변기</td><td>3.3.1 칸막 이</td><td>유 효 폭</td><td>유 효 폭 0.9m 이상.</td><td></td><td></td></tr><tr><td></td><td></td><td>형 태</td><td>내부공간이 확보 된 밖 여 닫 이문 또는 미 닫 이 형 태</td><td></td><td></td></tr><tr><td></td><td>출입문</td><td>사용여부 설비</td><td>색상으로 사용여부 알 수 있음</td><td></td><td></td></tr><tr><td></td><td>잠금 장치</td><td></td><td>잠금 장치 설치</td><td></td><td></td></tr></table>","[{""type"":""table row"",""row number"":1,""cells"":[{""type"":""table cell"",""pdfua_tag"":""TH"",""page number"":82,""bounding box"":[49.613,496.174,172.806,524.445],""row number"":1,""column number"":1,""row span"":1,""column span"":1,""is_header"":true,""kids"":[{""type"":""paragraph"",""pdfua_tag"":""P"",""id"":3542,""page number"":82,""bounding box"":[49.613,496.174,172.806,524.445],""font"":null,""font size"":12.0,""content"":""범주""}]},{""type"":""table cell"",""pdfua_tag"":""TH"",""page number"":82,""bounding box"":[172.806,496.174,295.999,524.445],""row number"":1,""column number"":2,""row span"":1,""column span"":1,""is_header"":true,""kids"":[{""type"":""paragraph"",""pdfua_tag"":""P"",""id"":3543,""page number"":82,""bounding box"":[172.806,496.174,295.999,524.445],""font"":null,""font size"":9.96,""text color"":""[0.0]"",""content"":""평가항목""}]},{""type"":""table cell"",""pdfua_tag"":""TH"",""page number"":82,""bounding box"":[295.999,496.174,419.191,524.445],""row number"":1,""column number"":3,""row span"":1,""column span"":1,""is_header"":true,""kids"":[{""type"":""paragraph"",""pdfua_tag"":""P"",""id"":3544,""page number"":82,""bounding box"":[295.999,496.174,419.191,524.445],""font"":null,""font size"":9.96,""text color"":""[0.0]"",""content"":""세부평가기준""}]},{""type"":""table cell"",""pdfua_tag"":""TH"",""page number"":82,""bounding box"":[419.191,496.174,542.384,524.445],""row number"":1,""column number"":4,""row span"":1,""column span"":1,""is_header"":true,""kids"":[]},{""type"":""table cell"",""pdfua_tag"":""TH"",""page number"":82,""bounding box"":[542.384,496.174,665.577,524.445],""row number"":1,""column number"":5,""row span"":1,""column span"":1,""is_header"":true,""kids"":[{""type"":""paragraph"",""pdfua_tag"":""P"",""id"":3545,""page number"":82,""bounding box"":[542.384,496.174,665.577,524.445],""font"":null,""font size"":9.96,""text color"":""[0.0]"",""content"":""반영여부 (O, X)""}]},{""type"":""table cell"",""pdfua_tag"":""TH"",""page number"":82,""bounding box"":[665.577,496.174,788.769,524.445],""row number"":1,""column number"":6,""row span"":1,""column span"":1,""is_header"":true,""kids"":[{""type"":""paragraph"",""pdfua_tag"":""P"",""id"":3546,""page number"":82,""bounding box"":[665.577,496.174,788.769,524.445],""font"":null,""font size"":9.96,""text color"":""[0.0]"",""content"":""미반영사유""}]}]},{""type"":""table row"",""row number"":2,""cells"":[{""type"":""table cell"",""pdfua_tag"":""TD"",""page number"":82,""bounding box"":[49.613,467.904,172.806,496.174],""row number"":2,""column number"":1,""row span"":1,""column span"":1,""kids"":[]},{""type"":""table cell"",""pdfua_tag"":""TD"",""page number"":82,""bounding box"":[172.806,467.904,295.999,496.174],""row number"":2,""column number"":2,""row span"":1,""column span"":1,""kids"":[]},{""type"":""table cell"",""pdfua_tag"":""TD"",""page number"":82,""bounding box"":[295.999,467.904,419.191,496.174],""row number"":2,""column number"":3,""row span"":1,""column span"":1,""kids"":[{""type"":""paragraph"",""pdfua_tag"":""P"",""id"":3547,""page number"":82,""bounding box"":[295.999,467.904,419.191,496.174],""font"":null,""font size"":9.0,""text color"":""[0.0]"",""content"":""0.8~1.2m, 양각형태의""}]},{""type"":""table cell"",""pdfua_tag"":""TD"",""page number"":82,""bounding box"":[419.191,467.904,542.384,496.174],""row number"":2,""column number"":4,""row span"":1,""column span"":1,""kids"":[{""type"":""paragraph"",""pdfua_tag"":""P"",""id"":3548,""page number"":82,""bounding box"":[419.191,467.904,542.384,496.174],""font"":null,""font size"":12.0,""content"":""외부 조 작 설비 태 의 버튼 식 설치, 버튼 을 누 르면 표시등이 켜짐""}]},{""type"":""table cell"",""pdfua_tag"":""TD"",""page number"":82,""bounding box"":[542.384,467.904,665.577,496.174],""row number"":2,""column number"":5,""row span"":1,""column span"":1,""kids"":[]},{""type"":""table cell"",""pdfua_tag"":""TD"",""page number"":82,""bounding box"":[665.577,467.904,788.769,496.174],""row number"":2,""column number"":6,""row span"":1,""column span"":1,""kids"":[]}]},{""type"":""table row"",""row number"":3,""cells"":[{""type"":""table cell"",""pdfua_tag"":""TD"",""page number"":82,""bounding box"":[49.613,439.633,172.806,467.904],""row number"":3,""column number"":1,""row span"":1,""column span"":1,""kids"":[]},{""type"":""table cell"",""pdfua_tag"":""TD"",""page number"":82,""bounding box"":[172.806,439.633,295.999,467.904],""row number"":3,""column number"":2,""row span"":1,""column span"":1,""kids"":[{""type"":""paragraph"",""pdfua_tag"":""P"",""id"":3549,""page number"":82,""bounding box"":[172.806,439.633,295.999,467.904],""font"":null,""font size"":12.0,""content"":""2.5.4 이용자 조 작 설비""}]},{""type"":""table cell"",""pdfua_tag"":""TD"",""page number"":82,""bounding box"":[295.999,439.633,419.191,467.904],""row number"":3,""column number"":3,""row span"":1,""column span"":1,""kids"":[{""type"":""paragraph"",""pdfua_tag"":""P"",""id"":3550,""page number"":82,""bounding box"":[295.999,439.633,419.191,467.904],""font"":null,""font size"":12.0,""content"":""내부 가로 조 작 설비""}]},{""type"":""table cell"",""pdfua_tag"":""TD"",""page number"":82,""bounding box"":[419.191,439.633,542.384,467.904],""row number"":3,""column number"":4,""row span"":1,""column span"":1,""kids"":[{""type"":""paragraph"",""pdfua_tag"":""P"",""id"":3551,""page number"":82,""bounding box"":[419.191,439.633,542.384,467.904],""font"":null,""font size"":12.0,""content"":""양각형 태 의 버튼 식을 설치, 버튼 을 누 르면 점멸 등이 켜 지고, 음 성 으로 층 수 안내, 버튼 크기 최소 2 c m이상, 설치 높 이0.8~1.2m, 내부 모 서리로부터 최소 0.4m 떨 어 져 서 설치""}]},{""type"":""table cell"",""pdfua_tag"":""TD"",""page number"":82,""bounding box"":[542.384,439.633,665.577,467.904],""row number"":3,""column number"":5,""row span"":1,""column span"":1,""kids"":[]},{""type"":""table cell"",""pdfua_tag"":""TD"",""page number"":82,""bounding box"":[665.577,439.633,788.769,467.904],""row number"":3,""column number"":6,""row span"":1,""column span"":1,""kids"":[]}]},{""type"":""table row"",""row number"":4,""cells"":[{""type"":""table cell"",""pdfua_tag"":""TD"",""page number"":82,""bounding box"":[49.613,411.363,172.806,439.633],""row number"":4,""column number"":1,""row span"":1,""column span"":1,""kids"":[]},{""type"":""table cell"",""pdfua_tag"":""TD"",""page number"":82,""bounding box"":[172.806,411.363,295.999,439.633],""row number"":4,""column number"":2,""row span"":1,""column span"":1,""kids"":[]},{""type"":""table cell"",""pdfua_tag"":""TD"",""page number"":82,""bounding box"":[295.999,411.363,419.191,439.633],""row number"":4,""column number"":3,""row span"":1,""column span"":1,""kids"":[{""type"":""paragraph"",""pdfua_tag"":""P"",""id"":3552,""page number"":82,""bounding box"":[295.999,411.363,419.191,439.633],""font"":null,""font size"":12.0,""content"":""내부 세로 조 작 설비""}]},{""type"":""table cell"",""pdfua_tag"":""TD"",""page number"":82,""bounding box"":[419.191,411.363,542.384,439.633],""row number"":4,""column number"":4,""row span"":1,""column span"":1,""kids"":[{""type"":""paragraph"",""pdfua_tag"":""P"",""id"":3553,""page number"":82,""bounding box"":[419.191,411.363,542.384,439.633],""font"":null,""font size"":12.0,""content"":""양각형 태 의 버튼 식 설치, 버튼 을 누 르면 표시등이 켜 지고 음 성 으로 층 수 안내 ( 버튼 크기 2 c m 이상), 설치 높 이 1.5m의 범 위 내에 설치,""}]},{""type"":""table cell"",""pdfua_tag"":""TD"",""page number"":82,""bounding box"":[542.384,411.363,665.577,439.633],""row number"":4,""column number"":5,""row span"":1,""column span"":1,""kids"":[]},{""type"":""table cell"",""pdfua_tag"":""TD"",""page number"":82,""bounding box"":[665.577,411.363,788.769,439.633],""row number"":4,""column number"":6,""row span"":1,""column span"":1,""kids"":[]}]},{""type"":""table row"",""row number"":5,""cells"":[{""type"":""table cell"",""pdfua_tag"":""TD"",""page number"":82,""bounding box"":[49.613,383.093,172.806,411.363],""row number"":5,""column number"":1,""row span"":1,""column span"":1,""kids"":[]},{""type"":""table cell"",""pdfua_tag"":""TD"",""page number"":82,""bounding box"":[172.806,383.093,295.999,411.363],""row number"":5,""column number"":2,""row span"":1,""column span"":1,""kids"":[{""type"":""paragraph"",""pdfua_tag"":""P"",""id"":3554,""page number"":82,""bounding box"":[172.806,383.093,295.999,411.363],""font"":null,""font size"":12.0,""content"":""2.5.5 시각 및 청각 장애인 안내장치""}]},{""type"":""table cell"",""pdfua_tag"":""TD"",""page number"":82,""bounding box"":[295.999,383.093,419.191,411.363],""row number"":5,""column number"":3,""row span"":1,""column span"":1,""kids"":[]},{""type"":""table cell"",""pdfua_tag"":""TD"",""page number"":82,""bounding box"":[419.191,383.093,542.384,411.363],""row number"":5,""column number"":4,""row span"":1,""column span"":1,""kids"":[{""type"":""paragraph"",""pdfua_tag"":""P"",""id"":3555,""page number"":82,""bounding box"":[419.191,383.093,542.384,411.363],""font"":null,""font size"":12.0,""content"":""승강장에 승강기 도 착 여부를 점멸 과 음 향 으로 안내, 승강기 내부에 승강기의 운행 상 황 , 도 착층 을 표시하는 표시등 및 음 성 으로 안내""}]},{""type"":""table cell"",""pdfua_tag"":""TD"",""page number"":82,""bounding box"":[542.384,383.093,665.577,411.363],""row number"":5,""column number"":5,""row span"":1,""column span"":1,""kids"":[]},{""type"":""table cell"",""pdfua_tag"":""TD"",""page number"":82,""bounding box"":[665.577,383.093,788.769,411.363],""row number"":5,""column number"":6,""row span"":1,""column span"":1,""kids"":[]}]},{""type"":""table row"",""row number"":6,""cells"":[{""type"":""table cell"",""pdfua_tag"":""TD"",""page number"":82,""bounding box"":[49.613,354.822,172.806,383.093],""row number"":6,""column number"":1,""row span"":1,""column span"":1,""kids"":[]},{""type"":""table cell"",""pdfua_tag"":""TD"",""page number"":82,""bounding box"":[172.806,354.822,295.999,383.093],""row number"":6,""column number"":2,""row span"":1,""column span"":1,""kids"":[{""type"":""paragraph"",""pdfua_tag"":""P"",""id"":3556,""page number"":82,""bounding box"":[172.806,354.822,295.999,383.093],""font"":null,""font size"":12.0,""content"":""2.5.6 수평 손잡 이""}]},{""type"":""table cell"",""pdfua_tag"":""TD"",""page number"":82,""bounding box"":[295.999,354.822,419.191,383.093],""row number"":6,""column number"":3,""row span"":1,""column span"":1,""kids"":[]},{""type"":""table cell"",""pdfua_tag"":""TD"",""page number"":82,""bounding box"":[419.191,354.822,542.384,383.093],""row number"":6,""column number"":4,""row span"":1,""column span"":1,""kids"":[{""type"":""paragraph"",""pdfua_tag"":""P"",""id"":3557,""page number"":82,""bounding box"":[419.191,354.822,542.384,383.093],""font"":null,""font size"":12.0,""content"":""수평 손잡 이가 높 이 0.85 c m ± 5 c m, 지 름 3.2~3.8 c m로 벽 과 손잡 이 간 격 5 c m 내외로 설치""}]},{""type"":""table cell"",""pdfua_tag"":""TD"",""page number"":82,""bounding box"":[542.384,354.822,665.577,383.093],""row number"":6,""column number"":5,""row span"":1,""column span"":1,""kids"":[]},{""type"":""table cell"",""pdfua_tag"":""TD"",""page number"":82,""bounding box"":[665.577,354.822,788.769,383.093],""row number"":6,""column number"":6,""row span"":1,""column span"":1,""kids"":[]}]},{""type"":""table row"",""row number"":7,""cells"":[{""type"":""table cell"",""pdfua_tag"":""TD"",""page number"":82,""bounding box"":[49.613,326.552,172.806,354.822],""row number"":7,""column number"":1,""row span"":1,""column span"":1,""kids"":[{""type"":""paragraph"",""pdfua_tag"":""P"",""id"":3558,""page number"":82,""bounding box"":[49.613,326.552,172.806,354.822],""font"":null,""font size"":12.0,""content"":""3.1 장애인 등이 이용 가능한 화장실""}]},{""type"":""table cell"",""pdfua_tag"":""TD"",""page number"":82,""bounding box"":[172.806,326.552,295.999,354.822],""row number"":7,""column number"":2,""row span"":1,""column span"":1,""kids"":[{""type"":""paragraph"",""pdfua_tag"":""P"",""id"":3559,""page number"":82,""bounding box"":[172.806,326.552,295.999,354.822],""font"":null,""font size"":12.0,""content"":""3.1.1 장애유형별 대 응 방법""}]},{""type"":""table cell"",""pdfua_tag"":""TD"",""page number"":82,""bounding box"":[295.999,326.552,419.191,354.822],""row number"":7,""column number"":3,""row span"":1,""column span"":1,""kids"":[]},{""type"":""table cell"",""pdfua_tag"":""TD"",""page number"":82,""bounding box"":[419.191,326.552,542.384,354.822],""row number"":7,""column number"":4,""row span"":1,""column span"":1,""kids"":[{""type"":""paragraph"",""pdfua_tag"":""P"",""id"":3560,""page number"":82,""bounding box"":[419.191,326.552,542.384,354.822],""font"":null,""font size"":12.0,""content"":""최소 1개 이상의 장애인 등이 이용가능한 화장실 (장애인 대변기는 남 자용 및 여자용 각각1개 이상 설치)""}]},{""type"":""table cell"",""pdfua_tag"":""TD"",""page number"":82,""bounding box"":[542.384,326.552,665.577,354.822],""row number"":7,""column number"":5,""row span"":1,""column span"":1,""kids"":[]},{""type"":""table cell"",""pdfua_tag"":""TD"",""page number"":82,""bounding box"":[665.577,326.552,788.769,354.822],""row number"":7,""column number"":6,""row span"":1,""column span"":1,""kids"":[]}]},{""type"":""table row"",""row number"":8,""cells"":[{""type"":""table cell"",""pdfua_tag"":""TD"",""page number"":82,""bounding box"":[49.613,298.281,172.806,326.552],""row number"":8,""column number"":1,""row span"":1,""column span"":1,""kids"":[]},{""type"":""table cell"",""pdfua_tag"":""TD"",""page number"":82,""bounding box"":[172.806,298.281,295.999,326.552],""row number"":8,""column number"":2,""row span"":1,""column span"":1,""kids"":[{""type"":""paragraph"",""pdfua_tag"":""P"",""id"":3561,""page number"":82,""bounding box"":[172.806,298.281,295.999,326.552],""font"":null,""font size"":12.0,""content"":""3.1.2 안내표지판""}]},{""type"":""table cell"",""pdfua_tag"":""TD"",""page number"":82,""bounding box"":[295.999,298.281,419.191,326.552],""row number"":8,""column number"":3,""row span"":1,""column span"":1,""kids"":[]},{""type"":""table cell"",""pdfua_tag"":""TD"",""page number"":82,""bounding box"":[419.191,298.281,542.384,326.552],""row number"":8,""column number"":4,""row span"":1,""column span"":1,""kids"":[{""type"":""paragraph"",""pdfua_tag"":""P"",""id"":3562,""page number"":82,""bounding box"":[419.191,298.281,542.384,326.552],""font"":null,""font size"":12.0,""content"":""화장실 출입문 및 벽 면의 1.5m 높 이에 점 자표기를 포함한 남 ․ 여 구분 안내표지 있음 점 자표지 0.3m 전면에 바닥재질 변화를 통한 경고표시 설치""}]},{""type"":""table cell"",""pdfua_tag"":""TD"",""page number"":82,""bounding box"":[542.384,298.281,665.577,326.552],""row number"":8,""column number"":5,""row span"":1,""column span"":1,""kids"":[]},{""type"":""table cell"",""pdfua_tag"":""TD"",""page number"":82,""bounding box"":[665.577,298.281,788.769,326.552],""row number"":8,""column number"":6,""row span"":1,""column span"":1,""kids"":[]}]},{""type"":""table row"",""row number"":9,""cells"":[{""type"":""table cell"",""pdfua_tag"":""TD"",""page number"":82,""bounding box"":[49.613,270.011,172.806,298.281],""row number"":9,""column number"":1,""row span"":1,""column span"":1,""kids"":[{""type"":""paragraph"",""pdfua_tag"":""P"",""id"":3563,""page number"":82,""bounding box"":[49.613,270.011,172.806,298.281],""font"":null,""font size"":12.0,""content"":""3.2 장애인 등이 이용 가능한 화장실 의접근""}]},{""type"":""table cell"",""pdfua_tag"":""TD"",""page number"":82,""bounding box"":[172.806,270.011,295.999,298.281],""row number"":9,""column number"":2,""row span"":1,""column span"":1,""kids"":[{""type"":""paragraph"",""pdfua_tag"":""P"",""id"":3564,""page number"":82,""bounding box"":[172.806,270.011,295.999,298.281],""font"":null,""font size"":12.0,""content"":""3.2.1 유 효 폭및 단차""}]},{""type"":""table cell"",""pdfua_tag"":""TD"",""page number"":82,""bounding box"":[295.999,270.011,419.191,298.281],""row number"":9,""column number"":3,""row span"":1,""column span"":1,""kids"":[{""type"":""paragraph"",""pdfua_tag"":""P"",""id"":3565,""page number"":82,""bounding box"":[295.999,270.011,419.191,298.281],""font"":null,""font size"":12.0,""content"":""유 효 폭""}]},{""type"":""table cell"",""pdfua_tag"":""TD"",""page number"":82,""bounding box"":[419.191,270.011,542.384,298.281],""row number"":9,""column number"":4,""row span"":1,""column span"":1,""kids"":[{""type"":""paragraph"",""pdfua_tag"":""P"",""id"":3566,""page number"":82,""bounding box"":[419.191,270.011,542.384,298.281],""font"":null,""font size"":12.0,""content"":""0.9m 이상 통로폭 확보""}]},{""type"":""table cell"",""pdfua_tag"":""TD"",""page number"":82,""bounding box"":[542.384,270.011,665.577,298.281],""row number"":9,""column number"":5,""row span"":1,""column span"":1,""kids"":[]},{""type"":""table cell"",""pdfua_tag"":""TD"",""page number"":82,""bounding box"":[665.577,270.011,788.769,298.281],""row number"":9,""column number"":6,""row span"":1,""column span"":1,""kids"":[]}]},{""type"":""table row"",""row number"":10,""cells"":[{""type"":""table cell"",""pdfua_tag"":""TD"",""page number"":82,""bounding box"":[49.613,241.74,172.806,270.011],""row number"":10,""column number"":1,""row span"":1,""column span"":1,""kids"":[]},{""type"":""table cell"",""pdfua_tag"":""TD"",""page number"":82,""bounding box"":[172.806,241.74,295.999,270.011],""row number"":10,""column number"":2,""row span"":1,""column span"":1,""kids"":[]},{""type"":""table cell"",""pdfua_tag"":""TD"",""page number"":82,""bounding box"":[295.999,241.74,419.191,270.011],""row number"":10,""column number"":3,""row span"":1,""column span"":1,""kids"":[{""type"":""paragraph"",""pdfua_tag"":""P"",""id"":3567,""page number"":82,""bounding box"":[295.999,241.74,419.191,270.011],""font"":null,""font size"":12.0,""content"":""단차""}]},{""type"":""table cell"",""pdfua_tag"":""TD"",""page number"":82,""bounding box"":[419.191,241.74,542.384,270.011],""row number"":10,""column number"":4,""row span"":1,""column span"":1,""kids"":[{""type"":""paragraph"",""pdfua_tag"":""P"",""id"":3568,""page number"":82,""bounding box"":[419.191,241.74,542.384,270.011],""font"":null,""font size"":12.0,""content"":""단차 2 c m 이하 또는 경사로 1/12이하 설치""}]},{""type"":""table cell"",""pdfua_tag"":""TD"",""page number"":82,""bounding box"":[542.384,241.74,665.577,270.011],""row number"":10,""column number"":5,""row span"":1,""column span"":1,""kids"":[]},{""type"":""table cell"",""pdfua_tag"":""TD"",""page number"":82,""bounding box"":[665.577,241.74,788.769,270.011],""row number"":10,""column number"":6,""row span"":1,""column span"":1,""kids"":[]}]},{""type"":""table row"",""row number"":11,""cells"":[{""type"":""table cell"",""pdfua_tag"":""TD"",""page number"":82,""bounding box"":[49.613,213.47,172.806,241.74],""row number"":11,""column number"":1,""row span"":1,""column span"":1,""kids"":[]},{""type"":""table cell"",""pdfua_tag"":""TD"",""page number"":82,""bounding box"":[172.806,213.47,295.999,241.74],""row number"":11,""column number"":2,""row span"":1,""column span"":1,""kids"":[{""type"":""paragraph"",""pdfua_tag"":""P"",""id"":3569,""page number"":82,""bounding box"":[172.806,213.47,295.999,241.74],""font"":null,""font size"":12.0,""content"":""3.2.2 바닥 마감""}]},{""type"":""table cell"",""pdfua_tag"":""TD"",""page number"":82,""bounding box"":[295.999,213.47,419.191,241.74],""row number"":11,""column number"":3,""row span"":1,""column span"":1,""kids"":[]},{""type"":""table cell"",""pdfua_tag"":""TD"",""page number"":82,""bounding box"":[419.191,213.47,542.384,241.74],""row number"":11,""column number"":4,""row span"":1,""column span"":1,""kids"":[{""type"":""paragraph"",""pdfua_tag"":""P"",""id"":3570,""page number"":82,""bounding box"":[419.191,213.47,542.384,241.74],""font"":null,""font size"":12.0,""content"":""물이 묻 어도 미 끄럽 지 않은 타 일 혹은 판 석 마감, 줄눈 1 c m 이하""}]},{""type"":""table cell"",""pdfua_tag"":""TD"",""page number"":82,""bounding box"":[542.384,213.47,665.577,241.74],""row number"":11,""column number"":5,""row span"":1,""column span"":1,""kids"":[]},{""type"":""table cell"",""pdfua_tag"":""TD"",""page number"":82,""bounding box"":[665.577,213.47,788.769,241.74],""row number"":11,""column number"":6,""row span"":1,""column span"":1,""kids"":[]}]},{""type"":""table row"",""row number"":12,""cells"":[{""type"":""table cell"",""pdfua_tag"":""TD"",""page number"":82,""bounding box"":[49.613,185.199,172.806,213.47],""row number"":12,""column number"":1,""row span"":1,""column span"":1,""kids"":[]},{""type"":""table cell"",""pdfua_tag"":""TD"",""page number"":82,""bounding box"":[172.806,185.199,295.999,213.47],""row number"":12,""column number"":2,""row span"":1,""column span"":1,""kids"":[{""type"":""paragraph"",""pdfua_tag"":""P"",""id"":3571,""page number"":82,""bounding box"":[172.806,185.199,295.999,213.47],""font"":null,""font size"":12.0,""content"":""3.2.3 출입구(문)""}]},{""type"":""table cell"",""pdfua_tag"":""TD"",""page number"":82,""bounding box"":[295.999,185.199,419.191,213.47],""row number"":12,""column number"":3,""row span"":1,""column span"":1,""kids"":[]},{""type"":""table cell"",""pdfua_tag"":""TD"",""page number"":82,""bounding box"":[419.191,185.199,542.384,213.47],""row number"":12,""column number"":4,""row span"":1,""column span"":1,""kids"":[{""type"":""paragraph"",""pdfua_tag"":""P"",""id"":3572,""page number"":82,""bounding box"":[419.191,185.199,542.384,213.47],""font"":null,""font size"":12.0,""content"":""유 효 폭 0.9m 이상의 여 닫 이, 미 닫 이 등의 출입문 형 태 로 설치""}]},{""type"":""table cell"",""pdfua_tag"":""TD"",""page number"":82,""bounding box"":[542.384,185.199,665.577,213.47],""row number"":12,""column number"":5,""row span"":1,""column span"":1,""kids"":[]},{""type"":""table cell"",""pdfua_tag"":""TD"",""page number"":82,""bounding box"":[665.577,185.199,788.769,213.47],""row number"":12,""column number"":6,""row span"":1,""column span"":1,""kids"":[]}]},{""type"":""table row"",""row number"":13,""cells"":[{""type"":""table cell"",""pdfua_tag"":""TD"",""page number"":82,""bounding box"":[49.613,156.929,172.806,185.199],""row number"":13,""column number"":1,""row span"":1,""column span"":1,""kids"":[{""type"":""paragraph"",""pdfua_tag"":""P"",""id"":3573,""page number"":82,""bounding box"":[49.613,156.929,172.806,185.199],""font"":null,""font size"":12.0,""content"":""3.3 장애인 등이 이용 가능한 대변기""}]},{""type"":""table cell"",""pdfua_tag"":""TD"",""page number"":82,""bounding box"":[172.806,156.929,295.999,185.199],""row number"":13,""column number"":2,""row span"":1,""column span"":1,""kids"":[{""type"":""paragraph"",""pdfua_tag"":""P"",""id"":3574,""page number"":82,""bounding box"":[172.806,156.929,295.999,185.199],""font"":null,""font size"":12.0,""content"":""3.3.1 칸막 이""}]},{""type"":""table cell"",""pdfua_tag"":""TD"",""page number"":82,""bounding box"":[295.999,156.929,419.191,185.199],""row number"":13,""column number"":3,""row span"":1,""column span"":1,""kids"":[{""type"":""paragraph"",""pdfua_tag"":""P"",""id"":3575,""page number"":82,""bounding box"":[295.999,156.929,419.191,185.199],""font"":null,""font size"":12.0,""content"":""유 효 폭""}]},{""type"":""table cell"",""pdfua_tag"":""TD"",""page number"":82,""bounding box"":[419.191,156.929,542.384,185.199],""row number"":13,""column number"":4,""row span"":1,""column span"":1,""kids"":[{""type"":""paragraph"",""pdfua_tag"":""P"",""id"":3576,""page number"":82,""bounding box"":[419.191,156.929,542.384,185.199],""font"":null,""font size"":12.0,""content"":""유 효 폭 0.9m 이상.""}]},{""type"":""table cell"",""pdfua_tag"":""TD"",""page number"":82,""bounding box"":[542.384,156.929,665.577,185.199],""row number"":13,""column number"":5,""row span"":1,""column span"":1,""kids"":[]},{""type"":""table cell"",""pdfua_tag"":""TD"",""page number"":82,""bounding box"":[665.577,156.929,788.769,185.199],""row number"":13,""column number"":6,""row span"":1,""column span"":1,""kids"":[]}]},{""type"":""table row"",""row number"":14,""cells"":[{""type"":""table cell"",""pdfua_tag"":""TD"",""page number"":82,""bounding box"":[49.613,128.658,172.806,156.929],""row number"":14,""column number"":1,""row span"":1,""column span"":1,""kids"":[]},{""type"":""table cell"",""pdfua_tag"":""TD"",""page number"":82,""bounding box"":[172.806,128.658,295.999,156.929],""row number"":14,""column number"":2,""row span"":1,""column span"":1,""kids"":[]},{""type"":""table cell"",""pdfua_tag"":""TD"",""page number"":82,""bounding box"":[295.999,128.658,419.191,156.929],""row number"":14,""column number"":3,""row span"":1,""column span"":1,""kids"":[{""type"":""paragraph"",""pdfua_tag"":""P"",""id"":3577,""page number"":82,""bounding box"":[295.999,128.658,419.191,156.929],""font"":null,""font size"":12.0,""content"":""형 태""}]},{""type"":""table cell"",""pdfua_tag"":""TD"",""page number"":82,""bounding box"":[419.191,128.658,542.384,156.929],""row number"":14,""column number"":4,""row span"":1,""column span"":1,""kids"":[{""type"":""paragraph"",""pdfua_tag"":""P"",""id"":3578,""page number"":82,""bounding box"":[419.191,128.658,542.384,156.929],""font"":null,""font size"":12.0,""content"":""내부공간이 확보 된 밖 여 닫 이문 또는 미 닫 이 형 태""}]},{""type"":""table cell"",""pdfua_tag"":""TD"",""page number"":82,""bounding box"":[542.384,128.658,665.577,156.929],""row number"":14,""column number"":5,""row span"":1,""column span"":1,""kids"":[]},{""type"":""table cell"",""pdfua_tag"":""TD"",""page number"":82,""bounding box"":[665.577,128.658,788.769,156.929],""row number"":14,""column number"":6,""row span"":1,""column span"":1,""kids"":[]}]},{""type"":""table row"",""row number"":15,""cells"":[{""type"":""table cell"",""pdfua_tag"":""TD"",""page number"":82,""bounding box"":[49.613,100.388,172.806,128.658],""row number"":15,""column number"":1,""row span"":1,""column span"":1,""kids"":[]},{""type"":""table cell"",""pdfua_tag"":""TD"",""page number"":82,""bounding box"":[172.806,100.388,295.999,128.658],""row number"":15,""column number"":2,""row span"":1,""column span"":1,""kids"":[{""type"":""paragraph"",""pdfua_tag"":""P"",""id"":3579,""page number"":82,""bounding box"":[172.806,100.388,295.999,128.658],""font"":null,""font size"":12.0,""content"":""출입문""}]},{""type"":""table cell"",""pdfua_tag"":""TD"",""page number"":82,""bounding box"":[295.999,100.388,419.191,128.658],""row number"":15,""column number"":3,""row span"":1,""column span"":1,""kids"":[{""type"":""paragraph"",""pdfua_tag"":""P"",""id"":3580,""page number"":82,""bounding box"":[295.999,100.388,419.191,128.658],""font"":null,""font size"":12.0,""content"":""사용여부 설비""}]},{""type"":""table cell"",""pdfua_tag"":""TD"",""page number"":82,""bounding box"":[419.191,100.388,542.384,128.658],""row number"":15,""column number"":4,""row span"":1,""column span"":1,""kids"":[{""type"":""paragraph"",""pdfua_tag"":""P"",""id"":3581,""page number"":82,""bounding box"":[419.191,100.388,542.384,128.658],""font"":null,""font size"":12.0,""content"":""색상으로 사용여부 알 수 있음""}]},{""type"":""table cell"",""pdfua_tag"":""TD"",""page number"":82,""bounding box"":[542.384,100.388,665.577,128.658],""row number"":15,""column number"":5,""row span"":1,""column span"":1,""kids"":[]},{""type"":""table cell"",""pdfua_tag"":""TD"",""page number"":82,""bounding box"":[665.577,100.388,788.769,128.658],""row number"":15,""column number"":6,""row span"":1,""column span"":1,""kids"":[]}]},{""type"":""table row"",""row number"":16,""cells"":[{""type"":""table cell"",""pdfua_tag"":""TD"",""page number"":82,""bounding box"":[49.613,72.117,172.806,100.388],""row number"":16,""column number"":1,""row span"":1,""column span"":1,""kids"":[]},{""type"":""table cell"",""pdfua_tag"":""TD"",""page number"":82,""bounding box"":[172.806,72.117,295.999,100.388],""row number"":16,""column number"":2,""row span"":1,""column span"":1,""kids"":[{""type"":""paragraph"",""pdfua_tag"":""P"",""id"":3582,""page number"":82,""bounding box"":[172.806,72.117,295.999,100.388],""font"":null,""font size"":12.0,""content"":""잠금 장치""}]},{""type"":""table cell"",""pdfua_tag"":""TD"",""page number"":82,""bounding box"":[295.999,72.117,419.191,100.388],""row number"":16,""column number"":3,""row span"":1,""column span"":1,""kids"":[]},{""type"":""table cell"",""pdfua_tag"":""TD"",""page number"":82,""bounding box"":[419.191,72.117,542.384,100.388],""row number"":16,""column number"":4,""row span"":1,""column span"":1,""kids"":[{""type"":""paragraph"",""pdfua_tag"":""P"",""id"":3583,""page number"":82,""bounding box"":[419.191,72.117,542.384,100.388],""font"":null,""font size"":12.0,""content"":""잠금 장치 설치""}]},{""type"":""table cell"",""pdfua_tag"":""TD"",""page number"":82,""bounding box"":[542.384,72.117,665.577,100.388],""row number"":16,""column number"":5,""row span"":1,""column span"":1,""kids"":[]},{""type"":""table cell"",""pdfua_tag"":""TD"",""page number"":82,""bounding box"":[665.577,72.117,788.769,100.388],""row number"":16,""column number"":6,""row span"":1,""column span"":1,""kids"":[]}]}]",law-1_p082_LAW1-T044.png,49.613,72.117,788.769,524.445,자동 추출,
LAW1-T045,LAW1,LAW1-4_7_4,83,83,LAW1-4_7_4 표 45,9,5,"범주 | 평가항목 | 세부평가기준 | 반영여부 (O, X) 미반영사유
 | 3.3.2 활동공간 | 대변기 유 효바닥 면적이 폭 1.6m이상, 깊 이 2.0m이상, 대변기 측 면 활동공간 0.75m 이상 확보 대변기 전면 활동공간 1.4mx1.4m 이상 확보 |  | 
 | 3.3.3 형 태 | 대변기는 양변기 설치, 좌 대 높 이는 바닥 면으로부터 0.4~0.45m |  | 
 | 3.3.4 손잡 이 | 대변기 양 옆 에 수평 손잡 이는 높 이 0.6m~0.7m 위치에 설치 변기 중심에서 좌 우 0.45m 이내의 지 점 에 고정하여 설치 다른 쪽 손잡 이는 회전식으로 간 격 은 0.6m 내외로 설치 손잡 이간의 간 격 0.7m 내외 설치 수직 손잡 이는 수평 손잡 이와 연결하여 0.9m 이상 길 이로 설치 손잡 이 두 께 는 지 름 3.2 c m~3.8 c m가 되 도 록 설치 |  | 
 | 3.3.5 기 타 설비 | 대변기에 비상 호 출 벨 및 등 받 이 설치 앉 은 상 태 에서 화장지 걸 이등의 기 타 설비가 이용 가능하도 록 설치 세정장치는 바닥 및 벽 면 누름 버튼 장치 설치 or 광감지식 비상용 벨 은 대변기 가까운 곳 에 0.6m~0.9m 높 이 사이에 위치, 바닥 면으로부터 0.2m내외 높 이에서도이용가능 자동문 설치시, 버튼 은 0.8m~0.9m 높 이로 설치, 코너로부터 0.4m 이상 이 격 설치 조 명스 위치 및 화장지 걸 이는 0.8m~1.2m 높 이 이내 설치 |  | 
3.4 소변기 | 3.4.1 소변기형 태 및 손잡 이 | 수평 손잡 이는 높 이 0.8m~0.9m, 길 이는 벽 면으로부터 0.55m 내외, 좌 우 손잡 이간 격 0.6m 내외, 수직 손잡 이는 높 이 1.1m~1.2m, 돌 출폭 벽 면으로부터 0.25m 내외, 하단부가 휠 체어의 이동에 방해가 되 지 않도 록 설치 / 손잡 이 두 께 는 지 름 3.2~3.8m |  | 
3.5 세면대 | 3.5.1 형 태 | 세면대의 상단 높 이는 바닥 면으로부터 0.85m, 하단은 깊 이 0.45m, 높 이 0.65m 확보 |  | 
3.5.2 거울 | 세로 길 이 0.65m 이상, 하단 높 이 바닥 면으로부터 0.9m 이내 전면거울 설치 |  | 
3.5.3 수도 꼭 지 | 누름버튼 식, 레 버 식 등 사용하기 쉬 운 형 태 로 설치하며, 냉, 온 수 점 자표시 |  | ","<table><tr><td>범주</td><td>평가항목</td><td>세부평가기준</td><td colspan=""2"">반영여부 (O, X) 미반영사유</td></tr><tr><td></td><td>3.3.2 활동공간</td><td>대변기 유 효바닥 면적이 폭 1.6m이상, 깊 이 2.0m이상, 대변기 측 면 활동공간 0.75m 이상 확보 대변기 전면 활동공간 1.4mx1.4m 이상 확보</td><td></td><td></td></tr><tr><td></td><td>3.3.3 형 태</td><td>대변기는 양변기 설치, 좌 대 높 이는 바닥 면으로부터 0.4~0.45m</td><td></td><td></td></tr><tr><td></td><td>3.3.4 손잡 이</td><td>대변기 양 옆 에 수평 손잡 이는 높 이 0.6m~0.7m 위치에 설치 변기 중심에서 좌 우 0.45m 이내의 지 점 에 고정하여 설치 다른 쪽 손잡 이는 회전식으로 간 격 은 0.6m 내외로 설치 손잡 이간의 간 격 0.7m 내외 설치 수직 손잡 이는 수평 손잡 이와 연결하여 0.9m 이상 길 이로 설치 손잡 이 두 께 는 지 름 3.2 c m~3.8 c m가 되 도 록 설치</td><td></td><td></td></tr><tr><td></td><td>3.3.5 기 타 설비</td><td>대변기에 비상 호 출 벨 및 등 받 이 설치 앉 은 상 태 에서 화장지 걸 이등의 기 타 설비가 이용 가능하도 록 설치 세정장치는 바닥 및 벽 면 누름 버튼 장치 설치 or 광감지식 비상용 벨 은 대변기 가까운 곳 에 0.6m~0.9m 높 이 사이에 위치, 바닥 면으로부터 0.2m내외 높 이에서도이용가능 자동문 설치시, 버튼 은 0.8m~0.9m 높 이로 설치, 코너로부터 0.4m 이상 이 격 설치 조 명스 위치 및 화장지 걸 이는 0.8m~1.2m 높 이 이내 설치</td><td></td><td></td></tr><tr><td>3.4 소변기</td><td>3.4.1 소변기형 태 및 손잡 이</td><td>수평 손잡 이는 높 이 0.8m~0.9m, 길 이는 벽 면으로부터 0.55m 내외, 좌 우 손잡 이간 격 0.6m 내외, 수직 손잡 이는 높 이 1.1m~1.2m, 돌 출폭 벽 면으로부터 0.25m 내외, 하단부가 휠 체어의 이동에 방해가 되 지 않도 록 설치 / 손잡 이 두 께 는 지 름 3.2~3.8m</td><td></td><td></td></tr><tr><td rowspan=""3"">3.5 세면대</td><td>3.5.1 형 태</td><td>세면대의 상단 높 이는 바닥 면으로부터 0.85m, 하단은 깊 이 0.45m, 높 이 0.65m 확보</td><td></td><td></td></tr><tr><td>3.5.2 거울</td><td>세로 길 이 0.65m 이상, 하단 높 이 바닥 면으로부터 0.9m 이내 전면거울 설치</td><td></td><td></td></tr><tr><td>3.5.3 수도 꼭 지</td><td>누름버튼 식, 레 버 식 등 사용하기 쉬 운 형 태 로 설치하며, 냉, 온 수 점 자표시</td><td></td><td></td></tr></table>","[{""type"":""table row"",""row number"":1,""cells"":[{""type"":""table cell"",""pdfua_tag"":""TH"",""page number"":83,""bounding box"":[50.517,474.709,198.167,524.397],""row number"":1,""column number"":1,""row span"":1,""column span"":1,""is_header"":true,""kids"":[{""type"":""paragraph"",""pdfua_tag"":""P"",""id"":3585,""page number"":83,""bounding box"":[50.517,474.709,198.167,524.397],""font"":null,""font size"":12.0,""content"":""범주""}]},{""type"":""table cell"",""pdfua_tag"":""TH"",""page number"":83,""bounding box"":[198.167,474.709,345.817,524.397],""row number"":1,""column number"":2,""row span"":1,""column span"":1,""is_header"":true,""kids"":[{""type"":""paragraph"",""pdfua_tag"":""P"",""id"":3586,""page number"":83,""bounding box"":[198.167,474.709,345.817,524.397],""font"":null,""font size"":12.0,""content"":""평가항목""}]},{""type"":""table cell"",""pdfua_tag"":""TH"",""page number"":83,""bounding box"":[345.817,474.709,493.467,524.397],""row number"":1,""column number"":3,""row span"":1,""column span"":1,""is_header"":true,""kids"":[{""type"":""paragraph"",""pdfua_tag"":""P"",""id"":3587,""page number"":83,""bounding box"":[345.817,474.709,493.467,524.397],""font"":null,""font size"":12.0,""content"":""세부평가기준""}]},{""type"":""table cell"",""pdfua_tag"":""TH"",""page number"":83,""bounding box"":[493.467,474.709,788.767,524.397],""row number"":1,""column number"":4,""row span"":1,""column span"":2,""is_header"":true,""kids"":[{""type"":""paragraph"",""pdfua_tag"":""P"",""id"":3588,""page number"":83,""bounding box"":[493.467,474.709,788.767,524.397],""font"":null,""font size"":9.96,""text color"":""[0.0]"",""content"":""반영여부 (O, X) 미반영사유 　""}]}]},{""type"":""table row"",""row number"":2,""cells"":[{""type"":""table cell"",""pdfua_tag"":""TD"",""page number"":83,""bounding box"":[50.517,425.021,198.167,474.709],""row number"":2,""column number"":1,""row span"":1,""column span"":1,""kids"":[]},{""type"":""table cell"",""pdfua_tag"":""TD"",""page number"":83,""bounding box"":[198.167,425.021,345.817,474.709],""row number"":2,""column number"":2,""row span"":1,""column span"":1,""kids"":[{""type"":""paragraph"",""pdfua_tag"":""P"",""id"":3589,""page number"":83,""bounding box"":[198.167,425.021,345.817,474.709],""font"":null,""font size"":12.0,""content"":""3.3.2 활동공간""}]},{""type"":""table cell"",""pdfua_tag"":""TD"",""page number"":83,""bounding box"":[345.817,425.021,493.467,474.709],""row number"":2,""column number"":3,""row span"":1,""column span"":1,""kids"":[{""type"":""paragraph"",""pdfua_tag"":""P"",""id"":3590,""page number"":83,""bounding box"":[345.817,425.021,493.467,474.709],""font"":null,""font size"":12.0,""content"":""대변기 유 효바닥 면적이 폭 1.6m이상, 깊 이 2.0m이상, 대변기 측 면 활동공간 0.75m 이상 확보 대변기 전면 활동공간 1.4mx1.4m 이상 확보""}]},{""type"":""table cell"",""pdfua_tag"":""TD"",""page number"":83,""bounding box"":[493.467,425.021,641.117,474.709],""row number"":2,""column number"":4,""row span"":1,""column span"":1,""kids"":[]},{""type"":""table cell"",""pdfua_tag"":""TD"",""page number"":83,""bounding box"":[641.117,425.021,788.767,474.709],""row number"":2,""column number"":5,""row span"":1,""column span"":1,""kids"":[]}]},{""type"":""table row"",""row number"":3,""cells"":[{""type"":""table cell"",""pdfua_tag"":""TD"",""page number"":83,""bounding box"":[50.517,375.333,198.167,425.021],""row number"":3,""column number"":1,""row span"":1,""column span"":1,""kids"":[]},{""type"":""table cell"",""pdfua_tag"":""TD"",""page number"":83,""bounding box"":[198.167,375.333,345.817,425.021],""row number"":3,""column number"":2,""row span"":1,""column span"":1,""kids"":[{""type"":""paragraph"",""pdfua_tag"":""P"",""id"":3591,""page number"":83,""bounding box"":[198.167,375.333,345.817,425.021],""font"":null,""font size"":12.0,""content"":""3.3.3 형 태""}]},{""type"":""table cell"",""pdfua_tag"":""TD"",""page number"":83,""bounding box"":[345.817,375.333,493.467,425.021],""row number"":3,""column number"":3,""row span"":1,""column span"":1,""kids"":[{""type"":""paragraph"",""pdfua_tag"":""P"",""id"":3592,""page number"":83,""bounding box"":[345.817,375.333,493.467,425.021],""font"":null,""font size"":12.0,""content"":""대변기는 양변기 설치, 좌 대 높 이는 바닥 면으로부터 0.4~0.45m""}]},{""type"":""table cell"",""pdfua_tag"":""TD"",""page number"":83,""bounding box"":[493.467,375.333,641.117,425.021],""row number"":3,""column number"":4,""row span"":1,""column span"":1,""kids"":[]},{""type"":""table cell"",""pdfua_tag"":""TD"",""page number"":83,""bounding box"":[641.117,375.333,788.767,425.021],""row number"":3,""column number"":5,""row span"":1,""column span"":1,""kids"":[]}]},{""type"":""table row"",""row number"":4,""cells"":[{""type"":""table cell"",""pdfua_tag"":""TD"",""page number"":83,""bounding box"":[50.517,325.646,198.167,375.333],""row number"":4,""column number"":1,""row span"":1,""column span"":1,""kids"":[]},{""type"":""table cell"",""pdfua_tag"":""TD"",""page number"":83,""bounding box"":[198.167,325.646,345.817,375.333],""row number"":4,""column number"":2,""row span"":1,""column span"":1,""kids"":[{""type"":""paragraph"",""pdfua_tag"":""P"",""id"":3593,""page number"":83,""bounding box"":[198.167,325.646,345.817,375.333],""font"":null,""font size"":12.0,""content"":""3.3.4 손잡 이""}]},{""type"":""table cell"",""pdfua_tag"":""TD"",""page number"":83,""bounding box"":[345.817,325.646,493.467,375.333],""row number"":4,""column number"":3,""row span"":1,""column span"":1,""kids"":[{""type"":""paragraph"",""pdfua_tag"":""P"",""id"":3594,""page number"":83,""bounding box"":[345.817,325.646,493.467,375.333],""font"":null,""font size"":12.0,""content"":""대변기 양 옆 에 수평 손잡 이는 높 이 0.6m~0.7m 위치에 설치 변기 중심에서 좌 우 0.45m 이내의 지 점 에 고정하여 설치 다른 쪽 손잡 이는 회전식으로 간 격 은 0.6m 내외로 설치 손잡 이간의 간 격 0.7m 내외 설치 수직 손잡 이는 수평 손잡 이와 연결하여 0.9m 이상 길 이로 설치 손잡 이 두 께 는 지 름 3.2 c m~3.8 c m가 되 도 록 설치""}]},{""type"":""table cell"",""pdfua_tag"":""TD"",""page number"":83,""bounding box"":[493.467,325.646,641.117,375.333],""row number"":4,""column number"":4,""row span"":1,""column span"":1,""kids"":[]},{""type"":""table cell"",""pdfua_tag"":""TD"",""page number"":83,""bounding box"":[641.117,325.646,788.767,375.333],""row number"":4,""column number"":5,""row span"":1,""column span"":1,""kids"":[]}]},{""type"":""table row"",""row number"":5,""cells"":[{""type"":""table cell"",""pdfua_tag"":""TD"",""page number"":83,""bounding box"":[50.517,275.958,198.167,325.646],""row number"":5,""column number"":1,""row span"":1,""column span"":1,""kids"":[]},{""type"":""table cell"",""pdfua_tag"":""TD"",""page number"":83,""bounding box"":[198.167,275.958,345.817,325.646],""row number"":5,""column number"":2,""row span"":1,""column span"":1,""kids"":[{""type"":""paragraph"",""pdfua_tag"":""P"",""id"":3595,""page number"":83,""bounding box"":[198.167,275.958,345.817,325.646],""font"":null,""font size"":12.0,""content"":""3.3.5 기 타 설비""}]},{""type"":""table cell"",""pdfua_tag"":""TD"",""page number"":83,""bounding box"":[345.817,275.958,493.467,325.646],""row number"":5,""column number"":3,""row span"":1,""column span"":1,""kids"":[{""type"":""paragraph"",""pdfua_tag"":""P"",""id"":3596,""page number"":83,""bounding box"":[345.817,275.958,493.467,325.646],""font"":null,""font size"":12.0,""content"":""대변기에 비상 호 출 벨 및 등 받 이 설치 앉 은 상 태 에서 화장지 걸 이등의 기 타 설비가 이용 가능하도 록 설치 세정장치는 바닥 및 벽 면 누름 버튼 장치 설치 or 광감지식 비상용 벨 은 대변기 가까운 곳 에 0.6m~0.9m 높 이 사이에 위치, 바닥 면으로부터 0.2m내외 높 이에서도이용가능 자동문 설치시, 버튼 은 0.8m~0.9m 높 이로 설치, 코너로부터 0.4m 이상 이 격 설치 조 명스 위치 및 화장지 걸 이는 0.8m~1.2m 높 이 이내 설치""}]},{""type"":""table cell"",""pdfua_tag"":""TD"",""page number"":83,""bounding box"":[493.467,275.958,641.117,325.646],""row number"":5,""column number"":4,""row span"":1,""column span"":1,""kids"":[]},{""type"":""table cell"",""pdfua_tag"":""TD"",""page number"":83,""bounding box"":[641.117,275.958,788.767,325.646],""row number"":5,""column number"":5,""row span"":1,""column span"":1,""kids"":[]}]},{""type"":""table row"",""row number"":6,""cells"":[{""type"":""table cell"",""pdfua_tag"":""TD"",""page number"":83,""bounding box"":[50.517,226.27,198.167,275.958],""row number"":6,""column number"":1,""row span"":1,""column span"":1,""kids"":[{""type"":""paragraph"",""pdfua_tag"":""P"",""id"":3597,""page number"":83,""bounding box"":[50.517,226.27,198.167,275.958],""font"":null,""font size"":12.0,""content"":""3.4 소변기""}]},{""type"":""table cell"",""pdfua_tag"":""TD"",""page number"":83,""bounding box"":[198.167,226.27,345.817,275.958],""row number"":6,""column number"":2,""row span"":1,""column span"":1,""kids"":[{""type"":""paragraph"",""pdfua_tag"":""P"",""id"":3598,""page number"":83,""bounding box"":[198.167,226.27,345.817,275.958],""font"":null,""font size"":12.0,""content"":""3.4.1 소변기형 태 및 손잡 이""}]},{""type"":""table cell"",""pdfua_tag"":""TD"",""page number"":83,""bounding box"":[345.817,226.27,493.467,275.958],""row number"":6,""column number"":3,""row span"":1,""column span"":1,""kids"":[{""type"":""paragraph"",""pdfua_tag"":""P"",""id"":3599,""page number"":83,""bounding box"":[345.817,226.27,493.467,275.958],""font"":null,""font size"":12.0,""content"":""수평 손잡 이는 높 이 0.8m~0.9m, 길 이는 벽 면으로부터 0.55m 내외, 좌 우 손잡 이간 격 0.6m 내외, 수직 손잡 이는 높 이 1.1m~1.2m, 돌 출폭 벽 면으로부터 0.25m 내외, 하단부가 휠 체어의 이동에 방해가 되 지 않도 록 설치 / 손잡 이 두 께 는 지 름 3.2~3.8m""}]},{""type"":""table cell"",""pdfua_tag"":""TD"",""page number"":83,""bounding box"":[493.467,226.27,641.117,275.958],""row number"":6,""column number"":4,""row span"":1,""column span"":1,""kids"":[]},{""type"":""table cell"",""pdfua_tag"":""TD"",""page number"":83,""bounding box"":[641.117,226.27,788.767,275.958],""row number"":6,""column number"":5,""row span"":1,""column span"":1,""kids"":[]}]},{""type"":""table row"",""row number"":7,""cells"":[{""type"":""table cell"",""pdfua_tag"":""TD"",""page number"":83,""bounding box"":[50.517,77.206,198.167,226.27],""row number"":7,""column number"":1,""row span"":3,""column span"":1,""kids"":[{""type"":""paragraph"",""pdfua_tag"":""P"",""id"":3600,""page number"":83,""bounding box"":[50.517,77.206,198.167,226.27],""font"":null,""font size"":12.0,""content"":""3.5 세면대""}]},{""type"":""table cell"",""pdfua_tag"":""TD"",""page number"":83,""bounding box"":[198.167,176.582,345.817,226.27],""row number"":7,""column number"":2,""row span"":1,""column span"":1,""kids"":[{""type"":""paragraph"",""pdfua_tag"":""P"",""id"":3601,""page number"":83,""bounding box"":[198.167,176.582,345.817,226.27],""font"":null,""font size"":12.0,""content"":""3.5.1 형 태""}]},{""type"":""table cell"",""pdfua_tag"":""TD"",""page number"":83,""bounding box"":[345.817,176.582,493.467,226.27],""row number"":7,""column number"":3,""row span"":1,""column span"":1,""kids"":[{""type"":""paragraph"",""pdfua_tag"":""P"",""id"":3602,""page number"":83,""bounding box"":[345.817,176.582,493.467,226.27],""font"":null,""font size"":12.0,""content"":""세면대의 상단 높 이는 바닥 면으로부터 0.85m, 하단은 깊 이 0.45m, 높 이 0.65m 확보""}]},{""type"":""table cell"",""pdfua_tag"":""TD"",""page number"":83,""bounding box"":[493.467,176.582,641.117,226.27],""row number"":7,""column number"":4,""row span"":1,""column span"":1,""kids"":[]},{""type"":""table cell"",""pdfua_tag"":""TD"",""page number"":83,""bounding box"":[641.117,176.582,788.767,226.27],""row number"":7,""column number"":5,""row span"":1,""column span"":1,""kids"":[]}]},{""type"":""table row"",""row number"":8,""cells"":[{""type"":""table cell"",""pdfua_tag"":""TD"",""page number"":83,""bounding box"":[198.167,126.894,345.817,176.582],""row number"":8,""column number"":2,""row span"":1,""column span"":1,""kids"":[{""type"":""paragraph"",""pdfua_tag"":""P"",""id"":3603,""page number"":83,""bounding box"":[198.167,126.894,345.817,176.582],""font"":null,""font size"":12.0,""content"":""3.5.2 거울""}]},{""type"":""table cell"",""pdfua_tag"":""TD"",""page number"":83,""bounding box"":[345.817,126.894,493.467,176.582],""row number"":8,""column number"":3,""row span"":1,""column span"":1,""kids"":[{""type"":""paragraph"",""pdfua_tag"":""P"",""id"":3604,""page number"":83,""bounding box"":[345.817,126.894,493.467,176.582],""font"":null,""font size"":12.0,""content"":""세로 길 이 0.65m 이상, 하단 높 이 바닥 면으로부터 0.9m 이내 전면거울 설치""}]},{""type"":""table cell"",""pdfua_tag"":""TD"",""page number"":83,""bounding box"":[493.467,126.894,641.117,176.582],""row number"":8,""column number"":4,""row span"":1,""column span"":1,""kids"":[]},{""type"":""table cell"",""pdfua_tag"":""TD"",""page number"":83,""bounding box"":[641.117,126.894,788.767,176.582],""row number"":8,""column number"":5,""row span"":1,""column span"":1,""kids"":[]}]},{""type"":""table row"",""row number"":9,""cells"":[{""type"":""table cell"",""pdfua_tag"":""TD"",""page number"":83,""bounding box"":[198.167,77.206,345.817,126.894],""row number"":9,""column number"":2,""row span"":1,""column span"":1,""kids"":[{""type"":""paragraph"",""pdfua_tag"":""P"",""id"":3605,""page number"":83,""bounding box"":[198.167,77.206,345.817,126.894],""font"":null,""font size"":12.0,""content"":""3.5.3 수도 꼭 지""}]},{""type"":""table cell"",""pdfua_tag"":""TD"",""page number"":83,""bounding box"":[345.817,77.206,493.467,126.894],""row number"":9,""column number"":3,""row span"":1,""column span"":1,""kids"":[{""type"":""paragraph"",""pdfua_tag"":""P"",""id"":3606,""page number"":83,""bounding box"":[345.817,77.206,493.467,126.894],""font"":null,""font size"":12.0,""content"":""누름버튼 식, 레 버 식 등 사용하기 쉬 운 형 태 로 설치하며, 냉, 온 수 점 자표시""}]},{""type"":""table cell"",""pdfua_tag"":""TD"",""page number"":83,""bounding box"":[493.467,77.206,641.117,126.894],""row number"":9,""column number"":4,""row span"":1,""column span"":1,""kids"":[]},{""type"":""table cell"",""pdfua_tag"":""TD"",""page number"":83,""bounding box"":[641.117,77.206,788.767,126.894],""row number"":9,""column number"":5,""row span"":1,""column span"":1,""kids"":[]}]}]",law-1_p083_LAW1-T045.png,50.517,77.206,788.767,524.397,자동 추출,
LAW1-T046,LAW1,LAW1-4_7_4,84,84,LAW1-4_7_4 표 46,6,6,"부문 | 범주 | 평가항목 | 세부평가기준 | 반영여부 (O, X) 미반영사유 마감
4.단위 세대 | 5.1 단위 세대 | 4.1.1 내부 바닥 | 바닥 면에 높 이차이를 두지 않으며, 표면은 미 끄럽 지 않는 재질 로 평 탄 하게 마감 |  | 
4.1.2 유 효 폭 및 단차 | 출입문 통과 유 효 폭 0.9m이상, 출입문 단차 2 ㎝ 이하 |  | 
4.1.3 유 효바닥 면 | 화장실 유 효 바닥 면적이 폭1.6m 이상, 깊 이 2.0m 이상이 되 도 록 설치 |  | 
4.1.4 손잡 이 | - 대변기 양 옆 에 수평 손잡 이는 높 이 0.6m~0.7m 위치에 설치 변기중심에서 0.4m이내의 지 점 에 고정하여 설치 -반대 쪽 손잡 이는 좌 ․ 우 회전식 또는 상 ․ 하회전식으로 간 격 은 0.75m내로 설치 -수직 손잡 이는 수평 손잡 이와 연결하여 0.8m~0.9m 길 이로 설치 - 손잡 이 두 께 는 지 름 3.2 ㎝ ~3.8 ㎝ 가 되 도 록 설치 |  | 
4.1.5 설치 높 이 | 콘 센트, 스 위치, 수납선반, 옷 걸 이 등의 설치 높 이는 바닥 면으로부터 0.8m~1.2m 이하로 설치 |  | ","<table><tr><td>부문</td><td>범주</td><td>평가항목</td><td>세부평가기준</td><td colspan=""2"">반영여부 (O, X) 미반영사유 마감</td></tr><tr><td rowspan=""5"">4.단위 세대</td><td rowspan=""5"">5.1 단위 세대</td><td>4.1.1 내부 바닥</td><td>바닥 면에 높 이차이를 두지 않으며, 표면은 미 끄럽 지 않는 재질 로 평 탄 하게 마감</td><td></td><td></td></tr><tr><td>4.1.2 유 효 폭 및 단차</td><td>출입문 통과 유 효 폭 0.9m이상, 출입문 단차 2 ㎝ 이하</td><td></td><td></td></tr><tr><td>4.1.3 유 효바닥 면</td><td>화장실 유 효 바닥 면적이 폭1.6m 이상, 깊 이 2.0m 이상이 되 도 록 설치</td><td></td><td></td></tr><tr><td>4.1.4 손잡 이</td><td>- 대변기 양 옆 에 수평 손잡 이는 높 이 0.6m~0.7m 위치에 설치 변기중심에서 0.4m이내의 지 점 에 고정하여 설치 -반대 쪽 손잡 이는 좌 ․ 우 회전식 또는 상 ․ 하회전식으로 간 격 은 0.75m내로 설치 -수직 손잡 이는 수평 손잡 이와 연결하여 0.8m~0.9m 길 이로 설치 - 손잡 이 두 께 는 지 름 3.2 ㎝ ~3.8 ㎝ 가 되 도 록 설치</td><td></td><td></td></tr><tr><td>4.1.5 설치 높 이</td><td>콘 센트, 스 위치, 수납선반, 옷 걸 이 등의 설치 높 이는 바닥 면으로부터 0.8m~1.2m 이하로 설치</td><td></td><td></td></tr></table>","[{""type"":""table row"",""row number"":1,""cells"":[{""type"":""table cell"",""pdfua_tag"":""TH"",""page number"":84,""bounding box"":[49.63,480.994,172.777,524.292],""row number"":1,""column number"":1,""row span"":1,""column span"":1,""is_header"":true,""kids"":[{""type"":""paragraph"",""pdfua_tag"":""P"",""id"":3608,""page number"":84,""bounding box"":[49.63,480.994,172.777,524.292],""font"":null,""font size"":12.0,""content"":""부문""}]},{""type"":""table cell"",""pdfua_tag"":""TH"",""page number"":84,""bounding box"":[172.777,480.994,295.925,524.292],""row number"":1,""column number"":2,""row span"":1,""column span"":1,""is_header"":true,""kids"":[{""type"":""paragraph"",""pdfua_tag"":""P"",""id"":3609,""page number"":84,""bounding box"":[172.777,480.994,295.925,524.292],""font"":null,""font size"":12.0,""content"":""범주""}]},{""type"":""table cell"",""pdfua_tag"":""TH"",""page number"":84,""bounding box"":[295.925,480.994,419.073,524.292],""row number"":1,""column number"":3,""row span"":1,""column span"":1,""is_header"":true,""kids"":[{""type"":""paragraph"",""pdfua_tag"":""P"",""id"":3610,""page number"":84,""bounding box"":[295.925,480.994,419.073,524.292],""font"":null,""font size"":12.0,""content"":""평가항목""}]},{""type"":""table cell"",""pdfua_tag"":""TH"",""page number"":84,""bounding box"":[419.073,480.994,542.22,524.292],""row number"":1,""column number"":4,""row span"":1,""column span"":1,""is_header"":true,""kids"":[{""type"":""paragraph"",""pdfua_tag"":""P"",""id"":3611,""page number"":84,""bounding box"":[419.073,480.994,542.22,524.292],""font"":null,""font size"":12.0,""content"":""세부평가기준""}]},{""type"":""table cell"",""pdfua_tag"":""TH"",""page number"":84,""bounding box"":[542.22,480.994,788.515,524.292],""row number"":1,""column number"":5,""row span"":1,""column span"":2,""is_header"":true,""kids"":[{""type"":""paragraph"",""pdfua_tag"":""P"",""id"":3612,""page number"":84,""bounding box"":[542.22,480.994,788.515,524.292],""font"":null,""font size"":9.96,""text color"":""[0.0]"",""content"":""반영여부 (O, X) 미반영사유 마감""}]}]},{""type"":""table row"",""row number"":2,""cells"":[{""type"":""table cell"",""pdfua_tag"":""TD"",""page number"":84,""bounding box"":[49.63,264.506,172.777,480.994],""row number"":2,""column number"":1,""row span"":5,""column span"":1,""kids"":[{""type"":""paragraph"",""pdfua_tag"":""P"",""id"":3613,""page number"":84,""bounding box"":[49.63,264.506,172.777,480.994],""font"":null,""font size"":12.0,""content"":""4.단위 세대""}]},{""type"":""table cell"",""pdfua_tag"":""TD"",""page number"":84,""bounding box"":[172.777,264.506,295.925,480.994],""row number"":2,""column number"":2,""row span"":5,""column span"":1,""kids"":[{""type"":""paragraph"",""pdfua_tag"":""P"",""id"":3614,""page number"":84,""bounding box"":[172.777,264.506,295.925,480.994],""font"":null,""font size"":12.0,""content"":""5.1 단위 세대""}]},{""type"":""table cell"",""pdfua_tag"":""TD"",""page number"":84,""bounding box"":[295.925,437.697,419.073,480.994],""row number"":2,""column number"":3,""row span"":1,""column span"":1,""kids"":[{""type"":""paragraph"",""pdfua_tag"":""P"",""id"":3615,""page number"":84,""bounding box"":[295.925,437.697,419.073,480.994],""font"":null,""font size"":12.0,""content"":""4.1.1 내부 바닥""}]},{""type"":""table cell"",""pdfua_tag"":""TD"",""page number"":84,""bounding box"":[419.073,437.697,542.22,480.994],""row number"":2,""column number"":4,""row span"":1,""column span"":1,""kids"":[{""type"":""paragraph"",""pdfua_tag"":""P"",""id"":3616,""page number"":84,""bounding box"":[419.073,437.697,542.22,480.994],""font"":null,""font size"":12.0,""content"":""바닥 면에 높 이차이를 두지 않으며, 표면은 미 끄럽 지 않는 재질 로 평 탄 하게 마감""}]},{""type"":""table cell"",""pdfua_tag"":""TD"",""page number"":84,""bounding box"":[542.22,437.697,665.368,480.994],""row number"":2,""column number"":5,""row span"":1,""column span"":1,""kids"":[]},{""type"":""table cell"",""pdfua_tag"":""TD"",""page number"":84,""bounding box"":[665.368,437.697,788.515,480.994],""row number"":2,""column number"":6,""row span"":1,""column span"":1,""kids"":[]}]},{""type"":""table row"",""row number"":3,""cells"":[{""type"":""table cell"",""pdfua_tag"":""TD"",""page number"":84,""bounding box"":[295.925,394.399,419.073,437.697],""row number"":3,""column number"":3,""row span"":1,""column span"":1,""kids"":[{""type"":""paragraph"",""pdfua_tag"":""P"",""id"":3617,""page number"":84,""bounding box"":[295.925,394.399,419.073,437.697],""font"":null,""font size"":12.0,""content"":""4.1.2 유 효 폭 및 단차""}]},{""type"":""table cell"",""pdfua_tag"":""TD"",""page number"":84,""bounding box"":[419.073,394.399,542.22,437.697],""row number"":3,""column number"":4,""row span"":1,""column span"":1,""kids"":[{""type"":""paragraph"",""pdfua_tag"":""P"",""id"":3618,""page number"":84,""bounding box"":[419.073,394.399,542.22,437.697],""font"":null,""font size"":12.0,""content"":""출입문 통과 유 효 폭 0.9m이상, 출입문 단차 2 ㎝ 이하""}]},{""type"":""table cell"",""pdfua_tag"":""TD"",""page number"":84,""bounding box"":[542.22,394.399,665.368,437.697],""row number"":3,""column number"":5,""row span"":1,""column span"":1,""kids"":[]},{""type"":""table cell"",""pdfua_tag"":""TD"",""page number"":84,""bounding box"":[665.368,394.399,788.515,437.697],""row number"":3,""column number"":6,""row span"":1,""column span"":1,""kids"":[]}]},{""type"":""table row"",""row number"":4,""cells"":[{""type"":""table cell"",""pdfua_tag"":""TD"",""page number"":84,""bounding box"":[295.925,351.101,419.073,394.399],""row number"":4,""column number"":3,""row span"":1,""column span"":1,""kids"":[{""type"":""paragraph"",""pdfua_tag"":""P"",""id"":3619,""page number"":84,""bounding box"":[295.925,351.101,419.073,394.399],""font"":null,""font size"":12.0,""content"":""4.1.3 유 효바닥 면""}]},{""type"":""table cell"",""pdfua_tag"":""TD"",""page number"":84,""bounding box"":[419.073,351.101,542.22,394.399],""row number"":4,""column number"":4,""row span"":1,""column span"":1,""kids"":[{""type"":""paragraph"",""pdfua_tag"":""P"",""id"":3620,""page number"":84,""bounding box"":[419.073,351.101,542.22,394.399],""font"":null,""font size"":12.0,""content"":""화장실 유 효 바닥 면적이 폭1.6m 이상, 깊 이 2.0m 이상이 되 도 록 설치""}]},{""type"":""table cell"",""pdfua_tag"":""TD"",""page number"":84,""bounding box"":[542.22,351.101,665.368,394.399],""row number"":4,""column number"":5,""row span"":1,""column span"":1,""kids"":[]},{""type"":""table cell"",""pdfua_tag"":""TD"",""page number"":84,""bounding box"":[665.368,351.101,788.515,394.399],""row number"":4,""column number"":6,""row span"":1,""column span"":1,""kids"":[]}]},{""type"":""table row"",""row number"":5,""cells"":[{""type"":""table cell"",""pdfua_tag"":""TD"",""page number"":84,""bounding box"":[295.925,307.803,419.073,351.101],""row number"":5,""column number"":3,""row span"":1,""column span"":1,""kids"":[{""type"":""paragraph"",""pdfua_tag"":""P"",""id"":3621,""page number"":84,""bounding box"":[295.925,307.803,419.073,351.101],""font"":null,""font size"":12.0,""content"":""4.1.4 손잡 이""}]},{""type"":""table cell"",""pdfua_tag"":""TD"",""page number"":84,""bounding box"":[419.073,307.803,542.22,351.101],""row number"":5,""column number"":4,""row span"":1,""column span"":1,""kids"":[{""type"":""paragraph"",""pdfua_tag"":""P"",""id"":3622,""level"":""1"",""page number"":84,""bounding box"":[419.073,307.803,542.22,351.101],""font"":null,""font size"":12.0,""content"":""- 대변기 양 옆 에 수평 손잡 이는 높 이 0.6m~0.7m 위치에 설치 변기중심에서 0.4m이내의 지 점 에 고정하여 설치 -반대 쪽 손잡 이는 좌 ․ 우 회전식 또는 상 ․ 하회전식으로 간 격 은 0.75m내로 설치 -수직 손잡 이는 수평 손잡 이와 연결하여 0.8m~0.9m 길 이로 설치 - 손잡 이 두 께 는 지 름 3.2 ㎝ ~3.8 ㎝ 가 되 도 록 설치""}]},{""type"":""table cell"",""pdfua_tag"":""TD"",""page number"":84,""bounding box"":[542.22,307.803,665.368,351.101],""row number"":5,""column number"":5,""row span"":1,""column span"":1,""kids"":[]},{""type"":""table cell"",""pdfua_tag"":""TD"",""page number"":84,""bounding box"":[665.368,307.803,788.515,351.101],""row number"":5,""column number"":6,""row span"":1,""column span"":1,""kids"":[]}]},{""type"":""table row"",""row number"":6,""cells"":[{""type"":""table cell"",""pdfua_tag"":""TD"",""page number"":84,""bounding box"":[295.925,264.506,419.073,307.803],""row number"":6,""column number"":3,""row span"":1,""column span"":1,""kids"":[{""type"":""paragraph"",""pdfua_tag"":""P"",""id"":3623,""page number"":84,""bounding box"":[295.925,264.506,419.073,307.803],""font"":null,""font size"":12.0,""content"":""4.1.5 설치 높 이""}]},{""type"":""table cell"",""pdfua_tag"":""TD"",""page number"":84,""bounding box"":[419.073,264.506,542.22,307.803],""row number"":6,""column number"":4,""row span"":1,""column span"":1,""kids"":[{""type"":""paragraph"",""pdfua_tag"":""P"",""id"":3624,""page number"":84,""bounding box"":[419.073,264.506,542.22,307.803],""font"":null,""font size"":12.0,""content"":""콘 센트, 스 위치, 수납선반, 옷 걸 이 등의 설치 높 이는 바닥 면으로부터 0.8m~1.2m 이하로 설치""}]},{""type"":""table cell"",""pdfua_tag"":""TD"",""page number"":84,""bounding box"":[542.22,264.506,665.368,307.803],""row number"":6,""column number"":5,""row span"":1,""column span"":1,""kids"":[]},{""type"":""table cell"",""pdfua_tag"":""TD"",""page number"":84,""bounding box"":[665.368,264.506,788.515,307.803],""row number"":6,""column number"":6,""row span"":1,""column span"":1,""kids"":[]}]}]",law-1_p084_LAW1-T046.png,49.63,264.506,788.515,524.292,자동 추출,
