visual_id,document_id,clause_id,page,visual_type,image_file,source_path,source_key,related_table_id,bbox_left,bbox_bottom,bbox_right,bbox_top,pixel_width,pixel_height,ocr_text,description,context_text,sha256,duplicate_group,is_primary,review_status,review_memo
LAW1-V001,LAW1,LAW1-1_3_1,2,내장 이미지,imageFile1.png,law-1_images/imageFile1.png,,,98.707,474.92,312.312,577.168,0,0,,,"1) 승강장 위치가 도로의 선형과 일치하지 않는 역의 경우(해당역은 충무로역, 신이문역, 왕십리역, 길음역, 신금호역, 신도림역, 신길역, 동작역, 개화산 역, 발산역, 종합운동장역, 일원역, 구룡역, 양재시민의숲역을 말한다) / [일반적인 경우] / 역세권 / 범위",ef0109af57ffac07e4e311791f8e4e6c214d9fae8f42890a897a9c7873edef83,IMG-001,TRUE,자동 추출,
LAW1-V002,LAW1,LAW1-1_3_1,2,내장 이미지,imageFile2.png,law-1_images/imageFile2.png,,,322.387,462.694,543.188,589.395,0,0,,,승강장 경계 / [승강장이 도로선형과 일치하지 않는 경우] / 역세권 / 25Om,7c1129d334f6cc39b5d9adba1577fe3d1838fa1d31d4f939e486907599d6b1f7,IMG-002,TRUE,자동 추출,
LAW1-V003,LAW1,LAW1-1_3_1,2,내장 이미지,imageFile3.png,law-1_images/imageFile3.png,,,122.334,89.782,472.666,268.866,0,0,,,"나. “간선도로변”이란 안심주택 조례 제2조제1호나목의 지역을 말하며, 도로법 제14조(특별시도의 지정 ⸱ 고시)에 따라 고시 ⸱ 운영 중인 특별시도 중 1-3-1.가 목의 역세권 외부에 위치한 폭 20m 이상의 주간선도로, 보조간선도로의 경 계로부터 직각으로 50m 이내의 지역을 말한다.(도시고속도로는 제외한다) / [간선도로변] / 간선 도로변 / 5Om ;'",6f95881966503ffb4259c21167d98dfaa701e4bd61d23dc66296cbddbff3eddc,IMG-003,TRUE,자동 추출,
LAW1-V004,LAW1,LAW1-1_3_2,3,내장 이미지,imageFile4.png,law-1_images/imageFile4.png,,,171.748,423.257,423.013,609.893,0,0,,,"1-3-2. “의료시설 중심지역”이란 안심주택 조례 제2조제2호의 지역으로 의료시설 대상부지 경계로부터 350미터 이내의 지역으로 다음 각 목의 어느 하나를 말한다. / 가. 의료법 제3조에 따른 종합병원 나. 의료법 제3조에 따른 병원 중 서울특별시가 관리하는 시립병원 다. 지역보건법 제2조에 따른 보건소 / 미표시신 / 1-3-3. “안심주택”이란 청년․어르신․신혼부부․1인가구 중 입주대상을 단독 또는 복합으로 공급하는 주택을 말한다. 이 때 청년은 안심주택 조례 제2조제3호, 신혼부부는 안심주택 조례 제2조제4호, 어르신은 안심주택 조례 제2조제5 호, 1인가구는 안심주택 조례 제2조제6호의 자격을 따른다. 1-3-4. “서울형 공유주택”이란 안심주택 중 입주대상을 1인가구로 공급하는 주택으 로 조례 제2조제7호다목에 해당되는 주택을 말하며, 제3장의 기준을 따른 다. 1-3-5. “복합주택”이란 안심주택 중 1-3-3과 1-3-4의 주택을 하나의 대지에 복합 하여 건축하는 경우를 말하며, 제4장의 기준을 따른다. 1-3-6. “공공임대주택”이란 안심주택 조례 제2조제7호 가목의 주택으로써, 서울주 택도시공사(이하 ‘SH공사’라 한다)가 사업시행자 전체 주택 연면적의 30% 이내에서 매입하여 공급 할 수 있다. 다만, 서울형 공유주택은 SH공사에서 매입하는 것을 제외한다.",94b9402670e04f1bff882bc99de142864ddcc86a6f76c82ee1f839912a1250fb,IMG-004,TRUE,자동 추출,
LAW1-V005,LAW1,LAW1-2_2_4,8,내장 이미지,imageFile5.png,law-1_images/imageFile5.png,,,61.167,617.684,533.713,719.333,0,0,,,"절차를 따른다. 다만, 청년에게 100% 공급하는 주택의 경우는 제외한다. 가. 사업면적 2,000㎡ 초과[촉진지구 지정과 인·허가 통합승인(시)] / 통합심의위원회 / 사업제안서 / 주민열람공고",58601ca926ce08c89d103111bfa3055eb5b63fc340e5093eee4f465e651948d0,IMG-005,TRUE,자동 추출,
LAW1-V006,LAW1,LAW1-2_2_4,8,내장 이미지,imageFile6.png,law-1_images/imageFile6.png,,,61.167,417.743,533.713,574.531,0,0,,,"서울시 / 나. 사업면적 1,000㎡ 이상 ~ 2,000㎡ 이하[촉진지구지정(시) 인허가(자치구)] / 자문결과 통보(시-구) / 주민열람공고",93b7e8624635ae8bb1afd0123592ad79f47b0a030e6cdeea61f841905a31bc3f,IMG-006,TRUE,자동 추출,
LAW1-V007,LAW1,LAW1-2_3_1,9,내장 이미지,imageFile7.png,law-1_images/imageFile7.png,,,92.939,550.392,500.782,730.431,0,0,,,3) 20m 이상의 간선도로에 접하고 있어야 한다. / [인접 및 도로기준(예시)] / 용도지역 변경 가능 대상지 범위 / 2),a6770b85300387a13cdbc55725acd88b2a0dfa4960e800f25253a0b232beeb0a,IMG-007,TRUE,자동 추출,
LAW1-V008,LAW1,LAW1-2_3_1,9,내장 이미지,imageFile7.png,law-1_images/imageFile7.png,,,84.315,351.815,296.361,495.538,0,0,,,20m 이상 간선도로 / [인접 사례(예시)] / 상업지역에 20m 이하의 도로를 사이에 인접에 해당 / 두고,a6770b85300387a13cdbc55725acd88b2a0dfa4960e800f25253a0b232beeb0a,IMG-007,FALSE,자동 추출,
LAW1-V009,LAW1,LAW1-2_3_1,10,내장 이미지,imageFile9.png,law-1_images/imageFile9.png,,,128.696,619.851,544.42,691.86,0,0,,,(1) 검토 대상지 : 사업대상지 면적 중 대중교통 또는 의료시설 중심지 역내 면적이 50% 미만인 경우 / (2) 추가 공공기여 : 전체 사업면적의 절반에서 대중교통 또는 의료시설 중심지역내 포함된 면적을 제외한 면적의 비율을 고려하여 산정 ※ 공공기여 대상 면적(예시) / 0% / 50%,6a4484698bdea57370a8313f7f653ce86661f3816b7944bda6dcc7bd9b7ebe89,IMG-008,TRUE,자동 추출,
LAW1-V010,LAW1,LAW1-2_3_2,14,내장 이미지,imageFile8.png,law-1_images/imageFile8.png,,,76.879,303.508,281.489,446.751,0,0,,,간선도로 / 15m 이상 / 간선도로변 0 / 간선도로,1624c3b0343df2faaa5260ba1cd80ed7b6a2369c668775dee27fb1d68dabc395,IMG-009,TRUE,자동 추출,
LAW1-V011,LAW1,LAW1-2_3_2,15,내장 이미지,imageFile9.png,law-1_images/imageFile9.png,,,76.879,623.078,281.489,766.321,0,0,,,간선도로 / 간선도로 / 4m도로 / 사업,6a4484698bdea57370a8313f7f653ce86661f3816b7944bda6dcc7bd9b7ebe89,IMG-008,FALSE,자동 추출,
LAW1-V012,LAW1,LAW1-2_3_2,15,내장 이미지,imageFile10.png,law-1_images/imageFile10.png,,,319.148,623.078,523.758,766.321,0,0,,,간선도로 / (간선도로 연결도로 및 이면부 진출입도로 요건 미충족) / 6mn도로 / 사업불가,2c6564d9b40165be443138283c251baa1691444e47a0fe09527ff4fac3bba951,IMG-010,TRUE,자동 추출,
LAW1-V013,LAW1,LAW1-2_3_2,15,내장 이미지,imageFile11.png,law-1_images/imageFile11.png,,,73.88,384.06,274.772,538.451,0,0,,,[제1종일반주거지역과 연접하는 경우] / [제1종일반주거지역과 부분 연접하는 경우] / 밑반주거지역 / 위원회 판단 필요,fec67d0a172f43a28f75e92b0b023f1e5211d6dd63436e7e265e7c607beed278,IMG-011,TRUE,자동 추출,
LAW1-V014,LAW1,LAW1-2_3_2,15,내장 이미지,imageFile12.png,law-1_images/imageFile12.png,,,317.949,384.06,518.841,538.451,0,0,,,밑반주거지먹 / {간선도로} / 저고좀 / 위원회 판단 필요,41e17505e87c32f48a14bd40ab1d68a5493d56b11d90889d51b3a7cd22112d30,IMG-012,TRUE,자동 추출,
LAW1-V015,LAW1,LAW1-2_3_3,16,내장 이미지,imageFile13.png,law-1_images/imageFile13.png,,,86.114,588.436,302.718,739.95,0,0,,,가. 의료시설의 대상부지에 의료시설 외 용도의 건물이 있는 경우 의료시설 건물 과 의료시설 외의 건축물의 중심 또는 도로중심선을 경계로 한다. 해당 범위 의 구체적인 사항은 시장이 별도로 정할 수 있다. / [의료시설 외의 건축물의 중심] / 의료시설의대상부지 / 의료시설외,a2adff3fd807aa4d48655fd097c89d67cc6cb8b0c5865cd5737c81ed643c256c,IMG-013,TRUE,자동 추출,
LAW1-V016,LAW1,LAW1-2_3_3,16,내장 이미지,imageFile14.png,law-1_images/imageFile14.png,,,330.182,588.436,546.786,739.95,0,0,,,중심지역 / [해당 부지에 도로가 있는 경우] / 의료시설의대상부지 / 의료시설외,0aef1573d0849c7b4d0305ab518119088947d494a51f773202bf824f07c38481,IMG-014,TRUE,자동 추출,
LAW1-V017,LAW1,LAW1-3_2_2,32,내장 이미지,imageFile5.png,law-1_images/imageFile15.png,,,50.973,539.53,523.519,641.179,0,0,,,총 공급 호수의 70% 미만 / 가. 결정절차 / 사업제안서 / 통합심의위원회,58601ca926ce08c89d103111bfa3055eb5b63fc340e5093eee4f465e651948d0,IMG-005,FALSE,자동 추출,
LAW1-V018,LAW1,LAW1-3_3_1,33,내장 이미지,imageFile18.png,law-1_images/imageFile18.png,,,100.363,577.945,491.559,701.935,0,0,,,[인접 및 도로기준(예시)] / 용도지역 변경 가능 대상지 범위 / 2) / 2),f101a3e7b9b2493eb0ceb1e0b9aec0debf3bac116ab8ae0f3aadfa73439e0649,IMG-015,TRUE,자동 추출,
LAW1-V019,LAW1,LAW1-3_3_1,33,내장 이미지,imageFile7.png,law-1_images/imageFile16.png,,,95.349,394.728,281.369,520.83,0,0,,,20m 이상 간선도로 / [인접 사례(예시)] / 상업지역에 20m 이하의 도로를 사이에 인접에 해당 / 두고,a6770b85300387a13cdbc55725acd88b2a0dfa4960e800f25253a0b232beeb0a,IMG-007,FALSE,자동 추출,
LAW1-V020,LAW1,LAW1-3_3_1,33,내장 이미지,imageFile17.png,law-1_images/imageFile17.png,,,315.79,396.167,497.252,519.392,0,0,,,접 / 에 해당 / 20m 이상의 간선도로에 접 함 / 다. 사업대상지 인정 기준,d3c162bb4a4cd52c5207f8179bd3f11c8f61fabfb6f40cf8148c8e5e6723ca92,IMG-016,TRUE,자동 추출,
LAW1-V021,LAW1,LAW1-3_3_1,34,내장 이미지,imageFile21.png,law-1_images/imageFile21.png,,,128.466,667.544,544.06,738.372,0,0,,,(1) 검토 대상지 : 사업대상지 면적 중 대중교통 또는 의료시설 중심지 역내 면적이 50% 미만인 경우 (2) 추가 공공기여 : 전체 사업면적의 절반에서 대중교통 또는 의료시설 중심지역내 포함된 면적을 제외한 면적의 비율을 고려하여 산정 / ※ 공공기여 대상 면적(예시) / 0% / 50%,fd4886992928f5d8dd7fc1e52de52153e72212aefa3a387787156bb86e65ac54,IMG-017,TRUE,자동 추출,
LAW1-V022,LAW1,LAW1-3_3_2,38,내장 이미지,imageFile18.png,law-1_images/imageFile18.png,,,75.799,238.899,274.172,374.83,0,0,,,간선도로연결도로 6m 확보 / 간선도로 / 6mn도로 / 간선도로변 0,f101a3e7b9b2493eb0ceb1e0b9aec0debf3bac116ab8ae0f3aadfa73439e0649,IMG-015,FALSE,자동 추출,
LAW1-V023,LAW1,LAW1-3_3_2,38,내장 이미지,imageFile19.png,law-1_images/imageFile19.png,,,320.827,238.899,519.2,374.83,0,0,,,간선도로연결도로 6r 확보 / 간선도로 / 6rn도로 / 해,96f536c5e3da7a81d8ca3383820cf22055c187d29f5b6094969633502a9909f2,IMG-018,TRUE,자동 추출,
LAW1-V024,LAW1,LAW1-3_3_2,39,내장 이미지,imageFile20.png,law-1_images/imageFile20.png,,,75.799,454.063,274.172,589.994,0,0,,,간선도로연결도로 6 확보 / 간선도로 / 이면부 차량 진출입 / 4m도로,bd79db8664e58ff8a8cd36eac7f9d978e561a4de62d2ecdc03ee82d99b24d6df,IMG-019,TRUE,자동 추출,
LAW1-V025,LAW1,LAW1-3_3_2,39,내장 이미지,imageFile21.png,law-1_images/imageFile21.png,,,320.827,454.063,519.2,589.994,0,0,,,간선도로연결도로 6m 확보 / 간선도로 / 이면부차량 진출입 / 6m도로,fd4886992928f5d8dd7fc1e52de52153e72212aefa3a387787156bb86e65ac54,IMG-017,FALSE,자동 추출,
LAW1-V026,LAW1,LAW1-3_3_2,39,내장 이미지,imageFile11.png,law-1_images/imageFile22.png,,,74.96,213.606,275.852,367.997,0,0,,,[제1종일반주거지역과 연접하는 경우] / [제1종일반주거지역과 부분 연접하는 경우] / 제품 / 밑반주거지역,fec67d0a172f43a28f75e92b0b023f1e5211d6dd63436e7e265e7c607beed278,IMG-011,FALSE,자동 추출,
LAW1-V027,LAW1,LAW1-3_3_2,39,내장 이미지,imageFile12.png,law-1_images/imageFile23.png,,,319.028,213.606,519.92,367.997,0,0,,,민반주거지먹 / {간선도로} / 민반주거지먹 / 인반주거지력,41e17505e87c32f48a14bd40ab1d68a5493d56b11d90889d51b3a7cd22112d30,IMG-012,FALSE,자동 추출,
LAW1-V028,LAW1,LAW1-3_3_3,40,내장 이미지,imageFile13.png,law-1_images/imageFile24.png,,,68.603,585.679,285.207,737.193,0,0,,,가. 의료시설 대상부지에 의료시설 외 용도의 건축물이 있는 경우 의료시설 건축 물과 의료시설 외 건축물간의 중심선 또는 도로중심선을 경계로 한다. 해당 범위의 구체적인 사항은 시장이 별도로 정할 수 있다. / [의료시설 외의 건축물의 중심] / 의로시설의대상부지 / 의료시설외,a2adff3fd807aa4d48655fd097c89d67cc6cb8b0c5865cd5737c81ed643c256c,IMG-013,FALSE,자동 추출,
LAW1-V029,LAW1,LAW1-3_3_3,40,내장 이미지,imageFile14.png,law-1_images/imageFile25.png,,,312.672,585.679,529.276,737.193,0,0,,,중심지역 / [해당 부지에 도로가 있는 경우] / 의로시설의대상부지 / 의료시설외,0aef1573d0849c7b4d0305ab518119088947d494a51f773202bf824f07c38481,IMG-014,FALSE,자동 추출,
LAW1-V030,LAW1,LAW1-4_2_4,53,내장 이미지,imageFile5.png,law-1_images/imageFile26.png,,,71.362,255.92,543.908,357.569,0,0,,,4-2-4. 안심주택 조례 제9조에 따른 사업계획의 결정절차는 다음과 같다. / 가. 결정절차 / 사업제안서 / 통합심의위원회,58601ca926ce08c89d103111bfa3055eb5b63fc340e5093eee4f465e651948d0,IMG-005,FALSE,자동 추출,
LAW1-V031,LAW1,LAW1-4_3_1,54,내장 이미지,imageFile31.png,law-1_images/imageFile31.png,,,93.64,341.243,500.443,516.341,0,0,,,1) 준주거지역이나 일반 또는 근린상업지역에 바로 접하고 있어야 한다. 2) 준주거지역이나 일반 또는 근린상업지역과 폭 20m 이하의 도로를 사이에 두고 접하고 있어야 한다. 3) 20m 이상의 간선도로에 접하고 있어야 한다. / [인접 및 도로기준(예시)] / 용도지역 변경 가능 대상지 범위 / 2),39b3454c5fdae6ac0337f4d3702612a940d7121926d420c7eb4656f81df7050b,IMG-020,TRUE,자동 추출,
LAW1-V032,LAW1,LAW1-4_3_1,54,내장 이미지,imageFile7.png,law-1_images/imageFile27.png,,,95.349,161.344,281.369,287.446,0,0,,,20m 이상 간선도로 / [인접 사례(예시)] / 상업지역에 20m 이하의 도로를 사이에 인접에 해당 / 두고,a6770b85300387a13cdbc55725acd88b2a0dfa4960e800f25253a0b232beeb0a,IMG-007,FALSE,자동 추출,
LAW1-V033,LAW1,LAW1-4_3_1,54,내장 이미지,imageFile17.png,law-1_images/imageFile28.png,,,315.79,162.782,497.252,286.007,0,0,,,접 / 에 해당 / 20m 이상의 간선도로에 접 함 / 다. 사업대상지 인정 기준,d3c162bb4a4cd52c5207f8179bd3f11c8f61fabfb6f40cf8148c8e5e6723ca92,IMG-016,FALSE,자동 추출,
LAW1-V034,LAW1,LAW1-4_3_1,55,내장 이미지,imageFile34.png,law-1_images/imageFile34.png,,,128.138,434.594,544.501,505.908,0,0,,,"중교통 또는 의료시설 중심지역에 포함되지 않아 관련위원회의 심의를 통해 사업대상지로 인정받은 경우 추가 공공기여를 제공하여야 한다. 다만, 이 경 우 적용되는 역세권 및 의료시설 중심지역 범위는 승강장 경계로부터 250m 이내와 의료시설 대상부지 경계로부터 350m 이내를 말한 다.(1-3-1 가목을 인정받는 경우 승강장 경계로부터 350m 이내로 적용) 가) 검토 대상지 및 사업대상지 인정 시 추가 공공기여 기준 / (1) 검토 대상지: 사업대상지 면적 중 대중교통 또는 의료시설 중심지역 내 면적이 50% 미만인 경우 (2) 추가 공공기여: 전체 사업면적의 절반에서 대중교통 또는 의료시설 중심지역내 포함된 면적을 제외한 면적의 비율을 고려하여 산정 ※ 공공기여 대상 면적(예시) / 0% / 50%",d73835e792e809874013cc6ddf5ed53bed897cda836e60047db59e91645defa8,IMG-021,TRUE,자동 추출,
LAW1-V035,LAW1,LAW1-4_3_2,59,내장 이미지,imageFile29.png,law-1_images/imageFile29.png,,,76.879,510.641,281.489,653.884,0,0,,,간선도로변 / (사업가능) / 간선도로변이 / 좀,655c1bf933e5449eb8ccbfe9de7161e6592224b5f7683892fbe1d25448092430,IMG-022,TRUE,자동 추출,
LAW1-V036,LAW1,LAW1-4_3_2,59,내장 이미지,imageFile30.png,law-1_images/imageFile30.png,,,319.148,510.641,523.758,653.884,0,0,,,이면도로변 / (사업가능) / 이면도로변 0 / 간선도로,75c937235501ec806873028455d73a8e39b6f97a0b3d59326d5ff5400a4f4a5a,IMG-023,TRUE,자동 추출,
LAW1-V037,LAW1,LAW1-4_3_2,59,내장 이미지,imageFile31.png,law-1_images/imageFile31.png,,,76.879,329.4,281.489,472.643,0,0,,,이면도로변 0 / 간선도로 / 6mn도로 / 간선도로변 0,39b3454c5fdae6ac0337f4d3702612a940d7121926d420c7eb4656f81df7050b,IMG-020,FALSE,자동 추출,
LAW1-V038,LAW1,LAW1-4_3_2,59,내장 이미지,imageFile32.png,law-1_images/imageFile32.png,,,319.148,329.4,523.758,472.643,0,0,,,15m 이상 / 간선도로 / 6m도로 / 이면도로변0,5bc65208dbd541f7c62871cb8b20b7522e1780e9b5a32e83fca99668dc2750ca,IMG-024,TRUE,자동 추출,
LAW1-V039,LAW1,LAW1-4_3_2,59,내장 이미지,imageFile8.png,law-1_images/imageFile33.png,,,76.879,148.158,281.489,291.401,0,0,,,이면도로변0 / 간선도로 / 6mn도로 / 간선도로변 0,1624c3b0343df2faaa5260ba1cd80ed7b6a2369c668775dee27fb1d68dabc395,IMG-009,FALSE,자동 추출,
LAW1-V040,LAW1,LAW1-4_3_2,59,내장 이미지,imageFile34.png,law-1_images/imageFile34.png,,,319.148,148.158,523.758,291.401,0,0,,,간선도로변 0 / 간선도로 / 6m도로 / 이면도로변 0,d73835e792e809874013cc6ddf5ed53bed897cda836e60047db59e91645defa8,IMG-021,FALSE,자동 추출,
LAW1-V041,LAW1,LAW1-4_3_2,60,내장 이미지,imageFile9.png,law-1_images/imageFile35.png,,,76.879,452.745,281.489,595.988,0,0,,,간선도로 / 간선도로 / 사업 / 불가,6a4484698bdea57370a8313f7f653ce86661f3816b7944bda6dcc7bd9b7ebe89,IMG-008,FALSE,자동 추출,
LAW1-V042,LAW1,LAW1-4_3_2,60,내장 이미지,imageFile10.png,law-1_images/imageFile36.png,,,319.148,452.745,523.758,595.988,0,0,,,간선도로 / (간선도로 연결도로 및 이면부 진출입도로 요건 미충족) / 6m도로 / 사업불가,2c6564d9b40165be443138283c251baa1691444e47a0fe09527ff4fac3bba951,IMG-010,FALSE,자동 추출,
LAW1-V043,LAW1,LAW1-4_3_2,60,내장 이미지,imageFile11.png,law-1_images/imageFile37.png,,,80.597,223.915,270.215,369.676,0,0,,,[제1종일반주거지역과 연접하는 경우] / [제1종일반주거지역과 부분 연접하는 경우] / 일반주거지역 / 위원회 판단 필요,fec67d0a172f43a28f75e92b0b023f1e5211d6dd63436e7e265e7c607beed278,IMG-011,FALSE,자동 추출,
LAW1-V044,LAW1,LAW1-4_3_2,60,내장 이미지,imageFile12.png,law-1_images/imageFile38.png,,,324.665,223.915,514.403,369.676,0,0,,,밑반주거지먹 / {간선도로) / 저고품 / 제]품,41e17505e87c32f48a14bd40ab1d68a5493d56b11d90889d51b3a7cd22112d30,IMG-012,FALSE,자동 추출,
LAW1-V045,LAW1,LAW1-4_3_3,61,내장 이미지,imageFile13.png,law-1_images/imageFile39.png,,,67.164,585.679,283.768,737.193,0,0,,,가. 의료시설의 대상부지에 의료시설 외 용도의 건물이 있는 경우 의료시설 건물 과 의료시설 외의 건축물의 중심 또는 도로중심선을 경계로 한다. 해당 범위 의 구체적인 사항은 시장이 별도로 정할 수 있다. / [의료시설 외의 건축물의 중심] / 의료시설의대상부지 / 의료시설외,a2adff3fd807aa4d48655fd097c89d67cc6cb8b0c5865cd5737c81ed643c256c,IMG-013,FALSE,자동 추출,
LAW1-V046,LAW1,LAW1-4_3_3,61,내장 이미지,imageFile14.png,law-1_images/imageFile40.png,,,311.233,585.679,527.837,737.193,0,0,,,중심지역 / [해당 부지에 도로가 있는 경우] / 의로시설의대상부지 / 의료시설외,0aef1573d0849c7b4d0305ab518119088947d494a51f773202bf824f07c38481,IMG-014,FALSE,자동 추출,
LAW1-V047,LAW1,LAW1-4_4_1,64,내장 이미지,imageFile41.png,law-1_images/imageFile41.png,,,77.238,505.727,306.315,656.282,0,0,,,"하지 못하는 사업대상지에 대하여, 현재 용도지역의 용적률에서 변경 용 도지역의 기본용적률 내에서 확보하는 용적률의 비율만큼 4-4-1에 다른 공공기여율을 완화하여 적용한다. / (1) 공공기여율 완화 예시 / 50096 / 상한용적률",db1a6eb3ffaf8857ef8eaa27a3cabf0f614a80a06683acd2dc145b3fc43759d8,IMG-025,TRUE,자동 추출,
LAW1-V048,LAW1,LAW1-4_4_1,64,내장 이미지,imageFile42.png,law-1_images/imageFile42.png,,,319.508,510.402,530.355,651.608,0,0,,,200%6 / [일반지역] 제2종일반주거-준주거지역상향 / 15%6 *09=13596 / 40093,8eb686fe0eee60bd6c6eb31032e95bb27372c33da1c1002f95e7d08fc61bd464,IMG-026,TRUE,자동 추출,
LAW2-V001,LAW2,,1,내장 이미지,imageFile1.png,law-2_images/imageFile1.png,,,505,720,575,790,0,0,,,"서울특별시 안심주택 공급 지원에 관한 조례 / [시행 2025. 9. 29.] [조례 제9869호, 2025. 9. 29., 일부개정]",21ae96eb948429845b6b6b2e8d0a88794c14b25582b7a55efeebb53548156df1,IMG-027,TRUE,자동 추출,
PDF-LAW1-U001,LAW1,LAW1-1_3_1,2,PDF 고유 이미지,xref_00233.png,03_extracted_images/pdf_embedded/law-1/02_visible_unique_images/xref_00233.png,xref:233,,98.707,474.92,312.312,577.168,1484,711,,PDF 내부에서 직접 추출하고 투명 마스크를 합성한 고유 이미지.,"LAW1-1_3_1 / 1-3-1. “대중교통 중심지역”이란 안심주택 조례 제2조제1호의 지역으로 지하철 및 버스 등 대중교통의 편리한 이용이 가능한 지역으로 다음 각 목의 어느 하나 를 말한다.
가. “역세권”이란 안심주택 조례 제2조제1호 가목의 지역을 말하며, 지하철, 국 철 및 경전철 등의 역(개통이 예정된 역을 포함한다)의 각 승강장 경계로부터 직각으로 250미터 이내의 지역을 말한다. 서울특별시장(이하 ‘시장’이라 한
다)은 다음 어느 하나에 해당하는 경우 안심주택 조례 제20조에 따른 공공지 원민간임대주택 통합심의위원회의 심의를 거쳐 역의 각 승강장 경계 및 출입 구로부터 350미터 이내의 토지를 사업대상지로 지정할 수 있다. 이 경우 용 도지역 변경에 관한 사항도 350미터를 기준으로 한다.
1) 승강장 위치가 도로의 선형과 일치하지 않는 역의 경우(해당역은 충무로역, 신이문역, 왕십리역, 길음역, 신금호역, 신도림역, 신길역, 동작역, 개화산 역, 발산역, 종합운동장역, 일원역, 구룡역, 양재시민의숲역을 말한다)
[일반적인 경우]
역세권
범위
25Om
25Om
승강장
승강장 경계
[승강장이 도로선형과 일치하지 않는 경우]
역세권
25Om
범위
25Om
지하철 출입구 _
25Om
25Om
25Om
승강장
25Om
승강장 경계
지하철 출입구
2) 주변지역 여건을 고려하여 사업추진이 필요하다고 인정되는 경우
3) 개통이 예정된 역이란 지하철, 국철 및 경전철 등의 역으로서 재정사업은 사업계획이 승인된 경우, 민자사업은 사업시행자가 지정된 경우를 말한다.
나. “간선도로변”이란 안심주택 조례 제2조제1호나목의 지역을 말하며, 도로법 제14조(특별시도의 지정 ⸱ 고시)에 따라 고시 ⸱ 운영 중인 특별시도 중 1-3-1.가 목의 역세권 외부에 위치한 폭 20m 이상의 주간선도로, 보조간선도로의 경 계로",2f5e2b9d28c212e629056f641322ac19eadf7b18cee4bbc571eeaa8e97297ca8,VIS-2F5E2B9D28C2,TRUE,자동 추출,동일 이미지가 여러 페이지에 배치될 수 있음. 정확한 위치는 페이지 배치 이미지 레코드 확인.
PDF-LAW1-U002,LAW1,LAW1-1_3_1,2,PDF 고유 이미지,xref_00234.png,03_extracted_images/pdf_embedded/law-1/02_visible_unique_images/xref_00234.png,xref:234,,322.387,462.694,543.188,589.395,1534,881,,PDF 내부에서 직접 추출하고 투명 마스크를 합성한 고유 이미지.,"LAW1-1_3_1 / 1-3-1. “대중교통 중심지역”이란 안심주택 조례 제2조제1호의 지역으로 지하철 및 버스 등 대중교통의 편리한 이용이 가능한 지역으로 다음 각 목의 어느 하나 를 말한다.
가. “역세권”이란 안심주택 조례 제2조제1호 가목의 지역을 말하며, 지하철, 국 철 및 경전철 등의 역(개통이 예정된 역을 포함한다)의 각 승강장 경계로부터 직각으로 250미터 이내의 지역을 말한다. 서울특별시장(이하 ‘시장’이라 한
다)은 다음 어느 하나에 해당하는 경우 안심주택 조례 제20조에 따른 공공지 원민간임대주택 통합심의위원회의 심의를 거쳐 역의 각 승강장 경계 및 출입 구로부터 350미터 이내의 토지를 사업대상지로 지정할 수 있다. 이 경우 용 도지역 변경에 관한 사항도 350미터를 기준으로 한다.
1) 승강장 위치가 도로의 선형과 일치하지 않는 역의 경우(해당역은 충무로역, 신이문역, 왕십리역, 길음역, 신금호역, 신도림역, 신길역, 동작역, 개화산 역, 발산역, 종합운동장역, 일원역, 구룡역, 양재시민의숲역을 말한다)
[일반적인 경우]
역세권
범위
25Om
25Om
승강장
승강장 경계
[승강장이 도로선형과 일치하지 않는 경우]
역세권
25Om
범위
25Om
지하철 출입구 _
25Om
25Om
25Om
승강장
25Om
승강장 경계
지하철 출입구
2) 주변지역 여건을 고려하여 사업추진이 필요하다고 인정되는 경우
3) 개통이 예정된 역이란 지하철, 국철 및 경전철 등의 역으로서 재정사업은 사업계획이 승인된 경우, 민자사업은 사업시행자가 지정된 경우를 말한다.
나. “간선도로변”이란 안심주택 조례 제2조제1호나목의 지역을 말하며, 도로법 제14조(특별시도의 지정 ⸱ 고시)에 따라 고시 ⸱ 운영 중인 특별시도 중 1-3-1.가 목의 역세권 외부에 위치한 폭 20m 이상의 주간선도로, 보조간선도로의 경 계로",b5b8113a53e15edd2fbad92e3fea7095d41edc5743740ddff25ed9beecccd511,VIS-B5B8113A53E1,TRUE,자동 추출,동일 이미지가 여러 페이지에 배치될 수 있음. 정확한 위치는 페이지 배치 이미지 레코드 확인.
PDF-LAW1-U003,LAW1,LAW1-1_3_1,2,PDF 고유 이미지,xref_00248.png,03_extracted_images/pdf_embedded/law-1/02_visible_unique_images/xref_00248.png,xref:248,,122.334,89.782,472.666,268.866,2434,1245,,PDF 내부에서 직접 추출하고 투명 마스크를 합성한 고유 이미지.,"LAW1-1_3_1 / 1-3-1. “대중교통 중심지역”이란 안심주택 조례 제2조제1호의 지역으로 지하철 및 버스 등 대중교통의 편리한 이용이 가능한 지역으로 다음 각 목의 어느 하나 를 말한다.
가. “역세권”이란 안심주택 조례 제2조제1호 가목의 지역을 말하며, 지하철, 국 철 및 경전철 등의 역(개통이 예정된 역을 포함한다)의 각 승강장 경계로부터 직각으로 250미터 이내의 지역을 말한다. 서울특별시장(이하 ‘시장’이라 한
다)은 다음 어느 하나에 해당하는 경우 안심주택 조례 제20조에 따른 공공지 원민간임대주택 통합심의위원회의 심의를 거쳐 역의 각 승강장 경계 및 출입 구로부터 350미터 이내의 토지를 사업대상지로 지정할 수 있다. 이 경우 용 도지역 변경에 관한 사항도 350미터를 기준으로 한다.
1) 승강장 위치가 도로의 선형과 일치하지 않는 역의 경우(해당역은 충무로역, 신이문역, 왕십리역, 길음역, 신금호역, 신도림역, 신길역, 동작역, 개화산 역, 발산역, 종합운동장역, 일원역, 구룡역, 양재시민의숲역을 말한다)
[일반적인 경우]
역세권
범위
25Om
25Om
승강장
승강장 경계
[승강장이 도로선형과 일치하지 않는 경우]
역세권
25Om
범위
25Om
지하철 출입구 _
25Om
25Om
25Om
승강장
25Om
승강장 경계
지하철 출입구
2) 주변지역 여건을 고려하여 사업추진이 필요하다고 인정되는 경우
3) 개통이 예정된 역이란 지하철, 국철 및 경전철 등의 역으로서 재정사업은 사업계획이 승인된 경우, 민자사업은 사업시행자가 지정된 경우를 말한다.
나. “간선도로변”이란 안심주택 조례 제2조제1호나목의 지역을 말하며, 도로법 제14조(특별시도의 지정 ⸱ 고시)에 따라 고시 ⸱ 운영 중인 특별시도 중 1-3-1.가 목의 역세권 외부에 위치한 폭 20m 이상의 주간선도로, 보조간선도로의 경 계로",7e2dbf0577d22e11412194da8500a7ea9553702ede3fb47792a030a00c1a1b7d,VIS-7E2DBF0577D2,TRUE,자동 추출,동일 이미지가 여러 페이지에 배치될 수 있음. 정확한 위치는 페이지 배치 이미지 레코드 확인.
PDF-LAW1-U004,LAW1,LAW1-1_3_2,3,PDF 고유 이미지,xref_00260.png,03_extracted_images/pdf_embedded/law-1/02_visible_unique_images/xref_00260.png,xref:260,,171.748,423.257,423.013,609.893,328,243,,PDF 내부에서 직접 추출하고 투명 마스크를 합성한 고유 이미지.,"LAW1-1_3_2 / 1-3-2. “의료시설 중심지역”이란 안심주택 조례 제2조제2호의 지역으로 의료시설 대상부지 경계로부터 350미터 이내의 지역으로 다음 각 목의 어느 하나를 말한다.
가. 의료법 제3조에 따른 종합병원
나. 의료법 제3조에 따른 병원 중 서울특별시가 관리하는 시립병원
다. 지역보건법 제2조에 따른 보건소
미표시신",c09882a238ba356b4909601cc5efe1884f7328ca3912134322191d7fb5ff5b02,VIS-C09882A238BA,TRUE,자동 추출,동일 이미지가 여러 페이지에 배치될 수 있음. 정확한 위치는 페이지 배치 이미지 레코드 확인.
PDF-LAW1-U005,LAW1,LAW1-2_2_4,8,PDF 고유 이미지,xref_00533.png,03_extracted_images/pdf_embedded/law-1/02_visible_unique_images/xref_00533.png,xref:533,,61.167,617.684,533.713,719.333,1261,271,,PDF 내부에서 직접 추출하고 투명 마스크를 합성한 고유 이미지.,"LAW1-2_2_4 / 2-2-4. 안심주택 조례 제9조에 따른 사업계획의 결정절차는 다음과 같다. 다만 운
영기준 시행일로부터 1년간 2-2-4 나목의 사업대상은 2-2-4 가목의 결정
절차를 따른다. 다만, 청년에게 100% 공급하는 주택의 경우는 제외한다. 가. 사업면적 2,000㎡ 초과[촉진지구 지정과 인·허가 통합승인(시)]
통합심의위원회
사업제안서
주민열람공고
사업계획서 접수
접수 및 검토
사전자문
서물시 자치구
서울시
서울시
서울시
착공 및 사용승인
속진지구 지정
통합심의위원회
축진지구 완료공고
지구계획승인및 고시
심의
자치구
서울시
서울시
나. 사업면적 1,000㎡ 이상 ~ 2,000㎡ 이하[촉진지구지정(시) 인허가(자치구)]
자문결과 통보(시-구)
주민열람공고
통합심의위원회
사업제안서
사업계획서접수
접수 및 검토
사전자문
관계부서 협의
자치구
서울시
자치구
자치구
착공 및 사용승인
사업계획승인
통합심의위원회
축진지구완료공고
(건축히가)
지구계획승인및 고시
심의
자치구
자치구
서울시
서울시
※ 통합심의위원회 사전자문 및 심의시 자치구 참석",f3f18a9eeeb90803046d39ae66cb1ca0411a7d62c0bfda156ec731a899a920d2,VIS-F3F18A9EEEB9,TRUE,자동 추출,동일 이미지가 여러 페이지에 배치될 수 있음. 정확한 위치는 페이지 배치 이미지 레코드 확인.
PDF-LAW1-U006,LAW1,LAW1-2_2_4,8,PDF 고유 이미지,xref_00534.png,03_extracted_images/pdf_embedded/law-1/02_visible_unique_images/xref_00534.png,xref:534,,61.167,417.743,533.713,574.531,1261,418,,PDF 내부에서 직접 추출하고 투명 마스크를 합성한 고유 이미지.,"LAW1-2_2_4 / 2-2-4. 안심주택 조례 제9조에 따른 사업계획의 결정절차는 다음과 같다. 다만 운
영기준 시행일로부터 1년간 2-2-4 나목의 사업대상은 2-2-4 가목의 결정
절차를 따른다. 다만, 청년에게 100% 공급하는 주택의 경우는 제외한다. 가. 사업면적 2,000㎡ 초과[촉진지구 지정과 인·허가 통합승인(시)]
통합심의위원회
사업제안서
주민열람공고
사업계획서 접수
접수 및 검토
사전자문
서물시 자치구
서울시
서울시
서울시
착공 및 사용승인
속진지구 지정
통합심의위원회
축진지구 완료공고
지구계획승인및 고시
심의
자치구
서울시
서울시
나. 사업면적 1,000㎡ 이상 ~ 2,000㎡ 이하[촉진지구지정(시) 인허가(자치구)]
자문결과 통보(시-구)
주민열람공고
통합심의위원회
사업제안서
사업계획서접수
접수 및 검토
사전자문
관계부서 협의
자치구
서울시
자치구
자치구
착공 및 사용승인
사업계획승인
통합심의위원회
축진지구완료공고
(건축히가)
지구계획승인및 고시
심의
자치구
자치구
서울시
서울시
※ 통합심의위원회 사전자문 및 심의시 자치구 참석",d7a61624eea5a4c3b57253a4216a14efd92d307eb9d07d0ce989c883b1d4edfc,VIS-D7A61624EEA5,TRUE,자동 추출,동일 이미지가 여러 페이지에 배치될 수 있음. 정확한 위치는 페이지 배치 이미지 레코드 확인.
PDF-LAW1-U007,LAW1,LAW1-2_3_1,9,PDF 고유 이미지,xref_00569.png,03_extracted_images/pdf_embedded/law-1/02_visible_unique_images/xref_00569.png,xref:569,,84.315,351.815,296.361,495.538,413,294,,PDF 내부에서 직접 추출하고 투명 마스크를 합성한 고유 이미지.,"LAW1-2_3_1 / 2-3-1. 안심주택(안심주택 조례 제7조 제3항을 따른다)의 용도지역 변경 기준은 다 음과 같으며 구체적인 사항은 라목의 사례별 기준을 따른다.
가. 현재 용도지역 기준
1) 제2종일반주거지역으로의 변경: 자연녹지지역, 제1종일반주거지역 ※ 어르신에게 임대주택을 100% 공급하는 경우만 적용
2) 준주거지역으로 변경: 제2종·제3종일반주거지역
3) 일반 또는 근린상업지역으로 변경: 제2종·제3종일반주거지역, 준주거지역 나. 인접 및 도로 기준
1) 준주거지역이나 일반 또는 근린상업지역에 바로 접하고 있어야 한다.
2) 준주거지역이나 일반 또는 근린상업지역과 폭 20m 이하의 도로를 사이에 두고 접하고 있어야 한다.
3) 20m 이상의 간선도로에 접하고 있어야 한다.
[인접 및 도로기준(예시)]
용도지역 변경 가능 대상지 범위
2)
2)
2)
2)
2)
2)
2)
20m 이하
상업지역
3)
3)
3)
1),3)
2),3)
3)
3)
3)
3)
20m 이상 간선도로
승강장 또는 의료시설
20m 이상 간선도로
[인접 사례(예시)]
상업지역에 20m 이하의 도로를 사이에 인접에 해당
두고
고
접
함:
인
접
에 해당
20m 이상의 간선도로에
접
함
다. 사업대상지 인정 기준
1) 안심주택(안심주택 조례 제5조 제2항을 따른다)의 사업대상지의 과반이 대 중교통 또는 의료시설 중심지역에 포함되지 않아 관련위원회의 심의를 통해 사업대상지로 인정 받은 경우 추가 공공기여를 제공하여야 한다. 다만, 이 경우 적용되는 역세권 및 의료시설 중심지역 범위는 승강장 경계로부터 250m 이내와 의료시설 대상부지 경계로부터 350m 이내를 말한 다.(1-3-1 가목을 인정받는 경우 승강장 경계로부터 350m 이내로 적용) 가) 검토 대상지 및 사업대상지 인정 시 추가 공공기여 기준
(1) 검토 대상지 : 사업",35558330a0f676bfa5571401f3d5f362414b693191437594e2bd918e53ff9be3,VIS-35558330A0F6,TRUE,자동 추출,동일 이미지가 여러 페이지에 배치될 수 있음. 정확한 위치는 페이지 배치 이미지 레코드 확인.
PDF-LAW1-U008,LAW1,LAW1-2_3_1,9,PDF 고유 이미지,xref_00570.png,03_extracted_images/pdf_embedded/law-1/02_visible_unique_images/xref_00570.png,xref:570,,302.837,353.134,510.325,494.1,413,291,,PDF 내부에서 직접 추출하고 투명 마스크를 합성한 고유 이미지.,"LAW1-2_3_1 / 2-3-1. 안심주택(안심주택 조례 제7조 제3항을 따른다)의 용도지역 변경 기준은 다 음과 같으며 구체적인 사항은 라목의 사례별 기준을 따른다.
가. 현재 용도지역 기준
1) 제2종일반주거지역으로의 변경: 자연녹지지역, 제1종일반주거지역 ※ 어르신에게 임대주택을 100% 공급하는 경우만 적용
2) 준주거지역으로 변경: 제2종·제3종일반주거지역
3) 일반 또는 근린상업지역으로 변경: 제2종·제3종일반주거지역, 준주거지역 나. 인접 및 도로 기준
1) 준주거지역이나 일반 또는 근린상업지역에 바로 접하고 있어야 한다.
2) 준주거지역이나 일반 또는 근린상업지역과 폭 20m 이하의 도로를 사이에 두고 접하고 있어야 한다.
3) 20m 이상의 간선도로에 접하고 있어야 한다.
[인접 및 도로기준(예시)]
용도지역 변경 가능 대상지 범위
2)
2)
2)
2)
2)
2)
2)
20m 이하
상업지역
3)
3)
3)
1),3)
2),3)
3)
3)
3)
3)
20m 이상 간선도로
승강장 또는 의료시설
20m 이상 간선도로
[인접 사례(예시)]
상업지역에 20m 이하의 도로를 사이에 인접에 해당
두고
고
접
함:
인
접
에 해당
20m 이상의 간선도로에
접
함
다. 사업대상지 인정 기준
1) 안심주택(안심주택 조례 제5조 제2항을 따른다)의 사업대상지의 과반이 대 중교통 또는 의료시설 중심지역에 포함되지 않아 관련위원회의 심의를 통해 사업대상지로 인정 받은 경우 추가 공공기여를 제공하여야 한다. 다만, 이 경우 적용되는 역세권 및 의료시설 중심지역 범위는 승강장 경계로부터 250m 이내와 의료시설 대상부지 경계로부터 350m 이내를 말한 다.(1-3-1 가목을 인정받는 경우 승강장 경계로부터 350m 이내로 적용) 가) 검토 대상지 및 사업대상지 인정 시 추가 공공기여 기준
(1) 검토 대상지 : 사업",6238b7c35b72d1fd9aee1c4c01ddb9fe8a0d6a330f92c53b81025dcee4bd71e3,VIS-6238B7C35B72,TRUE,자동 추출,동일 이미지가 여러 페이지에 배치될 수 있음. 정확한 위치는 페이지 배치 이미지 레코드 확인.
PDF-LAW1-U009,LAW1,LAW1-2_3_2,14,PDF 고유 이미지,xref_00726.png,03_extracted_images/pdf_embedded/law-1/02_visible_unique_images/xref_00726.png,xref:726,,0,841,0,841,378,265,,PDF 내부에서 직접 추출하고 투명 마스크를 합성한 고유 이미지.,"LAW1-2_3_2 / 2-3-2. 안심주택 조례 제7조 제3항에 따라 “간선도로변”의 용도지역 변경 기준은 2-3-1의 기준에 따르되 다음 각 목의 기준을 충족하여야 한다.
가. 용도지역 변경 기준
1) 간선도로변 직접 접하는 경우 : 준주거지역으로 변경을 원칙으로 하되 2-3-1 나목의 인접 및 도로기준 1), 2)에 해당하는 경우 관련 위원회의 심 의를 통해 일반 또는 근린상업지역으로 변경할 수 있다.
2) 간선도로변에 직접 접하지 않는 경우(이면도로) : 준주거지역, 다만, 간선도 로변에 직접 접한 대지의 용도지역을 초과할 수 없다.
나. 입지 및 면적 기준
1) 제1종일반주거지역의 저층주거지(공원, 도로 등 제외)와 연접한 경우는 관 련위원회의 자문을 거쳐 사업 추진여부을 결정할 수 있다.
2) 사업대상지가 간선도로변에 접한 경우 2면 이상(이면도로에 접한 경우 1면 이상)이 도로에 접하면서, 한 면은 최소 6m 이상의 도로에 접해야 한다. 차량진출입은 이면도로에 계획하여야 하며, 간선도로변에서 직접 연결되는 이면도로에 차량진출입구를 설치하는 경우, 간선도로변에서의 이격거리는 최 소 15m 이상으로 한다.
3) 간선도로변에 접한 경우 간선도로에 접한 대지의 길이는 최소 15m 이상으 로 한다.
가) 면적 및 도로기준(예시)
간선도로변
이면도로변
(사업가능)
좀
간선도로변이
간선도로
(사업가능)
6mn도로
이면도로변 0
간선도로
6mn도로
간선도로변 0
이면도로변0
간선도로
15m 이상
간선도로변 0
간선도로
(사업불가)
(사업불가)
간선도로
6mn도로
이면도로변 0
간선도로
사업불가
4m도로
사업물가
간선도로
간선도로
4m도로
사업
불가
간선도로
(간선도로 연결도로 및 이면부 진출입도로 요건 미충족)
6mn도로
사업불가
간선도로
(간선도로 연결도로 및 이면부 진출입도로 요건 미충족)
나) 저층주거지",11752668a46f8cf745cb8be2fb5cb88f8b9635a4c9f7c9974df24008777372c7,VIS-11752668A46F,TRUE,자동 추출,동일 이미지가 여러 페이지에 배치될 수 있음. 정확한 위치는 페이지 배치 이미지 레코드 확인.
PDF-LAW1-U010,LAW1,LAW1-2_3_2,14,PDF 고유 이미지,xref_00727.png,03_extracted_images/pdf_embedded/law-1/02_visible_unique_images/xref_00727.png,xref:727,,76.879,602.101,281.489,745.344,378,265,,PDF 내부에서 직접 추출하고 투명 마스크를 합성한 고유 이미지.,"LAW1-2_3_2 / 2-3-2. 안심주택 조례 제7조 제3항에 따라 “간선도로변”의 용도지역 변경 기준은 2-3-1의 기준에 따르되 다음 각 목의 기준을 충족하여야 한다.
가. 용도지역 변경 기준
1) 간선도로변 직접 접하는 경우 : 준주거지역으로 변경을 원칙으로 하되 2-3-1 나목의 인접 및 도로기준 1), 2)에 해당하는 경우 관련 위원회의 심 의를 통해 일반 또는 근린상업지역으로 변경할 수 있다.
2) 간선도로변에 직접 접하지 않는 경우(이면도로) : 준주거지역, 다만, 간선도 로변에 직접 접한 대지의 용도지역을 초과할 수 없다.
나. 입지 및 면적 기준
1) 제1종일반주거지역의 저층주거지(공원, 도로 등 제외)와 연접한 경우는 관 련위원회의 자문을 거쳐 사업 추진여부을 결정할 수 있다.
2) 사업대상지가 간선도로변에 접한 경우 2면 이상(이면도로에 접한 경우 1면 이상)이 도로에 접하면서, 한 면은 최소 6m 이상의 도로에 접해야 한다. 차량진출입은 이면도로에 계획하여야 하며, 간선도로변에서 직접 연결되는 이면도로에 차량진출입구를 설치하는 경우, 간선도로변에서의 이격거리는 최 소 15m 이상으로 한다.
3) 간선도로변에 접한 경우 간선도로에 접한 대지의 길이는 최소 15m 이상으 로 한다.
가) 면적 및 도로기준(예시)
간선도로변
이면도로변
(사업가능)
좀
간선도로변이
간선도로
(사업가능)
6mn도로
이면도로변 0
간선도로
6mn도로
간선도로변 0
이면도로변0
간선도로
15m 이상
간선도로변 0
간선도로
(사업불가)
(사업불가)
간선도로
6mn도로
이면도로변 0
간선도로
사업불가
4m도로
사업물가
간선도로
간선도로
4m도로
사업
불가
간선도로
(간선도로 연결도로 및 이면부 진출입도로 요건 미충족)
6mn도로
사업불가
간선도로
(간선도로 연결도로 및 이면부 진출입도로 요건 미충족)
나) 저층주거지",efa4984d7f20791e75c9f057f76ab257eac1ac160d5a6150220ec7709d2d28fb,VIS-EFA4984D7F20,TRUE,자동 추출,동일 이미지가 여러 페이지에 배치될 수 있음. 정확한 위치는 페이지 배치 이미지 레코드 확인.
PDF-LAW1-U011,LAW1,LAW1-2_3_2,14,PDF 고유 이미지,xref_00728.png,03_extracted_images/pdf_embedded/law-1/02_visible_unique_images/xref_00728.png,xref:728,,0,841,0,841,378,265,,PDF 내부에서 직접 추출하고 투명 마스크를 합성한 고유 이미지.,"LAW1-2_3_2 / 2-3-2. 안심주택 조례 제7조 제3항에 따라 “간선도로변”의 용도지역 변경 기준은 2-3-1의 기준에 따르되 다음 각 목의 기준을 충족하여야 한다.
가. 용도지역 변경 기준
1) 간선도로변 직접 접하는 경우 : 준주거지역으로 변경을 원칙으로 하되 2-3-1 나목의 인접 및 도로기준 1), 2)에 해당하는 경우 관련 위원회의 심 의를 통해 일반 또는 근린상업지역으로 변경할 수 있다.
2) 간선도로변에 직접 접하지 않는 경우(이면도로) : 준주거지역, 다만, 간선도 로변에 직접 접한 대지의 용도지역을 초과할 수 없다.
나. 입지 및 면적 기준
1) 제1종일반주거지역의 저층주거지(공원, 도로 등 제외)와 연접한 경우는 관 련위원회의 자문을 거쳐 사업 추진여부을 결정할 수 있다.
2) 사업대상지가 간선도로변에 접한 경우 2면 이상(이면도로에 접한 경우 1면 이상)이 도로에 접하면서, 한 면은 최소 6m 이상의 도로에 접해야 한다. 차량진출입은 이면도로에 계획하여야 하며, 간선도로변에서 직접 연결되는 이면도로에 차량진출입구를 설치하는 경우, 간선도로변에서의 이격거리는 최 소 15m 이상으로 한다.
3) 간선도로변에 접한 경우 간선도로에 접한 대지의 길이는 최소 15m 이상으 로 한다.
가) 면적 및 도로기준(예시)
간선도로변
이면도로변
(사업가능)
좀
간선도로변이
간선도로
(사업가능)
6mn도로
이면도로변 0
간선도로
6mn도로
간선도로변 0
이면도로변0
간선도로
15m 이상
간선도로변 0
간선도로
(사업불가)
(사업불가)
간선도로
6mn도로
이면도로변 0
간선도로
사업불가
4m도로
사업물가
간선도로
간선도로
4m도로
사업
불가
간선도로
(간선도로 연결도로 및 이면부 진출입도로 요건 미충족)
6mn도로
사업불가
간선도로
(간선도로 연결도로 및 이면부 진출입도로 요건 미충족)
나) 저층주거지",7deb91af6518cd51236c73ecedb8dbe93b7fd0305edf601a7ce9ff20876b3c19,VIS-7DEB91AF6518,TRUE,자동 추출,동일 이미지가 여러 페이지에 배치될 수 있음. 정확한 위치는 페이지 배치 이미지 레코드 확인.
PDF-LAW1-U012,LAW1,LAW1-2_3_2,14,PDF 고유 이미지,xref_00729.png,03_extracted_images/pdf_embedded/law-1/02_visible_unique_images/xref_00729.png,xref:729,,76.879,452.745,281.489,595.988,378,265,,PDF 내부에서 직접 추출하고 투명 마스크를 합성한 고유 이미지.,"LAW1-2_3_2 / 2-3-2. 안심주택 조례 제7조 제3항에 따라 “간선도로변”의 용도지역 변경 기준은 2-3-1의 기준에 따르되 다음 각 목의 기준을 충족하여야 한다.
가. 용도지역 변경 기준
1) 간선도로변 직접 접하는 경우 : 준주거지역으로 변경을 원칙으로 하되 2-3-1 나목의 인접 및 도로기준 1), 2)에 해당하는 경우 관련 위원회의 심 의를 통해 일반 또는 근린상업지역으로 변경할 수 있다.
2) 간선도로변에 직접 접하지 않는 경우(이면도로) : 준주거지역, 다만, 간선도 로변에 직접 접한 대지의 용도지역을 초과할 수 없다.
나. 입지 및 면적 기준
1) 제1종일반주거지역의 저층주거지(공원, 도로 등 제외)와 연접한 경우는 관 련위원회의 자문을 거쳐 사업 추진여부을 결정할 수 있다.
2) 사업대상지가 간선도로변에 접한 경우 2면 이상(이면도로에 접한 경우 1면 이상)이 도로에 접하면서, 한 면은 최소 6m 이상의 도로에 접해야 한다. 차량진출입은 이면도로에 계획하여야 하며, 간선도로변에서 직접 연결되는 이면도로에 차량진출입구를 설치하는 경우, 간선도로변에서의 이격거리는 최 소 15m 이상으로 한다.
3) 간선도로변에 접한 경우 간선도로에 접한 대지의 길이는 최소 15m 이상으 로 한다.
가) 면적 및 도로기준(예시)
간선도로변
이면도로변
(사업가능)
좀
간선도로변이
간선도로
(사업가능)
6mn도로
이면도로변 0
간선도로
6mn도로
간선도로변 0
이면도로변0
간선도로
15m 이상
간선도로변 0
간선도로
(사업불가)
(사업불가)
간선도로
6mn도로
이면도로변 0
간선도로
사업불가
4m도로
사업물가
간선도로
간선도로
4m도로
사업
불가
간선도로
(간선도로 연결도로 및 이면부 진출입도로 요건 미충족)
6mn도로
사업불가
간선도로
(간선도로 연결도로 및 이면부 진출입도로 요건 미충족)
나) 저층주거지",9fae49d3dec81ef26650d280111db2392ae6ac0899d971e2555ad3ee91abe784,VIS-9FAE49D3DEC8,TRUE,자동 추출,동일 이미지가 여러 페이지에 배치될 수 있음. 정확한 위치는 페이지 배치 이미지 레코드 확인.
PDF-LAW1-U013,LAW1,LAW1-2_3_2,14,PDF 고유 이미지,xref_00730.png,03_extracted_images/pdf_embedded/law-1/02_visible_unique_images/xref_00730.png,xref:730,,0,841,0,841,378,265,,PDF 내부에서 직접 추출하고 투명 마스크를 합성한 고유 이미지.,"LAW1-2_3_2 / 2-3-2. 안심주택 조례 제7조 제3항에 따라 “간선도로변”의 용도지역 변경 기준은 2-3-1의 기준에 따르되 다음 각 목의 기준을 충족하여야 한다.
가. 용도지역 변경 기준
1) 간선도로변 직접 접하는 경우 : 준주거지역으로 변경을 원칙으로 하되 2-3-1 나목의 인접 및 도로기준 1), 2)에 해당하는 경우 관련 위원회의 심 의를 통해 일반 또는 근린상업지역으로 변경할 수 있다.
2) 간선도로변에 직접 접하지 않는 경우(이면도로) : 준주거지역, 다만, 간선도 로변에 직접 접한 대지의 용도지역을 초과할 수 없다.
나. 입지 및 면적 기준
1) 제1종일반주거지역의 저층주거지(공원, 도로 등 제외)와 연접한 경우는 관 련위원회의 자문을 거쳐 사업 추진여부을 결정할 수 있다.
2) 사업대상지가 간선도로변에 접한 경우 2면 이상(이면도로에 접한 경우 1면 이상)이 도로에 접하면서, 한 면은 최소 6m 이상의 도로에 접해야 한다. 차량진출입은 이면도로에 계획하여야 하며, 간선도로변에서 직접 연결되는 이면도로에 차량진출입구를 설치하는 경우, 간선도로변에서의 이격거리는 최 소 15m 이상으로 한다.
3) 간선도로변에 접한 경우 간선도로에 접한 대지의 길이는 최소 15m 이상으 로 한다.
가) 면적 및 도로기준(예시)
간선도로변
이면도로변
(사업가능)
좀
간선도로변이
간선도로
(사업가능)
6mn도로
이면도로변 0
간선도로
6mn도로
간선도로변 0
이면도로변0
간선도로
15m 이상
간선도로변 0
간선도로
(사업불가)
(사업불가)
간선도로
6mn도로
이면도로변 0
간선도로
사업불가
4m도로
사업물가
간선도로
간선도로
4m도로
사업
불가
간선도로
(간선도로 연결도로 및 이면부 진출입도로 요건 미충족)
6mn도로
사업불가
간선도로
(간선도로 연결도로 및 이면부 진출입도로 요건 미충족)
나) 저층주거지",5b66283f97d71719f8fd75cc402232d460687cc3f21d518087c8b34762eb7183,VIS-5B66283F97D7,TRUE,자동 추출,동일 이미지가 여러 페이지에 배치될 수 있음. 정확한 위치는 페이지 배치 이미지 레코드 확인.
PDF-LAW1-U014,LAW1,LAW1-2_3_2,14,PDF 고유 이미지,xref_00731.png,03_extracted_images/pdf_embedded/law-1/02_visible_unique_images/xref_00731.png,xref:731,,76.879,303.508,281.489,446.751,378,265,,PDF 내부에서 직접 추출하고 투명 마스크를 합성한 고유 이미지.,"LAW1-2_3_2 / 2-3-2. 안심주택 조례 제7조 제3항에 따라 “간선도로변”의 용도지역 변경 기준은 2-3-1의 기준에 따르되 다음 각 목의 기준을 충족하여야 한다.
가. 용도지역 변경 기준
1) 간선도로변 직접 접하는 경우 : 준주거지역으로 변경을 원칙으로 하되 2-3-1 나목의 인접 및 도로기준 1), 2)에 해당하는 경우 관련 위원회의 심 의를 통해 일반 또는 근린상업지역으로 변경할 수 있다.
2) 간선도로변에 직접 접하지 않는 경우(이면도로) : 준주거지역, 다만, 간선도 로변에 직접 접한 대지의 용도지역을 초과할 수 없다.
나. 입지 및 면적 기준
1) 제1종일반주거지역의 저층주거지(공원, 도로 등 제외)와 연접한 경우는 관 련위원회의 자문을 거쳐 사업 추진여부을 결정할 수 있다.
2) 사업대상지가 간선도로변에 접한 경우 2면 이상(이면도로에 접한 경우 1면 이상)이 도로에 접하면서, 한 면은 최소 6m 이상의 도로에 접해야 한다. 차량진출입은 이면도로에 계획하여야 하며, 간선도로변에서 직접 연결되는 이면도로에 차량진출입구를 설치하는 경우, 간선도로변에서의 이격거리는 최 소 15m 이상으로 한다.
3) 간선도로변에 접한 경우 간선도로에 접한 대지의 길이는 최소 15m 이상으 로 한다.
가) 면적 및 도로기준(예시)
간선도로변
이면도로변
(사업가능)
좀
간선도로변이
간선도로
(사업가능)
6mn도로
이면도로변 0
간선도로
6mn도로
간선도로변 0
이면도로변0
간선도로
15m 이상
간선도로변 0
간선도로
(사업불가)
(사업불가)
간선도로
6mn도로
이면도로변 0
간선도로
사업불가
4m도로
사업물가
간선도로
간선도로
4m도로
사업
불가
간선도로
(간선도로 연결도로 및 이면부 진출입도로 요건 미충족)
6mn도로
사업불가
간선도로
(간선도로 연결도로 및 이면부 진출입도로 요건 미충족)
나) 저층주거지",5c516ed27453aa49b2fdcb250dcfc9320adfbc943cf45da8165995eae425a580,VIS-5C516ED27453,TRUE,자동 추출,동일 이미지가 여러 페이지에 배치될 수 있음. 정확한 위치는 페이지 배치 이미지 레코드 확인.
PDF-LAW1-U015,LAW1,LAW1-2_3_2,14,PDF 고유 이미지,xref_00732.png,03_extracted_images/pdf_embedded/law-1/02_visible_unique_images/xref_00732.png,xref:732,,0,841,0,841,378,265,,PDF 내부에서 직접 추출하고 투명 마스크를 합성한 고유 이미지.,"LAW1-2_3_2 / 2-3-2. 안심주택 조례 제7조 제3항에 따라 “간선도로변”의 용도지역 변경 기준은 2-3-1의 기준에 따르되 다음 각 목의 기준을 충족하여야 한다.
가. 용도지역 변경 기준
1) 간선도로변 직접 접하는 경우 : 준주거지역으로 변경을 원칙으로 하되 2-3-1 나목의 인접 및 도로기준 1), 2)에 해당하는 경우 관련 위원회의 심 의를 통해 일반 또는 근린상업지역으로 변경할 수 있다.
2) 간선도로변에 직접 접하지 않는 경우(이면도로) : 준주거지역, 다만, 간선도 로변에 직접 접한 대지의 용도지역을 초과할 수 없다.
나. 입지 및 면적 기준
1) 제1종일반주거지역의 저층주거지(공원, 도로 등 제외)와 연접한 경우는 관 련위원회의 자문을 거쳐 사업 추진여부을 결정할 수 있다.
2) 사업대상지가 간선도로변에 접한 경우 2면 이상(이면도로에 접한 경우 1면 이상)이 도로에 접하면서, 한 면은 최소 6m 이상의 도로에 접해야 한다. 차량진출입은 이면도로에 계획하여야 하며, 간선도로변에서 직접 연결되는 이면도로에 차량진출입구를 설치하는 경우, 간선도로변에서의 이격거리는 최 소 15m 이상으로 한다.
3) 간선도로변에 접한 경우 간선도로에 접한 대지의 길이는 최소 15m 이상으 로 한다.
가) 면적 및 도로기준(예시)
간선도로변
이면도로변
(사업가능)
좀
간선도로변이
간선도로
(사업가능)
6mn도로
이면도로변 0
간선도로
6mn도로
간선도로변 0
이면도로변0
간선도로
15m 이상
간선도로변 0
간선도로
(사업불가)
(사업불가)
간선도로
6mn도로
이면도로변 0
간선도로
사업불가
4m도로
사업물가
간선도로
간선도로
4m도로
사업
불가
간선도로
(간선도로 연결도로 및 이면부 진출입도로 요건 미충족)
6mn도로
사업불가
간선도로
(간선도로 연결도로 및 이면부 진출입도로 요건 미충족)
나) 저층주거지",741905b495f5152476d3f413459c8c4525444e88511ce182fecc1dac7e4e9fc8,VIS-741905B495F5,TRUE,자동 추출,동일 이미지가 여러 페이지에 배치될 수 있음. 정확한 위치는 페이지 배치 이미지 레코드 확인.
PDF-LAW1-U016,LAW1,LAW1-2_3_2,14,PDF 고유 이미지,xref_00733.png,03_extracted_images/pdf_embedded/law-1/02_visible_unique_images/xref_00733.png,xref:733,,319.148,602.101,523.758,745.344,378,265,,PDF 내부에서 직접 추출하고 투명 마스크를 합성한 고유 이미지.,"LAW1-2_3_2 / 2-3-2. 안심주택 조례 제7조 제3항에 따라 “간선도로변”의 용도지역 변경 기준은 2-3-1의 기준에 따르되 다음 각 목의 기준을 충족하여야 한다.
가. 용도지역 변경 기준
1) 간선도로변 직접 접하는 경우 : 준주거지역으로 변경을 원칙으로 하되 2-3-1 나목의 인접 및 도로기준 1), 2)에 해당하는 경우 관련 위원회의 심 의를 통해 일반 또는 근린상업지역으로 변경할 수 있다.
2) 간선도로변에 직접 접하지 않는 경우(이면도로) : 준주거지역, 다만, 간선도 로변에 직접 접한 대지의 용도지역을 초과할 수 없다.
나. 입지 및 면적 기준
1) 제1종일반주거지역의 저층주거지(공원, 도로 등 제외)와 연접한 경우는 관 련위원회의 자문을 거쳐 사업 추진여부을 결정할 수 있다.
2) 사업대상지가 간선도로변에 접한 경우 2면 이상(이면도로에 접한 경우 1면 이상)이 도로에 접하면서, 한 면은 최소 6m 이상의 도로에 접해야 한다. 차량진출입은 이면도로에 계획하여야 하며, 간선도로변에서 직접 연결되는 이면도로에 차량진출입구를 설치하는 경우, 간선도로변에서의 이격거리는 최 소 15m 이상으로 한다.
3) 간선도로변에 접한 경우 간선도로에 접한 대지의 길이는 최소 15m 이상으 로 한다.
가) 면적 및 도로기준(예시)
간선도로변
이면도로변
(사업가능)
좀
간선도로변이
간선도로
(사업가능)
6mn도로
이면도로변 0
간선도로
6mn도로
간선도로변 0
이면도로변0
간선도로
15m 이상
간선도로변 0
간선도로
(사업불가)
(사업불가)
간선도로
6mn도로
이면도로변 0
간선도로
사업불가
4m도로
사업물가
간선도로
간선도로
4m도로
사업
불가
간선도로
(간선도로 연결도로 및 이면부 진출입도로 요건 미충족)
6mn도로
사업불가
간선도로
(간선도로 연결도로 및 이면부 진출입도로 요건 미충족)
나) 저층주거지",97e417234c35adc9937d6f6b7b8c3ce9f2de440e81f124bf9bf8ae4e987e004a,VIS-97E417234C35,TRUE,자동 추출,동일 이미지가 여러 페이지에 배치될 수 있음. 정확한 위치는 페이지 배치 이미지 레코드 확인.
PDF-LAW1-U017,LAW1,LAW1-2_3_2,14,PDF 고유 이미지,xref_00734.png,03_extracted_images/pdf_embedded/law-1/02_visible_unique_images/xref_00734.png,xref:734,,0,841,0,841,378,265,,PDF 내부에서 직접 추출하고 투명 마스크를 합성한 고유 이미지.,"LAW1-2_3_2 / 2-3-2. 안심주택 조례 제7조 제3항에 따라 “간선도로변”의 용도지역 변경 기준은 2-3-1의 기준에 따르되 다음 각 목의 기준을 충족하여야 한다.
가. 용도지역 변경 기준
1) 간선도로변 직접 접하는 경우 : 준주거지역으로 변경을 원칙으로 하되 2-3-1 나목의 인접 및 도로기준 1), 2)에 해당하는 경우 관련 위원회의 심 의를 통해 일반 또는 근린상업지역으로 변경할 수 있다.
2) 간선도로변에 직접 접하지 않는 경우(이면도로) : 준주거지역, 다만, 간선도 로변에 직접 접한 대지의 용도지역을 초과할 수 없다.
나. 입지 및 면적 기준
1) 제1종일반주거지역의 저층주거지(공원, 도로 등 제외)와 연접한 경우는 관 련위원회의 자문을 거쳐 사업 추진여부을 결정할 수 있다.
2) 사업대상지가 간선도로변에 접한 경우 2면 이상(이면도로에 접한 경우 1면 이상)이 도로에 접하면서, 한 면은 최소 6m 이상의 도로에 접해야 한다. 차량진출입은 이면도로에 계획하여야 하며, 간선도로변에서 직접 연결되는 이면도로에 차량진출입구를 설치하는 경우, 간선도로변에서의 이격거리는 최 소 15m 이상으로 한다.
3) 간선도로변에 접한 경우 간선도로에 접한 대지의 길이는 최소 15m 이상으 로 한다.
가) 면적 및 도로기준(예시)
간선도로변
이면도로변
(사업가능)
좀
간선도로변이
간선도로
(사업가능)
6mn도로
이면도로변 0
간선도로
6mn도로
간선도로변 0
이면도로변0
간선도로
15m 이상
간선도로변 0
간선도로
(사업불가)
(사업불가)
간선도로
6mn도로
이면도로변 0
간선도로
사업불가
4m도로
사업물가
간선도로
간선도로
4m도로
사업
불가
간선도로
(간선도로 연결도로 및 이면부 진출입도로 요건 미충족)
6mn도로
사업불가
간선도로
(간선도로 연결도로 및 이면부 진출입도로 요건 미충족)
나) 저층주거지",be4f5b9ed6eaee0bf921d8e542a12a8d497992393729049097993714f41e641e,VIS-BE4F5B9ED6EA,TRUE,자동 추출,동일 이미지가 여러 페이지에 배치될 수 있음. 정확한 위치는 페이지 배치 이미지 레코드 확인.
PDF-LAW1-U018,LAW1,LAW1-2_3_2,14,PDF 고유 이미지,xref_00735.png,03_extracted_images/pdf_embedded/law-1/02_visible_unique_images/xref_00735.png,xref:735,,319.148,452.745,523.758,595.988,378,265,,PDF 내부에서 직접 추출하고 투명 마스크를 합성한 고유 이미지.,"LAW1-2_3_2 / 2-3-2. 안심주택 조례 제7조 제3항에 따라 “간선도로변”의 용도지역 변경 기준은 2-3-1의 기준에 따르되 다음 각 목의 기준을 충족하여야 한다.
가. 용도지역 변경 기준
1) 간선도로변 직접 접하는 경우 : 준주거지역으로 변경을 원칙으로 하되 2-3-1 나목의 인접 및 도로기준 1), 2)에 해당하는 경우 관련 위원회의 심 의를 통해 일반 또는 근린상업지역으로 변경할 수 있다.
2) 간선도로변에 직접 접하지 않는 경우(이면도로) : 준주거지역, 다만, 간선도 로변에 직접 접한 대지의 용도지역을 초과할 수 없다.
나. 입지 및 면적 기준
1) 제1종일반주거지역의 저층주거지(공원, 도로 등 제외)와 연접한 경우는 관 련위원회의 자문을 거쳐 사업 추진여부을 결정할 수 있다.
2) 사업대상지가 간선도로변에 접한 경우 2면 이상(이면도로에 접한 경우 1면 이상)이 도로에 접하면서, 한 면은 최소 6m 이상의 도로에 접해야 한다. 차량진출입은 이면도로에 계획하여야 하며, 간선도로변에서 직접 연결되는 이면도로에 차량진출입구를 설치하는 경우, 간선도로변에서의 이격거리는 최 소 15m 이상으로 한다.
3) 간선도로변에 접한 경우 간선도로에 접한 대지의 길이는 최소 15m 이상으 로 한다.
가) 면적 및 도로기준(예시)
간선도로변
이면도로변
(사업가능)
좀
간선도로변이
간선도로
(사업가능)
6mn도로
이면도로변 0
간선도로
6mn도로
간선도로변 0
이면도로변0
간선도로
15m 이상
간선도로변 0
간선도로
(사업불가)
(사업불가)
간선도로
6mn도로
이면도로변 0
간선도로
사업불가
4m도로
사업물가
간선도로
간선도로
4m도로
사업
불가
간선도로
(간선도로 연결도로 및 이면부 진출입도로 요건 미충족)
6mn도로
사업불가
간선도로
(간선도로 연결도로 및 이면부 진출입도로 요건 미충족)
나) 저층주거지",64501f5afc215d2baab8f728a29c49817407f79e493686ffc4fc0c99ba0f910a,VIS-64501F5AFC21,TRUE,자동 추출,동일 이미지가 여러 페이지에 배치될 수 있음. 정확한 위치는 페이지 배치 이미지 레코드 확인.
PDF-LAW1-U019,LAW1,LAW1-2_3_2,14,PDF 고유 이미지,xref_00736.png,03_extracted_images/pdf_embedded/law-1/02_visible_unique_images/xref_00736.png,xref:736,,0,841,0,841,378,265,,PDF 내부에서 직접 추출하고 투명 마스크를 합성한 고유 이미지.,"LAW1-2_3_2 / 2-3-2. 안심주택 조례 제7조 제3항에 따라 “간선도로변”의 용도지역 변경 기준은 2-3-1의 기준에 따르되 다음 각 목의 기준을 충족하여야 한다.
가. 용도지역 변경 기준
1) 간선도로변 직접 접하는 경우 : 준주거지역으로 변경을 원칙으로 하되 2-3-1 나목의 인접 및 도로기준 1), 2)에 해당하는 경우 관련 위원회의 심 의를 통해 일반 또는 근린상업지역으로 변경할 수 있다.
2) 간선도로변에 직접 접하지 않는 경우(이면도로) : 준주거지역, 다만, 간선도 로변에 직접 접한 대지의 용도지역을 초과할 수 없다.
나. 입지 및 면적 기준
1) 제1종일반주거지역의 저층주거지(공원, 도로 등 제외)와 연접한 경우는 관 련위원회의 자문을 거쳐 사업 추진여부을 결정할 수 있다.
2) 사업대상지가 간선도로변에 접한 경우 2면 이상(이면도로에 접한 경우 1면 이상)이 도로에 접하면서, 한 면은 최소 6m 이상의 도로에 접해야 한다. 차량진출입은 이면도로에 계획하여야 하며, 간선도로변에서 직접 연결되는 이면도로에 차량진출입구를 설치하는 경우, 간선도로변에서의 이격거리는 최 소 15m 이상으로 한다.
3) 간선도로변에 접한 경우 간선도로에 접한 대지의 길이는 최소 15m 이상으 로 한다.
가) 면적 및 도로기준(예시)
간선도로변
이면도로변
(사업가능)
좀
간선도로변이
간선도로
(사업가능)
6mn도로
이면도로변 0
간선도로
6mn도로
간선도로변 0
이면도로변0
간선도로
15m 이상
간선도로변 0
간선도로
(사업불가)
(사업불가)
간선도로
6mn도로
이면도로변 0
간선도로
사업불가
4m도로
사업물가
간선도로
간선도로
4m도로
사업
불가
간선도로
(간선도로 연결도로 및 이면부 진출입도로 요건 미충족)
6mn도로
사업불가
간선도로
(간선도로 연결도로 및 이면부 진출입도로 요건 미충족)
나) 저층주거지",2b74c5adc91c3df1b0fe745f7445b6b28a7f6de7ba02ef7e2882c92a28b79a56,VIS-2B74C5ADC91C,TRUE,자동 추출,동일 이미지가 여러 페이지에 배치될 수 있음. 정확한 위치는 페이지 배치 이미지 레코드 확인.
PDF-LAW1-U020,LAW1,LAW1-2_3_2,14,PDF 고유 이미지,xref_00737.png,03_extracted_images/pdf_embedded/law-1/02_visible_unique_images/xref_00737.png,xref:737,,319.148,303.508,523.758,446.751,378,265,,PDF 내부에서 직접 추출하고 투명 마스크를 합성한 고유 이미지.,"LAW1-2_3_2 / 2-3-2. 안심주택 조례 제7조 제3항에 따라 “간선도로변”의 용도지역 변경 기준은 2-3-1의 기준에 따르되 다음 각 목의 기준을 충족하여야 한다.
가. 용도지역 변경 기준
1) 간선도로변 직접 접하는 경우 : 준주거지역으로 변경을 원칙으로 하되 2-3-1 나목의 인접 및 도로기준 1), 2)에 해당하는 경우 관련 위원회의 심 의를 통해 일반 또는 근린상업지역으로 변경할 수 있다.
2) 간선도로변에 직접 접하지 않는 경우(이면도로) : 준주거지역, 다만, 간선도 로변에 직접 접한 대지의 용도지역을 초과할 수 없다.
나. 입지 및 면적 기준
1) 제1종일반주거지역의 저층주거지(공원, 도로 등 제외)와 연접한 경우는 관 련위원회의 자문을 거쳐 사업 추진여부을 결정할 수 있다.
2) 사업대상지가 간선도로변에 접한 경우 2면 이상(이면도로에 접한 경우 1면 이상)이 도로에 접하면서, 한 면은 최소 6m 이상의 도로에 접해야 한다. 차량진출입은 이면도로에 계획하여야 하며, 간선도로변에서 직접 연결되는 이면도로에 차량진출입구를 설치하는 경우, 간선도로변에서의 이격거리는 최 소 15m 이상으로 한다.
3) 간선도로변에 접한 경우 간선도로에 접한 대지의 길이는 최소 15m 이상으 로 한다.
가) 면적 및 도로기준(예시)
간선도로변
이면도로변
(사업가능)
좀
간선도로변이
간선도로
(사업가능)
6mn도로
이면도로변 0
간선도로
6mn도로
간선도로변 0
이면도로변0
간선도로
15m 이상
간선도로변 0
간선도로
(사업불가)
(사업불가)
간선도로
6mn도로
이면도로변 0
간선도로
사업불가
4m도로
사업물가
간선도로
간선도로
4m도로
사업
불가
간선도로
(간선도로 연결도로 및 이면부 진출입도로 요건 미충족)
6mn도로
사업불가
간선도로
(간선도로 연결도로 및 이면부 진출입도로 요건 미충족)
나) 저층주거지",82edf8ef86d499b79904f245f68dac20e6696969d698ef9a4e07827918cad59d,VIS-82EDF8EF86D4,TRUE,자동 추출,동일 이미지가 여러 페이지에 배치될 수 있음. 정확한 위치는 페이지 배치 이미지 레코드 확인.
PDF-LAW1-U021,LAW1,LAW1-2_3_2,14,PDF 고유 이미지,xref_00739.png,03_extracted_images/pdf_embedded/law-1/02_visible_unique_images/xref_00739.png,xref:739,,0,841,0,841,378,265,,PDF 내부에서 직접 추출하고 투명 마스크를 합성한 고유 이미지.,"LAW1-2_3_2 / 2-3-2. 안심주택 조례 제7조 제3항에 따라 “간선도로변”의 용도지역 변경 기준은 2-3-1의 기준에 따르되 다음 각 목의 기준을 충족하여야 한다.
가. 용도지역 변경 기준
1) 간선도로변 직접 접하는 경우 : 준주거지역으로 변경을 원칙으로 하되 2-3-1 나목의 인접 및 도로기준 1), 2)에 해당하는 경우 관련 위원회의 심 의를 통해 일반 또는 근린상업지역으로 변경할 수 있다.
2) 간선도로변에 직접 접하지 않는 경우(이면도로) : 준주거지역, 다만, 간선도 로변에 직접 접한 대지의 용도지역을 초과할 수 없다.
나. 입지 및 면적 기준
1) 제1종일반주거지역의 저층주거지(공원, 도로 등 제외)와 연접한 경우는 관 련위원회의 자문을 거쳐 사업 추진여부을 결정할 수 있다.
2) 사업대상지가 간선도로변에 접한 경우 2면 이상(이면도로에 접한 경우 1면 이상)이 도로에 접하면서, 한 면은 최소 6m 이상의 도로에 접해야 한다. 차량진출입은 이면도로에 계획하여야 하며, 간선도로변에서 직접 연결되는 이면도로에 차량진출입구를 설치하는 경우, 간선도로변에서의 이격거리는 최 소 15m 이상으로 한다.
3) 간선도로변에 접한 경우 간선도로에 접한 대지의 길이는 최소 15m 이상으 로 한다.
가) 면적 및 도로기준(예시)
간선도로변
이면도로변
(사업가능)
좀
간선도로변이
간선도로
(사업가능)
6mn도로
이면도로변 0
간선도로
6mn도로
간선도로변 0
이면도로변0
간선도로
15m 이상
간선도로변 0
간선도로
(사업불가)
(사업불가)
간선도로
6mn도로
이면도로변 0
간선도로
사업불가
4m도로
사업물가
간선도로
간선도로
4m도로
사업
불가
간선도로
(간선도로 연결도로 및 이면부 진출입도로 요건 미충족)
6mn도로
사업불가
간선도로
(간선도로 연결도로 및 이면부 진출입도로 요건 미충족)
나) 저층주거지",9b0be04496e008b6d985c2319602430ab345b05889432b1885aedba26c702e2f,VIS-9B0BE04496E0,TRUE,자동 추출,동일 이미지가 여러 페이지에 배치될 수 있음. 정확한 위치는 페이지 배치 이미지 레코드 확인.
PDF-LAW1-U022,LAW1,LAW1-2_3_2,14,PDF 고유 이미지,xref_00740.png,03_extracted_images/pdf_embedded/law-1/02_visible_unique_images/xref_00740.png,xref:740,,76.879,133.654,281.489,276.897,378,265,,PDF 내부에서 직접 추출하고 투명 마스크를 합성한 고유 이미지.,"LAW1-2_3_2 / 2-3-2. 안심주택 조례 제7조 제3항에 따라 “간선도로변”의 용도지역 변경 기준은 2-3-1의 기준에 따르되 다음 각 목의 기준을 충족하여야 한다.
가. 용도지역 변경 기준
1) 간선도로변 직접 접하는 경우 : 준주거지역으로 변경을 원칙으로 하되 2-3-1 나목의 인접 및 도로기준 1), 2)에 해당하는 경우 관련 위원회의 심 의를 통해 일반 또는 근린상업지역으로 변경할 수 있다.
2) 간선도로변에 직접 접하지 않는 경우(이면도로) : 준주거지역, 다만, 간선도 로변에 직접 접한 대지의 용도지역을 초과할 수 없다.
나. 입지 및 면적 기준
1) 제1종일반주거지역의 저층주거지(공원, 도로 등 제외)와 연접한 경우는 관 련위원회의 자문을 거쳐 사업 추진여부을 결정할 수 있다.
2) 사업대상지가 간선도로변에 접한 경우 2면 이상(이면도로에 접한 경우 1면 이상)이 도로에 접하면서, 한 면은 최소 6m 이상의 도로에 접해야 한다. 차량진출입은 이면도로에 계획하여야 하며, 간선도로변에서 직접 연결되는 이면도로에 차량진출입구를 설치하는 경우, 간선도로변에서의 이격거리는 최 소 15m 이상으로 한다.
3) 간선도로변에 접한 경우 간선도로에 접한 대지의 길이는 최소 15m 이상으 로 한다.
가) 면적 및 도로기준(예시)
간선도로변
이면도로변
(사업가능)
좀
간선도로변이
간선도로
(사업가능)
6mn도로
이면도로변 0
간선도로
6mn도로
간선도로변 0
이면도로변0
간선도로
15m 이상
간선도로변 0
간선도로
(사업불가)
(사업불가)
간선도로
6mn도로
이면도로변 0
간선도로
사업불가
4m도로
사업물가
간선도로
간선도로
4m도로
사업
불가
간선도로
(간선도로 연결도로 및 이면부 진출입도로 요건 미충족)
6mn도로
사업불가
간선도로
(간선도로 연결도로 및 이면부 진출입도로 요건 미충족)
나) 저층주거지",40efdee29bff17e78a1510ed7071f28f7957854b825cf65fec40e1ea58964404,VIS-40EFDEE29BFF,TRUE,자동 추출,동일 이미지가 여러 페이지에 배치될 수 있음. 정확한 위치는 페이지 배치 이미지 레코드 확인.
PDF-LAW1-U023,LAW1,LAW1-2_3_2,14,PDF 고유 이미지,xref_00741.png,03_extracted_images/pdf_embedded/law-1/02_visible_unique_images/xref_00741.png,xref:741,,0,841,0,841,378,265,,PDF 내부에서 직접 추출하고 투명 마스크를 합성한 고유 이미지.,"LAW1-2_3_2 / 2-3-2. 안심주택 조례 제7조 제3항에 따라 “간선도로변”의 용도지역 변경 기준은 2-3-1의 기준에 따르되 다음 각 목의 기준을 충족하여야 한다.
가. 용도지역 변경 기준
1) 간선도로변 직접 접하는 경우 : 준주거지역으로 변경을 원칙으로 하되 2-3-1 나목의 인접 및 도로기준 1), 2)에 해당하는 경우 관련 위원회의 심 의를 통해 일반 또는 근린상업지역으로 변경할 수 있다.
2) 간선도로변에 직접 접하지 않는 경우(이면도로) : 준주거지역, 다만, 간선도 로변에 직접 접한 대지의 용도지역을 초과할 수 없다.
나. 입지 및 면적 기준
1) 제1종일반주거지역의 저층주거지(공원, 도로 등 제외)와 연접한 경우는 관 련위원회의 자문을 거쳐 사업 추진여부을 결정할 수 있다.
2) 사업대상지가 간선도로변에 접한 경우 2면 이상(이면도로에 접한 경우 1면 이상)이 도로에 접하면서, 한 면은 최소 6m 이상의 도로에 접해야 한다. 차량진출입은 이면도로에 계획하여야 하며, 간선도로변에서 직접 연결되는 이면도로에 차량진출입구를 설치하는 경우, 간선도로변에서의 이격거리는 최 소 15m 이상으로 한다.
3) 간선도로변에 접한 경우 간선도로에 접한 대지의 길이는 최소 15m 이상으 로 한다.
가) 면적 및 도로기준(예시)
간선도로변
이면도로변
(사업가능)
좀
간선도로변이
간선도로
(사업가능)
6mn도로
이면도로변 0
간선도로
6mn도로
간선도로변 0
이면도로변0
간선도로
15m 이상
간선도로변 0
간선도로
(사업불가)
(사업불가)
간선도로
6mn도로
이면도로변 0
간선도로
사업불가
4m도로
사업물가
간선도로
간선도로
4m도로
사업
불가
간선도로
(간선도로 연결도로 및 이면부 진출입도로 요건 미충족)
6mn도로
사업불가
간선도로
(간선도로 연결도로 및 이면부 진출입도로 요건 미충족)
나) 저층주거지",9b1817713b74b9db0c18c3ec6e4cec51ed8ca944d853715316c733f57f219eda,VIS-9B1817713B74,TRUE,자동 추출,동일 이미지가 여러 페이지에 배치될 수 있음. 정확한 위치는 페이지 배치 이미지 레코드 확인.
PDF-LAW1-U024,LAW1,LAW1-2_3_2,14,PDF 고유 이미지,xref_00742.png,03_extracted_images/pdf_embedded/law-1/02_visible_unique_images/xref_00742.png,xref:742,,319.148,133.654,523.758,276.897,378,265,,PDF 내부에서 직접 추출하고 투명 마스크를 합성한 고유 이미지.,"LAW1-2_3_2 / 2-3-2. 안심주택 조례 제7조 제3항에 따라 “간선도로변”의 용도지역 변경 기준은 2-3-1의 기준에 따르되 다음 각 목의 기준을 충족하여야 한다.
가. 용도지역 변경 기준
1) 간선도로변 직접 접하는 경우 : 준주거지역으로 변경을 원칙으로 하되 2-3-1 나목의 인접 및 도로기준 1), 2)에 해당하는 경우 관련 위원회의 심 의를 통해 일반 또는 근린상업지역으로 변경할 수 있다.
2) 간선도로변에 직접 접하지 않는 경우(이면도로) : 준주거지역, 다만, 간선도 로변에 직접 접한 대지의 용도지역을 초과할 수 없다.
나. 입지 및 면적 기준
1) 제1종일반주거지역의 저층주거지(공원, 도로 등 제외)와 연접한 경우는 관 련위원회의 자문을 거쳐 사업 추진여부을 결정할 수 있다.
2) 사업대상지가 간선도로변에 접한 경우 2면 이상(이면도로에 접한 경우 1면 이상)이 도로에 접하면서, 한 면은 최소 6m 이상의 도로에 접해야 한다. 차량진출입은 이면도로에 계획하여야 하며, 간선도로변에서 직접 연결되는 이면도로에 차량진출입구를 설치하는 경우, 간선도로변에서의 이격거리는 최 소 15m 이상으로 한다.
3) 간선도로변에 접한 경우 간선도로에 접한 대지의 길이는 최소 15m 이상으 로 한다.
가) 면적 및 도로기준(예시)
간선도로변
이면도로변
(사업가능)
좀
간선도로변이
간선도로
(사업가능)
6mn도로
이면도로변 0
간선도로
6mn도로
간선도로변 0
이면도로변0
간선도로
15m 이상
간선도로변 0
간선도로
(사업불가)
(사업불가)
간선도로
6mn도로
이면도로변 0
간선도로
사업불가
4m도로
사업물가
간선도로
간선도로
4m도로
사업
불가
간선도로
(간선도로 연결도로 및 이면부 진출입도로 요건 미충족)
6mn도로
사업불가
간선도로
(간선도로 연결도로 및 이면부 진출입도로 요건 미충족)
나) 저층주거지",917cac716855b37548499508d021e004cedb846aca2beeadcb694fd266500ab9,VIS-917CAC716855,TRUE,자동 추출,동일 이미지가 여러 페이지에 배치될 수 있음. 정확한 위치는 페이지 배치 이미지 레코드 확인.
PDF-LAW1-U025,LAW1,LAW1-2_3_2,15,PDF 고유 이미지,xref_00763.png,03_extracted_images/pdf_embedded/law-1/02_visible_unique_images/xref_00763.png,xref:763,,73.88,384.06,274.772,538.451,268,221,,PDF 내부에서 직접 추출하고 투명 마스크를 합성한 고유 이미지.,"LAW1-2_3_2 / 2-3-2. 안심주택 조례 제7조 제3항에 따라 “간선도로변”의 용도지역 변경 기준은 2-3-1의 기준에 따르되 다음 각 목의 기준을 충족하여야 한다.
가. 용도지역 변경 기준
1) 간선도로변 직접 접하는 경우 : 준주거지역으로 변경을 원칙으로 하되 2-3-1 나목의 인접 및 도로기준 1), 2)에 해당하는 경우 관련 위원회의 심 의를 통해 일반 또는 근린상업지역으로 변경할 수 있다.
2) 간선도로변에 직접 접하지 않는 경우(이면도로) : 준주거지역, 다만, 간선도 로변에 직접 접한 대지의 용도지역을 초과할 수 없다.
나. 입지 및 면적 기준
1) 제1종일반주거지역의 저층주거지(공원, 도로 등 제외)와 연접한 경우는 관 련위원회의 자문을 거쳐 사업 추진여부을 결정할 수 있다.
2) 사업대상지가 간선도로변에 접한 경우 2면 이상(이면도로에 접한 경우 1면 이상)이 도로에 접하면서, 한 면은 최소 6m 이상의 도로에 접해야 한다. 차량진출입은 이면도로에 계획하여야 하며, 간선도로변에서 직접 연결되는 이면도로에 차량진출입구를 설치하는 경우, 간선도로변에서의 이격거리는 최 소 15m 이상으로 한다.
3) 간선도로변에 접한 경우 간선도로에 접한 대지의 길이는 최소 15m 이상으 로 한다.
가) 면적 및 도로기준(예시)
간선도로변
이면도로변
(사업가능)
좀
간선도로변이
간선도로
(사업가능)
6mn도로
이면도로변 0
간선도로
6mn도로
간선도로변 0
이면도로변0
간선도로
15m 이상
간선도로변 0
간선도로
(사업불가)
(사업불가)
간선도로
6mn도로
이면도로변 0
간선도로
사업불가
4m도로
사업물가
간선도로
간선도로
4m도로
사업
불가
간선도로
(간선도로 연결도로 및 이면부 진출입도로 요건 미충족)
6mn도로
사업불가
간선도로
(간선도로 연결도로 및 이면부 진출입도로 요건 미충족)
나) 저층주거지",4cd6ea83ee069ea70e0874a291a3d9dd70d402c69107dac60e6f040ebbe8b493,VIS-4CD6EA83EE06,TRUE,자동 추출,동일 이미지가 여러 페이지에 배치될 수 있음. 정확한 위치는 페이지 배치 이미지 레코드 확인.
PDF-LAW1-U026,LAW1,LAW1-2_3_2,15,PDF 고유 이미지,xref_00764.png,03_extracted_images/pdf_embedded/law-1/02_visible_unique_images/xref_00764.png,xref:764,,317.949,384.06,518.841,538.451,268,221,,PDF 내부에서 직접 추출하고 투명 마스크를 합성한 고유 이미지.,"LAW1-2_3_2 / 2-3-2. 안심주택 조례 제7조 제3항에 따라 “간선도로변”의 용도지역 변경 기준은 2-3-1의 기준에 따르되 다음 각 목의 기준을 충족하여야 한다.
가. 용도지역 변경 기준
1) 간선도로변 직접 접하는 경우 : 준주거지역으로 변경을 원칙으로 하되 2-3-1 나목의 인접 및 도로기준 1), 2)에 해당하는 경우 관련 위원회의 심 의를 통해 일반 또는 근린상업지역으로 변경할 수 있다.
2) 간선도로변에 직접 접하지 않는 경우(이면도로) : 준주거지역, 다만, 간선도 로변에 직접 접한 대지의 용도지역을 초과할 수 없다.
나. 입지 및 면적 기준
1) 제1종일반주거지역의 저층주거지(공원, 도로 등 제외)와 연접한 경우는 관 련위원회의 자문을 거쳐 사업 추진여부을 결정할 수 있다.
2) 사업대상지가 간선도로변에 접한 경우 2면 이상(이면도로에 접한 경우 1면 이상)이 도로에 접하면서, 한 면은 최소 6m 이상의 도로에 접해야 한다. 차량진출입은 이면도로에 계획하여야 하며, 간선도로변에서 직접 연결되는 이면도로에 차량진출입구를 설치하는 경우, 간선도로변에서의 이격거리는 최 소 15m 이상으로 한다.
3) 간선도로변에 접한 경우 간선도로에 접한 대지의 길이는 최소 15m 이상으 로 한다.
가) 면적 및 도로기준(예시)
간선도로변
이면도로변
(사업가능)
좀
간선도로변이
간선도로
(사업가능)
6mn도로
이면도로변 0
간선도로
6mn도로
간선도로변 0
이면도로변0
간선도로
15m 이상
간선도로변 0
간선도로
(사업불가)
(사업불가)
간선도로
6mn도로
이면도로변 0
간선도로
사업불가
4m도로
사업물가
간선도로
간선도로
4m도로
사업
불가
간선도로
(간선도로 연결도로 및 이면부 진출입도로 요건 미충족)
6mn도로
사업불가
간선도로
(간선도로 연결도로 및 이면부 진출입도로 요건 미충족)
나) 저층주거지",53755851086665cf5d33392a801f95b1d7b42da33b87af3e741193b958eed070,VIS-537558510866,TRUE,자동 추출,동일 이미지가 여러 페이지에 배치될 수 있음. 정확한 위치는 페이지 배치 이미지 레코드 확인.
PDF-LAW1-U027,LAW1,LAW1-2_3_2,15,PDF 고유 이미지,xref_00765.png,03_extracted_images/pdf_embedded/law-1/02_visible_unique_images/xref_00765.png,xref:765,,0,841,0,841,378,265,,PDF 내부에서 직접 추출하고 투명 마스크를 합성한 고유 이미지.,"LAW1-2_3_2 / 2-3-2. 안심주택 조례 제7조 제3항에 따라 “간선도로변”의 용도지역 변경 기준은 2-3-1의 기준에 따르되 다음 각 목의 기준을 충족하여야 한다.
가. 용도지역 변경 기준
1) 간선도로변 직접 접하는 경우 : 준주거지역으로 변경을 원칙으로 하되 2-3-1 나목의 인접 및 도로기준 1), 2)에 해당하는 경우 관련 위원회의 심 의를 통해 일반 또는 근린상업지역으로 변경할 수 있다.
2) 간선도로변에 직접 접하지 않는 경우(이면도로) : 준주거지역, 다만, 간선도 로변에 직접 접한 대지의 용도지역을 초과할 수 없다.
나. 입지 및 면적 기준
1) 제1종일반주거지역의 저층주거지(공원, 도로 등 제외)와 연접한 경우는 관 련위원회의 자문을 거쳐 사업 추진여부을 결정할 수 있다.
2) 사업대상지가 간선도로변에 접한 경우 2면 이상(이면도로에 접한 경우 1면 이상)이 도로에 접하면서, 한 면은 최소 6m 이상의 도로에 접해야 한다. 차량진출입은 이면도로에 계획하여야 하며, 간선도로변에서 직접 연결되는 이면도로에 차량진출입구를 설치하는 경우, 간선도로변에서의 이격거리는 최 소 15m 이상으로 한다.
3) 간선도로변에 접한 경우 간선도로에 접한 대지의 길이는 최소 15m 이상으 로 한다.
가) 면적 및 도로기준(예시)
간선도로변
이면도로변
(사업가능)
좀
간선도로변이
간선도로
(사업가능)
6mn도로
이면도로변 0
간선도로
6mn도로
간선도로변 0
이면도로변0
간선도로
15m 이상
간선도로변 0
간선도로
(사업불가)
(사업불가)
간선도로
6mn도로
이면도로변 0
간선도로
사업불가
4m도로
사업물가
간선도로
간선도로
4m도로
사업
불가
간선도로
(간선도로 연결도로 및 이면부 진출입도로 요건 미충족)
6mn도로
사업불가
간선도로
(간선도로 연결도로 및 이면부 진출입도로 요건 미충족)
나) 저층주거지",e2e6739573038e87778fb90e13fd591273a2edc73cb5303d7962c5658b59a96e,VIS-E2E673957303,TRUE,자동 추출,동일 이미지가 여러 페이지에 배치될 수 있음. 정확한 위치는 페이지 배치 이미지 레코드 확인.
PDF-LAW1-U028,LAW1,LAW1-2_3_2,15,PDF 고유 이미지,xref_00766.png,03_extracted_images/pdf_embedded/law-1/02_visible_unique_images/xref_00766.png,xref:766,,76.879,623.078,281.489,766.321,378,265,,PDF 내부에서 직접 추출하고 투명 마스크를 합성한 고유 이미지.,"LAW1-2_3_2 / 2-3-2. 안심주택 조례 제7조 제3항에 따라 “간선도로변”의 용도지역 변경 기준은 2-3-1의 기준에 따르되 다음 각 목의 기준을 충족하여야 한다.
가. 용도지역 변경 기준
1) 간선도로변 직접 접하는 경우 : 준주거지역으로 변경을 원칙으로 하되 2-3-1 나목의 인접 및 도로기준 1), 2)에 해당하는 경우 관련 위원회의 심 의를 통해 일반 또는 근린상업지역으로 변경할 수 있다.
2) 간선도로변에 직접 접하지 않는 경우(이면도로) : 준주거지역, 다만, 간선도 로변에 직접 접한 대지의 용도지역을 초과할 수 없다.
나. 입지 및 면적 기준
1) 제1종일반주거지역의 저층주거지(공원, 도로 등 제외)와 연접한 경우는 관 련위원회의 자문을 거쳐 사업 추진여부을 결정할 수 있다.
2) 사업대상지가 간선도로변에 접한 경우 2면 이상(이면도로에 접한 경우 1면 이상)이 도로에 접하면서, 한 면은 최소 6m 이상의 도로에 접해야 한다. 차량진출입은 이면도로에 계획하여야 하며, 간선도로변에서 직접 연결되는 이면도로에 차량진출입구를 설치하는 경우, 간선도로변에서의 이격거리는 최 소 15m 이상으로 한다.
3) 간선도로변에 접한 경우 간선도로에 접한 대지의 길이는 최소 15m 이상으 로 한다.
가) 면적 및 도로기준(예시)
간선도로변
이면도로변
(사업가능)
좀
간선도로변이
간선도로
(사업가능)
6mn도로
이면도로변 0
간선도로
6mn도로
간선도로변 0
이면도로변0
간선도로
15m 이상
간선도로변 0
간선도로
(사업불가)
(사업불가)
간선도로
6mn도로
이면도로변 0
간선도로
사업불가
4m도로
사업물가
간선도로
간선도로
4m도로
사업
불가
간선도로
(간선도로 연결도로 및 이면부 진출입도로 요건 미충족)
6mn도로
사업불가
간선도로
(간선도로 연결도로 및 이면부 진출입도로 요건 미충족)
나) 저층주거지",17c67379e96f027e76cdd653b4558a8a04faaaa0c01a87d5f24cd111b5b26498,VIS-17C67379E96F,TRUE,자동 추출,동일 이미지가 여러 페이지에 배치될 수 있음. 정확한 위치는 페이지 배치 이미지 레코드 확인.
PDF-LAW1-U029,LAW1,LAW1-2_3_2,15,PDF 고유 이미지,xref_00773.png,03_extracted_images/pdf_embedded/law-1/02_visible_unique_images/xref_00773.png,xref:773,,0,841,0,841,378,265,,PDF 내부에서 직접 추출하고 투명 마스크를 합성한 고유 이미지.,"LAW1-2_3_2 / 2-3-2. 안심주택 조례 제7조 제3항에 따라 “간선도로변”의 용도지역 변경 기준은 2-3-1의 기준에 따르되 다음 각 목의 기준을 충족하여야 한다.
가. 용도지역 변경 기준
1) 간선도로변 직접 접하는 경우 : 준주거지역으로 변경을 원칙으로 하되 2-3-1 나목의 인접 및 도로기준 1), 2)에 해당하는 경우 관련 위원회의 심 의를 통해 일반 또는 근린상업지역으로 변경할 수 있다.
2) 간선도로변에 직접 접하지 않는 경우(이면도로) : 준주거지역, 다만, 간선도 로변에 직접 접한 대지의 용도지역을 초과할 수 없다.
나. 입지 및 면적 기준
1) 제1종일반주거지역의 저층주거지(공원, 도로 등 제외)와 연접한 경우는 관 련위원회의 자문을 거쳐 사업 추진여부을 결정할 수 있다.
2) 사업대상지가 간선도로변에 접한 경우 2면 이상(이면도로에 접한 경우 1면 이상)이 도로에 접하면서, 한 면은 최소 6m 이상의 도로에 접해야 한다. 차량진출입은 이면도로에 계획하여야 하며, 간선도로변에서 직접 연결되는 이면도로에 차량진출입구를 설치하는 경우, 간선도로변에서의 이격거리는 최 소 15m 이상으로 한다.
3) 간선도로변에 접한 경우 간선도로에 접한 대지의 길이는 최소 15m 이상으 로 한다.
가) 면적 및 도로기준(예시)
간선도로변
이면도로변
(사업가능)
좀
간선도로변이
간선도로
(사업가능)
6mn도로
이면도로변 0
간선도로
6mn도로
간선도로변 0
이면도로변0
간선도로
15m 이상
간선도로변 0
간선도로
(사업불가)
(사업불가)
간선도로
6mn도로
이면도로변 0
간선도로
사업불가
4m도로
사업물가
간선도로
간선도로
4m도로
사업
불가
간선도로
(간선도로 연결도로 및 이면부 진출입도로 요건 미충족)
6mn도로
사업불가
간선도로
(간선도로 연결도로 및 이면부 진출입도로 요건 미충족)
나) 저층주거지",6ba4ed1335fbe75942ce1eece4d4b3ed18014dd9560ad002f8ad0dac381e82a4,VIS-6BA4ED1335FB,TRUE,자동 추출,동일 이미지가 여러 페이지에 배치될 수 있음. 정확한 위치는 페이지 배치 이미지 레코드 확인.
PDF-LAW1-U030,LAW1,LAW1-2_3_2,15,PDF 고유 이미지,xref_00774.png,03_extracted_images/pdf_embedded/law-1/02_visible_unique_images/xref_00774.png,xref:774,,319.148,623.078,523.758,766.321,378,265,,PDF 내부에서 직접 추출하고 투명 마스크를 합성한 고유 이미지.,"LAW1-2_3_2 / 2-3-2. 안심주택 조례 제7조 제3항에 따라 “간선도로변”의 용도지역 변경 기준은 2-3-1의 기준에 따르되 다음 각 목의 기준을 충족하여야 한다.
가. 용도지역 변경 기준
1) 간선도로변 직접 접하는 경우 : 준주거지역으로 변경을 원칙으로 하되 2-3-1 나목의 인접 및 도로기준 1), 2)에 해당하는 경우 관련 위원회의 심 의를 통해 일반 또는 근린상업지역으로 변경할 수 있다.
2) 간선도로변에 직접 접하지 않는 경우(이면도로) : 준주거지역, 다만, 간선도 로변에 직접 접한 대지의 용도지역을 초과할 수 없다.
나. 입지 및 면적 기준
1) 제1종일반주거지역의 저층주거지(공원, 도로 등 제외)와 연접한 경우는 관 련위원회의 자문을 거쳐 사업 추진여부을 결정할 수 있다.
2) 사업대상지가 간선도로변에 접한 경우 2면 이상(이면도로에 접한 경우 1면 이상)이 도로에 접하면서, 한 면은 최소 6m 이상의 도로에 접해야 한다. 차량진출입은 이면도로에 계획하여야 하며, 간선도로변에서 직접 연결되는 이면도로에 차량진출입구를 설치하는 경우, 간선도로변에서의 이격거리는 최 소 15m 이상으로 한다.
3) 간선도로변에 접한 경우 간선도로에 접한 대지의 길이는 최소 15m 이상으 로 한다.
가) 면적 및 도로기준(예시)
간선도로변
이면도로변
(사업가능)
좀
간선도로변이
간선도로
(사업가능)
6mn도로
이면도로변 0
간선도로
6mn도로
간선도로변 0
이면도로변0
간선도로
15m 이상
간선도로변 0
간선도로
(사업불가)
(사업불가)
간선도로
6mn도로
이면도로변 0
간선도로
사업불가
4m도로
사업물가
간선도로
간선도로
4m도로
사업
불가
간선도로
(간선도로 연결도로 및 이면부 진출입도로 요건 미충족)
6mn도로
사업불가
간선도로
(간선도로 연결도로 및 이면부 진출입도로 요건 미충족)
나) 저층주거지",73c9e698c510299fc3c0e6a1f929ccfdd0b1601e465fb8a8627650e85b68dc58,VIS-73C9E698C510,TRUE,자동 추출,동일 이미지가 여러 페이지에 배치될 수 있음. 정확한 위치는 페이지 배치 이미지 레코드 확인.
PDF-LAW1-U031,LAW1,LAW1-2_3_3,16,PDF 고유 이미지,xref_00786.png,03_extracted_images/pdf_embedded/law-1/02_visible_unique_images/xref_00786.png,xref:786,,0,841,0,841,903,632,,PDF 내부에서 직접 추출하고 투명 마스크를 합성한 고유 이미지.,"LAW1-2_3_3 / 2-3-3. 안심주택 조례 제7조 제3항에 따라 “의료시설 중심지역”의 용도지역 변경 기준은 2-3-1의 기준에 따르되 다음의 요건을 충족하여야 한다.
가. 의료시설의 대상부지에 의료시설 외 용도의 건물이 있는 경우 의료시설 건물 과 의료시설 외의 건축물의 중심 또는 도로중심선을 경계로 한다. 해당 범위 의 구체적인 사항은 시장이 별도로 정할 수 있다.
[의료시설 외의 건축물의 중심]
의료시설의대상부지
의료시설외
건축물의중심
용도의건축물
의학대학(원)
기숙사등
의로시설
중심지역
[해당 부지에 도로가 있는 경우]
의료시설의대상부지
의료시설외
의료시설
용도의건축물
중심지역
의학다학(원)
가숙사등
부지내도로중심선
나. 사업대상지는 최소 6m 이상의 도로에 접하고 이면도로에서 차량 진출입을 우선적으로 검토한다.",313fe6be51559e02ec1321f8053309025a663960772bac5bfcd44eba29beddd1,VIS-313FE6BE5155,TRUE,자동 추출,동일 이미지가 여러 페이지에 배치될 수 있음. 정확한 위치는 페이지 배치 이미지 레코드 확인.
PDF-LAW1-U032,LAW1,LAW1-2_3_3,16,PDF 고유 이미지,xref_00787.png,03_extracted_images/pdf_embedded/law-1/02_visible_unique_images/xref_00787.png,xref:787,,86.114,588.436,302.718,739.95,903,632,,PDF 내부에서 직접 추출하고 투명 마스크를 합성한 고유 이미지.,"LAW1-2_3_3 / 2-3-3. 안심주택 조례 제7조 제3항에 따라 “의료시설 중심지역”의 용도지역 변경 기준은 2-3-1의 기준에 따르되 다음의 요건을 충족하여야 한다.
가. 의료시설의 대상부지에 의료시설 외 용도의 건물이 있는 경우 의료시설 건물 과 의료시설 외의 건축물의 중심 또는 도로중심선을 경계로 한다. 해당 범위 의 구체적인 사항은 시장이 별도로 정할 수 있다.
[의료시설 외의 건축물의 중심]
의료시설의대상부지
의료시설외
건축물의중심
용도의건축물
의학대학(원)
기숙사등
의로시설
중심지역
[해당 부지에 도로가 있는 경우]
의료시설의대상부지
의료시설외
의료시설
용도의건축물
중심지역
의학다학(원)
가숙사등
부지내도로중심선
나. 사업대상지는 최소 6m 이상의 도로에 접하고 이면도로에서 차량 진출입을 우선적으로 검토한다.",a08903e67e7e5c7d3d1ff56f922e5b7662e7195490a45ca5c76e89a873be7513,VIS-A08903E67E7E,TRUE,자동 추출,동일 이미지가 여러 페이지에 배치될 수 있음. 정확한 위치는 페이지 배치 이미지 레코드 확인.
PDF-LAW1-U033,LAW1,LAW1-2_3_3,16,PDF 고유 이미지,xref_00788.png,03_extracted_images/pdf_embedded/law-1/02_visible_unique_images/xref_00788.png,xref:788,,0,841,0,841,903,632,,PDF 내부에서 직접 추출하고 투명 마스크를 합성한 고유 이미지.,"LAW1-2_3_3 / 2-3-3. 안심주택 조례 제7조 제3항에 따라 “의료시설 중심지역”의 용도지역 변경 기준은 2-3-1의 기준에 따르되 다음의 요건을 충족하여야 한다.
가. 의료시설의 대상부지에 의료시설 외 용도의 건물이 있는 경우 의료시설 건물 과 의료시설 외의 건축물의 중심 또는 도로중심선을 경계로 한다. 해당 범위 의 구체적인 사항은 시장이 별도로 정할 수 있다.
[의료시설 외의 건축물의 중심]
의료시설의대상부지
의료시설외
건축물의중심
용도의건축물
의학대학(원)
기숙사등
의로시설
중심지역
[해당 부지에 도로가 있는 경우]
의료시설의대상부지
의료시설외
의료시설
용도의건축물
중심지역
의학다학(원)
가숙사등
부지내도로중심선
나. 사업대상지는 최소 6m 이상의 도로에 접하고 이면도로에서 차량 진출입을 우선적으로 검토한다.",d004712b04acb4a25075542d24fb6b62e71cecc40af8c63cad7782cfeb008f7f,VIS-D004712B04AC,TRUE,자동 추출,동일 이미지가 여러 페이지에 배치될 수 있음. 정확한 위치는 페이지 배치 이미지 레코드 확인.
PDF-LAW1-U034,LAW1,LAW1-2_3_3,16,PDF 고유 이미지,xref_00789.png,03_extracted_images/pdf_embedded/law-1/02_visible_unique_images/xref_00789.png,xref:789,,330.182,588.436,546.786,739.95,903,632,,PDF 내부에서 직접 추출하고 투명 마스크를 합성한 고유 이미지.,"LAW1-2_3_3 / 2-3-3. 안심주택 조례 제7조 제3항에 따라 “의료시설 중심지역”의 용도지역 변경 기준은 2-3-1의 기준에 따르되 다음의 요건을 충족하여야 한다.
가. 의료시설의 대상부지에 의료시설 외 용도의 건물이 있는 경우 의료시설 건물 과 의료시설 외의 건축물의 중심 또는 도로중심선을 경계로 한다. 해당 범위 의 구체적인 사항은 시장이 별도로 정할 수 있다.
[의료시설 외의 건축물의 중심]
의료시설의대상부지
의료시설외
건축물의중심
용도의건축물
의학대학(원)
기숙사등
의로시설
중심지역
[해당 부지에 도로가 있는 경우]
의료시설의대상부지
의료시설외
의료시설
용도의건축물
중심지역
의학다학(원)
가숙사등
부지내도로중심선
나. 사업대상지는 최소 6m 이상의 도로에 접하고 이면도로에서 차량 진출입을 우선적으로 검토한다.",11c52617d40f99f235a1d3f077359683ec42a52c525355b9e754f0de3c610bef,VIS-11C52617D40F,TRUE,자동 추출,동일 이미지가 여러 페이지에 배치될 수 있음. 정확한 위치는 페이지 배치 이미지 레코드 확인.
PDF-LAW1-U035,LAW1,LAW1-2_5_3,21,PDF 고유 이미지,xref_00880.png,03_extracted_images/pdf_embedded/law-1/02_visible_unique_images/xref_00880.png,xref:880,,267.816,226.792,282.328,243.334,123,138,,PDF 내부에서 직접 추출하고 투명 마스크를 합성한 고유 이미지.,"LAW1-2_5_3 / 2-5-3. 건축물의 주거환경을 미래지향적으로 조성하기 위하여 지속가능형 공동주택, 친환경 건축물, 커뮤니티 지원시설 설치, 상생형 임차시설 설치, 공공시설물 (의무 공공기여 제외) 설치, ｢서울특별시 건축물 심의기준｣에 규정한 발코니 (개방형 발코니, 돌출개방형 발코니, 돌출형 발코니) 설치 중 2가지 사항 이 상을 의무적으로 이행하여야 한다.
가. “지속가능형 공동주택”은 건축물의 노후화 억제, 기능향상 등을 통해 건축물 의 내구연한을 증대시켜 자원의 절약 및 건설폐기물 최소화 등 친환경성을 지 속적으로 유지하기 위하여 「건축법」 제8조에 의한 “리모델링이 쉬운 구조” 인 공동주택 또는 「주택법」 제38조에 의한 “장수명 주택”으로 계획하여야
하며, 적합 여부는 「서울특별시 건축물 심의기준」을 참조하여 관련위원회에 서 결정한다.
나. “친환경 건축물”은 녹색건축물 활성화 도모를 위한 것으로 「서울특별시 녹색 건축물 설계기준(서울특별시 고시)」을 다음과 같이 적용한다.
1) 「서울특별시 녹색건축물 설계기준(서울특별시 고시)」에 의한 해당 적용대 상의 구분을 적용하여 ㉠ 환경성능부문 ㉡ 에너지성능부문 ㉢ 에너지관리부 문 ㉣ 신·재생에너지부문 중 2가지 이상을 적용대상의 구분에서 상향단계를 적용한다.
(예시 :  기준 →  기준으로 ㉠~㉣중 2가지 이상 적용)
※「서울특별시 녹색건축물 설계기준(서울특별시 고시)」: 적용대상의 구분
※ 단, 「서울특별시 녹색건축물 설계기준(서울특별시 고시)」 적용대상의 구분이 최상일 경우(  )는 해당 적용대상의 구분과 동일 고시의 녹색건축물 인센티브의 제로에너지 건축물 인증 등급 5등급을 추가 적용한다.
2) 친환경 건축물의 적용은 사업계획승인 또는 건축허가 시 계획내용을 제출·확 인하고 착공 전까지 예비인증을 받아야 하며, 사용승인 시 인증받아야",51c88fb2b831b7e7888db943c95a4a2f5e7c3af46d3fd561c9275b3fdf7570a5,VIS-51C88FB2B831,TRUE,자동 추출,동일 이미지가 여러 페이지에 배치될 수 있음. 정확한 위치는 페이지 배치 이미지 레코드 확인.
PDF-LAW1-U036,LAW1,LAW1-2_5_3,21,PDF 고유 이미지,xref_00882.png,03_extracted_images/pdf_embedded/law-1/02_visible_unique_images/xref_00882.png,xref:882,,437.165,226.792,451.677,243.334,123,138,,PDF 내부에서 직접 추출하고 투명 마스크를 합성한 고유 이미지.,"LAW1-2_5_3 / 2-5-3. 건축물의 주거환경을 미래지향적으로 조성하기 위하여 지속가능형 공동주택, 친환경 건축물, 커뮤니티 지원시설 설치, 상생형 임차시설 설치, 공공시설물 (의무 공공기여 제외) 설치, ｢서울특별시 건축물 심의기준｣에 규정한 발코니 (개방형 발코니, 돌출개방형 발코니, 돌출형 발코니) 설치 중 2가지 사항 이 상을 의무적으로 이행하여야 한다.
가. “지속가능형 공동주택”은 건축물의 노후화 억제, 기능향상 등을 통해 건축물 의 내구연한을 증대시켜 자원의 절약 및 건설폐기물 최소화 등 친환경성을 지 속적으로 유지하기 위하여 「건축법」 제8조에 의한 “리모델링이 쉬운 구조” 인 공동주택 또는 「주택법」 제38조에 의한 “장수명 주택”으로 계획하여야
하며, 적합 여부는 「서울특별시 건축물 심의기준」을 참조하여 관련위원회에 서 결정한다.
나. “친환경 건축물”은 녹색건축물 활성화 도모를 위한 것으로 「서울특별시 녹색 건축물 설계기준(서울특별시 고시)」을 다음과 같이 적용한다.
1) 「서울특별시 녹색건축물 설계기준(서울특별시 고시)」에 의한 해당 적용대 상의 구분을 적용하여 ㉠ 환경성능부문 ㉡ 에너지성능부문 ㉢ 에너지관리부 문 ㉣ 신·재생에너지부문 중 2가지 이상을 적용대상의 구분에서 상향단계를 적용한다.
(예시 :  기준 →  기준으로 ㉠~㉣중 2가지 이상 적용)
※「서울특별시 녹색건축물 설계기준(서울특별시 고시)」: 적용대상의 구분
※ 단, 「서울특별시 녹색건축물 설계기준(서울특별시 고시)」 적용대상의 구분이 최상일 경우(  )는 해당 적용대상의 구분과 동일 고시의 녹색건축물 인센티브의 제로에너지 건축물 인증 등급 5등급을 추가 적용한다.
2) 친환경 건축물의 적용은 사업계획승인 또는 건축허가 시 계획내용을 제출·확 인하고 착공 전까지 예비인증을 받아야 하며, 사용승인 시 인증받아야",160c814e9675afcf78cf1549fdca59bab49510fe6cd4ffaf8fbfdc8848757afc,VIS-160C814E9675,TRUE,자동 추출,동일 이미지가 여러 페이지에 배치될 수 있음. 정확한 위치는 페이지 배치 이미지 레코드 확인.
PDF-LAW1-U037,LAW1,LAW1-3_3_2,38,PDF 고유 이미지,xref_01158.png,03_extracted_images/pdf_embedded/law-1/02_visible_unique_images/xref_01158.png,xref:1158,,0,841,0,841,827,567,,PDF 내부에서 직접 추출하고 투명 마스크를 합성한 고유 이미지.,"LAW1-3_3_2 / 3-3-2. 안심주택 조례 제7조 제3항에 따라 “간선도로변”의 용도지역 변경 기준은 3-3-1의 기준에 따르되 다음 각 목의 기준을 충족하여야 한다.
가. 용도지역 변경 기준
1) 간선도로변 직접 접하는 경우: 준주거지역으로 변경을 원칙으로 하되 3-3-1 나목의 인접 및 도로기준 1), 2)에 해당하는 경우는 통합심의위원회 심의를 통해 일반 또는 근린상업지역으로 변경할 수 있다.
2) 간선도로변에 직접 접하지 않는 경우(이면도로): 준주거지역, 다만, 간선도 로변에 직접 접한 대지의 용도지역을 초과할 수 없다.
나. 입지 기준
1) 제1종일반주거지역의 저층주거지(공원, 도로 등 제외)와 연접한 경우는 통 합심의위원회 자문을 거쳐 사업 추진여부을 결정할 수 있다.
2) 사업대상지가 간선도로변에 접한 경우 2면 이상(이면도로에 접한 경우 1면 이상)이 도로에 접하면서, 한 면은 최소 폭원 6m 이상의 도로에 접해야 한 다. 차량진출입은 이면도로에 계획하여야 하며, 도로 폭원 6m에 미달하는 경우, 사업대상지 내에 도로를 확보할 수 있다. 이 경우 사업대상지 내에 확 보한 도로는 공공기여율에 포함하지 않는다
가) 면적 및 도로기준(예시)
(사업가능)
간선도로변
(사업가능)
이면도로변
4m도로
이면부 6m도로 진출입
간선도로연결도로 6m 확보
간선도로
6mn도로
간선도로변 0
간선도로
이면부차량 진출입
6m도로
이면도로변 0
이면부 6m도로진출입
간선도로연결도로 6r 확보
간선도로
6rn도로
해
이면도로변0
간선도로
이면부사량 진출입
6m도로
2m 확보
면적 1천n 이상
간선도로변 0
이면부 6m도로 진출입
간선도로연결도로 6m 확보
간선도로
(대지내 도로 확폭구간은 공공기여율에 포함하지 않음)
이면부 차량 진출입
6m도로
이면도로변 0
면적 1천n 이상
이면부 6m도로 진출입
간선도로연",a2d283d9038b2c85d995d4ecea3e7887ef395fe4523399c8795a932f47cbe9d5,VIS-A2D283D9038B,TRUE,자동 추출,동일 이미지가 여러 페이지에 배치될 수 있음. 정확한 위치는 페이지 배치 이미지 레코드 확인.
PDF-LAW1-U038,LAW1,LAW1-3_3_2,38,PDF 고유 이미지,xref_01159.png,03_extracted_images/pdf_embedded/law-1/02_visible_unique_images/xref_01159.png,xref:1159,,78.318,380.704,276.691,516.635,827,567,,PDF 내부에서 직접 추출하고 투명 마스크를 합성한 고유 이미지.,"LAW1-3_3_2 / 3-3-2. 안심주택 조례 제7조 제3항에 따라 “간선도로변”의 용도지역 변경 기준은 3-3-1의 기준에 따르되 다음 각 목의 기준을 충족하여야 한다.
가. 용도지역 변경 기준
1) 간선도로변 직접 접하는 경우: 준주거지역으로 변경을 원칙으로 하되 3-3-1 나목의 인접 및 도로기준 1), 2)에 해당하는 경우는 통합심의위원회 심의를 통해 일반 또는 근린상업지역으로 변경할 수 있다.
2) 간선도로변에 직접 접하지 않는 경우(이면도로): 준주거지역, 다만, 간선도 로변에 직접 접한 대지의 용도지역을 초과할 수 없다.
나. 입지 기준
1) 제1종일반주거지역의 저층주거지(공원, 도로 등 제외)와 연접한 경우는 통 합심의위원회 자문을 거쳐 사업 추진여부을 결정할 수 있다.
2) 사업대상지가 간선도로변에 접한 경우 2면 이상(이면도로에 접한 경우 1면 이상)이 도로에 접하면서, 한 면은 최소 폭원 6m 이상의 도로에 접해야 한 다. 차량진출입은 이면도로에 계획하여야 하며, 도로 폭원 6m에 미달하는 경우, 사업대상지 내에 도로를 확보할 수 있다. 이 경우 사업대상지 내에 확 보한 도로는 공공기여율에 포함하지 않는다
가) 면적 및 도로기준(예시)
(사업가능)
간선도로변
(사업가능)
이면도로변
4m도로
이면부 6m도로 진출입
간선도로연결도로 6m 확보
간선도로
6mn도로
간선도로변 0
간선도로
이면부차량 진출입
6m도로
이면도로변 0
이면부 6m도로진출입
간선도로연결도로 6r 확보
간선도로
6rn도로
해
이면도로변0
간선도로
이면부사량 진출입
6m도로
2m 확보
면적 1천n 이상
간선도로변 0
이면부 6m도로 진출입
간선도로연결도로 6m 확보
간선도로
(대지내 도로 확폭구간은 공공기여율에 포함하지 않음)
이면부 차량 진출입
6m도로
이면도로변 0
면적 1천n 이상
이면부 6m도로 진출입
간선도로연",f80215d9fa26f262956ce172d825a6e9eab2033fee3e950b83481dace0343278,VIS-F80215D9FA26,TRUE,자동 추출,동일 이미지가 여러 페이지에 배치될 수 있음. 정확한 위치는 페이지 배치 이미지 레코드 확인.
PDF-LAW1-U039,LAW1,LAW1-3_3_2,38,PDF 고유 이미지,xref_00728.png,03_extracted_images/pdf_embedded/law-1/02_visible_unique_images/xref_01160.png,xref:1160,,0,841,0,841,378,265,,PDF 내부에서 직접 추출하고 투명 마스크를 합성한 고유 이미지.,"LAW1-3_3_2 / 3-3-2. 안심주택 조례 제7조 제3항에 따라 “간선도로변”의 용도지역 변경 기준은 3-3-1의 기준에 따르되 다음 각 목의 기준을 충족하여야 한다.
가. 용도지역 변경 기준
1) 간선도로변 직접 접하는 경우: 준주거지역으로 변경을 원칙으로 하되 3-3-1 나목의 인접 및 도로기준 1), 2)에 해당하는 경우는 통합심의위원회 심의를 통해 일반 또는 근린상업지역으로 변경할 수 있다.
2) 간선도로변에 직접 접하지 않는 경우(이면도로): 준주거지역, 다만, 간선도 로변에 직접 접한 대지의 용도지역을 초과할 수 없다.
나. 입지 기준
1) 제1종일반주거지역의 저층주거지(공원, 도로 등 제외)와 연접한 경우는 통 합심의위원회 자문을 거쳐 사업 추진여부을 결정할 수 있다.
2) 사업대상지가 간선도로변에 접한 경우 2면 이상(이면도로에 접한 경우 1면 이상)이 도로에 접하면서, 한 면은 최소 폭원 6m 이상의 도로에 접해야 한 다. 차량진출입은 이면도로에 계획하여야 하며, 도로 폭원 6m에 미달하는 경우, 사업대상지 내에 도로를 확보할 수 있다. 이 경우 사업대상지 내에 확 보한 도로는 공공기여율에 포함하지 않는다
가) 면적 및 도로기준(예시)
(사업가능)
간선도로변
(사업가능)
이면도로변
4m도로
이면부 6m도로 진출입
간선도로연결도로 6m 확보
간선도로
6mn도로
간선도로변 0
간선도로
이면부차량 진출입
6m도로
이면도로변 0
이면부 6m도로진출입
간선도로연결도로 6r 확보
간선도로
6rn도로
해
이면도로변0
간선도로
이면부사량 진출입
6m도로
2m 확보
면적 1천n 이상
간선도로변 0
이면부 6m도로 진출입
간선도로연결도로 6m 확보
간선도로
(대지내 도로 확폭구간은 공공기여율에 포함하지 않음)
이면부 차량 진출입
6m도로
이면도로변 0
면적 1천n 이상
이면부 6m도로 진출입
간선도로연",7deb91af6518cd51236c73ecedb8dbe93b7fd0305edf601a7ce9ff20876b3c19,VIS-7DEB91AF6518,TRUE,자동 추출,동일 이미지가 여러 페이지에 배치될 수 있음. 정확한 위치는 페이지 배치 이미지 레코드 확인.
PDF-LAW1-U040,LAW1,LAW1-3_3_2,38,PDF 고유 이미지,xref_01161.png,03_extracted_images/pdf_embedded/law-1/02_visible_unique_images/xref_01161.png,xref:1161,,75.799,238.899,274.172,374.83,378,265,,PDF 내부에서 직접 추출하고 투명 마스크를 합성한 고유 이미지.,"LAW1-3_3_2 / 3-3-2. 안심주택 조례 제7조 제3항에 따라 “간선도로변”의 용도지역 변경 기준은 3-3-1의 기준에 따르되 다음 각 목의 기준을 충족하여야 한다.
가. 용도지역 변경 기준
1) 간선도로변 직접 접하는 경우: 준주거지역으로 변경을 원칙으로 하되 3-3-1 나목의 인접 및 도로기준 1), 2)에 해당하는 경우는 통합심의위원회 심의를 통해 일반 또는 근린상업지역으로 변경할 수 있다.
2) 간선도로변에 직접 접하지 않는 경우(이면도로): 준주거지역, 다만, 간선도 로변에 직접 접한 대지의 용도지역을 초과할 수 없다.
나. 입지 기준
1) 제1종일반주거지역의 저층주거지(공원, 도로 등 제외)와 연접한 경우는 통 합심의위원회 자문을 거쳐 사업 추진여부을 결정할 수 있다.
2) 사업대상지가 간선도로변에 접한 경우 2면 이상(이면도로에 접한 경우 1면 이상)이 도로에 접하면서, 한 면은 최소 폭원 6m 이상의 도로에 접해야 한 다. 차량진출입은 이면도로에 계획하여야 하며, 도로 폭원 6m에 미달하는 경우, 사업대상지 내에 도로를 확보할 수 있다. 이 경우 사업대상지 내에 확 보한 도로는 공공기여율에 포함하지 않는다
가) 면적 및 도로기준(예시)
(사업가능)
간선도로변
(사업가능)
이면도로변
4m도로
이면부 6m도로 진출입
간선도로연결도로 6m 확보
간선도로
6mn도로
간선도로변 0
간선도로
이면부차량 진출입
6m도로
이면도로변 0
이면부 6m도로진출입
간선도로연결도로 6r 확보
간선도로
6rn도로
해
이면도로변0
간선도로
이면부사량 진출입
6m도로
2m 확보
면적 1천n 이상
간선도로변 0
이면부 6m도로 진출입
간선도로연결도로 6m 확보
간선도로
(대지내 도로 확폭구간은 공공기여율에 포함하지 않음)
이면부 차량 진출입
6m도로
이면도로변 0
면적 1천n 이상
이면부 6m도로 진출입
간선도로연",d9deac6e47c1d09a03b1bd2ccc0a430328ecda941c0b515ad24e192ff9552dca,VIS-D9DEAC6E47C1,TRUE,자동 추출,동일 이미지가 여러 페이지에 배치될 수 있음. 정확한 위치는 페이지 배치 이미지 레코드 확인.
PDF-LAW1-U041,LAW1,LAW1-3_3_2,38,PDF 고유 이미지,xref_01162.png,03_extracted_images/pdf_embedded/law-1/02_visible_unique_images/xref_01162.png,xref:1162,,0,841,0,841,827,567,,PDF 내부에서 직접 추출하고 투명 마스크를 합성한 고유 이미지.,"LAW1-3_3_2 / 3-3-2. 안심주택 조례 제7조 제3항에 따라 “간선도로변”의 용도지역 변경 기준은 3-3-1의 기준에 따르되 다음 각 목의 기준을 충족하여야 한다.
가. 용도지역 변경 기준
1) 간선도로변 직접 접하는 경우: 준주거지역으로 변경을 원칙으로 하되 3-3-1 나목의 인접 및 도로기준 1), 2)에 해당하는 경우는 통합심의위원회 심의를 통해 일반 또는 근린상업지역으로 변경할 수 있다.
2) 간선도로변에 직접 접하지 않는 경우(이면도로): 준주거지역, 다만, 간선도 로변에 직접 접한 대지의 용도지역을 초과할 수 없다.
나. 입지 기준
1) 제1종일반주거지역의 저층주거지(공원, 도로 등 제외)와 연접한 경우는 통 합심의위원회 자문을 거쳐 사업 추진여부을 결정할 수 있다.
2) 사업대상지가 간선도로변에 접한 경우 2면 이상(이면도로에 접한 경우 1면 이상)이 도로에 접하면서, 한 면은 최소 폭원 6m 이상의 도로에 접해야 한 다. 차량진출입은 이면도로에 계획하여야 하며, 도로 폭원 6m에 미달하는 경우, 사업대상지 내에 도로를 확보할 수 있다. 이 경우 사업대상지 내에 확 보한 도로는 공공기여율에 포함하지 않는다
가) 면적 및 도로기준(예시)
(사업가능)
간선도로변
(사업가능)
이면도로변
4m도로
이면부 6m도로 진출입
간선도로연결도로 6m 확보
간선도로
6mn도로
간선도로변 0
간선도로
이면부차량 진출입
6m도로
이면도로변 0
이면부 6m도로진출입
간선도로연결도로 6r 확보
간선도로
6rn도로
해
이면도로변0
간선도로
이면부사량 진출입
6m도로
2m 확보
면적 1천n 이상
간선도로변 0
이면부 6m도로 진출입
간선도로연결도로 6m 확보
간선도로
(대지내 도로 확폭구간은 공공기여율에 포함하지 않음)
이면부 차량 진출입
6m도로
이면도로변 0
면적 1천n 이상
이면부 6m도로 진출입
간선도로연",9604a54448ed129e6de8e2719632d38549de26e6b6363cd221bcfc5f29dff306,VIS-9604A54448ED,TRUE,자동 추출,동일 이미지가 여러 페이지에 배치될 수 있음. 정확한 위치는 페이지 배치 이미지 레코드 확인.
PDF-LAW1-U042,LAW1,LAW1-3_3_2,38,PDF 고유 이미지,xref_01163.png,03_extracted_images/pdf_embedded/law-1/02_visible_unique_images/xref_01163.png,xref:1163,,75.799,96.974,274.172,232.905,827,567,,PDF 내부에서 직접 추출하고 투명 마스크를 합성한 고유 이미지.,"LAW1-3_3_2 / 3-3-2. 안심주택 조례 제7조 제3항에 따라 “간선도로변”의 용도지역 변경 기준은 3-3-1의 기준에 따르되 다음 각 목의 기준을 충족하여야 한다.
가. 용도지역 변경 기준
1) 간선도로변 직접 접하는 경우: 준주거지역으로 변경을 원칙으로 하되 3-3-1 나목의 인접 및 도로기준 1), 2)에 해당하는 경우는 통합심의위원회 심의를 통해 일반 또는 근린상업지역으로 변경할 수 있다.
2) 간선도로변에 직접 접하지 않는 경우(이면도로): 준주거지역, 다만, 간선도 로변에 직접 접한 대지의 용도지역을 초과할 수 없다.
나. 입지 기준
1) 제1종일반주거지역의 저층주거지(공원, 도로 등 제외)와 연접한 경우는 통 합심의위원회 자문을 거쳐 사업 추진여부을 결정할 수 있다.
2) 사업대상지가 간선도로변에 접한 경우 2면 이상(이면도로에 접한 경우 1면 이상)이 도로에 접하면서, 한 면은 최소 폭원 6m 이상의 도로에 접해야 한 다. 차량진출입은 이면도로에 계획하여야 하며, 도로 폭원 6m에 미달하는 경우, 사업대상지 내에 도로를 확보할 수 있다. 이 경우 사업대상지 내에 확 보한 도로는 공공기여율에 포함하지 않는다
가) 면적 및 도로기준(예시)
(사업가능)
간선도로변
(사업가능)
이면도로변
4m도로
이면부 6m도로 진출입
간선도로연결도로 6m 확보
간선도로
6mn도로
간선도로변 0
간선도로
이면부차량 진출입
6m도로
이면도로변 0
이면부 6m도로진출입
간선도로연결도로 6r 확보
간선도로
6rn도로
해
이면도로변0
간선도로
이면부사량 진출입
6m도로
2m 확보
면적 1천n 이상
간선도로변 0
이면부 6m도로 진출입
간선도로연결도로 6m 확보
간선도로
(대지내 도로 확폭구간은 공공기여율에 포함하지 않음)
이면부 차량 진출입
6m도로
이면도로변 0
면적 1천n 이상
이면부 6m도로 진출입
간선도로연",dba306039281202a91bd44249da3fa7ffd9c62ee32c9a84966b9ba64c30f9e7c,VIS-DBA306039281,TRUE,자동 추출,동일 이미지가 여러 페이지에 배치될 수 있음. 정확한 위치는 페이지 배치 이미지 레코드 확인.
PDF-LAW1-U043,LAW1,LAW1-3_3_2,38,PDF 고유 이미지,xref_01166.png,03_extracted_images/pdf_embedded/law-1/02_visible_unique_images/xref_01166.png,xref:1166,,0,841,0,841,1182,827,,PDF 내부에서 직접 추출하고 투명 마스크를 합성한 고유 이미지.,"LAW1-3_3_2 / 3-3-2. 안심주택 조례 제7조 제3항에 따라 “간선도로변”의 용도지역 변경 기준은 3-3-1의 기준에 따르되 다음 각 목의 기준을 충족하여야 한다.
가. 용도지역 변경 기준
1) 간선도로변 직접 접하는 경우: 준주거지역으로 변경을 원칙으로 하되 3-3-1 나목의 인접 및 도로기준 1), 2)에 해당하는 경우는 통합심의위원회 심의를 통해 일반 또는 근린상업지역으로 변경할 수 있다.
2) 간선도로변에 직접 접하지 않는 경우(이면도로): 준주거지역, 다만, 간선도 로변에 직접 접한 대지의 용도지역을 초과할 수 없다.
나. 입지 기준
1) 제1종일반주거지역의 저층주거지(공원, 도로 등 제외)와 연접한 경우는 통 합심의위원회 자문을 거쳐 사업 추진여부을 결정할 수 있다.
2) 사업대상지가 간선도로변에 접한 경우 2면 이상(이면도로에 접한 경우 1면 이상)이 도로에 접하면서, 한 면은 최소 폭원 6m 이상의 도로에 접해야 한 다. 차량진출입은 이면도로에 계획하여야 하며, 도로 폭원 6m에 미달하는 경우, 사업대상지 내에 도로를 확보할 수 있다. 이 경우 사업대상지 내에 확 보한 도로는 공공기여율에 포함하지 않는다
가) 면적 및 도로기준(예시)
(사업가능)
간선도로변
(사업가능)
이면도로변
4m도로
이면부 6m도로 진출입
간선도로연결도로 6m 확보
간선도로
6mn도로
간선도로변 0
간선도로
이면부차량 진출입
6m도로
이면도로변 0
이면부 6m도로진출입
간선도로연결도로 6r 확보
간선도로
6rn도로
해
이면도로변0
간선도로
이면부사량 진출입
6m도로
2m 확보
면적 1천n 이상
간선도로변 0
이면부 6m도로 진출입
간선도로연결도로 6m 확보
간선도로
(대지내 도로 확폭구간은 공공기여율에 포함하지 않음)
이면부 차량 진출입
6m도로
이면도로변 0
면적 1천n 이상
이면부 6m도로 진출입
간선도로연",9af1617eec687d66676b5c338efb35d1cc241442b0ef9a2aede7f90148f7f5ab,VIS-9AF1617EEC68,TRUE,자동 추출,동일 이미지가 여러 페이지에 배치될 수 있음. 정확한 위치는 페이지 배치 이미지 레코드 확인.
PDF-LAW1-U044,LAW1,LAW1-3_3_2,38,PDF 고유 이미지,xref_01167.png,03_extracted_images/pdf_embedded/law-1/02_visible_unique_images/xref_01167.png,xref:1167,,320.827,380.704,519.2,516.635,1182,827,,PDF 내부에서 직접 추출하고 투명 마스크를 합성한 고유 이미지.,"LAW1-3_3_2 / 3-3-2. 안심주택 조례 제7조 제3항에 따라 “간선도로변”의 용도지역 변경 기준은 3-3-1의 기준에 따르되 다음 각 목의 기준을 충족하여야 한다.
가. 용도지역 변경 기준
1) 간선도로변 직접 접하는 경우: 준주거지역으로 변경을 원칙으로 하되 3-3-1 나목의 인접 및 도로기준 1), 2)에 해당하는 경우는 통합심의위원회 심의를 통해 일반 또는 근린상업지역으로 변경할 수 있다.
2) 간선도로변에 직접 접하지 않는 경우(이면도로): 준주거지역, 다만, 간선도 로변에 직접 접한 대지의 용도지역을 초과할 수 없다.
나. 입지 기준
1) 제1종일반주거지역의 저층주거지(공원, 도로 등 제외)와 연접한 경우는 통 합심의위원회 자문을 거쳐 사업 추진여부을 결정할 수 있다.
2) 사업대상지가 간선도로변에 접한 경우 2면 이상(이면도로에 접한 경우 1면 이상)이 도로에 접하면서, 한 면은 최소 폭원 6m 이상의 도로에 접해야 한 다. 차량진출입은 이면도로에 계획하여야 하며, 도로 폭원 6m에 미달하는 경우, 사업대상지 내에 도로를 확보할 수 있다. 이 경우 사업대상지 내에 확 보한 도로는 공공기여율에 포함하지 않는다
가) 면적 및 도로기준(예시)
(사업가능)
간선도로변
(사업가능)
이면도로변
4m도로
이면부 6m도로 진출입
간선도로연결도로 6m 확보
간선도로
6mn도로
간선도로변 0
간선도로
이면부차량 진출입
6m도로
이면도로변 0
이면부 6m도로진출입
간선도로연결도로 6r 확보
간선도로
6rn도로
해
이면도로변0
간선도로
이면부사량 진출입
6m도로
2m 확보
면적 1천n 이상
간선도로변 0
이면부 6m도로 진출입
간선도로연결도로 6m 확보
간선도로
(대지내 도로 확폭구간은 공공기여율에 포함하지 않음)
이면부 차량 진출입
6m도로
이면도로변 0
면적 1천n 이상
이면부 6m도로 진출입
간선도로연",73d7c5c6fbace54443d3df38dc0daf698cd33ca887f8abcb5b1557b988c70f0b,VIS-73D7C5C6FBAC,TRUE,자동 추출,동일 이미지가 여러 페이지에 배치될 수 있음. 정확한 위치는 페이지 배치 이미지 레코드 확인.
PDF-LAW1-U045,LAW1,LAW1-3_3_2,38,PDF 고유 이미지,xref_01168.png,03_extracted_images/pdf_embedded/law-1/02_visible_unique_images/xref_01168.png,xref:1168,,0,841,0,841,378,265,,PDF 내부에서 직접 추출하고 투명 마스크를 합성한 고유 이미지.,"LAW1-3_3_2 / 3-3-2. 안심주택 조례 제7조 제3항에 따라 “간선도로변”의 용도지역 변경 기준은 3-3-1의 기준에 따르되 다음 각 목의 기준을 충족하여야 한다.
가. 용도지역 변경 기준
1) 간선도로변 직접 접하는 경우: 준주거지역으로 변경을 원칙으로 하되 3-3-1 나목의 인접 및 도로기준 1), 2)에 해당하는 경우는 통합심의위원회 심의를 통해 일반 또는 근린상업지역으로 변경할 수 있다.
2) 간선도로변에 직접 접하지 않는 경우(이면도로): 준주거지역, 다만, 간선도 로변에 직접 접한 대지의 용도지역을 초과할 수 없다.
나. 입지 기준
1) 제1종일반주거지역의 저층주거지(공원, 도로 등 제외)와 연접한 경우는 통 합심의위원회 자문을 거쳐 사업 추진여부을 결정할 수 있다.
2) 사업대상지가 간선도로변에 접한 경우 2면 이상(이면도로에 접한 경우 1면 이상)이 도로에 접하면서, 한 면은 최소 폭원 6m 이상의 도로에 접해야 한 다. 차량진출입은 이면도로에 계획하여야 하며, 도로 폭원 6m에 미달하는 경우, 사업대상지 내에 도로를 확보할 수 있다. 이 경우 사업대상지 내에 확 보한 도로는 공공기여율에 포함하지 않는다
가) 면적 및 도로기준(예시)
(사업가능)
간선도로변
(사업가능)
이면도로변
4m도로
이면부 6m도로 진출입
간선도로연결도로 6m 확보
간선도로
6mn도로
간선도로변 0
간선도로
이면부차량 진출입
6m도로
이면도로변 0
이면부 6m도로진출입
간선도로연결도로 6r 확보
간선도로
6rn도로
해
이면도로변0
간선도로
이면부사량 진출입
6m도로
2m 확보
면적 1천n 이상
간선도로변 0
이면부 6m도로 진출입
간선도로연결도로 6m 확보
간선도로
(대지내 도로 확폭구간은 공공기여율에 포함하지 않음)
이면부 차량 진출입
6m도로
이면도로변 0
면적 1천n 이상
이면부 6m도로 진출입
간선도로연",db6da04ee1678c44b6e0c82feb807a1b6b2e30b759a4d8c71476d94c9c7deae0,VIS-DB6DA04EE167,TRUE,자동 추출,동일 이미지가 여러 페이지에 배치될 수 있음. 정확한 위치는 페이지 배치 이미지 레코드 확인.
PDF-LAW1-U046,LAW1,LAW1-3_3_2,38,PDF 고유 이미지,xref_01169.png,03_extracted_images/pdf_embedded/law-1/02_visible_unique_images/xref_01169.png,xref:1169,,320.827,238.899,519.2,374.83,378,265,,PDF 내부에서 직접 추출하고 투명 마스크를 합성한 고유 이미지.,"LAW1-3_3_2 / 3-3-2. 안심주택 조례 제7조 제3항에 따라 “간선도로변”의 용도지역 변경 기준은 3-3-1의 기준에 따르되 다음 각 목의 기준을 충족하여야 한다.
가. 용도지역 변경 기준
1) 간선도로변 직접 접하는 경우: 준주거지역으로 변경을 원칙으로 하되 3-3-1 나목의 인접 및 도로기준 1), 2)에 해당하는 경우는 통합심의위원회 심의를 통해 일반 또는 근린상업지역으로 변경할 수 있다.
2) 간선도로변에 직접 접하지 않는 경우(이면도로): 준주거지역, 다만, 간선도 로변에 직접 접한 대지의 용도지역을 초과할 수 없다.
나. 입지 기준
1) 제1종일반주거지역의 저층주거지(공원, 도로 등 제외)와 연접한 경우는 통 합심의위원회 자문을 거쳐 사업 추진여부을 결정할 수 있다.
2) 사업대상지가 간선도로변에 접한 경우 2면 이상(이면도로에 접한 경우 1면 이상)이 도로에 접하면서, 한 면은 최소 폭원 6m 이상의 도로에 접해야 한 다. 차량진출입은 이면도로에 계획하여야 하며, 도로 폭원 6m에 미달하는 경우, 사업대상지 내에 도로를 확보할 수 있다. 이 경우 사업대상지 내에 확 보한 도로는 공공기여율에 포함하지 않는다
가) 면적 및 도로기준(예시)
(사업가능)
간선도로변
(사업가능)
이면도로변
4m도로
이면부 6m도로 진출입
간선도로연결도로 6m 확보
간선도로
6mn도로
간선도로변 0
간선도로
이면부차량 진출입
6m도로
이면도로변 0
이면부 6m도로진출입
간선도로연결도로 6r 확보
간선도로
6rn도로
해
이면도로변0
간선도로
이면부사량 진출입
6m도로
2m 확보
면적 1천n 이상
간선도로변 0
이면부 6m도로 진출입
간선도로연결도로 6m 확보
간선도로
(대지내 도로 확폭구간은 공공기여율에 포함하지 않음)
이면부 차량 진출입
6m도로
이면도로변 0
면적 1천n 이상
이면부 6m도로 진출입
간선도로연",95d69951adbd6eb7780a7c6e1e4f6b6cca40db8c47b3b8f0bb643d338929fd26,VIS-95D69951ADBD,TRUE,자동 추출,동일 이미지가 여러 페이지에 배치될 수 있음. 정확한 위치는 페이지 배치 이미지 레코드 확인.
PDF-LAW1-U047,LAW1,LAW1-3_3_2,38,PDF 고유 이미지,xref_01170.png,03_extracted_images/pdf_embedded/law-1/02_visible_unique_images/xref_01170.png,xref:1170,,0,841,0,841,827,567,,PDF 내부에서 직접 추출하고 투명 마스크를 합성한 고유 이미지.,"LAW1-3_3_2 / 3-3-2. 안심주택 조례 제7조 제3항에 따라 “간선도로변”의 용도지역 변경 기준은 3-3-1의 기준에 따르되 다음 각 목의 기준을 충족하여야 한다.
가. 용도지역 변경 기준
1) 간선도로변 직접 접하는 경우: 준주거지역으로 변경을 원칙으로 하되 3-3-1 나목의 인접 및 도로기준 1), 2)에 해당하는 경우는 통합심의위원회 심의를 통해 일반 또는 근린상업지역으로 변경할 수 있다.
2) 간선도로변에 직접 접하지 않는 경우(이면도로): 준주거지역, 다만, 간선도 로변에 직접 접한 대지의 용도지역을 초과할 수 없다.
나. 입지 기준
1) 제1종일반주거지역의 저층주거지(공원, 도로 등 제외)와 연접한 경우는 통 합심의위원회 자문을 거쳐 사업 추진여부을 결정할 수 있다.
2) 사업대상지가 간선도로변에 접한 경우 2면 이상(이면도로에 접한 경우 1면 이상)이 도로에 접하면서, 한 면은 최소 폭원 6m 이상의 도로에 접해야 한 다. 차량진출입은 이면도로에 계획하여야 하며, 도로 폭원 6m에 미달하는 경우, 사업대상지 내에 도로를 확보할 수 있다. 이 경우 사업대상지 내에 확 보한 도로는 공공기여율에 포함하지 않는다
가) 면적 및 도로기준(예시)
(사업가능)
간선도로변
(사업가능)
이면도로변
4m도로
이면부 6m도로 진출입
간선도로연결도로 6m 확보
간선도로
6mn도로
간선도로변 0
간선도로
이면부차량 진출입
6m도로
이면도로변 0
이면부 6m도로진출입
간선도로연결도로 6r 확보
간선도로
6rn도로
해
이면도로변0
간선도로
이면부사량 진출입
6m도로
2m 확보
면적 1천n 이상
간선도로변 0
이면부 6m도로 진출입
간선도로연결도로 6m 확보
간선도로
(대지내 도로 확폭구간은 공공기여율에 포함하지 않음)
이면부 차량 진출입
6m도로
이면도로변 0
면적 1천n 이상
이면부 6m도로 진출입
간선도로연",49afe3cb73f20522fb53a4964db993aa1819e747b22a4d868f219e8320e14239,VIS-49AFE3CB73F2,TRUE,자동 추출,동일 이미지가 여러 페이지에 배치될 수 있음. 정확한 위치는 페이지 배치 이미지 레코드 확인.
PDF-LAW1-U048,LAW1,LAW1-3_3_2,38,PDF 고유 이미지,xref_01171.png,03_extracted_images/pdf_embedded/law-1/02_visible_unique_images/xref_01171.png,xref:1171,,320.827,96.974,519.2,232.905,827,567,,PDF 내부에서 직접 추출하고 투명 마스크를 합성한 고유 이미지.,"LAW1-3_3_2 / 3-3-2. 안심주택 조례 제7조 제3항에 따라 “간선도로변”의 용도지역 변경 기준은 3-3-1의 기준에 따르되 다음 각 목의 기준을 충족하여야 한다.
가. 용도지역 변경 기준
1) 간선도로변 직접 접하는 경우: 준주거지역으로 변경을 원칙으로 하되 3-3-1 나목의 인접 및 도로기준 1), 2)에 해당하는 경우는 통합심의위원회 심의를 통해 일반 또는 근린상업지역으로 변경할 수 있다.
2) 간선도로변에 직접 접하지 않는 경우(이면도로): 준주거지역, 다만, 간선도 로변에 직접 접한 대지의 용도지역을 초과할 수 없다.
나. 입지 기준
1) 제1종일반주거지역의 저층주거지(공원, 도로 등 제외)와 연접한 경우는 통 합심의위원회 자문을 거쳐 사업 추진여부을 결정할 수 있다.
2) 사업대상지가 간선도로변에 접한 경우 2면 이상(이면도로에 접한 경우 1면 이상)이 도로에 접하면서, 한 면은 최소 폭원 6m 이상의 도로에 접해야 한 다. 차량진출입은 이면도로에 계획하여야 하며, 도로 폭원 6m에 미달하는 경우, 사업대상지 내에 도로를 확보할 수 있다. 이 경우 사업대상지 내에 확 보한 도로는 공공기여율에 포함하지 않는다
가) 면적 및 도로기준(예시)
(사업가능)
간선도로변
(사업가능)
이면도로변
4m도로
이면부 6m도로 진출입
간선도로연결도로 6m 확보
간선도로
6mn도로
간선도로변 0
간선도로
이면부차량 진출입
6m도로
이면도로변 0
이면부 6m도로진출입
간선도로연결도로 6r 확보
간선도로
6rn도로
해
이면도로변0
간선도로
이면부사량 진출입
6m도로
2m 확보
면적 1천n 이상
간선도로변 0
이면부 6m도로 진출입
간선도로연결도로 6m 확보
간선도로
(대지내 도로 확폭구간은 공공기여율에 포함하지 않음)
이면부 차량 진출입
6m도로
이면도로변 0
면적 1천n 이상
이면부 6m도로 진출입
간선도로연",4d743e7fc11925b77b8680143b6cb22aa540dfeda71dd7cef571e954959fe2ba,VIS-4D743E7FC119,TRUE,자동 추출,동일 이미지가 여러 페이지에 배치될 수 있음. 정확한 위치는 페이지 배치 이미지 레코드 확인.
PDF-LAW1-U049,LAW1,LAW1-3_3_2,39,PDF 고유 이미지,xref_01188.png,03_extracted_images/pdf_embedded/law-1/02_visible_unique_images/xref_01188.png,xref:1188,,0,841,0,841,1182,827,,PDF 내부에서 직접 추출하고 투명 마스크를 합성한 고유 이미지.,"LAW1-3_3_2 / 3-3-2. 안심주택 조례 제7조 제3항에 따라 “간선도로변”의 용도지역 변경 기준은 3-3-1의 기준에 따르되 다음 각 목의 기준을 충족하여야 한다.
가. 용도지역 변경 기준
1) 간선도로변 직접 접하는 경우: 준주거지역으로 변경을 원칙으로 하되 3-3-1 나목의 인접 및 도로기준 1), 2)에 해당하는 경우는 통합심의위원회 심의를 통해 일반 또는 근린상업지역으로 변경할 수 있다.
2) 간선도로변에 직접 접하지 않는 경우(이면도로): 준주거지역, 다만, 간선도 로변에 직접 접한 대지의 용도지역을 초과할 수 없다.
나. 입지 기준
1) 제1종일반주거지역의 저층주거지(공원, 도로 등 제외)와 연접한 경우는 통 합심의위원회 자문을 거쳐 사업 추진여부을 결정할 수 있다.
2) 사업대상지가 간선도로변에 접한 경우 2면 이상(이면도로에 접한 경우 1면 이상)이 도로에 접하면서, 한 면은 최소 폭원 6m 이상의 도로에 접해야 한 다. 차량진출입은 이면도로에 계획하여야 하며, 도로 폭원 6m에 미달하는 경우, 사업대상지 내에 도로를 확보할 수 있다. 이 경우 사업대상지 내에 확 보한 도로는 공공기여율에 포함하지 않는다
가) 면적 및 도로기준(예시)
(사업가능)
간선도로변
(사업가능)
이면도로변
4m도로
이면부 6m도로 진출입
간선도로연결도로 6m 확보
간선도로
6mn도로
간선도로변 0
간선도로
이면부차량 진출입
6m도로
이면도로변 0
이면부 6m도로진출입
간선도로연결도로 6r 확보
간선도로
6rn도로
해
이면도로변0
간선도로
이면부사량 진출입
6m도로
2m 확보
면적 1천n 이상
간선도로변 0
이면부 6m도로 진출입
간선도로연결도로 6m 확보
간선도로
(대지내 도로 확폭구간은 공공기여율에 포함하지 않음)
이면부 차량 진출입
6m도로
이면도로변 0
면적 1천n 이상
이면부 6m도로 진출입
간선도로연",ce85e6c7be1aa8e8998bcf9aad3eb139235237ef1d77b3b07cea6ec9b7146dbb,VIS-CE85E6C7BE1A,TRUE,자동 추출,동일 이미지가 여러 페이지에 배치될 수 있음. 정확한 위치는 페이지 배치 이미지 레코드 확인.
PDF-LAW1-U050,LAW1,LAW1-3_3_2,39,PDF 고유 이미지,xref_01189.png,03_extracted_images/pdf_embedded/law-1/02_visible_unique_images/xref_01189.png,xref:1189,,75.799,595.868,274.172,731.799,1182,827,,PDF 내부에서 직접 추출하고 투명 마스크를 합성한 고유 이미지.,"LAW1-3_3_2 / 3-3-2. 안심주택 조례 제7조 제3항에 따라 “간선도로변”의 용도지역 변경 기준은 3-3-1의 기준에 따르되 다음 각 목의 기준을 충족하여야 한다.
가. 용도지역 변경 기준
1) 간선도로변 직접 접하는 경우: 준주거지역으로 변경을 원칙으로 하되 3-3-1 나목의 인접 및 도로기준 1), 2)에 해당하는 경우는 통합심의위원회 심의를 통해 일반 또는 근린상업지역으로 변경할 수 있다.
2) 간선도로변에 직접 접하지 않는 경우(이면도로): 준주거지역, 다만, 간선도 로변에 직접 접한 대지의 용도지역을 초과할 수 없다.
나. 입지 기준
1) 제1종일반주거지역의 저층주거지(공원, 도로 등 제외)와 연접한 경우는 통 합심의위원회 자문을 거쳐 사업 추진여부을 결정할 수 있다.
2) 사업대상지가 간선도로변에 접한 경우 2면 이상(이면도로에 접한 경우 1면 이상)이 도로에 접하면서, 한 면은 최소 폭원 6m 이상의 도로에 접해야 한 다. 차량진출입은 이면도로에 계획하여야 하며, 도로 폭원 6m에 미달하는 경우, 사업대상지 내에 도로를 확보할 수 있다. 이 경우 사업대상지 내에 확 보한 도로는 공공기여율에 포함하지 않는다
가) 면적 및 도로기준(예시)
(사업가능)
간선도로변
(사업가능)
이면도로변
4m도로
이면부 6m도로 진출입
간선도로연결도로 6m 확보
간선도로
6mn도로
간선도로변 0
간선도로
이면부차량 진출입
6m도로
이면도로변 0
이면부 6m도로진출입
간선도로연결도로 6r 확보
간선도로
6rn도로
해
이면도로변0
간선도로
이면부사량 진출입
6m도로
2m 확보
면적 1천n 이상
간선도로변 0
이면부 6m도로 진출입
간선도로연결도로 6m 확보
간선도로
(대지내 도로 확폭구간은 공공기여율에 포함하지 않음)
이면부 차량 진출입
6m도로
이면도로변 0
면적 1천n 이상
이면부 6m도로 진출입
간선도로연",34c0f8aaa112c78c31e01322415ea625fd0aa4b9535e808a5247d17c45f9e166,VIS-34C0F8AAA112,TRUE,자동 추출,동일 이미지가 여러 페이지에 배치될 수 있음. 정확한 위치는 페이지 배치 이미지 레코드 확인.
PDF-LAW1-U051,LAW1,LAW1-3_3_2,39,PDF 고유 이미지,xref_01190.png,03_extracted_images/pdf_embedded/law-1/02_visible_unique_images/xref_01190.png,xref:1190,,0,841,0,841,827,567,,PDF 내부에서 직접 추출하고 투명 마스크를 합성한 고유 이미지.,"LAW1-3_3_2 / 3-3-2. 안심주택 조례 제7조 제3항에 따라 “간선도로변”의 용도지역 변경 기준은 3-3-1의 기준에 따르되 다음 각 목의 기준을 충족하여야 한다.
가. 용도지역 변경 기준
1) 간선도로변 직접 접하는 경우: 준주거지역으로 변경을 원칙으로 하되 3-3-1 나목의 인접 및 도로기준 1), 2)에 해당하는 경우는 통합심의위원회 심의를 통해 일반 또는 근린상업지역으로 변경할 수 있다.
2) 간선도로변에 직접 접하지 않는 경우(이면도로): 준주거지역, 다만, 간선도 로변에 직접 접한 대지의 용도지역을 초과할 수 없다.
나. 입지 기준
1) 제1종일반주거지역의 저층주거지(공원, 도로 등 제외)와 연접한 경우는 통 합심의위원회 자문을 거쳐 사업 추진여부을 결정할 수 있다.
2) 사업대상지가 간선도로변에 접한 경우 2면 이상(이면도로에 접한 경우 1면 이상)이 도로에 접하면서, 한 면은 최소 폭원 6m 이상의 도로에 접해야 한 다. 차량진출입은 이면도로에 계획하여야 하며, 도로 폭원 6m에 미달하는 경우, 사업대상지 내에 도로를 확보할 수 있다. 이 경우 사업대상지 내에 확 보한 도로는 공공기여율에 포함하지 않는다
가) 면적 및 도로기준(예시)
(사업가능)
간선도로변
(사업가능)
이면도로변
4m도로
이면부 6m도로 진출입
간선도로연결도로 6m 확보
간선도로
6mn도로
간선도로변 0
간선도로
이면부차량 진출입
6m도로
이면도로변 0
이면부 6m도로진출입
간선도로연결도로 6r 확보
간선도로
6rn도로
해
이면도로변0
간선도로
이면부사량 진출입
6m도로
2m 확보
면적 1천n 이상
간선도로변 0
이면부 6m도로 진출입
간선도로연결도로 6m 확보
간선도로
(대지내 도로 확폭구간은 공공기여율에 포함하지 않음)
이면부 차량 진출입
6m도로
이면도로변 0
면적 1천n 이상
이면부 6m도로 진출입
간선도로연",63afd2613080c6dd5d3d9db084b18e7782a66414594041e740fcccfa8592f761,VIS-63AFD2613080,TRUE,자동 추출,동일 이미지가 여러 페이지에 배치될 수 있음. 정확한 위치는 페이지 배치 이미지 레코드 확인.
PDF-LAW1-U052,LAW1,LAW1-3_3_2,39,PDF 고유 이미지,xref_01191.png,03_extracted_images/pdf_embedded/law-1/02_visible_unique_images/xref_01191.png,xref:1191,,75.799,454.063,274.172,589.994,827,567,,PDF 내부에서 직접 추출하고 투명 마스크를 합성한 고유 이미지.,"LAW1-3_3_2 / 3-3-2. 안심주택 조례 제7조 제3항에 따라 “간선도로변”의 용도지역 변경 기준은 3-3-1의 기준에 따르되 다음 각 목의 기준을 충족하여야 한다.
가. 용도지역 변경 기준
1) 간선도로변 직접 접하는 경우: 준주거지역으로 변경을 원칙으로 하되 3-3-1 나목의 인접 및 도로기준 1), 2)에 해당하는 경우는 통합심의위원회 심의를 통해 일반 또는 근린상업지역으로 변경할 수 있다.
2) 간선도로변에 직접 접하지 않는 경우(이면도로): 준주거지역, 다만, 간선도 로변에 직접 접한 대지의 용도지역을 초과할 수 없다.
나. 입지 기준
1) 제1종일반주거지역의 저층주거지(공원, 도로 등 제외)와 연접한 경우는 통 합심의위원회 자문을 거쳐 사업 추진여부을 결정할 수 있다.
2) 사업대상지가 간선도로변에 접한 경우 2면 이상(이면도로에 접한 경우 1면 이상)이 도로에 접하면서, 한 면은 최소 폭원 6m 이상의 도로에 접해야 한 다. 차량진출입은 이면도로에 계획하여야 하며, 도로 폭원 6m에 미달하는 경우, 사업대상지 내에 도로를 확보할 수 있다. 이 경우 사업대상지 내에 확 보한 도로는 공공기여율에 포함하지 않는다
가) 면적 및 도로기준(예시)
(사업가능)
간선도로변
(사업가능)
이면도로변
4m도로
이면부 6m도로 진출입
간선도로연결도로 6m 확보
간선도로
6mn도로
간선도로변 0
간선도로
이면부차량 진출입
6m도로
이면도로변 0
이면부 6m도로진출입
간선도로연결도로 6r 확보
간선도로
6rn도로
해
이면도로변0
간선도로
이면부사량 진출입
6m도로
2m 확보
면적 1천n 이상
간선도로변 0
이면부 6m도로 진출입
간선도로연결도로 6m 확보
간선도로
(대지내 도로 확폭구간은 공공기여율에 포함하지 않음)
이면부 차량 진출입
6m도로
이면도로변 0
면적 1천n 이상
이면부 6m도로 진출입
간선도로연",7bd3dd90aea59351ff4603b14fcac7f18e2729927e8e6ec50699a30d683618b0,VIS-7BD3DD90AEA5,TRUE,자동 추출,동일 이미지가 여러 페이지에 배치될 수 있음. 정확한 위치는 페이지 배치 이미지 레코드 확인.
PDF-LAW1-U053,LAW1,LAW1-3_3_2,39,PDF 고유 이미지,xref_01192.png,03_extracted_images/pdf_embedded/law-1/02_visible_unique_images/xref_01192.png,xref:1192,,0,841,0,841,827,567,,PDF 내부에서 직접 추출하고 투명 마스크를 합성한 고유 이미지.,"LAW1-3_3_2 / 3-3-2. 안심주택 조례 제7조 제3항에 따라 “간선도로변”의 용도지역 변경 기준은 3-3-1의 기준에 따르되 다음 각 목의 기준을 충족하여야 한다.
가. 용도지역 변경 기준
1) 간선도로변 직접 접하는 경우: 준주거지역으로 변경을 원칙으로 하되 3-3-1 나목의 인접 및 도로기준 1), 2)에 해당하는 경우는 통합심의위원회 심의를 통해 일반 또는 근린상업지역으로 변경할 수 있다.
2) 간선도로변에 직접 접하지 않는 경우(이면도로): 준주거지역, 다만, 간선도 로변에 직접 접한 대지의 용도지역을 초과할 수 없다.
나. 입지 기준
1) 제1종일반주거지역의 저층주거지(공원, 도로 등 제외)와 연접한 경우는 통 합심의위원회 자문을 거쳐 사업 추진여부을 결정할 수 있다.
2) 사업대상지가 간선도로변에 접한 경우 2면 이상(이면도로에 접한 경우 1면 이상)이 도로에 접하면서, 한 면은 최소 폭원 6m 이상의 도로에 접해야 한 다. 차량진출입은 이면도로에 계획하여야 하며, 도로 폭원 6m에 미달하는 경우, 사업대상지 내에 도로를 확보할 수 있다. 이 경우 사업대상지 내에 확 보한 도로는 공공기여율에 포함하지 않는다
가) 면적 및 도로기준(예시)
(사업가능)
간선도로변
(사업가능)
이면도로변
4m도로
이면부 6m도로 진출입
간선도로연결도로 6m 확보
간선도로
6mn도로
간선도로변 0
간선도로
이면부차량 진출입
6m도로
이면도로변 0
이면부 6m도로진출입
간선도로연결도로 6r 확보
간선도로
6rn도로
해
이면도로변0
간선도로
이면부사량 진출입
6m도로
2m 확보
면적 1천n 이상
간선도로변 0
이면부 6m도로 진출입
간선도로연결도로 6m 확보
간선도로
(대지내 도로 확폭구간은 공공기여율에 포함하지 않음)
이면부 차량 진출입
6m도로
이면도로변 0
면적 1천n 이상
이면부 6m도로 진출입
간선도로연",d9e6b91777b240a3a41155ab7523af0f7ebdc2b72d94f2be7b68d23e0b44eb81,VIS-D9E6B91777B2,TRUE,자동 추출,동일 이미지가 여러 페이지에 배치될 수 있음. 정확한 위치는 페이지 배치 이미지 레코드 확인.
PDF-LAW1-U054,LAW1,LAW1-3_3_2,39,PDF 고유 이미지,xref_01193.png,03_extracted_images/pdf_embedded/law-1/02_visible_unique_images/xref_01193.png,xref:1193,,320.827,595.868,519.2,731.799,827,567,,PDF 내부에서 직접 추출하고 투명 마스크를 합성한 고유 이미지.,"LAW1-3_3_2 / 3-3-2. 안심주택 조례 제7조 제3항에 따라 “간선도로변”의 용도지역 변경 기준은 3-3-1의 기준에 따르되 다음 각 목의 기준을 충족하여야 한다.
가. 용도지역 변경 기준
1) 간선도로변 직접 접하는 경우: 준주거지역으로 변경을 원칙으로 하되 3-3-1 나목의 인접 및 도로기준 1), 2)에 해당하는 경우는 통합심의위원회 심의를 통해 일반 또는 근린상업지역으로 변경할 수 있다.
2) 간선도로변에 직접 접하지 않는 경우(이면도로): 준주거지역, 다만, 간선도 로변에 직접 접한 대지의 용도지역을 초과할 수 없다.
나. 입지 기준
1) 제1종일반주거지역의 저층주거지(공원, 도로 등 제외)와 연접한 경우는 통 합심의위원회 자문을 거쳐 사업 추진여부을 결정할 수 있다.
2) 사업대상지가 간선도로변에 접한 경우 2면 이상(이면도로에 접한 경우 1면 이상)이 도로에 접하면서, 한 면은 최소 폭원 6m 이상의 도로에 접해야 한 다. 차량진출입은 이면도로에 계획하여야 하며, 도로 폭원 6m에 미달하는 경우, 사업대상지 내에 도로를 확보할 수 있다. 이 경우 사업대상지 내에 확 보한 도로는 공공기여율에 포함하지 않는다
가) 면적 및 도로기준(예시)
(사업가능)
간선도로변
(사업가능)
이면도로변
4m도로
이면부 6m도로 진출입
간선도로연결도로 6m 확보
간선도로
6mn도로
간선도로변 0
간선도로
이면부차량 진출입
6m도로
이면도로변 0
이면부 6m도로진출입
간선도로연결도로 6r 확보
간선도로
6rn도로
해
이면도로변0
간선도로
이면부사량 진출입
6m도로
2m 확보
면적 1천n 이상
간선도로변 0
이면부 6m도로 진출입
간선도로연결도로 6m 확보
간선도로
(대지내 도로 확폭구간은 공공기여율에 포함하지 않음)
이면부 차량 진출입
6m도로
이면도로변 0
면적 1천n 이상
이면부 6m도로 진출입
간선도로연",dea01b3eddc7d43837871b92f0da82631acc7c9e01f97f162d00fef4657bcfdb,VIS-DEA01B3EDDC7,TRUE,자동 추출,동일 이미지가 여러 페이지에 배치될 수 있음. 정확한 위치는 페이지 배치 이미지 레코드 확인.
PDF-LAW1-U055,LAW1,LAW1-3_3_2,39,PDF 고유 이미지,xref_01194.png,03_extracted_images/pdf_embedded/law-1/02_visible_unique_images/xref_01194.png,xref:1194,,0,841,0,841,827,567,,PDF 내부에서 직접 추출하고 투명 마스크를 합성한 고유 이미지.,"LAW1-3_3_2 / 3-3-2. 안심주택 조례 제7조 제3항에 따라 “간선도로변”의 용도지역 변경 기준은 3-3-1의 기준에 따르되 다음 각 목의 기준을 충족하여야 한다.
가. 용도지역 변경 기준
1) 간선도로변 직접 접하는 경우: 준주거지역으로 변경을 원칙으로 하되 3-3-1 나목의 인접 및 도로기준 1), 2)에 해당하는 경우는 통합심의위원회 심의를 통해 일반 또는 근린상업지역으로 변경할 수 있다.
2) 간선도로변에 직접 접하지 않는 경우(이면도로): 준주거지역, 다만, 간선도 로변에 직접 접한 대지의 용도지역을 초과할 수 없다.
나. 입지 기준
1) 제1종일반주거지역의 저층주거지(공원, 도로 등 제외)와 연접한 경우는 통 합심의위원회 자문을 거쳐 사업 추진여부을 결정할 수 있다.
2) 사업대상지가 간선도로변에 접한 경우 2면 이상(이면도로에 접한 경우 1면 이상)이 도로에 접하면서, 한 면은 최소 폭원 6m 이상의 도로에 접해야 한 다. 차량진출입은 이면도로에 계획하여야 하며, 도로 폭원 6m에 미달하는 경우, 사업대상지 내에 도로를 확보할 수 있다. 이 경우 사업대상지 내에 확 보한 도로는 공공기여율에 포함하지 않는다
가) 면적 및 도로기준(예시)
(사업가능)
간선도로변
(사업가능)
이면도로변
4m도로
이면부 6m도로 진출입
간선도로연결도로 6m 확보
간선도로
6mn도로
간선도로변 0
간선도로
이면부차량 진출입
6m도로
이면도로변 0
이면부 6m도로진출입
간선도로연결도로 6r 확보
간선도로
6rn도로
해
이면도로변0
간선도로
이면부사량 진출입
6m도로
2m 확보
면적 1천n 이상
간선도로변 0
이면부 6m도로 진출입
간선도로연결도로 6m 확보
간선도로
(대지내 도로 확폭구간은 공공기여율에 포함하지 않음)
이면부 차량 진출입
6m도로
이면도로변 0
면적 1천n 이상
이면부 6m도로 진출입
간선도로연",9c4fd1d3b854e440df42d25a89460caba46eff6bc1f5728dac15658667d86385,VIS-9C4FD1D3B854,TRUE,자동 추출,동일 이미지가 여러 페이지에 배치될 수 있음. 정확한 위치는 페이지 배치 이미지 레코드 확인.
PDF-LAW1-U056,LAW1,LAW1-3_3_2,39,PDF 고유 이미지,xref_01195.png,03_extracted_images/pdf_embedded/law-1/02_visible_unique_images/xref_01195.png,xref:1195,,320.827,454.063,519.2,589.994,827,567,,PDF 내부에서 직접 추출하고 투명 마스크를 합성한 고유 이미지.,"LAW1-3_3_2 / 3-3-2. 안심주택 조례 제7조 제3항에 따라 “간선도로변”의 용도지역 변경 기준은 3-3-1의 기준에 따르되 다음 각 목의 기준을 충족하여야 한다.
가. 용도지역 변경 기준
1) 간선도로변 직접 접하는 경우: 준주거지역으로 변경을 원칙으로 하되 3-3-1 나목의 인접 및 도로기준 1), 2)에 해당하는 경우는 통합심의위원회 심의를 통해 일반 또는 근린상업지역으로 변경할 수 있다.
2) 간선도로변에 직접 접하지 않는 경우(이면도로): 준주거지역, 다만, 간선도 로변에 직접 접한 대지의 용도지역을 초과할 수 없다.
나. 입지 기준
1) 제1종일반주거지역의 저층주거지(공원, 도로 등 제외)와 연접한 경우는 통 합심의위원회 자문을 거쳐 사업 추진여부을 결정할 수 있다.
2) 사업대상지가 간선도로변에 접한 경우 2면 이상(이면도로에 접한 경우 1면 이상)이 도로에 접하면서, 한 면은 최소 폭원 6m 이상의 도로에 접해야 한 다. 차량진출입은 이면도로에 계획하여야 하며, 도로 폭원 6m에 미달하는 경우, 사업대상지 내에 도로를 확보할 수 있다. 이 경우 사업대상지 내에 확 보한 도로는 공공기여율에 포함하지 않는다
가) 면적 및 도로기준(예시)
(사업가능)
간선도로변
(사업가능)
이면도로변
4m도로
이면부 6m도로 진출입
간선도로연결도로 6m 확보
간선도로
6mn도로
간선도로변 0
간선도로
이면부차량 진출입
6m도로
이면도로변 0
이면부 6m도로진출입
간선도로연결도로 6r 확보
간선도로
6rn도로
해
이면도로변0
간선도로
이면부사량 진출입
6m도로
2m 확보
면적 1천n 이상
간선도로변 0
이면부 6m도로 진출입
간선도로연결도로 6m 확보
간선도로
(대지내 도로 확폭구간은 공공기여율에 포함하지 않음)
이면부 차량 진출입
6m도로
이면도로변 0
면적 1천n 이상
이면부 6m도로 진출입
간선도로연",f456f68e3e093adb108a0d59a8e378e452ceaf58f991c75a983b85abc31c7124,VIS-F456F68E3E09,TRUE,자동 추출,동일 이미지가 여러 페이지에 배치될 수 있음. 정확한 위치는 페이지 배치 이미지 레코드 확인.
PDF-LAW1-U057,LAW1,LAW1-3_3_3,40,PDF 고유 이미지,xref_00786.png,03_extracted_images/pdf_embedded/law-1/02_visible_unique_images/xref_01208.png,xref:1208,,0,841,0,841,903,632,,PDF 내부에서 직접 추출하고 투명 마스크를 합성한 고유 이미지.,"LAW1-3_3_3 / 3-3-3. “의료시설 중심지역”의 용도지역 변경 기준은 3-3-1의 기준에 따르되 다음 의 요건을 충족하여야 한다.
가. 의료시설 대상부지에 의료시설 외 용도의 건축물이 있는 경우 의료시설 건축 물과 의료시설 외 건축물간의 중심선 또는 도로중심선을 경계로 한다. 해당 범위의 구체적인 사항은 시장이 별도로 정할 수 있다.
[의료시설 외의 건축물의 중심]
의로시설의대상부지
의료시설외
건축물의중심
용도의건축물
의학대학(원)
의로시설
중심지역
[해당 부지에 도로가 있는 경우]
의로시설의대상부지
의료시설외
의료시설
용도의건축물
중심지역
의학대학(원)
기숙사등
부지내도로중심선
나. 사업대상지는 최소 6m 이상의 도로에 접하고 이면도로에서 차량 진출입을 우선적으로 검토한다.",313fe6be51559e02ec1321f8053309025a663960772bac5bfcd44eba29beddd1,VIS-313FE6BE5155,TRUE,자동 추출,동일 이미지가 여러 페이지에 배치될 수 있음. 정확한 위치는 페이지 배치 이미지 레코드 확인.
PDF-LAW1-U058,LAW1,LAW1-3_3_3,40,PDF 고유 이미지,xref_00788.png,03_extracted_images/pdf_embedded/law-1/02_visible_unique_images/xref_01209.png,xref:1209,,0,841,0,841,903,632,,PDF 내부에서 직접 추출하고 투명 마스크를 합성한 고유 이미지.,"LAW1-3_3_3 / 3-3-3. “의료시설 중심지역”의 용도지역 변경 기준은 3-3-1의 기준에 따르되 다음 의 요건을 충족하여야 한다.
가. 의료시설 대상부지에 의료시설 외 용도의 건축물이 있는 경우 의료시설 건축 물과 의료시설 외 건축물간의 중심선 또는 도로중심선을 경계로 한다. 해당 범위의 구체적인 사항은 시장이 별도로 정할 수 있다.
[의료시설 외의 건축물의 중심]
의로시설의대상부지
의료시설외
건축물의중심
용도의건축물
의학대학(원)
의로시설
중심지역
[해당 부지에 도로가 있는 경우]
의로시설의대상부지
의료시설외
의료시설
용도의건축물
중심지역
의학대학(원)
기숙사등
부지내도로중심선
나. 사업대상지는 최소 6m 이상의 도로에 접하고 이면도로에서 차량 진출입을 우선적으로 검토한다.",d004712b04acb4a25075542d24fb6b62e71cecc40af8c63cad7782cfeb008f7f,VIS-D004712B04AC,TRUE,자동 추출,동일 이미지가 여러 페이지에 배치될 수 있음. 정확한 위치는 페이지 배치 이미지 레코드 확인.
PDF-LAW1-U059,LAW1,LAW1-4_3_2,59,PDF 고유 이미지,xref_00726.png,03_extracted_images/pdf_embedded/law-1/02_visible_unique_images/xref_01330.png,xref:1330,,0,841,0,841,378,265,,PDF 내부에서 직접 추출하고 투명 마스크를 합성한 고유 이미지.,"LAW1-4_3_2 / 4-3-2. 안심주택 조례 제7조 제3항에 따라 “간선도로변”의 용도지역 변경 기준은 4-3-1의 기준에 따르되 다음 각 목의 기준을 충족하여야 한다.
가. 용도지역 변경 기준
1) 간선도로변 직접 접하는 경우 : 준주거지역으로 변경을 원칙으로 하되 4-3-1 나목의 인접 및 도로기준 1), 2)에 해당하는 경우 관련 위원회의 심 의를 통해 일반 또는 근린상업지역으로 변경할 수 있다.
2) 간선도로변에 직접 접하지 않는 경우(이면도로) : 준주거지역, 다만, 간선도 로변에 직접 접한 대지의 용도지역을 초과할 수 없다.
나. 입지 및 면적 기준
1) 제1종일반주거지역의 저층주거지(공원, 도로 등 제외)와 연접한 경우는 관 련위원회의 자문을 거쳐 사업 추진여부을 결정할 수 있다.
2) 사업대상지가 간선도로변에 접한 경우 2면 이상(이면도로에 접한 경우 1면 이상)이 도로에 접하면서, 한 면은 최소 6m 이상의 도로에 접해야 한다. 차량진출입은 이면도로에 계획하여야 하며, 간선도로변에서 직접 연결되는 이면도로에 차량진출입구를 설치하는 경우, 간선도로변에서의 이격거리는 최 소 15m 이상으로 한다.
3) 간선도로변에 접한 경우 간선도로에 접한 대지의 길이는 최소 15m 이상으 로 한다.
가) 면적 및 도로기준(예시)
간선도로변
(사업가능)
간선도로변이
좀
간선도로
이면도로변
(사업가능)
이면도로변 0
간선도로
6mn도로
간선도로변 0
15m 이상
간선도로
6m도로
이면도로변0
간선도로
6mn도로
간선도로변 0
간선도로
6m도로
이면도로변 0
간선도로
(사업불가)
사업불가
4m도로
(사업불가)
4도로
사업불가
간선도로
간선도로
사업
불가
간선도로
(간선도로 연결도로 및 이면부 진출입도로 요건 미충족)
6m도로
사업불가
간선도로
(간선도로 연결도로 및 이면부 진출입도로 요건 미충족)
나) 저층주",11752668a46f8cf745cb8be2fb5cb88f8b9635a4c9f7c9974df24008777372c7,VIS-11752668A46F,TRUE,자동 추출,동일 이미지가 여러 페이지에 배치될 수 있음. 정확한 위치는 페이지 배치 이미지 레코드 확인.
PDF-LAW1-U060,LAW1,LAW1-4_3_2,59,PDF 고유 이미지,xref_00728.png,03_extracted_images/pdf_embedded/law-1/02_visible_unique_images/xref_01331.png,xref:1331,,0,841,0,841,378,265,,PDF 내부에서 직접 추출하고 투명 마스크를 합성한 고유 이미지.,"LAW1-4_3_2 / 4-3-2. 안심주택 조례 제7조 제3항에 따라 “간선도로변”의 용도지역 변경 기준은 4-3-1의 기준에 따르되 다음 각 목의 기준을 충족하여야 한다.
가. 용도지역 변경 기준
1) 간선도로변 직접 접하는 경우 : 준주거지역으로 변경을 원칙으로 하되 4-3-1 나목의 인접 및 도로기준 1), 2)에 해당하는 경우 관련 위원회의 심 의를 통해 일반 또는 근린상업지역으로 변경할 수 있다.
2) 간선도로변에 직접 접하지 않는 경우(이면도로) : 준주거지역, 다만, 간선도 로변에 직접 접한 대지의 용도지역을 초과할 수 없다.
나. 입지 및 면적 기준
1) 제1종일반주거지역의 저층주거지(공원, 도로 등 제외)와 연접한 경우는 관 련위원회의 자문을 거쳐 사업 추진여부을 결정할 수 있다.
2) 사업대상지가 간선도로변에 접한 경우 2면 이상(이면도로에 접한 경우 1면 이상)이 도로에 접하면서, 한 면은 최소 6m 이상의 도로에 접해야 한다. 차량진출입은 이면도로에 계획하여야 하며, 간선도로변에서 직접 연결되는 이면도로에 차량진출입구를 설치하는 경우, 간선도로변에서의 이격거리는 최 소 15m 이상으로 한다.
3) 간선도로변에 접한 경우 간선도로에 접한 대지의 길이는 최소 15m 이상으 로 한다.
가) 면적 및 도로기준(예시)
간선도로변
(사업가능)
간선도로변이
좀
간선도로
이면도로변
(사업가능)
이면도로변 0
간선도로
6mn도로
간선도로변 0
15m 이상
간선도로
6m도로
이면도로변0
간선도로
6mn도로
간선도로변 0
간선도로
6m도로
이면도로변 0
간선도로
(사업불가)
사업불가
4m도로
(사업불가)
4도로
사업불가
간선도로
간선도로
사업
불가
간선도로
(간선도로 연결도로 및 이면부 진출입도로 요건 미충족)
6m도로
사업불가
간선도로
(간선도로 연결도로 및 이면부 진출입도로 요건 미충족)
나) 저층주",7deb91af6518cd51236c73ecedb8dbe93b7fd0305edf601a7ce9ff20876b3c19,VIS-7DEB91AF6518,TRUE,자동 추출,동일 이미지가 여러 페이지에 배치될 수 있음. 정확한 위치는 페이지 배치 이미지 레코드 확인.
PDF-LAW1-U061,LAW1,LAW1-4_3_2,59,PDF 고유 이미지,xref_00730.png,03_extracted_images/pdf_embedded/law-1/02_visible_unique_images/xref_01332.png,xref:1332,,0,841,0,841,378,265,,PDF 내부에서 직접 추출하고 투명 마스크를 합성한 고유 이미지.,"LAW1-4_3_2 / 4-3-2. 안심주택 조례 제7조 제3항에 따라 “간선도로변”의 용도지역 변경 기준은 4-3-1의 기준에 따르되 다음 각 목의 기준을 충족하여야 한다.
가. 용도지역 변경 기준
1) 간선도로변 직접 접하는 경우 : 준주거지역으로 변경을 원칙으로 하되 4-3-1 나목의 인접 및 도로기준 1), 2)에 해당하는 경우 관련 위원회의 심 의를 통해 일반 또는 근린상업지역으로 변경할 수 있다.
2) 간선도로변에 직접 접하지 않는 경우(이면도로) : 준주거지역, 다만, 간선도 로변에 직접 접한 대지의 용도지역을 초과할 수 없다.
나. 입지 및 면적 기준
1) 제1종일반주거지역의 저층주거지(공원, 도로 등 제외)와 연접한 경우는 관 련위원회의 자문을 거쳐 사업 추진여부을 결정할 수 있다.
2) 사업대상지가 간선도로변에 접한 경우 2면 이상(이면도로에 접한 경우 1면 이상)이 도로에 접하면서, 한 면은 최소 6m 이상의 도로에 접해야 한다. 차량진출입은 이면도로에 계획하여야 하며, 간선도로변에서 직접 연결되는 이면도로에 차량진출입구를 설치하는 경우, 간선도로변에서의 이격거리는 최 소 15m 이상으로 한다.
3) 간선도로변에 접한 경우 간선도로에 접한 대지의 길이는 최소 15m 이상으 로 한다.
가) 면적 및 도로기준(예시)
간선도로변
(사업가능)
간선도로변이
좀
간선도로
이면도로변
(사업가능)
이면도로변 0
간선도로
6mn도로
간선도로변 0
15m 이상
간선도로
6m도로
이면도로변0
간선도로
6mn도로
간선도로변 0
간선도로
6m도로
이면도로변 0
간선도로
(사업불가)
사업불가
4m도로
(사업불가)
4도로
사업불가
간선도로
간선도로
사업
불가
간선도로
(간선도로 연결도로 및 이면부 진출입도로 요건 미충족)
6m도로
사업불가
간선도로
(간선도로 연결도로 및 이면부 진출입도로 요건 미충족)
나) 저층주",5b66283f97d71719f8fd75cc402232d460687cc3f21d518087c8b34762eb7183,VIS-5B66283F97D7,TRUE,자동 추출,동일 이미지가 여러 페이지에 배치될 수 있음. 정확한 위치는 페이지 배치 이미지 레코드 확인.
PDF-LAW1-U062,LAW1,LAW1-4_3_2,59,PDF 고유 이미지,xref_00732.png,03_extracted_images/pdf_embedded/law-1/02_visible_unique_images/xref_01333.png,xref:1333,,0,841,0,841,378,265,,PDF 내부에서 직접 추출하고 투명 마스크를 합성한 고유 이미지.,"LAW1-4_3_2 / 4-3-2. 안심주택 조례 제7조 제3항에 따라 “간선도로변”의 용도지역 변경 기준은 4-3-1의 기준에 따르되 다음 각 목의 기준을 충족하여야 한다.
가. 용도지역 변경 기준
1) 간선도로변 직접 접하는 경우 : 준주거지역으로 변경을 원칙으로 하되 4-3-1 나목의 인접 및 도로기준 1), 2)에 해당하는 경우 관련 위원회의 심 의를 통해 일반 또는 근린상업지역으로 변경할 수 있다.
2) 간선도로변에 직접 접하지 않는 경우(이면도로) : 준주거지역, 다만, 간선도 로변에 직접 접한 대지의 용도지역을 초과할 수 없다.
나. 입지 및 면적 기준
1) 제1종일반주거지역의 저층주거지(공원, 도로 등 제외)와 연접한 경우는 관 련위원회의 자문을 거쳐 사업 추진여부을 결정할 수 있다.
2) 사업대상지가 간선도로변에 접한 경우 2면 이상(이면도로에 접한 경우 1면 이상)이 도로에 접하면서, 한 면은 최소 6m 이상의 도로에 접해야 한다. 차량진출입은 이면도로에 계획하여야 하며, 간선도로변에서 직접 연결되는 이면도로에 차량진출입구를 설치하는 경우, 간선도로변에서의 이격거리는 최 소 15m 이상으로 한다.
3) 간선도로변에 접한 경우 간선도로에 접한 대지의 길이는 최소 15m 이상으 로 한다.
가) 면적 및 도로기준(예시)
간선도로변
(사업가능)
간선도로변이
좀
간선도로
이면도로변
(사업가능)
이면도로변 0
간선도로
6mn도로
간선도로변 0
15m 이상
간선도로
6m도로
이면도로변0
간선도로
6mn도로
간선도로변 0
간선도로
6m도로
이면도로변 0
간선도로
(사업불가)
사업불가
4m도로
(사업불가)
4도로
사업불가
간선도로
간선도로
사업
불가
간선도로
(간선도로 연결도로 및 이면부 진출입도로 요건 미충족)
6m도로
사업불가
간선도로
(간선도로 연결도로 및 이면부 진출입도로 요건 미충족)
나) 저층주",741905b495f5152476d3f413459c8c4525444e88511ce182fecc1dac7e4e9fc8,VIS-741905B495F5,TRUE,자동 추출,동일 이미지가 여러 페이지에 배치될 수 있음. 정확한 위치는 페이지 배치 이미지 레코드 확인.
PDF-LAW1-U063,LAW1,LAW1-4_3_2,59,PDF 고유 이미지,xref_00734.png,03_extracted_images/pdf_embedded/law-1/02_visible_unique_images/xref_01334.png,xref:1334,,0,841,0,841,378,265,,PDF 내부에서 직접 추출하고 투명 마스크를 합성한 고유 이미지.,"LAW1-4_3_2 / 4-3-2. 안심주택 조례 제7조 제3항에 따라 “간선도로변”의 용도지역 변경 기준은 4-3-1의 기준에 따르되 다음 각 목의 기준을 충족하여야 한다.
가. 용도지역 변경 기준
1) 간선도로변 직접 접하는 경우 : 준주거지역으로 변경을 원칙으로 하되 4-3-1 나목의 인접 및 도로기준 1), 2)에 해당하는 경우 관련 위원회의 심 의를 통해 일반 또는 근린상업지역으로 변경할 수 있다.
2) 간선도로변에 직접 접하지 않는 경우(이면도로) : 준주거지역, 다만, 간선도 로변에 직접 접한 대지의 용도지역을 초과할 수 없다.
나. 입지 및 면적 기준
1) 제1종일반주거지역의 저층주거지(공원, 도로 등 제외)와 연접한 경우는 관 련위원회의 자문을 거쳐 사업 추진여부을 결정할 수 있다.
2) 사업대상지가 간선도로변에 접한 경우 2면 이상(이면도로에 접한 경우 1면 이상)이 도로에 접하면서, 한 면은 최소 6m 이상의 도로에 접해야 한다. 차량진출입은 이면도로에 계획하여야 하며, 간선도로변에서 직접 연결되는 이면도로에 차량진출입구를 설치하는 경우, 간선도로변에서의 이격거리는 최 소 15m 이상으로 한다.
3) 간선도로변에 접한 경우 간선도로에 접한 대지의 길이는 최소 15m 이상으 로 한다.
가) 면적 및 도로기준(예시)
간선도로변
(사업가능)
간선도로변이
좀
간선도로
이면도로변
(사업가능)
이면도로변 0
간선도로
6mn도로
간선도로변 0
15m 이상
간선도로
6m도로
이면도로변0
간선도로
6mn도로
간선도로변 0
간선도로
6m도로
이면도로변 0
간선도로
(사업불가)
사업불가
4m도로
(사업불가)
4도로
사업불가
간선도로
간선도로
사업
불가
간선도로
(간선도로 연결도로 및 이면부 진출입도로 요건 미충족)
6m도로
사업불가
간선도로
(간선도로 연결도로 및 이면부 진출입도로 요건 미충족)
나) 저층주",be4f5b9ed6eaee0bf921d8e542a12a8d497992393729049097993714f41e641e,VIS-BE4F5B9ED6EA,TRUE,자동 추출,동일 이미지가 여러 페이지에 배치될 수 있음. 정확한 위치는 페이지 배치 이미지 레코드 확인.
PDF-LAW1-U064,LAW1,LAW1-4_3_2,59,PDF 고유 이미지,xref_00736.png,03_extracted_images/pdf_embedded/law-1/02_visible_unique_images/xref_01335.png,xref:1335,,0,841,0,841,378,265,,PDF 내부에서 직접 추출하고 투명 마스크를 합성한 고유 이미지.,"LAW1-4_3_2 / 4-3-2. 안심주택 조례 제7조 제3항에 따라 “간선도로변”의 용도지역 변경 기준은 4-3-1의 기준에 따르되 다음 각 목의 기준을 충족하여야 한다.
가. 용도지역 변경 기준
1) 간선도로변 직접 접하는 경우 : 준주거지역으로 변경을 원칙으로 하되 4-3-1 나목의 인접 및 도로기준 1), 2)에 해당하는 경우 관련 위원회의 심 의를 통해 일반 또는 근린상업지역으로 변경할 수 있다.
2) 간선도로변에 직접 접하지 않는 경우(이면도로) : 준주거지역, 다만, 간선도 로변에 직접 접한 대지의 용도지역을 초과할 수 없다.
나. 입지 및 면적 기준
1) 제1종일반주거지역의 저층주거지(공원, 도로 등 제외)와 연접한 경우는 관 련위원회의 자문을 거쳐 사업 추진여부을 결정할 수 있다.
2) 사업대상지가 간선도로변에 접한 경우 2면 이상(이면도로에 접한 경우 1면 이상)이 도로에 접하면서, 한 면은 최소 6m 이상의 도로에 접해야 한다. 차량진출입은 이면도로에 계획하여야 하며, 간선도로변에서 직접 연결되는 이면도로에 차량진출입구를 설치하는 경우, 간선도로변에서의 이격거리는 최 소 15m 이상으로 한다.
3) 간선도로변에 접한 경우 간선도로에 접한 대지의 길이는 최소 15m 이상으 로 한다.
가) 면적 및 도로기준(예시)
간선도로변
(사업가능)
간선도로변이
좀
간선도로
이면도로변
(사업가능)
이면도로변 0
간선도로
6mn도로
간선도로변 0
15m 이상
간선도로
6m도로
이면도로변0
간선도로
6mn도로
간선도로변 0
간선도로
6m도로
이면도로변 0
간선도로
(사업불가)
사업불가
4m도로
(사업불가)
4도로
사업불가
간선도로
간선도로
사업
불가
간선도로
(간선도로 연결도로 및 이면부 진출입도로 요건 미충족)
6m도로
사업불가
간선도로
(간선도로 연결도로 및 이면부 진출입도로 요건 미충족)
나) 저층주",2b74c5adc91c3df1b0fe745f7445b6b28a7f6de7ba02ef7e2882c92a28b79a56,VIS-2B74C5ADC91C,TRUE,자동 추출,동일 이미지가 여러 페이지에 배치될 수 있음. 정확한 위치는 페이지 배치 이미지 레코드 확인.
PDF-LAW1-U065,LAW1,LAW1-4_3_2,60,PDF 고유 이미지,xref_00739.png,03_extracted_images/pdf_embedded/law-1/02_visible_unique_images/xref_01346.png,xref:1346,,0,841,0,841,378,265,,PDF 내부에서 직접 추출하고 투명 마스크를 합성한 고유 이미지.,"LAW1-4_3_2 / 4-3-2. 안심주택 조례 제7조 제3항에 따라 “간선도로변”의 용도지역 변경 기준은 4-3-1의 기준에 따르되 다음 각 목의 기준을 충족하여야 한다.
가. 용도지역 변경 기준
1) 간선도로변 직접 접하는 경우 : 준주거지역으로 변경을 원칙으로 하되 4-3-1 나목의 인접 및 도로기준 1), 2)에 해당하는 경우 관련 위원회의 심 의를 통해 일반 또는 근린상업지역으로 변경할 수 있다.
2) 간선도로변에 직접 접하지 않는 경우(이면도로) : 준주거지역, 다만, 간선도 로변에 직접 접한 대지의 용도지역을 초과할 수 없다.
나. 입지 및 면적 기준
1) 제1종일반주거지역의 저층주거지(공원, 도로 등 제외)와 연접한 경우는 관 련위원회의 자문을 거쳐 사업 추진여부을 결정할 수 있다.
2) 사업대상지가 간선도로변에 접한 경우 2면 이상(이면도로에 접한 경우 1면 이상)이 도로에 접하면서, 한 면은 최소 6m 이상의 도로에 접해야 한다. 차량진출입은 이면도로에 계획하여야 하며, 간선도로변에서 직접 연결되는 이면도로에 차량진출입구를 설치하는 경우, 간선도로변에서의 이격거리는 최 소 15m 이상으로 한다.
3) 간선도로변에 접한 경우 간선도로에 접한 대지의 길이는 최소 15m 이상으 로 한다.
가) 면적 및 도로기준(예시)
간선도로변
(사업가능)
간선도로변이
좀
간선도로
이면도로변
(사업가능)
이면도로변 0
간선도로
6mn도로
간선도로변 0
15m 이상
간선도로
6m도로
이면도로변0
간선도로
6mn도로
간선도로변 0
간선도로
6m도로
이면도로변 0
간선도로
(사업불가)
사업불가
4m도로
(사업불가)
4도로
사업불가
간선도로
간선도로
사업
불가
간선도로
(간선도로 연결도로 및 이면부 진출입도로 요건 미충족)
6m도로
사업불가
간선도로
(간선도로 연결도로 및 이면부 진출입도로 요건 미충족)
나) 저층주",9b0be04496e008b6d985c2319602430ab345b05889432b1885aedba26c702e2f,VIS-9B0BE04496E0,TRUE,자동 추출,동일 이미지가 여러 페이지에 배치될 수 있음. 정확한 위치는 페이지 배치 이미지 레코드 확인.
PDF-LAW1-U066,LAW1,LAW1-4_3_2,60,PDF 고유 이미지,xref_00765.png,03_extracted_images/pdf_embedded/law-1/02_visible_unique_images/xref_01347.png,xref:1347,,0,841,0,841,378,265,,PDF 내부에서 직접 추출하고 투명 마스크를 합성한 고유 이미지.,"LAW1-4_3_2 / 4-3-2. 안심주택 조례 제7조 제3항에 따라 “간선도로변”의 용도지역 변경 기준은 4-3-1의 기준에 따르되 다음 각 목의 기준을 충족하여야 한다.
가. 용도지역 변경 기준
1) 간선도로변 직접 접하는 경우 : 준주거지역으로 변경을 원칙으로 하되 4-3-1 나목의 인접 및 도로기준 1), 2)에 해당하는 경우 관련 위원회의 심 의를 통해 일반 또는 근린상업지역으로 변경할 수 있다.
2) 간선도로변에 직접 접하지 않는 경우(이면도로) : 준주거지역, 다만, 간선도 로변에 직접 접한 대지의 용도지역을 초과할 수 없다.
나. 입지 및 면적 기준
1) 제1종일반주거지역의 저층주거지(공원, 도로 등 제외)와 연접한 경우는 관 련위원회의 자문을 거쳐 사업 추진여부을 결정할 수 있다.
2) 사업대상지가 간선도로변에 접한 경우 2면 이상(이면도로에 접한 경우 1면 이상)이 도로에 접하면서, 한 면은 최소 6m 이상의 도로에 접해야 한다. 차량진출입은 이면도로에 계획하여야 하며, 간선도로변에서 직접 연결되는 이면도로에 차량진출입구를 설치하는 경우, 간선도로변에서의 이격거리는 최 소 15m 이상으로 한다.
3) 간선도로변에 접한 경우 간선도로에 접한 대지의 길이는 최소 15m 이상으 로 한다.
가) 면적 및 도로기준(예시)
간선도로변
(사업가능)
간선도로변이
좀
간선도로
이면도로변
(사업가능)
이면도로변 0
간선도로
6mn도로
간선도로변 0
15m 이상
간선도로
6m도로
이면도로변0
간선도로
6mn도로
간선도로변 0
간선도로
6m도로
이면도로변 0
간선도로
(사업불가)
사업불가
4m도로
(사업불가)
4도로
사업불가
간선도로
간선도로
사업
불가
간선도로
(간선도로 연결도로 및 이면부 진출입도로 요건 미충족)
6m도로
사업불가
간선도로
(간선도로 연결도로 및 이면부 진출입도로 요건 미충족)
나) 저층주",e2e6739573038e87778fb90e13fd591273a2edc73cb5303d7962c5658b59a96e,VIS-E2E673957303,TRUE,자동 추출,동일 이미지가 여러 페이지에 배치될 수 있음. 정확한 위치는 페이지 배치 이미지 레코드 확인.
PDF-LAW1-U067,LAW1,LAW1-4_3_2,60,PDF 고유 이미지,xref_00741.png,03_extracted_images/pdf_embedded/law-1/02_visible_unique_images/xref_01348.png,xref:1348,,0,841,0,841,378,265,,PDF 내부에서 직접 추출하고 투명 마스크를 합성한 고유 이미지.,"LAW1-4_3_2 / 4-3-2. 안심주택 조례 제7조 제3항에 따라 “간선도로변”의 용도지역 변경 기준은 4-3-1의 기준에 따르되 다음 각 목의 기준을 충족하여야 한다.
가. 용도지역 변경 기준
1) 간선도로변 직접 접하는 경우 : 준주거지역으로 변경을 원칙으로 하되 4-3-1 나목의 인접 및 도로기준 1), 2)에 해당하는 경우 관련 위원회의 심 의를 통해 일반 또는 근린상업지역으로 변경할 수 있다.
2) 간선도로변에 직접 접하지 않는 경우(이면도로) : 준주거지역, 다만, 간선도 로변에 직접 접한 대지의 용도지역을 초과할 수 없다.
나. 입지 및 면적 기준
1) 제1종일반주거지역의 저층주거지(공원, 도로 등 제외)와 연접한 경우는 관 련위원회의 자문을 거쳐 사업 추진여부을 결정할 수 있다.
2) 사업대상지가 간선도로변에 접한 경우 2면 이상(이면도로에 접한 경우 1면 이상)이 도로에 접하면서, 한 면은 최소 6m 이상의 도로에 접해야 한다. 차량진출입은 이면도로에 계획하여야 하며, 간선도로변에서 직접 연결되는 이면도로에 차량진출입구를 설치하는 경우, 간선도로변에서의 이격거리는 최 소 15m 이상으로 한다.
3) 간선도로변에 접한 경우 간선도로에 접한 대지의 길이는 최소 15m 이상으 로 한다.
가) 면적 및 도로기준(예시)
간선도로변
(사업가능)
간선도로변이
좀
간선도로
이면도로변
(사업가능)
이면도로변 0
간선도로
6mn도로
간선도로변 0
15m 이상
간선도로
6m도로
이면도로변0
간선도로
6mn도로
간선도로변 0
간선도로
6m도로
이면도로변 0
간선도로
(사업불가)
사업불가
4m도로
(사업불가)
4도로
사업불가
간선도로
간선도로
사업
불가
간선도로
(간선도로 연결도로 및 이면부 진출입도로 요건 미충족)
6m도로
사업불가
간선도로
(간선도로 연결도로 및 이면부 진출입도로 요건 미충족)
나) 저층주",9b1817713b74b9db0c18c3ec6e4cec51ed8ca944d853715316c733f57f219eda,VIS-9B1817713B74,TRUE,자동 추출,동일 이미지가 여러 페이지에 배치될 수 있음. 정확한 위치는 페이지 배치 이미지 레코드 확인.
PDF-LAW1-U068,LAW1,LAW1-4_3_2,60,PDF 고유 이미지,xref_00773.png,03_extracted_images/pdf_embedded/law-1/02_visible_unique_images/xref_01349.png,xref:1349,,0,841,0,841,378,265,,PDF 내부에서 직접 추출하고 투명 마스크를 합성한 고유 이미지.,"LAW1-4_3_2 / 4-3-2. 안심주택 조례 제7조 제3항에 따라 “간선도로변”의 용도지역 변경 기준은 4-3-1의 기준에 따르되 다음 각 목의 기준을 충족하여야 한다.
가. 용도지역 변경 기준
1) 간선도로변 직접 접하는 경우 : 준주거지역으로 변경을 원칙으로 하되 4-3-1 나목의 인접 및 도로기준 1), 2)에 해당하는 경우 관련 위원회의 심 의를 통해 일반 또는 근린상업지역으로 변경할 수 있다.
2) 간선도로변에 직접 접하지 않는 경우(이면도로) : 준주거지역, 다만, 간선도 로변에 직접 접한 대지의 용도지역을 초과할 수 없다.
나. 입지 및 면적 기준
1) 제1종일반주거지역의 저층주거지(공원, 도로 등 제외)와 연접한 경우는 관 련위원회의 자문을 거쳐 사업 추진여부을 결정할 수 있다.
2) 사업대상지가 간선도로변에 접한 경우 2면 이상(이면도로에 접한 경우 1면 이상)이 도로에 접하면서, 한 면은 최소 6m 이상의 도로에 접해야 한다. 차량진출입은 이면도로에 계획하여야 하며, 간선도로변에서 직접 연결되는 이면도로에 차량진출입구를 설치하는 경우, 간선도로변에서의 이격거리는 최 소 15m 이상으로 한다.
3) 간선도로변에 접한 경우 간선도로에 접한 대지의 길이는 최소 15m 이상으 로 한다.
가) 면적 및 도로기준(예시)
간선도로변
(사업가능)
간선도로변이
좀
간선도로
이면도로변
(사업가능)
이면도로변 0
간선도로
6mn도로
간선도로변 0
15m 이상
간선도로
6m도로
이면도로변0
간선도로
6mn도로
간선도로변 0
간선도로
6m도로
이면도로변 0
간선도로
(사업불가)
사업불가
4m도로
(사업불가)
4도로
사업불가
간선도로
간선도로
사업
불가
간선도로
(간선도로 연결도로 및 이면부 진출입도로 요건 미충족)
6m도로
사업불가
간선도로
(간선도로 연결도로 및 이면부 진출입도로 요건 미충족)
나) 저층주",6ba4ed1335fbe75942ce1eece4d4b3ed18014dd9560ad002f8ad0dac381e82a4,VIS-6BA4ED1335FB,TRUE,자동 추출,동일 이미지가 여러 페이지에 배치될 수 있음. 정확한 위치는 페이지 배치 이미지 레코드 확인.
PDF-LAW1-U069,LAW1,LAW1-4_3_3,61,PDF 고유 이미지,xref_00786.png,03_extracted_images/pdf_embedded/law-1/02_visible_unique_images/xref_01358.png,xref:1358,,0,841,0,841,903,632,,PDF 내부에서 직접 추출하고 투명 마스크를 합성한 고유 이미지.,"LAW1-4_3_3 / 4-3-3. 안심주택 조례 제7조 제3항에 따라 “의료시설 중심지역”의 용도지역 변경 기준은 4-3-1의 기준에 따르되 다음의 요건을 충족하여야 한다.
가. 의료시설의 대상부지에 의료시설 외 용도의 건물이 있는 경우 의료시설 건물 과 의료시설 외의 건축물의 중심 또는 도로중심선을 경계로 한다. 해당 범위 의 구체적인 사항은 시장이 별도로 정할 수 있다.
[의료시설 외의 건축물의 중심]
의료시설의대상부지
의료시설외
건축물의중심
용도의건축물
의학대학(원)
기숙사등
의로시설
중심지역
[해당 부지에 도로가 있는 경우]
의로시설의대상부지
의료시설외
의료시설
용도의건축물
중심지역
의학대학원)
기숙사등
부지내도로중심선
나. 사업대상지는 최소 6m 이상의 도로에 접하고 이면도로에서 차량 진출입을 우선적으로 검토한다.",313fe6be51559e02ec1321f8053309025a663960772bac5bfcd44eba29beddd1,VIS-313FE6BE5155,TRUE,자동 추출,동일 이미지가 여러 페이지에 배치될 수 있음. 정확한 위치는 페이지 배치 이미지 레코드 확인.
PDF-LAW1-U070,LAW1,LAW1-4_3_3,61,PDF 고유 이미지,xref_00788.png,03_extracted_images/pdf_embedded/law-1/02_visible_unique_images/xref_01359.png,xref:1359,,0,841,0,841,903,632,,PDF 내부에서 직접 추출하고 투명 마스크를 합성한 고유 이미지.,"LAW1-4_3_3 / 4-3-3. 안심주택 조례 제7조 제3항에 따라 “의료시설 중심지역”의 용도지역 변경 기준은 4-3-1의 기준에 따르되 다음의 요건을 충족하여야 한다.
가. 의료시설의 대상부지에 의료시설 외 용도의 건물이 있는 경우 의료시설 건물 과 의료시설 외의 건축물의 중심 또는 도로중심선을 경계로 한다. 해당 범위 의 구체적인 사항은 시장이 별도로 정할 수 있다.
[의료시설 외의 건축물의 중심]
의료시설의대상부지
의료시설외
건축물의중심
용도의건축물
의학대학(원)
기숙사등
의로시설
중심지역
[해당 부지에 도로가 있는 경우]
의로시설의대상부지
의료시설외
의료시설
용도의건축물
중심지역
의학대학원)
기숙사등
부지내도로중심선
나. 사업대상지는 최소 6m 이상의 도로에 접하고 이면도로에서 차량 진출입을 우선적으로 검토한다.",d004712b04acb4a25075542d24fb6b62e71cecc40af8c63cad7782cfeb008f7f,VIS-D004712B04AC,TRUE,자동 추출,동일 이미지가 여러 페이지에 배치될 수 있음. 정확한 위치는 페이지 배치 이미지 레코드 확인.
PDF-LAW1-U071,LAW1,LAW1-4_4_1,64,PDF 고유 이미지,xref_01376.png,03_extracted_images/pdf_embedded/law-1/02_visible_unique_images/xref_01376.png,xref:1376,,77.238,505.727,306.315,656.282,511,336,,PDF 내부에서 직접 추출하고 투명 마스크를 합성한 고유 이미지.,"LAW1-4_4_1 / 4-4-1. 안심주택 조례 제7조 제3항에 따라 용도지역 변경이 있는 경우 용적률, 공 공기여율 등 기준은 다음과 같다.
가. 준주거지역으로 변경되는 경우
1) 기본용적률 : 400% 이하
2) 공공기여율
가) 제2종일반주거지역에서 상향되는 경우 : 15% 이상
나) 제3종일반주거지역에서 상향되는 경우 : 10% 이상
3) 용도별 비율
가) 주거 비율 : 85% 이상
나. 근린상업지역으로 변경되는 경우
1) 기본용적률 : 540% 이하
2) 공공기여율
가) 제2종일반주거지역에서 상향되는 경우 : 25% 이상
나) 제3종일반주거지역에서 상향되는 경우 : 20% 이상
다) 준주거지역에서 상향되는 경우 : 10% 이상
3) 용도별 비율
가) 주거 비율 : 80% 이상
나) 비주거 비율 : 10% 이상 (가로변 비주거 설치 의무) 다. 일반상업지역으로 변경되는 경우
1) 기본용적률 : 680% 이하
2) 공공기여율
가) 제2종일반주거지역에서 상향되는 경우 : 30% 이상
나) 제3종일반주거지역에서 상향되는 경우 : 25% 이상
다) 준주거지역에서 상향되는 경우 : 20% 이상
3) 용도별 비율
가) 주거 비율 : 80% 이상
나) 비주거 비율 : 10% 이상 (가로변 비주거 설치 의무)
라. 근린상업지역에서 일반상업지역으로 변경되는 경우
1) 기본용적률 : 700% 이하
2) 공공기여율 : 10%
3) 용도별 비율
가) 주거 비율 : 80% 이상
나) 비주거 비율 : 10% 이상 (가로변 비주거 설치 의무)
마. 제2종일반주거지역으로 변경되는 경우
1) 기본용적률 : 200% 이하
2) 공공기여율
가) 자연녹지지역에서 상향되는 경우 : 30% 이상
나) 제1종일반주거지역에서 상향되는 경우 : 10% 이상
바. 기타
1) 공공기여율 산정기준 등
가) 기본용적률 부여에 따른 공공기여율은 부지면적",03d0c06105eb7de5ad4c2f7180e987052af3ca590c1ef67ef8a36221de5be731,VIS-03D0C06105EB,TRUE,자동 추출,동일 이미지가 여러 페이지에 배치될 수 있음. 정확한 위치는 페이지 배치 이미지 레코드 확인.
PDF-LAW1-U072,LAW1,LAW1-4_4_1,64,PDF 고유 이미지,xref_01377.png,03_extracted_images/pdf_embedded/law-1/02_visible_unique_images/xref_01377.png,xref:1377,,319.508,510.402,530.355,651.608,501,336,,PDF 내부에서 직접 추출하고 투명 마스크를 합성한 고유 이미지.,"LAW1-4_4_1 / 4-4-1. 안심주택 조례 제7조 제3항에 따라 용도지역 변경이 있는 경우 용적률, 공 공기여율 등 기준은 다음과 같다.
가. 준주거지역으로 변경되는 경우
1) 기본용적률 : 400% 이하
2) 공공기여율
가) 제2종일반주거지역에서 상향되는 경우 : 15% 이상
나) 제3종일반주거지역에서 상향되는 경우 : 10% 이상
3) 용도별 비율
가) 주거 비율 : 85% 이상
나. 근린상업지역으로 변경되는 경우
1) 기본용적률 : 540% 이하
2) 공공기여율
가) 제2종일반주거지역에서 상향되는 경우 : 25% 이상
나) 제3종일반주거지역에서 상향되는 경우 : 20% 이상
다) 준주거지역에서 상향되는 경우 : 10% 이상
3) 용도별 비율
가) 주거 비율 : 80% 이상
나) 비주거 비율 : 10% 이상 (가로변 비주거 설치 의무) 다. 일반상업지역으로 변경되는 경우
1) 기본용적률 : 680% 이하
2) 공공기여율
가) 제2종일반주거지역에서 상향되는 경우 : 30% 이상
나) 제3종일반주거지역에서 상향되는 경우 : 25% 이상
다) 준주거지역에서 상향되는 경우 : 20% 이상
3) 용도별 비율
가) 주거 비율 : 80% 이상
나) 비주거 비율 : 10% 이상 (가로변 비주거 설치 의무)
라. 근린상업지역에서 일반상업지역으로 변경되는 경우
1) 기본용적률 : 700% 이하
2) 공공기여율 : 10%
3) 용도별 비율
가) 주거 비율 : 80% 이상
나) 비주거 비율 : 10% 이상 (가로변 비주거 설치 의무)
마. 제2종일반주거지역으로 변경되는 경우
1) 기본용적률 : 200% 이하
2) 공공기여율
가) 자연녹지지역에서 상향되는 경우 : 30% 이상
나) 제1종일반주거지역에서 상향되는 경우 : 10% 이상
바. 기타
1) 공공기여율 산정기준 등
가) 기본용적률 부여에 따른 공공기여율은 부지면적",022071ee20f0a83afdd55a3914b1211e099dbced73c55eaf3b8c55f80a3b91c2,VIS-022071EE20F0,TRUE,자동 추출,동일 이미지가 여러 페이지에 배치될 수 있음. 정확한 위치는 페이지 배치 이미지 레코드 확인.
PDF-LAW1-U073,LAW1,LAW1-4_7_4,69,PDF 고유 이미지,xref_01433.png,03_extracted_images/pdf_embedded/law-1/02_visible_unique_images/xref_01433.png,xref:1433,,112.02,646.693,127.971,659.399,135,106,,PDF 내부에서 직접 추출하고 투명 마스크를 합성한 고유 이미지.,"LAW1-4_7_4 / 4-7-4. 입주대상자가 신혼부부인 민간임대주택의 경우 임차인이 10년 거주하면, 우
선 양도권을 부여할 수 있으며 매매가격은 시세가격으로 한다.
현금납부 예시
대상지: 부지면적:
3,000㎡(철도부지), 제3종일반주거지역 → 준주거지역
기본용적률 및 상한용적률 부여에 따른 공공기여량 산정
기본용적률 | 상한용적률
400% | 500%
구 분 | 산출근거
기본용적률 | 공공기여율 | 부지면적의 10%
공공기여 | 토지면적 | 300 ㎡ ( = 3,000 ㎡ × 0.1)
상한용적률 공공기여 | 완 화용적률 | 100% ( = 500% - 400%)
공공기여량 | 50% ( = 100% × 1/2)
공공기여율 | 10% ( = 50% / 500%)
토지면적 | 300 ㎡ ( = 3,000 ㎡ × 0.1)
공공기여 총 량(토지면적) | 600 ㎡ ( = 300 ㎡ + 300 ㎡ )
현 금 납부 | 감정평가 액 | 6,000,000원/ ㎡
납부 액 | 3,600,000,000원
구분 | 통합실외기 설치기준 | 유지 · 관리 기준 | 반영여부 (○, ×) 실외 규모
‧ 바닥 면적 6.5 x 1.03 = 6.7 ㎡ 이상 | ‧ 주택건설기준 관한 규 정 실외 기 열 교 환 및 유지보수 반영 ‧ 실외기를 공유하는 세대의 규모 에 따라 효 율적인 기기 선정 ‧ 실외기 보관장소의 입지와 면적의 적정 성 위원회에서 검토 | 등에 에 대해 | 실외기 실면적
‧ 에너지 효 율 등급 1등급~2등급 만족 | ‧ 주요시 책 사 항 중 에너지1등급을 선택 할 경우해당시설기준반 드 시준수 |  | 냉방 능력
‧ 단상 2선식 220 V 60H Z ‧ 실외기 및 실내기 전원은 반 드 시 주 전원차단기와 ELB ( 누 전차단기)를 설 치하고 각 개별 실외기용 전원차단기 와 ELB 를 설치해 야 한다 ‧ 배전반에서실외기간 ",ad0014bf0a260b5d5c749f7ccc2b7f014c84a065512fd6b33a1574c72524f7e4,VIS-AD0014BF0A26,TRUE,자동 추출,동일 이미지가 여러 페이지에 배치될 수 있음. 정확한 위치는 페이지 배치 이미지 레코드 확인.
PDF-LAW1-U074,LAW1,LAW1-4_7_4,69,PDF 고유 이미지,xref_01444.png,03_extracted_images/pdf_embedded/law-1/02_visible_unique_images/xref_01444.png,xref:1444,,298.4,590.114,309.554,602.82,95,106,,PDF 내부에서 직접 추출하고 투명 마스크를 합성한 고유 이미지.,"LAW1-4_7_4 / 4-7-4. 입주대상자가 신혼부부인 민간임대주택의 경우 임차인이 10년 거주하면, 우
선 양도권을 부여할 수 있으며 매매가격은 시세가격으로 한다.
현금납부 예시
대상지: 부지면적:
3,000㎡(철도부지), 제3종일반주거지역 → 준주거지역
기본용적률 및 상한용적률 부여에 따른 공공기여량 산정
기본용적률 | 상한용적률
400% | 500%
구 분 | 산출근거
기본용적률 | 공공기여율 | 부지면적의 10%
공공기여 | 토지면적 | 300 ㎡ ( = 3,000 ㎡ × 0.1)
상한용적률 공공기여 | 완 화용적률 | 100% ( = 500% - 400%)
공공기여량 | 50% ( = 100% × 1/2)
공공기여율 | 10% ( = 50% / 500%)
토지면적 | 300 ㎡ ( = 3,000 ㎡ × 0.1)
공공기여 총 량(토지면적) | 600 ㎡ ( = 300 ㎡ + 300 ㎡ )
현 금 납부 | 감정평가 액 | 6,000,000원/ ㎡
납부 액 | 3,600,000,000원
구분 | 통합실외기 설치기준 | 유지 · 관리 기준 | 반영여부 (○, ×) 실외 규모
‧ 바닥 면적 6.5 x 1.03 = 6.7 ㎡ 이상 | ‧ 주택건설기준 관한 규 정 실외 기 열 교 환 및 유지보수 반영 ‧ 실외기를 공유하는 세대의 규모 에 따라 효 율적인 기기 선정 ‧ 실외기 보관장소의 입지와 면적의 적정 성 위원회에서 검토 | 등에 에 대해 | 실외기 실면적
‧ 에너지 효 율 등급 1등급~2등급 만족 | ‧ 주요시 책 사 항 중 에너지1등급을 선택 할 경우해당시설기준반 드 시준수 |  | 냉방 능력
‧ 단상 2선식 220 V 60H Z ‧ 실외기 및 실내기 전원은 반 드 시 주 전원차단기와 ELB ( 누 전차단기)를 설 치하고 각 개별 실외기용 전원차단기 와 ELB 를 설치해 야 한다 ‧ 배전반에서실외기간 ",61db8c68b6a6cfcccdbd6f0937a30c714bdec4db4ef459f1bd67b10b9dd9240b,VIS-61DB8C68B6A6,TRUE,자동 추출,동일 이미지가 여러 페이지에 배치될 수 있음. 정확한 위치는 페이지 배치 이미지 레코드 확인.
OCC-LAW1-001,LAW1,LAW1-1_3_1,2,페이지 배치 이미지,law-1_p002_occ001_xref00233.png,04_visuals/image_context_crops/law-1_p002_occ001_xref00233.png,xref:233;occurrence:1,,76.707,452.92,334.312,599.168,788,448,,PDF 페이지에 실제 배치된 이미지와 주변 여백을 포함한 문맥 크롭.,"LAW1-1_3_1 / 1-3-1. “대중교통 중심지역”이란 안심주택 조례 제2조제1호의 지역으로 지하철 및 버스 등 대중교통의 편리한 이용이 가능한 지역으로 다음 각 목의 어느 하나 를 말한다.
가. “역세권”이란 안심주택 조례 제2조제1호 가목의 지역을 말하며, 지하철, 국 철 및 경전철 등의 역(개통이 예정된 역을 포함한다)의 각 승강장 경계로부터 직각으로 250미터 이내의 지역을 말한다. 서울특별시장(이하 ‘시장’이라 한
다)은 다음 어느 하나에 해당하는 경우 안심주택 조례 제20조에 따른 공공지 원민간임대주택 통합심의위원회의 심의를 거쳐 역의 각 승강장 경계 및 출입 구로부터 350미터 이내의 토지를 사업대상지로 지정할 수 있다. 이 경우 용 도지역 변경에 관한 사항도 350미터를 기준으로 한다.
1) 승강장 위치가 도로의 선형과 일치하지 않는 역의 경우(해당역은 충무로역, 신이문역, 왕십리역, 길음역, 신금호역, 신도림역, 신길역, 동작역, 개화산 역, 발산역, 종합운동장역, 일원역, 구룡역, 양재시민의숲역을 말한다)
[일반적인 경우]
역세권
범위
25Om
25Om
승강장
승강장 경계
[승강장이 도로선형과 일치하지 않는 경우]
역세권
25Om
범위
25Om
지하철 출입구 _
25Om
25Om
25Om
승강장
25Om
승강장 경계
지하철 출입구
2) 주변지역 여건을 고려하여 사업추진이 필요하다고 인정되는 경우
3) 개통이 예정된 역이란 지하철, 국철 및 경전철 등의 역으로서 재정사업은 사업계획이 승인된 경우, 민자사업은 사업시행자가 지정된 경우를 말한다.
나. “간선도로변”이란 안심주택 조례 제2조제1호나목의 지역을 말하며, 도로법 제14조(특별시도의 지정 ⸱ 고시)에 따라 고시 ⸱ 운영 중인 특별시도 중 1-3-1.가 목의 역세권 외부에 위치한 폭 20m 이상의 주간선도로, 보조간선도로의 경 계로",7957933e4bba521c0ad56c40d1abaed65a5fb4ba6a5ddfacb430641578ce8a16,VIS-7957933E4BBA,TRUE,자동 추출,PDF 페이지 렌더링 기반 자동 생성. 원본 대조 필요.
OCC-LAW1-002,LAW1,LAW1-1_3_1,2,페이지 배치 이미지,law-1_p002_occ002_xref00234.png,04_visuals/image_context_crops/law-1_p002_occ002_xref00234.png,xref:234;occurrence:2,,300.387,440.694,565.188,611.395,810,523,,PDF 페이지에 실제 배치된 이미지와 주변 여백을 포함한 문맥 크롭.,"LAW1-1_3_1 / 1-3-1. “대중교통 중심지역”이란 안심주택 조례 제2조제1호의 지역으로 지하철 및 버스 등 대중교통의 편리한 이용이 가능한 지역으로 다음 각 목의 어느 하나 를 말한다.
가. “역세권”이란 안심주택 조례 제2조제1호 가목의 지역을 말하며, 지하철, 국 철 및 경전철 등의 역(개통이 예정된 역을 포함한다)의 각 승강장 경계로부터 직각으로 250미터 이내의 지역을 말한다. 서울특별시장(이하 ‘시장’이라 한
다)은 다음 어느 하나에 해당하는 경우 안심주택 조례 제20조에 따른 공공지 원민간임대주택 통합심의위원회의 심의를 거쳐 역의 각 승강장 경계 및 출입 구로부터 350미터 이내의 토지를 사업대상지로 지정할 수 있다. 이 경우 용 도지역 변경에 관한 사항도 350미터를 기준으로 한다.
1) 승강장 위치가 도로의 선형과 일치하지 않는 역의 경우(해당역은 충무로역, 신이문역, 왕십리역, 길음역, 신금호역, 신도림역, 신길역, 동작역, 개화산 역, 발산역, 종합운동장역, 일원역, 구룡역, 양재시민의숲역을 말한다)
[일반적인 경우]
역세권
범위
25Om
25Om
승강장
승강장 경계
[승강장이 도로선형과 일치하지 않는 경우]
역세권
25Om
범위
25Om
지하철 출입구 _
25Om
25Om
25Om
승강장
25Om
승강장 경계
지하철 출입구
2) 주변지역 여건을 고려하여 사업추진이 필요하다고 인정되는 경우
3) 개통이 예정된 역이란 지하철, 국철 및 경전철 등의 역으로서 재정사업은 사업계획이 승인된 경우, 민자사업은 사업시행자가 지정된 경우를 말한다.
나. “간선도로변”이란 안심주택 조례 제2조제1호나목의 지역을 말하며, 도로법 제14조(특별시도의 지정 ⸱ 고시)에 따라 고시 ⸱ 운영 중인 특별시도 중 1-3-1.가 목의 역세권 외부에 위치한 폭 20m 이상의 주간선도로, 보조간선도로의 경 계로",6bc860f4413b9adb6f87a6d4f80ae5640a611d024dcd35c660578d09863a9d85,VIS-6BC860F4413B,TRUE,자동 추출,PDF 페이지 렌더링 기반 자동 생성. 원본 대조 필요.
OCC-LAW1-003,LAW1,LAW1-1_3_1,2,페이지 배치 이미지,law-1_p002_occ003_xref00248.png,04_visuals/image_context_crops/law-1_p002_occ003_xref00248.png,xref:248;occurrence:3,,100.334,67.782,494.666,290.866,1206,683,,PDF 페이지에 실제 배치된 이미지와 주변 여백을 포함한 문맥 크롭.,"LAW1-1_3_1 / 1-3-1. “대중교통 중심지역”이란 안심주택 조례 제2조제1호의 지역으로 지하철 및 버스 등 대중교통의 편리한 이용이 가능한 지역으로 다음 각 목의 어느 하나 를 말한다.
가. “역세권”이란 안심주택 조례 제2조제1호 가목의 지역을 말하며, 지하철, 국 철 및 경전철 등의 역(개통이 예정된 역을 포함한다)의 각 승강장 경계로부터 직각으로 250미터 이내의 지역을 말한다. 서울특별시장(이하 ‘시장’이라 한
다)은 다음 어느 하나에 해당하는 경우 안심주택 조례 제20조에 따른 공공지 원민간임대주택 통합심의위원회의 심의를 거쳐 역의 각 승강장 경계 및 출입 구로부터 350미터 이내의 토지를 사업대상지로 지정할 수 있다. 이 경우 용 도지역 변경에 관한 사항도 350미터를 기준으로 한다.
1) 승강장 위치가 도로의 선형과 일치하지 않는 역의 경우(해당역은 충무로역, 신이문역, 왕십리역, 길음역, 신금호역, 신도림역, 신길역, 동작역, 개화산 역, 발산역, 종합운동장역, 일원역, 구룡역, 양재시민의숲역을 말한다)
[일반적인 경우]
역세권
범위
25Om
25Om
승강장
승강장 경계
[승강장이 도로선형과 일치하지 않는 경우]
역세권
25Om
범위
25Om
지하철 출입구 _
25Om
25Om
25Om
승강장
25Om
승강장 경계
지하철 출입구
2) 주변지역 여건을 고려하여 사업추진이 필요하다고 인정되는 경우
3) 개통이 예정된 역이란 지하철, 국철 및 경전철 등의 역으로서 재정사업은 사업계획이 승인된 경우, 민자사업은 사업시행자가 지정된 경우를 말한다.
나. “간선도로변”이란 안심주택 조례 제2조제1호나목의 지역을 말하며, 도로법 제14조(특별시도의 지정 ⸱ 고시)에 따라 고시 ⸱ 운영 중인 특별시도 중 1-3-1.가 목의 역세권 외부에 위치한 폭 20m 이상의 주간선도로, 보조간선도로의 경 계로",f305abe9a797c7bb48781690f324e7631d59ec73cc7a8694feb59e9db30b3952,VIS-F305ABE9A797,TRUE,자동 추출,PDF 페이지 렌더링 기반 자동 생성. 원본 대조 필요.
OCC-LAW1-004,LAW1,LAW1-1_3_2,3,페이지 배치 이미지,law-1_p003_occ004_xref00260.png,04_visuals/image_context_crops/law-1_p003_occ004_xref00260.png,xref:260;occurrence:4,,149.748,401.257,445.013,631.893,903,706,,PDF 페이지에 실제 배치된 이미지와 주변 여백을 포함한 문맥 크롭.,"LAW1-1_3_2 / 1-3-2. “의료시설 중심지역”이란 안심주택 조례 제2조제2호의 지역으로 의료시설 대상부지 경계로부터 350미터 이내의 지역으로 다음 각 목의 어느 하나를 말한다.
가. 의료법 제3조에 따른 종합병원
나. 의료법 제3조에 따른 병원 중 서울특별시가 관리하는 시립병원
다. 지역보건법 제2조에 따른 보건소
미표시신",ef28d4ab6723791a5eae7a39a931849dd22bb2fc81782ad6af17425c3b4f3360,VIS-EF28D4AB6723,TRUE,자동 추출,PDF 페이지 렌더링 기반 자동 생성. 원본 대조 필요.
OCC-LAW1-005,LAW1,LAW1-2_2_4,8,페이지 배치 이미지,law-1_p008_occ005_xref00533.png,04_visuals/image_context_crops/law-1_p008_occ005_xref00533.png,xref:533;occurrence:5,,39.167,595.684,555.713,741.333,1580,446,,PDF 페이지에 실제 배치된 이미지와 주변 여백을 포함한 문맥 크롭.,"LAW1-2_2_4 / 2-2-4. 안심주택 조례 제9조에 따른 사업계획의 결정절차는 다음과 같다. 다만 운
영기준 시행일로부터 1년간 2-2-4 나목의 사업대상은 2-2-4 가목의 결정
절차를 따른다. 다만, 청년에게 100% 공급하는 주택의 경우는 제외한다. 가. 사업면적 2,000㎡ 초과[촉진지구 지정과 인·허가 통합승인(시)]
통합심의위원회
사업제안서
주민열람공고
사업계획서 접수
접수 및 검토
사전자문
서물시 자치구
서울시
서울시
서울시
착공 및 사용승인
속진지구 지정
통합심의위원회
축진지구 완료공고
지구계획승인및 고시
심의
자치구
서울시
서울시
나. 사업면적 1,000㎡ 이상 ~ 2,000㎡ 이하[촉진지구지정(시) 인허가(자치구)]
자문결과 통보(시-구)
주민열람공고
통합심의위원회
사업제안서
사업계획서접수
접수 및 검토
사전자문
관계부서 협의
자치구
서울시
자치구
자치구
착공 및 사용승인
사업계획승인
통합심의위원회
축진지구완료공고
(건축히가)
지구계획승인및 고시
심의
자치구
자치구
서울시
서울시
※ 통합심의위원회 사전자문 및 심의시 자치구 참석",d1c6327394cadefe31b90386002c4944c353f69eafa5eae4eabfcfac4dc868db,VIS-D1C6327394CA,TRUE,자동 추출,PDF 페이지 렌더링 기반 자동 생성. 원본 대조 필요.
OCC-LAW1-006,LAW1,LAW1-2_2_4,8,페이지 배치 이미지,law-1_p008_occ006_xref00534.png,04_visuals/image_context_crops/law-1_p008_occ006_xref00534.png,xref:534;occurrence:6,,39.167,395.743,555.713,596.531,1580,615,,PDF 페이지에 실제 배치된 이미지와 주변 여백을 포함한 문맥 크롭.,"LAW1-2_2_4 / 2-2-4. 안심주택 조례 제9조에 따른 사업계획의 결정절차는 다음과 같다. 다만 운
영기준 시행일로부터 1년간 2-2-4 나목의 사업대상은 2-2-4 가목의 결정
절차를 따른다. 다만, 청년에게 100% 공급하는 주택의 경우는 제외한다. 가. 사업면적 2,000㎡ 초과[촉진지구 지정과 인·허가 통합승인(시)]
통합심의위원회
사업제안서
주민열람공고
사업계획서 접수
접수 및 검토
사전자문
서물시 자치구
서울시
서울시
서울시
착공 및 사용승인
속진지구 지정
통합심의위원회
축진지구 완료공고
지구계획승인및 고시
심의
자치구
서울시
서울시
나. 사업면적 1,000㎡ 이상 ~ 2,000㎡ 이하[촉진지구지정(시) 인허가(자치구)]
자문결과 통보(시-구)
주민열람공고
통합심의위원회
사업제안서
사업계획서접수
접수 및 검토
사전자문
관계부서 협의
자치구
서울시
자치구
자치구
착공 및 사용승인
사업계획승인
통합심의위원회
축진지구완료공고
(건축히가)
지구계획승인및 고시
심의
자치구
자치구
서울시
서울시
※ 통합심의위원회 사전자문 및 심의시 자치구 참석",7acf3dab7fe681505d3983c79389dca2c244bf9fdef853696528a557c45b3027,VIS-7ACF3DAB7FE6,TRUE,자동 추출,PDF 페이지 렌더링 기반 자동 생성. 원본 대조 필요.
OCC-LAW1-007,LAW1,LAW1-2_3_1,9,페이지 배치 이미지,law-1_p009_occ007_xref00569.png,04_visuals/image_context_crops/law-1_p009_occ007_xref00569.png,xref:569;occurrence:7,,62.315,329.815,318.361,517.538,783,574,,PDF 페이지에 실제 배치된 이미지와 주변 여백을 포함한 문맥 크롭.,"LAW1-2_3_1 / 2-3-1. 안심주택(안심주택 조례 제7조 제3항을 따른다)의 용도지역 변경 기준은 다 음과 같으며 구체적인 사항은 라목의 사례별 기준을 따른다.
가. 현재 용도지역 기준
1) 제2종일반주거지역으로의 변경: 자연녹지지역, 제1종일반주거지역 ※ 어르신에게 임대주택을 100% 공급하는 경우만 적용
2) 준주거지역으로 변경: 제2종·제3종일반주거지역
3) 일반 또는 근린상업지역으로 변경: 제2종·제3종일반주거지역, 준주거지역 나. 인접 및 도로 기준
1) 준주거지역이나 일반 또는 근린상업지역에 바로 접하고 있어야 한다.
2) 준주거지역이나 일반 또는 근린상업지역과 폭 20m 이하의 도로를 사이에 두고 접하고 있어야 한다.
3) 20m 이상의 간선도로에 접하고 있어야 한다.
[인접 및 도로기준(예시)]
용도지역 변경 가능 대상지 범위
2)
2)
2)
2)
2)
2)
2)
20m 이하
상업지역
3)
3)
3)
1),3)
2),3)
3)
3)
3)
3)
20m 이상 간선도로
승강장 또는 의료시설
20m 이상 간선도로
[인접 사례(예시)]
상업지역에 20m 이하의 도로를 사이에 인접에 해당
두고
고
접
함:
인
접
에 해당
20m 이상의 간선도로에
접
함
다. 사업대상지 인정 기준
1) 안심주택(안심주택 조례 제5조 제2항을 따른다)의 사업대상지의 과반이 대 중교통 또는 의료시설 중심지역에 포함되지 않아 관련위원회의 심의를 통해 사업대상지로 인정 받은 경우 추가 공공기여를 제공하여야 한다. 다만, 이 경우 적용되는 역세권 및 의료시설 중심지역 범위는 승강장 경계로부터 250m 이내와 의료시설 대상부지 경계로부터 350m 이내를 말한 다.(1-3-1 가목을 인정받는 경우 승강장 경계로부터 350m 이내로 적용) 가) 검토 대상지 및 사업대상지 인정 시 추가 공공기여 기준
(1) 검토 대상지 : 사업",b385bfdd1fa3dfe35112b04fe27da52a2fb141f9d2caca8c821e08451ea03907,VIS-B385BFDD1FA3,TRUE,자동 추출,PDF 페이지 렌더링 기반 자동 생성. 원본 대조 필요.
OCC-LAW1-008,LAW1,LAW1-2_3_1,9,페이지 배치 이미지,law-1_p009_occ008_xref00570.png,04_visuals/image_context_crops/law-1_p009_occ008_xref00570.png,xref:570;occurrence:8,,280.837,331.134,532.325,516.1,769,566,,PDF 페이지에 실제 배치된 이미지와 주변 여백을 포함한 문맥 크롭.,"LAW1-2_3_1 / 2-3-1. 안심주택(안심주택 조례 제7조 제3항을 따른다)의 용도지역 변경 기준은 다 음과 같으며 구체적인 사항은 라목의 사례별 기준을 따른다.
가. 현재 용도지역 기준
1) 제2종일반주거지역으로의 변경: 자연녹지지역, 제1종일반주거지역 ※ 어르신에게 임대주택을 100% 공급하는 경우만 적용
2) 준주거지역으로 변경: 제2종·제3종일반주거지역
3) 일반 또는 근린상업지역으로 변경: 제2종·제3종일반주거지역, 준주거지역 나. 인접 및 도로 기준
1) 준주거지역이나 일반 또는 근린상업지역에 바로 접하고 있어야 한다.
2) 준주거지역이나 일반 또는 근린상업지역과 폭 20m 이하의 도로를 사이에 두고 접하고 있어야 한다.
3) 20m 이상의 간선도로에 접하고 있어야 한다.
[인접 및 도로기준(예시)]
용도지역 변경 가능 대상지 범위
2)
2)
2)
2)
2)
2)
2)
20m 이하
상업지역
3)
3)
3)
1),3)
2),3)
3)
3)
3)
3)
20m 이상 간선도로
승강장 또는 의료시설
20m 이상 간선도로
[인접 사례(예시)]
상업지역에 20m 이하의 도로를 사이에 인접에 해당
두고
고
접
함:
인
접
에 해당
20m 이상의 간선도로에
접
함
다. 사업대상지 인정 기준
1) 안심주택(안심주택 조례 제5조 제2항을 따른다)의 사업대상지의 과반이 대 중교통 또는 의료시설 중심지역에 포함되지 않아 관련위원회의 심의를 통해 사업대상지로 인정 받은 경우 추가 공공기여를 제공하여야 한다. 다만, 이 경우 적용되는 역세권 및 의료시설 중심지역 범위는 승강장 경계로부터 250m 이내와 의료시설 대상부지 경계로부터 350m 이내를 말한 다.(1-3-1 가목을 인정받는 경우 승강장 경계로부터 350m 이내로 적용) 가) 검토 대상지 및 사업대상지 인정 시 추가 공공기여 기준
(1) 검토 대상지 : 사업",fa2db7ce9ef766c11c6dfffe395557175d9e7e93e349dd04ecdfb72e4a3a46ba,VIS-FA2DB7CE9EF7,TRUE,자동 추출,PDF 페이지 렌더링 기반 자동 생성. 원본 대조 필요.
OCC-LAW1-010,LAW1,LAW1-2_3_2,14,페이지 배치 이미지,law-1_p014_occ010_xref00727.png,04_visuals/image_context_crops/law-1_p014_occ010_xref00727.png,xref:727;occurrence:9,,54.879,580.101,303.489,767.344,761,573,,PDF 페이지에 실제 배치된 이미지와 주변 여백을 포함한 문맥 크롭.,"LAW1-2_3_2 / 2-3-2. 안심주택 조례 제7조 제3항에 따라 “간선도로변”의 용도지역 변경 기준은 2-3-1의 기준에 따르되 다음 각 목의 기준을 충족하여야 한다.
가. 용도지역 변경 기준
1) 간선도로변 직접 접하는 경우 : 준주거지역으로 변경을 원칙으로 하되 2-3-1 나목의 인접 및 도로기준 1), 2)에 해당하는 경우 관련 위원회의 심 의를 통해 일반 또는 근린상업지역으로 변경할 수 있다.
2) 간선도로변에 직접 접하지 않는 경우(이면도로) : 준주거지역, 다만, 간선도 로변에 직접 접한 대지의 용도지역을 초과할 수 없다.
나. 입지 및 면적 기준
1) 제1종일반주거지역의 저층주거지(공원, 도로 등 제외)와 연접한 경우는 관 련위원회의 자문을 거쳐 사업 추진여부을 결정할 수 있다.
2) 사업대상지가 간선도로변에 접한 경우 2면 이상(이면도로에 접한 경우 1면 이상)이 도로에 접하면서, 한 면은 최소 6m 이상의 도로에 접해야 한다. 차량진출입은 이면도로에 계획하여야 하며, 간선도로변에서 직접 연결되는 이면도로에 차량진출입구를 설치하는 경우, 간선도로변에서의 이격거리는 최 소 15m 이상으로 한다.
3) 간선도로변에 접한 경우 간선도로에 접한 대지의 길이는 최소 15m 이상으 로 한다.
가) 면적 및 도로기준(예시)
간선도로변
이면도로변
(사업가능)
좀
간선도로변이
간선도로
(사업가능)
6mn도로
이면도로변 0
간선도로
6mn도로
간선도로변 0
이면도로변0
간선도로
15m 이상
간선도로변 0
간선도로
(사업불가)
(사업불가)
간선도로
6mn도로
이면도로변 0
간선도로
사업불가
4m도로
사업물가
간선도로
간선도로
4m도로
사업
불가
간선도로
(간선도로 연결도로 및 이면부 진출입도로 요건 미충족)
6mn도로
사업불가
간선도로
(간선도로 연결도로 및 이면부 진출입도로 요건 미충족)
나) 저층주거지",888790044c37b37a5da3cfe4c2093be99b445130d8b6ff695fc3557c70ee07ec,VIS-888790044C37,TRUE,자동 추출,PDF 페이지 렌더링 기반 자동 생성. 원본 대조 필요.
OCC-LAW1-012,LAW1,LAW1-2_3_2,14,페이지 배치 이미지,law-1_p014_occ012_xref00729.png,04_visuals/image_context_crops/law-1_p014_occ012_xref00729.png,xref:729;occurrence:10,,54.879,430.745,303.489,617.988,761,573,,PDF 페이지에 실제 배치된 이미지와 주변 여백을 포함한 문맥 크롭.,"LAW1-2_3_2 / 2-3-2. 안심주택 조례 제7조 제3항에 따라 “간선도로변”의 용도지역 변경 기준은 2-3-1의 기준에 따르되 다음 각 목의 기준을 충족하여야 한다.
가. 용도지역 변경 기준
1) 간선도로변 직접 접하는 경우 : 준주거지역으로 변경을 원칙으로 하되 2-3-1 나목의 인접 및 도로기준 1), 2)에 해당하는 경우 관련 위원회의 심 의를 통해 일반 또는 근린상업지역으로 변경할 수 있다.
2) 간선도로변에 직접 접하지 않는 경우(이면도로) : 준주거지역, 다만, 간선도 로변에 직접 접한 대지의 용도지역을 초과할 수 없다.
나. 입지 및 면적 기준
1) 제1종일반주거지역의 저층주거지(공원, 도로 등 제외)와 연접한 경우는 관 련위원회의 자문을 거쳐 사업 추진여부을 결정할 수 있다.
2) 사업대상지가 간선도로변에 접한 경우 2면 이상(이면도로에 접한 경우 1면 이상)이 도로에 접하면서, 한 면은 최소 6m 이상의 도로에 접해야 한다. 차량진출입은 이면도로에 계획하여야 하며, 간선도로변에서 직접 연결되는 이면도로에 차량진출입구를 설치하는 경우, 간선도로변에서의 이격거리는 최 소 15m 이상으로 한다.
3) 간선도로변에 접한 경우 간선도로에 접한 대지의 길이는 최소 15m 이상으 로 한다.
가) 면적 및 도로기준(예시)
간선도로변
이면도로변
(사업가능)
좀
간선도로변이
간선도로
(사업가능)
6mn도로
이면도로변 0
간선도로
6mn도로
간선도로변 0
이면도로변0
간선도로
15m 이상
간선도로변 0
간선도로
(사업불가)
(사업불가)
간선도로
6mn도로
이면도로변 0
간선도로
사업불가
4m도로
사업물가
간선도로
간선도로
4m도로
사업
불가
간선도로
(간선도로 연결도로 및 이면부 진출입도로 요건 미충족)
6mn도로
사업불가
간선도로
(간선도로 연결도로 및 이면부 진출입도로 요건 미충족)
나) 저층주거지",6bac16925dc886e6408f3bde20f3d4979ec8c5f39613b2dc083d5a9d915107e6,VIS-6BAC16925DC8,TRUE,자동 추출,PDF 페이지 렌더링 기반 자동 생성. 원본 대조 필요.
OCC-LAW1-014,LAW1,LAW1-2_3_2,14,페이지 배치 이미지,law-1_p014_occ014_xref00731.png,04_visuals/image_context_crops/law-1_p014_occ014_xref00731.png,xref:731;occurrence:11,,54.879,281.508,303.489,468.751,761,573,,PDF 페이지에 실제 배치된 이미지와 주변 여백을 포함한 문맥 크롭.,"LAW1-2_3_2 / 2-3-2. 안심주택 조례 제7조 제3항에 따라 “간선도로변”의 용도지역 변경 기준은 2-3-1의 기준에 따르되 다음 각 목의 기준을 충족하여야 한다.
가. 용도지역 변경 기준
1) 간선도로변 직접 접하는 경우 : 준주거지역으로 변경을 원칙으로 하되 2-3-1 나목의 인접 및 도로기준 1), 2)에 해당하는 경우 관련 위원회의 심 의를 통해 일반 또는 근린상업지역으로 변경할 수 있다.
2) 간선도로변에 직접 접하지 않는 경우(이면도로) : 준주거지역, 다만, 간선도 로변에 직접 접한 대지의 용도지역을 초과할 수 없다.
나. 입지 및 면적 기준
1) 제1종일반주거지역의 저층주거지(공원, 도로 등 제외)와 연접한 경우는 관 련위원회의 자문을 거쳐 사업 추진여부을 결정할 수 있다.
2) 사업대상지가 간선도로변에 접한 경우 2면 이상(이면도로에 접한 경우 1면 이상)이 도로에 접하면서, 한 면은 최소 6m 이상의 도로에 접해야 한다. 차량진출입은 이면도로에 계획하여야 하며, 간선도로변에서 직접 연결되는 이면도로에 차량진출입구를 설치하는 경우, 간선도로변에서의 이격거리는 최 소 15m 이상으로 한다.
3) 간선도로변에 접한 경우 간선도로에 접한 대지의 길이는 최소 15m 이상으 로 한다.
가) 면적 및 도로기준(예시)
간선도로변
이면도로변
(사업가능)
좀
간선도로변이
간선도로
(사업가능)
6mn도로
이면도로변 0
간선도로
6mn도로
간선도로변 0
이면도로변0
간선도로
15m 이상
간선도로변 0
간선도로
(사업불가)
(사업불가)
간선도로
6mn도로
이면도로변 0
간선도로
사업불가
4m도로
사업물가
간선도로
간선도로
4m도로
사업
불가
간선도로
(간선도로 연결도로 및 이면부 진출입도로 요건 미충족)
6mn도로
사업불가
간선도로
(간선도로 연결도로 및 이면부 진출입도로 요건 미충족)
나) 저층주거지",2b1d92e80f6e58e8d9aa152943068dd5d834cbda96273f37800310c6993c451e,VIS-2B1D92E80F6E,TRUE,자동 추출,PDF 페이지 렌더링 기반 자동 생성. 원본 대조 필요.
OCC-LAW1-016,LAW1,LAW1-2_3_2,14,페이지 배치 이미지,law-1_p014_occ016_xref00733.png,04_visuals/image_context_crops/law-1_p014_occ016_xref00733.png,xref:733;occurrence:12,,297.148,580.101,545.758,767.344,761,573,,PDF 페이지에 실제 배치된 이미지와 주변 여백을 포함한 문맥 크롭.,"LAW1-2_3_2 / 2-3-2. 안심주택 조례 제7조 제3항에 따라 “간선도로변”의 용도지역 변경 기준은 2-3-1의 기준에 따르되 다음 각 목의 기준을 충족하여야 한다.
가. 용도지역 변경 기준
1) 간선도로변 직접 접하는 경우 : 준주거지역으로 변경을 원칙으로 하되 2-3-1 나목의 인접 및 도로기준 1), 2)에 해당하는 경우 관련 위원회의 심 의를 통해 일반 또는 근린상업지역으로 변경할 수 있다.
2) 간선도로변에 직접 접하지 않는 경우(이면도로) : 준주거지역, 다만, 간선도 로변에 직접 접한 대지의 용도지역을 초과할 수 없다.
나. 입지 및 면적 기준
1) 제1종일반주거지역의 저층주거지(공원, 도로 등 제외)와 연접한 경우는 관 련위원회의 자문을 거쳐 사업 추진여부을 결정할 수 있다.
2) 사업대상지가 간선도로변에 접한 경우 2면 이상(이면도로에 접한 경우 1면 이상)이 도로에 접하면서, 한 면은 최소 6m 이상의 도로에 접해야 한다. 차량진출입은 이면도로에 계획하여야 하며, 간선도로변에서 직접 연결되는 이면도로에 차량진출입구를 설치하는 경우, 간선도로변에서의 이격거리는 최 소 15m 이상으로 한다.
3) 간선도로변에 접한 경우 간선도로에 접한 대지의 길이는 최소 15m 이상으 로 한다.
가) 면적 및 도로기준(예시)
간선도로변
이면도로변
(사업가능)
좀
간선도로변이
간선도로
(사업가능)
6mn도로
이면도로변 0
간선도로
6mn도로
간선도로변 0
이면도로변0
간선도로
15m 이상
간선도로변 0
간선도로
(사업불가)
(사업불가)
간선도로
6mn도로
이면도로변 0
간선도로
사업불가
4m도로
사업물가
간선도로
간선도로
4m도로
사업
불가
간선도로
(간선도로 연결도로 및 이면부 진출입도로 요건 미충족)
6mn도로
사업불가
간선도로
(간선도로 연결도로 및 이면부 진출입도로 요건 미충족)
나) 저층주거지",987752efdb450fa768b265db2d99ee66dacc500a7945b519abd29fc28e7b960a,VIS-987752EFDB45,TRUE,자동 추출,PDF 페이지 렌더링 기반 자동 생성. 원본 대조 필요.
OCC-LAW1-018,LAW1,LAW1-2_3_2,14,페이지 배치 이미지,law-1_p014_occ018_xref00735.png,04_visuals/image_context_crops/law-1_p014_occ018_xref00735.png,xref:735;occurrence:13,,297.148,430.745,545.758,617.988,761,573,,PDF 페이지에 실제 배치된 이미지와 주변 여백을 포함한 문맥 크롭.,"LAW1-2_3_2 / 2-3-2. 안심주택 조례 제7조 제3항에 따라 “간선도로변”의 용도지역 변경 기준은 2-3-1의 기준에 따르되 다음 각 목의 기준을 충족하여야 한다.
가. 용도지역 변경 기준
1) 간선도로변 직접 접하는 경우 : 준주거지역으로 변경을 원칙으로 하되 2-3-1 나목의 인접 및 도로기준 1), 2)에 해당하는 경우 관련 위원회의 심 의를 통해 일반 또는 근린상업지역으로 변경할 수 있다.
2) 간선도로변에 직접 접하지 않는 경우(이면도로) : 준주거지역, 다만, 간선도 로변에 직접 접한 대지의 용도지역을 초과할 수 없다.
나. 입지 및 면적 기준
1) 제1종일반주거지역의 저층주거지(공원, 도로 등 제외)와 연접한 경우는 관 련위원회의 자문을 거쳐 사업 추진여부을 결정할 수 있다.
2) 사업대상지가 간선도로변에 접한 경우 2면 이상(이면도로에 접한 경우 1면 이상)이 도로에 접하면서, 한 면은 최소 6m 이상의 도로에 접해야 한다. 차량진출입은 이면도로에 계획하여야 하며, 간선도로변에서 직접 연결되는 이면도로에 차량진출입구를 설치하는 경우, 간선도로변에서의 이격거리는 최 소 15m 이상으로 한다.
3) 간선도로변에 접한 경우 간선도로에 접한 대지의 길이는 최소 15m 이상으 로 한다.
가) 면적 및 도로기준(예시)
간선도로변
이면도로변
(사업가능)
좀
간선도로변이
간선도로
(사업가능)
6mn도로
이면도로변 0
간선도로
6mn도로
간선도로변 0
이면도로변0
간선도로
15m 이상
간선도로변 0
간선도로
(사업불가)
(사업불가)
간선도로
6mn도로
이면도로변 0
간선도로
사업불가
4m도로
사업물가
간선도로
간선도로
4m도로
사업
불가
간선도로
(간선도로 연결도로 및 이면부 진출입도로 요건 미충족)
6mn도로
사업불가
간선도로
(간선도로 연결도로 및 이면부 진출입도로 요건 미충족)
나) 저층주거지",da401a31d2916f13901ccd632ec97ab768b7632702550aa5cadfac76f495c820,VIS-DA401A31D291,TRUE,자동 추출,PDF 페이지 렌더링 기반 자동 생성. 원본 대조 필요.
OCC-LAW1-020,LAW1,LAW1-2_3_2,14,페이지 배치 이미지,law-1_p014_occ020_xref00737.png,04_visuals/image_context_crops/law-1_p014_occ020_xref00737.png,xref:737;occurrence:14,,297.148,281.508,545.758,468.751,761,573,,PDF 페이지에 실제 배치된 이미지와 주변 여백을 포함한 문맥 크롭.,"LAW1-2_3_2 / 2-3-2. 안심주택 조례 제7조 제3항에 따라 “간선도로변”의 용도지역 변경 기준은 2-3-1의 기준에 따르되 다음 각 목의 기준을 충족하여야 한다.
가. 용도지역 변경 기준
1) 간선도로변 직접 접하는 경우 : 준주거지역으로 변경을 원칙으로 하되 2-3-1 나목의 인접 및 도로기준 1), 2)에 해당하는 경우 관련 위원회의 심 의를 통해 일반 또는 근린상업지역으로 변경할 수 있다.
2) 간선도로변에 직접 접하지 않는 경우(이면도로) : 준주거지역, 다만, 간선도 로변에 직접 접한 대지의 용도지역을 초과할 수 없다.
나. 입지 및 면적 기준
1) 제1종일반주거지역의 저층주거지(공원, 도로 등 제외)와 연접한 경우는 관 련위원회의 자문을 거쳐 사업 추진여부을 결정할 수 있다.
2) 사업대상지가 간선도로변에 접한 경우 2면 이상(이면도로에 접한 경우 1면 이상)이 도로에 접하면서, 한 면은 최소 6m 이상의 도로에 접해야 한다. 차량진출입은 이면도로에 계획하여야 하며, 간선도로변에서 직접 연결되는 이면도로에 차량진출입구를 설치하는 경우, 간선도로변에서의 이격거리는 최 소 15m 이상으로 한다.
3) 간선도로변에 접한 경우 간선도로에 접한 대지의 길이는 최소 15m 이상으 로 한다.
가) 면적 및 도로기준(예시)
간선도로변
이면도로변
(사업가능)
좀
간선도로변이
간선도로
(사업가능)
6mn도로
이면도로변 0
간선도로
6mn도로
간선도로변 0
이면도로변0
간선도로
15m 이상
간선도로변 0
간선도로
(사업불가)
(사업불가)
간선도로
6mn도로
이면도로변 0
간선도로
사업불가
4m도로
사업물가
간선도로
간선도로
4m도로
사업
불가
간선도로
(간선도로 연결도로 및 이면부 진출입도로 요건 미충족)
6mn도로
사업불가
간선도로
(간선도로 연결도로 및 이면부 진출입도로 요건 미충족)
나) 저층주거지",a6378d96f985b5c0522ffb401121cb09ff1adb9a4cc42c7852ad57568e52dabf,VIS-A6378D96F985,TRUE,자동 추출,PDF 페이지 렌더링 기반 자동 생성. 원본 대조 필요.
OCC-LAW1-022,LAW1,LAW1-2_3_2,14,페이지 배치 이미지,law-1_p014_occ022_xref00740.png,04_visuals/image_context_crops/law-1_p014_occ022_xref00740.png,xref:740;occurrence:15,,54.879,111.654,303.489,298.897,761,573,,PDF 페이지에 실제 배치된 이미지와 주변 여백을 포함한 문맥 크롭.,"LAW1-2_3_2 / 2-3-2. 안심주택 조례 제7조 제3항에 따라 “간선도로변”의 용도지역 변경 기준은 2-3-1의 기준에 따르되 다음 각 목의 기준을 충족하여야 한다.
가. 용도지역 변경 기준
1) 간선도로변 직접 접하는 경우 : 준주거지역으로 변경을 원칙으로 하되 2-3-1 나목의 인접 및 도로기준 1), 2)에 해당하는 경우 관련 위원회의 심 의를 통해 일반 또는 근린상업지역으로 변경할 수 있다.
2) 간선도로변에 직접 접하지 않는 경우(이면도로) : 준주거지역, 다만, 간선도 로변에 직접 접한 대지의 용도지역을 초과할 수 없다.
나. 입지 및 면적 기준
1) 제1종일반주거지역의 저층주거지(공원, 도로 등 제외)와 연접한 경우는 관 련위원회의 자문을 거쳐 사업 추진여부을 결정할 수 있다.
2) 사업대상지가 간선도로변에 접한 경우 2면 이상(이면도로에 접한 경우 1면 이상)이 도로에 접하면서, 한 면은 최소 6m 이상의 도로에 접해야 한다. 차량진출입은 이면도로에 계획하여야 하며, 간선도로변에서 직접 연결되는 이면도로에 차량진출입구를 설치하는 경우, 간선도로변에서의 이격거리는 최 소 15m 이상으로 한다.
3) 간선도로변에 접한 경우 간선도로에 접한 대지의 길이는 최소 15m 이상으 로 한다.
가) 면적 및 도로기준(예시)
간선도로변
이면도로변
(사업가능)
좀
간선도로변이
간선도로
(사업가능)
6mn도로
이면도로변 0
간선도로
6mn도로
간선도로변 0
이면도로변0
간선도로
15m 이상
간선도로변 0
간선도로
(사업불가)
(사업불가)
간선도로
6mn도로
이면도로변 0
간선도로
사업불가
4m도로
사업물가
간선도로
간선도로
4m도로
사업
불가
간선도로
(간선도로 연결도로 및 이면부 진출입도로 요건 미충족)
6mn도로
사업불가
간선도로
(간선도로 연결도로 및 이면부 진출입도로 요건 미충족)
나) 저층주거지",6605013790eb0a2324c00961387275459b9970f859f676970dcb6a99cdb1ddbf,VIS-6605013790EB,TRUE,자동 추출,PDF 페이지 렌더링 기반 자동 생성. 원본 대조 필요.
OCC-LAW1-024,LAW1,LAW1-2_3_2,14,페이지 배치 이미지,law-1_p014_occ024_xref00742.png,04_visuals/image_context_crops/law-1_p014_occ024_xref00742.png,xref:742;occurrence:16,,297.148,111.654,545.758,298.897,761,573,,PDF 페이지에 실제 배치된 이미지와 주변 여백을 포함한 문맥 크롭.,"LAW1-2_3_2 / 2-3-2. 안심주택 조례 제7조 제3항에 따라 “간선도로변”의 용도지역 변경 기준은 2-3-1의 기준에 따르되 다음 각 목의 기준을 충족하여야 한다.
가. 용도지역 변경 기준
1) 간선도로변 직접 접하는 경우 : 준주거지역으로 변경을 원칙으로 하되 2-3-1 나목의 인접 및 도로기준 1), 2)에 해당하는 경우 관련 위원회의 심 의를 통해 일반 또는 근린상업지역으로 변경할 수 있다.
2) 간선도로변에 직접 접하지 않는 경우(이면도로) : 준주거지역, 다만, 간선도 로변에 직접 접한 대지의 용도지역을 초과할 수 없다.
나. 입지 및 면적 기준
1) 제1종일반주거지역의 저층주거지(공원, 도로 등 제외)와 연접한 경우는 관 련위원회의 자문을 거쳐 사업 추진여부을 결정할 수 있다.
2) 사업대상지가 간선도로변에 접한 경우 2면 이상(이면도로에 접한 경우 1면 이상)이 도로에 접하면서, 한 면은 최소 6m 이상의 도로에 접해야 한다. 차량진출입은 이면도로에 계획하여야 하며, 간선도로변에서 직접 연결되는 이면도로에 차량진출입구를 설치하는 경우, 간선도로변에서의 이격거리는 최 소 15m 이상으로 한다.
3) 간선도로변에 접한 경우 간선도로에 접한 대지의 길이는 최소 15m 이상으 로 한다.
가) 면적 및 도로기준(예시)
간선도로변
이면도로변
(사업가능)
좀
간선도로변이
간선도로
(사업가능)
6mn도로
이면도로변 0
간선도로
6mn도로
간선도로변 0
이면도로변0
간선도로
15m 이상
간선도로변 0
간선도로
(사업불가)
(사업불가)
간선도로
6mn도로
이면도로변 0
간선도로
사업불가
4m도로
사업물가
간선도로
간선도로
4m도로
사업
불가
간선도로
(간선도로 연결도로 및 이면부 진출입도로 요건 미충족)
6mn도로
사업불가
간선도로
(간선도로 연결도로 및 이면부 진출입도로 요건 미충족)
나) 저층주거지",67495fc7d742a683e811b3d2aa8916af1d456f546ea5c42dcbaf1d404ce1d7db,VIS-67495FC7D742,TRUE,자동 추출,PDF 페이지 렌더링 기반 자동 생성. 원본 대조 필요.
OCC-LAW1-025,LAW1,LAW1-2_3_2,15,페이지 배치 이미지,law-1_p015_occ025_xref00763.png,04_visuals/image_context_crops/law-1_p015_occ025_xref00763.png,xref:763;occurrence:17,,51.88,362.06,296.772,560.451,749,607,,PDF 페이지에 실제 배치된 이미지와 주변 여백을 포함한 문맥 크롭.,"LAW1-2_3_2 / 2-3-2. 안심주택 조례 제7조 제3항에 따라 “간선도로변”의 용도지역 변경 기준은 2-3-1의 기준에 따르되 다음 각 목의 기준을 충족하여야 한다.
가. 용도지역 변경 기준
1) 간선도로변 직접 접하는 경우 : 준주거지역으로 변경을 원칙으로 하되 2-3-1 나목의 인접 및 도로기준 1), 2)에 해당하는 경우 관련 위원회의 심 의를 통해 일반 또는 근린상업지역으로 변경할 수 있다.
2) 간선도로변에 직접 접하지 않는 경우(이면도로) : 준주거지역, 다만, 간선도 로변에 직접 접한 대지의 용도지역을 초과할 수 없다.
나. 입지 및 면적 기준
1) 제1종일반주거지역의 저층주거지(공원, 도로 등 제외)와 연접한 경우는 관 련위원회의 자문을 거쳐 사업 추진여부을 결정할 수 있다.
2) 사업대상지가 간선도로변에 접한 경우 2면 이상(이면도로에 접한 경우 1면 이상)이 도로에 접하면서, 한 면은 최소 6m 이상의 도로에 접해야 한다. 차량진출입은 이면도로에 계획하여야 하며, 간선도로변에서 직접 연결되는 이면도로에 차량진출입구를 설치하는 경우, 간선도로변에서의 이격거리는 최 소 15m 이상으로 한다.
3) 간선도로변에 접한 경우 간선도로에 접한 대지의 길이는 최소 15m 이상으 로 한다.
가) 면적 및 도로기준(예시)
간선도로변
이면도로변
(사업가능)
좀
간선도로변이
간선도로
(사업가능)
6mn도로
이면도로변 0
간선도로
6mn도로
간선도로변 0
이면도로변0
간선도로
15m 이상
간선도로변 0
간선도로
(사업불가)
(사업불가)
간선도로
6mn도로
이면도로변 0
간선도로
사업불가
4m도로
사업물가
간선도로
간선도로
4m도로
사업
불가
간선도로
(간선도로 연결도로 및 이면부 진출입도로 요건 미충족)
6mn도로
사업불가
간선도로
(간선도로 연결도로 및 이면부 진출입도로 요건 미충족)
나) 저층주거지",dfaf2d0257843257f06fb614f40364f0e918033269666a53eeca4bd46ce3b981,VIS-DFAF2D025784,TRUE,자동 추출,PDF 페이지 렌더링 기반 자동 생성. 원본 대조 필요.
OCC-LAW1-026,LAW1,LAW1-2_3_2,15,페이지 배치 이미지,law-1_p015_occ026_xref00764.png,04_visuals/image_context_crops/law-1_p015_occ026_xref00764.png,xref:764;occurrence:18,,295.949,362.06,540.841,560.451,749,607,,PDF 페이지에 실제 배치된 이미지와 주변 여백을 포함한 문맥 크롭.,"LAW1-2_3_2 / 2-3-2. 안심주택 조례 제7조 제3항에 따라 “간선도로변”의 용도지역 변경 기준은 2-3-1의 기준에 따르되 다음 각 목의 기준을 충족하여야 한다.
가. 용도지역 변경 기준
1) 간선도로변 직접 접하는 경우 : 준주거지역으로 변경을 원칙으로 하되 2-3-1 나목의 인접 및 도로기준 1), 2)에 해당하는 경우 관련 위원회의 심 의를 통해 일반 또는 근린상업지역으로 변경할 수 있다.
2) 간선도로변에 직접 접하지 않는 경우(이면도로) : 준주거지역, 다만, 간선도 로변에 직접 접한 대지의 용도지역을 초과할 수 없다.
나. 입지 및 면적 기준
1) 제1종일반주거지역의 저층주거지(공원, 도로 등 제외)와 연접한 경우는 관 련위원회의 자문을 거쳐 사업 추진여부을 결정할 수 있다.
2) 사업대상지가 간선도로변에 접한 경우 2면 이상(이면도로에 접한 경우 1면 이상)이 도로에 접하면서, 한 면은 최소 6m 이상의 도로에 접해야 한다. 차량진출입은 이면도로에 계획하여야 하며, 간선도로변에서 직접 연결되는 이면도로에 차량진출입구를 설치하는 경우, 간선도로변에서의 이격거리는 최 소 15m 이상으로 한다.
3) 간선도로변에 접한 경우 간선도로에 접한 대지의 길이는 최소 15m 이상으 로 한다.
가) 면적 및 도로기준(예시)
간선도로변
이면도로변
(사업가능)
좀
간선도로변이
간선도로
(사업가능)
6mn도로
이면도로변 0
간선도로
6mn도로
간선도로변 0
이면도로변0
간선도로
15m 이상
간선도로변 0
간선도로
(사업불가)
(사업불가)
간선도로
6mn도로
이면도로변 0
간선도로
사업불가
4m도로
사업물가
간선도로
간선도로
4m도로
사업
불가
간선도로
(간선도로 연결도로 및 이면부 진출입도로 요건 미충족)
6mn도로
사업불가
간선도로
(간선도로 연결도로 및 이면부 진출입도로 요건 미충족)
나) 저층주거지",b51fd58b0f69c586af1686891a21ab5149debb90d546e514194d88d80a7f22bf,VIS-B51FD58B0F69,TRUE,자동 추출,PDF 페이지 렌더링 기반 자동 생성. 원본 대조 필요.
OCC-LAW1-028,LAW1,LAW1-2_3_2,15,페이지 배치 이미지,law-1_p015_occ028_xref00766.png,04_visuals/image_context_crops/law-1_p015_occ028_xref00766.png,xref:766;occurrence:19,,54.879,601.078,303.489,788.321,761,574,,PDF 페이지에 실제 배치된 이미지와 주변 여백을 포함한 문맥 크롭.,"LAW1-2_3_2 / 2-3-2. 안심주택 조례 제7조 제3항에 따라 “간선도로변”의 용도지역 변경 기준은 2-3-1의 기준에 따르되 다음 각 목의 기준을 충족하여야 한다.
가. 용도지역 변경 기준
1) 간선도로변 직접 접하는 경우 : 준주거지역으로 변경을 원칙으로 하되 2-3-1 나목의 인접 및 도로기준 1), 2)에 해당하는 경우 관련 위원회의 심 의를 통해 일반 또는 근린상업지역으로 변경할 수 있다.
2) 간선도로변에 직접 접하지 않는 경우(이면도로) : 준주거지역, 다만, 간선도 로변에 직접 접한 대지의 용도지역을 초과할 수 없다.
나. 입지 및 면적 기준
1) 제1종일반주거지역의 저층주거지(공원, 도로 등 제외)와 연접한 경우는 관 련위원회의 자문을 거쳐 사업 추진여부을 결정할 수 있다.
2) 사업대상지가 간선도로변에 접한 경우 2면 이상(이면도로에 접한 경우 1면 이상)이 도로에 접하면서, 한 면은 최소 6m 이상의 도로에 접해야 한다. 차량진출입은 이면도로에 계획하여야 하며, 간선도로변에서 직접 연결되는 이면도로에 차량진출입구를 설치하는 경우, 간선도로변에서의 이격거리는 최 소 15m 이상으로 한다.
3) 간선도로변에 접한 경우 간선도로에 접한 대지의 길이는 최소 15m 이상으 로 한다.
가) 면적 및 도로기준(예시)
간선도로변
이면도로변
(사업가능)
좀
간선도로변이
간선도로
(사업가능)
6mn도로
이면도로변 0
간선도로
6mn도로
간선도로변 0
이면도로변0
간선도로
15m 이상
간선도로변 0
간선도로
(사업불가)
(사업불가)
간선도로
6mn도로
이면도로변 0
간선도로
사업불가
4m도로
사업물가
간선도로
간선도로
4m도로
사업
불가
간선도로
(간선도로 연결도로 및 이면부 진출입도로 요건 미충족)
6mn도로
사업불가
간선도로
(간선도로 연결도로 및 이면부 진출입도로 요건 미충족)
나) 저층주거지",35d76a79a6a1cecf74234761cd1f811c34e51f76142258a3b4feb0c714f8e4ca,VIS-35D76A79A6A1,TRUE,자동 추출,PDF 페이지 렌더링 기반 자동 생성. 원본 대조 필요.
OCC-LAW1-030,LAW1,LAW1-2_3_2,15,페이지 배치 이미지,law-1_p015_occ030_xref00774.png,04_visuals/image_context_crops/law-1_p015_occ030_xref00774.png,xref:774;occurrence:20,,297.148,601.078,545.758,788.321,761,574,,PDF 페이지에 실제 배치된 이미지와 주변 여백을 포함한 문맥 크롭.,"LAW1-2_3_2 / 2-3-2. 안심주택 조례 제7조 제3항에 따라 “간선도로변”의 용도지역 변경 기준은 2-3-1의 기준에 따르되 다음 각 목의 기준을 충족하여야 한다.
가. 용도지역 변경 기준
1) 간선도로변 직접 접하는 경우 : 준주거지역으로 변경을 원칙으로 하되 2-3-1 나목의 인접 및 도로기준 1), 2)에 해당하는 경우 관련 위원회의 심 의를 통해 일반 또는 근린상업지역으로 변경할 수 있다.
2) 간선도로변에 직접 접하지 않는 경우(이면도로) : 준주거지역, 다만, 간선도 로변에 직접 접한 대지의 용도지역을 초과할 수 없다.
나. 입지 및 면적 기준
1) 제1종일반주거지역의 저층주거지(공원, 도로 등 제외)와 연접한 경우는 관 련위원회의 자문을 거쳐 사업 추진여부을 결정할 수 있다.
2) 사업대상지가 간선도로변에 접한 경우 2면 이상(이면도로에 접한 경우 1면 이상)이 도로에 접하면서, 한 면은 최소 6m 이상의 도로에 접해야 한다. 차량진출입은 이면도로에 계획하여야 하며, 간선도로변에서 직접 연결되는 이면도로에 차량진출입구를 설치하는 경우, 간선도로변에서의 이격거리는 최 소 15m 이상으로 한다.
3) 간선도로변에 접한 경우 간선도로에 접한 대지의 길이는 최소 15m 이상으 로 한다.
가) 면적 및 도로기준(예시)
간선도로변
이면도로변
(사업가능)
좀
간선도로변이
간선도로
(사업가능)
6mn도로
이면도로변 0
간선도로
6mn도로
간선도로변 0
이면도로변0
간선도로
15m 이상
간선도로변 0
간선도로
(사업불가)
(사업불가)
간선도로
6mn도로
이면도로변 0
간선도로
사업불가
4m도로
사업물가
간선도로
간선도로
4m도로
사업
불가
간선도로
(간선도로 연결도로 및 이면부 진출입도로 요건 미충족)
6mn도로
사업불가
간선도로
(간선도로 연결도로 및 이면부 진출입도로 요건 미충족)
나) 저층주거지",7630fffdac1c81200795b8468bc10d5c6f9d036eb5fb169de107621b2c8cf1e2,VIS-7630FFFDAC1C,TRUE,자동 추출,PDF 페이지 렌더링 기반 자동 생성. 원본 대조 필요.
OCC-LAW1-032,LAW1,LAW1-2_3_3,16,페이지 배치 이미지,law-1_p016_occ032_xref00787.png,04_visuals/image_context_crops/law-1_p016_occ032_xref00787.png,xref:787;occurrence:21,,64.114,566.436,324.718,761.95,798,598,,PDF 페이지에 실제 배치된 이미지와 주변 여백을 포함한 문맥 크롭.,"LAW1-2_3_3 / 2-3-3. 안심주택 조례 제7조 제3항에 따라 “의료시설 중심지역”의 용도지역 변경 기준은 2-3-1의 기준에 따르되 다음의 요건을 충족하여야 한다.
가. 의료시설의 대상부지에 의료시설 외 용도의 건물이 있는 경우 의료시설 건물 과 의료시설 외의 건축물의 중심 또는 도로중심선을 경계로 한다. 해당 범위 의 구체적인 사항은 시장이 별도로 정할 수 있다.
[의료시설 외의 건축물의 중심]
의료시설의대상부지
의료시설외
건축물의중심
용도의건축물
의학대학(원)
기숙사등
의로시설
중심지역
[해당 부지에 도로가 있는 경우]
의료시설의대상부지
의료시설외
의료시설
용도의건축물
중심지역
의학다학(원)
가숙사등
부지내도로중심선
나. 사업대상지는 최소 6m 이상의 도로에 접하고 이면도로에서 차량 진출입을 우선적으로 검토한다.",e0146da5505a57ea70d1c2025075bfc53f263885f17b2d9b287733dff745419e,VIS-E0146DA5505A,TRUE,자동 추출,PDF 페이지 렌더링 기반 자동 생성. 원본 대조 필요.
OCC-LAW1-034,LAW1,LAW1-2_3_3,16,페이지 배치 이미지,law-1_p016_occ034_xref00789.png,04_visuals/image_context_crops/law-1_p016_occ034_xref00789.png,xref:789;occurrence:22,,308.182,566.436,568.786,761.95,797,598,,PDF 페이지에 실제 배치된 이미지와 주변 여백을 포함한 문맥 크롭.,"LAW1-2_3_3 / 2-3-3. 안심주택 조례 제7조 제3항에 따라 “의료시설 중심지역”의 용도지역 변경 기준은 2-3-1의 기준에 따르되 다음의 요건을 충족하여야 한다.
가. 의료시설의 대상부지에 의료시설 외 용도의 건물이 있는 경우 의료시설 건물 과 의료시설 외의 건축물의 중심 또는 도로중심선을 경계로 한다. 해당 범위 의 구체적인 사항은 시장이 별도로 정할 수 있다.
[의료시설 외의 건축물의 중심]
의료시설의대상부지
의료시설외
건축물의중심
용도의건축물
의학대학(원)
기숙사등
의로시설
중심지역
[해당 부지에 도로가 있는 경우]
의료시설의대상부지
의료시설외
의료시설
용도의건축물
중심지역
의학다학(원)
가숙사등
부지내도로중심선
나. 사업대상지는 최소 6m 이상의 도로에 접하고 이면도로에서 차량 진출입을 우선적으로 검토한다.",8a74054df31f96d9fe308b9d3cfd0610bc64bd9b9bc4b554b3fa1604a707ee89,VIS-8A74054DF31F,TRUE,자동 추출,PDF 페이지 렌더링 기반 자동 생성. 원본 대조 필요.
OCC-LAW1-035,LAW1,LAW1-2_5_3,21,페이지 배치 이미지,law-1_p021_occ035_xref00880.png,04_visuals/image_context_crops/law-1_p021_occ035_xref00880.png,xref:880;occurrence:23,,245.816,204.792,304.328,265.334,179,186,,PDF 페이지에 실제 배치된 이미지와 주변 여백을 포함한 문맥 크롭.,"LAW1-2_5_3 / 2-5-3. 건축물의 주거환경을 미래지향적으로 조성하기 위하여 지속가능형 공동주택, 친환경 건축물, 커뮤니티 지원시설 설치, 상생형 임차시설 설치, 공공시설물 (의무 공공기여 제외) 설치, ｢서울특별시 건축물 심의기준｣에 규정한 발코니 (개방형 발코니, 돌출개방형 발코니, 돌출형 발코니) 설치 중 2가지 사항 이 상을 의무적으로 이행하여야 한다.
가. “지속가능형 공동주택”은 건축물의 노후화 억제, 기능향상 등을 통해 건축물 의 내구연한을 증대시켜 자원의 절약 및 건설폐기물 최소화 등 친환경성을 지 속적으로 유지하기 위하여 「건축법」 제8조에 의한 “리모델링이 쉬운 구조” 인 공동주택 또는 「주택법」 제38조에 의한 “장수명 주택”으로 계획하여야
하며, 적합 여부는 「서울특별시 건축물 심의기준」을 참조하여 관련위원회에 서 결정한다.
나. “친환경 건축물”은 녹색건축물 활성화 도모를 위한 것으로 「서울특별시 녹색 건축물 설계기준(서울특별시 고시)」을 다음과 같이 적용한다.
1) 「서울특별시 녹색건축물 설계기준(서울특별시 고시)」에 의한 해당 적용대 상의 구분을 적용하여 ㉠ 환경성능부문 ㉡ 에너지성능부문 ㉢ 에너지관리부 문 ㉣ 신·재생에너지부문 중 2가지 이상을 적용대상의 구분에서 상향단계를 적용한다.
(예시 :  기준 →  기준으로 ㉠~㉣중 2가지 이상 적용)
※「서울특별시 녹색건축물 설계기준(서울특별시 고시)」: 적용대상의 구분
※ 단, 「서울특별시 녹색건축물 설계기준(서울특별시 고시)」 적용대상의 구분이 최상일 경우(  )는 해당 적용대상의 구분과 동일 고시의 녹색건축물 인센티브의 제로에너지 건축물 인증 등급 5등급을 추가 적용한다.
2) 친환경 건축물의 적용은 사업계획승인 또는 건축허가 시 계획내용을 제출·확 인하고 착공 전까지 예비인증을 받아야 하며, 사용승인 시 인증받아야",f1af3f0764bf8f7baa8f326f05ec1e4b826dfec76e6df72c247012eb66067f40,VIS-F1AF3F0764BF,TRUE,자동 추출,PDF 페이지 렌더링 기반 자동 생성. 원본 대조 필요.
OCC-LAW1-036,LAW1,LAW1-2_5_3,21,페이지 배치 이미지,law-1_p021_occ036_xref00882.png,04_visuals/image_context_crops/law-1_p021_occ036_xref00882.png,xref:882;occurrence:24,,415.165,204.792,473.677,265.334,180,186,,PDF 페이지에 실제 배치된 이미지와 주변 여백을 포함한 문맥 크롭.,"LAW1-2_5_3 / 2-5-3. 건축물의 주거환경을 미래지향적으로 조성하기 위하여 지속가능형 공동주택, 친환경 건축물, 커뮤니티 지원시설 설치, 상생형 임차시설 설치, 공공시설물 (의무 공공기여 제외) 설치, ｢서울특별시 건축물 심의기준｣에 규정한 발코니 (개방형 발코니, 돌출개방형 발코니, 돌출형 발코니) 설치 중 2가지 사항 이 상을 의무적으로 이행하여야 한다.
가. “지속가능형 공동주택”은 건축물의 노후화 억제, 기능향상 등을 통해 건축물 의 내구연한을 증대시켜 자원의 절약 및 건설폐기물 최소화 등 친환경성을 지 속적으로 유지하기 위하여 「건축법」 제8조에 의한 “리모델링이 쉬운 구조” 인 공동주택 또는 「주택법」 제38조에 의한 “장수명 주택”으로 계획하여야
하며, 적합 여부는 「서울특별시 건축물 심의기준」을 참조하여 관련위원회에 서 결정한다.
나. “친환경 건축물”은 녹색건축물 활성화 도모를 위한 것으로 「서울특별시 녹색 건축물 설계기준(서울특별시 고시)」을 다음과 같이 적용한다.
1) 「서울특별시 녹색건축물 설계기준(서울특별시 고시)」에 의한 해당 적용대 상의 구분을 적용하여 ㉠ 환경성능부문 ㉡ 에너지성능부문 ㉢ 에너지관리부 문 ㉣ 신·재생에너지부문 중 2가지 이상을 적용대상의 구분에서 상향단계를 적용한다.
(예시 :  기준 →  기준으로 ㉠~㉣중 2가지 이상 적용)
※「서울특별시 녹색건축물 설계기준(서울특별시 고시)」: 적용대상의 구분
※ 단, 「서울특별시 녹색건축물 설계기준(서울특별시 고시)」 적용대상의 구분이 최상일 경우(  )는 해당 적용대상의 구분과 동일 고시의 녹색건축물 인센티브의 제로에너지 건축물 인증 등급 5등급을 추가 적용한다.
2) 친환경 건축물의 적용은 사업계획승인 또는 건축허가 시 계획내용을 제출·확 인하고 착공 전까지 예비인증을 받아야 하며, 사용승인 시 인증받아야",502e3fd244e12bf7d7c51dfe44afb30a68850f56cd77e29fd77c58e314de12fc,VIS-502E3FD244E1,TRUE,자동 추출,PDF 페이지 렌더링 기반 자동 생성. 원본 대조 필요.
OCC-LAW1-037,LAW1,LAW1-3_2_2,32,페이지 배치 이미지,law-1_p032_occ037_xref00533.png,04_visuals/image_context_crops/law-1_p032_occ037_xref00533.png,xref:533;occurrence:25,,28.973,517.53,545.519,663.179,1579,446,,PDF 페이지에 실제 배치된 이미지와 주변 여백을 포함한 문맥 크롭.,"LAW1-3_2_2 / 3-2-2. 서울형 공유주택은 임대 방식으로 사업을 추진하여야 한다.
< 서울형 공유주택의 사업방식 >
공공임대(공공기여)
공공지원민간임대(일반공급)
공공지원민간임대(특별공급)
가. 공공지원민간임대주택의 특별공급 및 일반공급의 비율은 관련법규에서 정한 비율의 범위에서 다음 기준에 따른다.
1) 공급비율
가) 특별공급 : 공공지원민간임대주택
총 공급 호수의 30% 이상
나) 일반공급 : 공공지원민간임대주택
총 공급 호수의 70% 미만
가. 결정절차
사업제안서
통합심의위원회
주민열람공고
사업계획서 접수
접수 및 검토
관계부서 협의
사전자분
서울시
서울시 자치구
서울시
착공 및 사용승인
통합심의위원회
축진지구 완료공고
지구계획승인및 고시
심의
자치구
서울시
서울시
※ 통합심의위원회 사전자문 및 심의시 자치구 참석",30b6b1314b1a6cad8f6d42d671702e665ed169b8f80c1c1a4b41326c217b77da,VIS-30B6B1314B1A,TRUE,자동 추출,PDF 페이지 렌더링 기반 자동 생성. 원본 대조 필요.
OCC-LAW1-038,LAW1,LAW1-3_3_1,33,페이지 배치 이미지,law-1_p033_occ038_xref00569.png,04_visuals/image_context_crops/law-1_p033_occ038_xref00569.png,xref:569;occurrence:26,,73.349,372.728,303.369,542.83,703,520,,PDF 페이지에 실제 배치된 이미지와 주변 여백을 포함한 문맥 크롭.,"LAW1-3_3_1 / 3-3-1. 서울형 공유주택(안심주택 조례 제7조 제3항을 따른다)의 용도지역 변경 기 준은 다음과 같으며 구체적인 사항은 라목의 사례별 기준을 따른다.
가. 현재 용도지역 기준
1) 제3종일반주거지역으로의 변경 : 제2종일반주거지역
2) 준주거지역으로 변경 : 제2종·제3종일반주거지역
3) 일반 또는 근린상업지역으로 변경 : 제2종·제3종일반주거지역, 준주거지역 나. 인접 및 도로 기준
1) 제3종일반주거지역, 준주거지역이나 일반 또는 근린상업지역에 바로 접하고 있어야 한다.
2) 제3종일반주거지역, 준주거지역이나 일반 또는 근린상업지역과 폭 20m 이 하의 도로를 사이에 두고 접하고 있어야 한다.
3) 폭 20m 이상의 간선도로에 접하고 있어야 한다.
4) 폭 15m 이상의 도로에 접하고 있어야 한다.
[인접 및 도로기준(예시)]
용도지역 변경 가능 대상지 범위
2)
2)
2)
2)
2)
2)
2)
20m 이하
상업지역
3)
3)
3)
1),3)
2),3)
3)
3)
3)
3)
20m 이상 간선도로
승강장 또는 의료시설
20m 이상 간선도로
[인접 사례(예시)]
상업지역에 20m 이하의 도로를 사이에 인접에 해당
두고
고
접
함:
인
접
에 해당
20m 이상의 간선도로에 접 함
다. 사업대상지 인정 기준
1) 서울형 공유주택(안심주택 조례 제5조 제2항을 따른다)의 사업대상지의 과 반이 대중교통 또는 의료시설 중심지역에 포함되지 않아 관련위원회의 심의 를 통해 사업대상지로 인정받은 경우 추가 공공기여를 제공하여야 한다. 다 만, 이 경우 적용되는 역세권 및 의료시설 중심지역 범위는 승강장 경계로부 터 250m 이내와 의료시설 대상부지 경계로부터 350m 이내를 말한 다.(1-3-1 가목을 인정받는 경우 승강장 경계로부터 350m 이내로 적용) 가) 검토 대상지 및 사업대상지 인정 ",a0eafcaf70b1870f8c1fc655739194d38fb4650374a4188e4a81b332ed6b9120,VIS-A0EAFCAF70B1,TRUE,자동 추출,PDF 페이지 렌더링 기반 자동 생성. 원본 대조 필요.
OCC-LAW1-039,LAW1,LAW1-3_3_1,33,페이지 배치 이미지,law-1_p033_occ039_xref00570.png,04_visuals/image_context_crops/law-1_p033_occ039_xref00570.png,xref:570;occurrence:27,,293.79,374.167,519.252,541.392,690,512,,PDF 페이지에 실제 배치된 이미지와 주변 여백을 포함한 문맥 크롭.,"LAW1-3_3_1 / 3-3-1. 서울형 공유주택(안심주택 조례 제7조 제3항을 따른다)의 용도지역 변경 기 준은 다음과 같으며 구체적인 사항은 라목의 사례별 기준을 따른다.
가. 현재 용도지역 기준
1) 제3종일반주거지역으로의 변경 : 제2종일반주거지역
2) 준주거지역으로 변경 : 제2종·제3종일반주거지역
3) 일반 또는 근린상업지역으로 변경 : 제2종·제3종일반주거지역, 준주거지역 나. 인접 및 도로 기준
1) 제3종일반주거지역, 준주거지역이나 일반 또는 근린상업지역에 바로 접하고 있어야 한다.
2) 제3종일반주거지역, 준주거지역이나 일반 또는 근린상업지역과 폭 20m 이 하의 도로를 사이에 두고 접하고 있어야 한다.
3) 폭 20m 이상의 간선도로에 접하고 있어야 한다.
4) 폭 15m 이상의 도로에 접하고 있어야 한다.
[인접 및 도로기준(예시)]
용도지역 변경 가능 대상지 범위
2)
2)
2)
2)
2)
2)
2)
20m 이하
상업지역
3)
3)
3)
1),3)
2),3)
3)
3)
3)
3)
20m 이상 간선도로
승강장 또는 의료시설
20m 이상 간선도로
[인접 사례(예시)]
상업지역에 20m 이하의 도로를 사이에 인접에 해당
두고
고
접
함:
인
접
에 해당
20m 이상의 간선도로에 접 함
다. 사업대상지 인정 기준
1) 서울형 공유주택(안심주택 조례 제5조 제2항을 따른다)의 사업대상지의 과 반이 대중교통 또는 의료시설 중심지역에 포함되지 않아 관련위원회의 심의 를 통해 사업대상지로 인정받은 경우 추가 공공기여를 제공하여야 한다. 다 만, 이 경우 적용되는 역세권 및 의료시설 중심지역 범위는 승강장 경계로부 터 250m 이내와 의료시설 대상부지 경계로부터 350m 이내를 말한 다.(1-3-1 가목을 인정받는 경우 승강장 경계로부터 350m 이내로 적용) 가) 검토 대상지 및 사업대상지 인정 ",54cd9e81dc6e91438c6ebb04a40c39ab63e0f6c8db0dbe0ac242f85b27d239e8,VIS-54CD9E81DC6E,TRUE,자동 추출,PDF 페이지 렌더링 기반 자동 생성. 원본 대조 필요.
OCC-LAW1-041,LAW1,LAW1-3_3_2,38,페이지 배치 이미지,law-1_p038_occ041_xref01159.png,04_visuals/image_context_crops/law-1_p038_occ041_xref01159.png,xref:1159;occurrence:28,,56.318,358.704,298.691,538.635,741,551,,PDF 페이지에 실제 배치된 이미지와 주변 여백을 포함한 문맥 크롭.,"LAW1-3_3_2 / 3-3-2. 안심주택 조례 제7조 제3항에 따라 “간선도로변”의 용도지역 변경 기준은 3-3-1의 기준에 따르되 다음 각 목의 기준을 충족하여야 한다.
가. 용도지역 변경 기준
1) 간선도로변 직접 접하는 경우: 준주거지역으로 변경을 원칙으로 하되 3-3-1 나목의 인접 및 도로기준 1), 2)에 해당하는 경우는 통합심의위원회 심의를 통해 일반 또는 근린상업지역으로 변경할 수 있다.
2) 간선도로변에 직접 접하지 않는 경우(이면도로): 준주거지역, 다만, 간선도 로변에 직접 접한 대지의 용도지역을 초과할 수 없다.
나. 입지 기준
1) 제1종일반주거지역의 저층주거지(공원, 도로 등 제외)와 연접한 경우는 통 합심의위원회 자문을 거쳐 사업 추진여부을 결정할 수 있다.
2) 사업대상지가 간선도로변에 접한 경우 2면 이상(이면도로에 접한 경우 1면 이상)이 도로에 접하면서, 한 면은 최소 폭원 6m 이상의 도로에 접해야 한 다. 차량진출입은 이면도로에 계획하여야 하며, 도로 폭원 6m에 미달하는 경우, 사업대상지 내에 도로를 확보할 수 있다. 이 경우 사업대상지 내에 확 보한 도로는 공공기여율에 포함하지 않는다
가) 면적 및 도로기준(예시)
(사업가능)
간선도로변
(사업가능)
이면도로변
4m도로
이면부 6m도로 진출입
간선도로연결도로 6m 확보
간선도로
6mn도로
간선도로변 0
간선도로
이면부차량 진출입
6m도로
이면도로변 0
이면부 6m도로진출입
간선도로연결도로 6r 확보
간선도로
6rn도로
해
이면도로변0
간선도로
이면부사량 진출입
6m도로
2m 확보
면적 1천n 이상
간선도로변 0
이면부 6m도로 진출입
간선도로연결도로 6m 확보
간선도로
(대지내 도로 확폭구간은 공공기여율에 포함하지 않음)
이면부 차량 진출입
6m도로
이면도로변 0
면적 1천n 이상
이면부 6m도로 진출입
간선도로연",64937fce1ffee6db62d1447e943c99590c08dcc4efefa3a633a74b87134d7326,VIS-64937FCE1FFE,TRUE,자동 추출,PDF 페이지 렌더링 기반 자동 생성. 원본 대조 필요.
OCC-LAW1-043,LAW1,LAW1-3_3_2,38,페이지 배치 이미지,law-1_p038_occ043_xref01161.png,04_visuals/image_context_crops/law-1_p038_occ043_xref01161.png,xref:1161;occurrence:29,,53.799,216.899,296.172,396.83,741,550,,PDF 페이지에 실제 배치된 이미지와 주변 여백을 포함한 문맥 크롭.,"LAW1-3_3_2 / 3-3-2. 안심주택 조례 제7조 제3항에 따라 “간선도로변”의 용도지역 변경 기준은 3-3-1의 기준에 따르되 다음 각 목의 기준을 충족하여야 한다.
가. 용도지역 변경 기준
1) 간선도로변 직접 접하는 경우: 준주거지역으로 변경을 원칙으로 하되 3-3-1 나목의 인접 및 도로기준 1), 2)에 해당하는 경우는 통합심의위원회 심의를 통해 일반 또는 근린상업지역으로 변경할 수 있다.
2) 간선도로변에 직접 접하지 않는 경우(이면도로): 준주거지역, 다만, 간선도 로변에 직접 접한 대지의 용도지역을 초과할 수 없다.
나. 입지 기준
1) 제1종일반주거지역의 저층주거지(공원, 도로 등 제외)와 연접한 경우는 통 합심의위원회 자문을 거쳐 사업 추진여부을 결정할 수 있다.
2) 사업대상지가 간선도로변에 접한 경우 2면 이상(이면도로에 접한 경우 1면 이상)이 도로에 접하면서, 한 면은 최소 폭원 6m 이상의 도로에 접해야 한 다. 차량진출입은 이면도로에 계획하여야 하며, 도로 폭원 6m에 미달하는 경우, 사업대상지 내에 도로를 확보할 수 있다. 이 경우 사업대상지 내에 확 보한 도로는 공공기여율에 포함하지 않는다
가) 면적 및 도로기준(예시)
(사업가능)
간선도로변
(사업가능)
이면도로변
4m도로
이면부 6m도로 진출입
간선도로연결도로 6m 확보
간선도로
6mn도로
간선도로변 0
간선도로
이면부차량 진출입
6m도로
이면도로변 0
이면부 6m도로진출입
간선도로연결도로 6r 확보
간선도로
6rn도로
해
이면도로변0
간선도로
이면부사량 진출입
6m도로
2m 확보
면적 1천n 이상
간선도로변 0
이면부 6m도로 진출입
간선도로연결도로 6m 확보
간선도로
(대지내 도로 확폭구간은 공공기여율에 포함하지 않음)
이면부 차량 진출입
6m도로
이면도로변 0
면적 1천n 이상
이면부 6m도로 진출입
간선도로연",e2ae31110007be430c09ed25a2c28c6bfa97be121fde0ff4ea7700e2739b713b,VIS-E2AE31110007,TRUE,자동 추출,PDF 페이지 렌더링 기반 자동 생성. 원본 대조 필요.
OCC-LAW1-045,LAW1,LAW1-3_3_2,38,페이지 배치 이미지,law-1_p038_occ045_xref01163.png,04_visuals/image_context_crops/law-1_p038_occ045_xref01163.png,xref:1163;occurrence:30,,53.799,74.974,296.172,254.905,741,551,,PDF 페이지에 실제 배치된 이미지와 주변 여백을 포함한 문맥 크롭.,"LAW1-3_3_2 / 3-3-2. 안심주택 조례 제7조 제3항에 따라 “간선도로변”의 용도지역 변경 기준은 3-3-1의 기준에 따르되 다음 각 목의 기준을 충족하여야 한다.
가. 용도지역 변경 기준
1) 간선도로변 직접 접하는 경우: 준주거지역으로 변경을 원칙으로 하되 3-3-1 나목의 인접 및 도로기준 1), 2)에 해당하는 경우는 통합심의위원회 심의를 통해 일반 또는 근린상업지역으로 변경할 수 있다.
2) 간선도로변에 직접 접하지 않는 경우(이면도로): 준주거지역, 다만, 간선도 로변에 직접 접한 대지의 용도지역을 초과할 수 없다.
나. 입지 기준
1) 제1종일반주거지역의 저층주거지(공원, 도로 등 제외)와 연접한 경우는 통 합심의위원회 자문을 거쳐 사업 추진여부을 결정할 수 있다.
2) 사업대상지가 간선도로변에 접한 경우 2면 이상(이면도로에 접한 경우 1면 이상)이 도로에 접하면서, 한 면은 최소 폭원 6m 이상의 도로에 접해야 한 다. 차량진출입은 이면도로에 계획하여야 하며, 도로 폭원 6m에 미달하는 경우, 사업대상지 내에 도로를 확보할 수 있다. 이 경우 사업대상지 내에 확 보한 도로는 공공기여율에 포함하지 않는다
가) 면적 및 도로기준(예시)
(사업가능)
간선도로변
(사업가능)
이면도로변
4m도로
이면부 6m도로 진출입
간선도로연결도로 6m 확보
간선도로
6mn도로
간선도로변 0
간선도로
이면부차량 진출입
6m도로
이면도로변 0
이면부 6m도로진출입
간선도로연결도로 6r 확보
간선도로
6rn도로
해
이면도로변0
간선도로
이면부사량 진출입
6m도로
2m 확보
면적 1천n 이상
간선도로변 0
이면부 6m도로 진출입
간선도로연결도로 6m 확보
간선도로
(대지내 도로 확폭구간은 공공기여율에 포함하지 않음)
이면부 차량 진출입
6m도로
이면도로변 0
면적 1천n 이상
이면부 6m도로 진출입
간선도로연",b7fc95a8d4c32afa8e5ccfdbde6143b61d80e1a3085b033f13d0300716c44423,VIS-B7FC95A8D4C3,TRUE,자동 추출,PDF 페이지 렌더링 기반 자동 생성. 원본 대조 필요.
OCC-LAW1-047,LAW1,LAW1-3_3_2,38,페이지 배치 이미지,law-1_p038_occ047_xref01167.png,04_visuals/image_context_crops/law-1_p038_occ047_xref01167.png,xref:1167;occurrence:31,,298.827,358.704,541.2,538.635,741,551,,PDF 페이지에 실제 배치된 이미지와 주변 여백을 포함한 문맥 크롭.,"LAW1-3_3_2 / 3-3-2. 안심주택 조례 제7조 제3항에 따라 “간선도로변”의 용도지역 변경 기준은 3-3-1의 기준에 따르되 다음 각 목의 기준을 충족하여야 한다.
가. 용도지역 변경 기준
1) 간선도로변 직접 접하는 경우: 준주거지역으로 변경을 원칙으로 하되 3-3-1 나목의 인접 및 도로기준 1), 2)에 해당하는 경우는 통합심의위원회 심의를 통해 일반 또는 근린상업지역으로 변경할 수 있다.
2) 간선도로변에 직접 접하지 않는 경우(이면도로): 준주거지역, 다만, 간선도 로변에 직접 접한 대지의 용도지역을 초과할 수 없다.
나. 입지 기준
1) 제1종일반주거지역의 저층주거지(공원, 도로 등 제외)와 연접한 경우는 통 합심의위원회 자문을 거쳐 사업 추진여부을 결정할 수 있다.
2) 사업대상지가 간선도로변에 접한 경우 2면 이상(이면도로에 접한 경우 1면 이상)이 도로에 접하면서, 한 면은 최소 폭원 6m 이상의 도로에 접해야 한 다. 차량진출입은 이면도로에 계획하여야 하며, 도로 폭원 6m에 미달하는 경우, 사업대상지 내에 도로를 확보할 수 있다. 이 경우 사업대상지 내에 확 보한 도로는 공공기여율에 포함하지 않는다
가) 면적 및 도로기준(예시)
(사업가능)
간선도로변
(사업가능)
이면도로변
4m도로
이면부 6m도로 진출입
간선도로연결도로 6m 확보
간선도로
6mn도로
간선도로변 0
간선도로
이면부차량 진출입
6m도로
이면도로변 0
이면부 6m도로진출입
간선도로연결도로 6r 확보
간선도로
6rn도로
해
이면도로변0
간선도로
이면부사량 진출입
6m도로
2m 확보
면적 1천n 이상
간선도로변 0
이면부 6m도로 진출입
간선도로연결도로 6m 확보
간선도로
(대지내 도로 확폭구간은 공공기여율에 포함하지 않음)
이면부 차량 진출입
6m도로
이면도로변 0
면적 1천n 이상
이면부 6m도로 진출입
간선도로연",e563cf6e3acc373d0fcb0931dd995d24ba276ca04149036a8f4fa1edae316c02,VIS-E563CF6E3ACC,TRUE,자동 추출,PDF 페이지 렌더링 기반 자동 생성. 원본 대조 필요.
OCC-LAW1-049,LAW1,LAW1-3_3_2,38,페이지 배치 이미지,law-1_p038_occ049_xref01169.png,04_visuals/image_context_crops/law-1_p038_occ049_xref01169.png,xref:1169;occurrence:32,,298.827,216.899,541.2,396.83,741,550,,PDF 페이지에 실제 배치된 이미지와 주변 여백을 포함한 문맥 크롭.,"LAW1-3_3_2 / 3-3-2. 안심주택 조례 제7조 제3항에 따라 “간선도로변”의 용도지역 변경 기준은 3-3-1의 기준에 따르되 다음 각 목의 기준을 충족하여야 한다.
가. 용도지역 변경 기준
1) 간선도로변 직접 접하는 경우: 준주거지역으로 변경을 원칙으로 하되 3-3-1 나목의 인접 및 도로기준 1), 2)에 해당하는 경우는 통합심의위원회 심의를 통해 일반 또는 근린상업지역으로 변경할 수 있다.
2) 간선도로변에 직접 접하지 않는 경우(이면도로): 준주거지역, 다만, 간선도 로변에 직접 접한 대지의 용도지역을 초과할 수 없다.
나. 입지 기준
1) 제1종일반주거지역의 저층주거지(공원, 도로 등 제외)와 연접한 경우는 통 합심의위원회 자문을 거쳐 사업 추진여부을 결정할 수 있다.
2) 사업대상지가 간선도로변에 접한 경우 2면 이상(이면도로에 접한 경우 1면 이상)이 도로에 접하면서, 한 면은 최소 폭원 6m 이상의 도로에 접해야 한 다. 차량진출입은 이면도로에 계획하여야 하며, 도로 폭원 6m에 미달하는 경우, 사업대상지 내에 도로를 확보할 수 있다. 이 경우 사업대상지 내에 확 보한 도로는 공공기여율에 포함하지 않는다
가) 면적 및 도로기준(예시)
(사업가능)
간선도로변
(사업가능)
이면도로변
4m도로
이면부 6m도로 진출입
간선도로연결도로 6m 확보
간선도로
6mn도로
간선도로변 0
간선도로
이면부차량 진출입
6m도로
이면도로변 0
이면부 6m도로진출입
간선도로연결도로 6r 확보
간선도로
6rn도로
해
이면도로변0
간선도로
이면부사량 진출입
6m도로
2m 확보
면적 1천n 이상
간선도로변 0
이면부 6m도로 진출입
간선도로연결도로 6m 확보
간선도로
(대지내 도로 확폭구간은 공공기여율에 포함하지 않음)
이면부 차량 진출입
6m도로
이면도로변 0
면적 1천n 이상
이면부 6m도로 진출입
간선도로연",eed64a82d8cabd78768d01778225b3f89d9b45ebebc8a74882e5694e5c4231f5,VIS-EED64A82D8CA,TRUE,자동 추출,PDF 페이지 렌더링 기반 자동 생성. 원본 대조 필요.
OCC-LAW1-051,LAW1,LAW1-3_3_2,38,페이지 배치 이미지,law-1_p038_occ051_xref01171.png,04_visuals/image_context_crops/law-1_p038_occ051_xref01171.png,xref:1171;occurrence:33,,298.827,74.974,541.2,254.905,741,551,,PDF 페이지에 실제 배치된 이미지와 주변 여백을 포함한 문맥 크롭.,"LAW1-3_3_2 / 3-3-2. 안심주택 조례 제7조 제3항에 따라 “간선도로변”의 용도지역 변경 기준은 3-3-1의 기준에 따르되 다음 각 목의 기준을 충족하여야 한다.
가. 용도지역 변경 기준
1) 간선도로변 직접 접하는 경우: 준주거지역으로 변경을 원칙으로 하되 3-3-1 나목의 인접 및 도로기준 1), 2)에 해당하는 경우는 통합심의위원회 심의를 통해 일반 또는 근린상업지역으로 변경할 수 있다.
2) 간선도로변에 직접 접하지 않는 경우(이면도로): 준주거지역, 다만, 간선도 로변에 직접 접한 대지의 용도지역을 초과할 수 없다.
나. 입지 기준
1) 제1종일반주거지역의 저층주거지(공원, 도로 등 제외)와 연접한 경우는 통 합심의위원회 자문을 거쳐 사업 추진여부을 결정할 수 있다.
2) 사업대상지가 간선도로변에 접한 경우 2면 이상(이면도로에 접한 경우 1면 이상)이 도로에 접하면서, 한 면은 최소 폭원 6m 이상의 도로에 접해야 한 다. 차량진출입은 이면도로에 계획하여야 하며, 도로 폭원 6m에 미달하는 경우, 사업대상지 내에 도로를 확보할 수 있다. 이 경우 사업대상지 내에 확 보한 도로는 공공기여율에 포함하지 않는다
가) 면적 및 도로기준(예시)
(사업가능)
간선도로변
(사업가능)
이면도로변
4m도로
이면부 6m도로 진출입
간선도로연결도로 6m 확보
간선도로
6mn도로
간선도로변 0
간선도로
이면부차량 진출입
6m도로
이면도로변 0
이면부 6m도로진출입
간선도로연결도로 6r 확보
간선도로
6rn도로
해
이면도로변0
간선도로
이면부사량 진출입
6m도로
2m 확보
면적 1천n 이상
간선도로변 0
이면부 6m도로 진출입
간선도로연결도로 6m 확보
간선도로
(대지내 도로 확폭구간은 공공기여율에 포함하지 않음)
이면부 차량 진출입
6m도로
이면도로변 0
면적 1천n 이상
이면부 6m도로 진출입
간선도로연",858ba0b99bb32bbc7842ef4c230f3e175e0b969782f2a68dc202b67ffed01728,VIS-858BA0B99BB3,TRUE,자동 추출,PDF 페이지 렌더링 기반 자동 생성. 원본 대조 필요.
OCC-LAW1-053,LAW1,LAW1-3_3_2,39,페이지 배치 이미지,law-1_p039_occ053_xref01189.png,04_visuals/image_context_crops/law-1_p039_occ053_xref01189.png,xref:1189;occurrence:34,,53.799,573.868,296.172,753.799,741,551,,PDF 페이지에 실제 배치된 이미지와 주변 여백을 포함한 문맥 크롭.,"LAW1-3_3_2 / 3-3-2. 안심주택 조례 제7조 제3항에 따라 “간선도로변”의 용도지역 변경 기준은 3-3-1의 기준에 따르되 다음 각 목의 기준을 충족하여야 한다.
가. 용도지역 변경 기준
1) 간선도로변 직접 접하는 경우: 준주거지역으로 변경을 원칙으로 하되 3-3-1 나목의 인접 및 도로기준 1), 2)에 해당하는 경우는 통합심의위원회 심의를 통해 일반 또는 근린상업지역으로 변경할 수 있다.
2) 간선도로변에 직접 접하지 않는 경우(이면도로): 준주거지역, 다만, 간선도 로변에 직접 접한 대지의 용도지역을 초과할 수 없다.
나. 입지 기준
1) 제1종일반주거지역의 저층주거지(공원, 도로 등 제외)와 연접한 경우는 통 합심의위원회 자문을 거쳐 사업 추진여부을 결정할 수 있다.
2) 사업대상지가 간선도로변에 접한 경우 2면 이상(이면도로에 접한 경우 1면 이상)이 도로에 접하면서, 한 면은 최소 폭원 6m 이상의 도로에 접해야 한 다. 차량진출입은 이면도로에 계획하여야 하며, 도로 폭원 6m에 미달하는 경우, 사업대상지 내에 도로를 확보할 수 있다. 이 경우 사업대상지 내에 확 보한 도로는 공공기여율에 포함하지 않는다
가) 면적 및 도로기준(예시)
(사업가능)
간선도로변
(사업가능)
이면도로변
4m도로
이면부 6m도로 진출입
간선도로연결도로 6m 확보
간선도로
6mn도로
간선도로변 0
간선도로
이면부차량 진출입
6m도로
이면도로변 0
이면부 6m도로진출입
간선도로연결도로 6r 확보
간선도로
6rn도로
해
이면도로변0
간선도로
이면부사량 진출입
6m도로
2m 확보
면적 1천n 이상
간선도로변 0
이면부 6m도로 진출입
간선도로연결도로 6m 확보
간선도로
(대지내 도로 확폭구간은 공공기여율에 포함하지 않음)
이면부 차량 진출입
6m도로
이면도로변 0
면적 1천n 이상
이면부 6m도로 진출입
간선도로연",ef689b07b047c0efb9fbd74fe3ac17b194d2186b45de6a715e134d75d5a83e51,VIS-EF689B07B047,TRUE,자동 추출,PDF 페이지 렌더링 기반 자동 생성. 원본 대조 필요.
OCC-LAW1-055,LAW1,LAW1-3_3_2,39,페이지 배치 이미지,law-1_p039_occ055_xref01191.png,04_visuals/image_context_crops/law-1_p039_occ055_xref01191.png,xref:1191;occurrence:35,,53.799,432.063,296.172,611.994,741,551,,PDF 페이지에 실제 배치된 이미지와 주변 여백을 포함한 문맥 크롭.,"LAW1-3_3_2 / 3-3-2. 안심주택 조례 제7조 제3항에 따라 “간선도로변”의 용도지역 변경 기준은 3-3-1의 기준에 따르되 다음 각 목의 기준을 충족하여야 한다.
가. 용도지역 변경 기준
1) 간선도로변 직접 접하는 경우: 준주거지역으로 변경을 원칙으로 하되 3-3-1 나목의 인접 및 도로기준 1), 2)에 해당하는 경우는 통합심의위원회 심의를 통해 일반 또는 근린상업지역으로 변경할 수 있다.
2) 간선도로변에 직접 접하지 않는 경우(이면도로): 준주거지역, 다만, 간선도 로변에 직접 접한 대지의 용도지역을 초과할 수 없다.
나. 입지 기준
1) 제1종일반주거지역의 저층주거지(공원, 도로 등 제외)와 연접한 경우는 통 합심의위원회 자문을 거쳐 사업 추진여부을 결정할 수 있다.
2) 사업대상지가 간선도로변에 접한 경우 2면 이상(이면도로에 접한 경우 1면 이상)이 도로에 접하면서, 한 면은 최소 폭원 6m 이상의 도로에 접해야 한 다. 차량진출입은 이면도로에 계획하여야 하며, 도로 폭원 6m에 미달하는 경우, 사업대상지 내에 도로를 확보할 수 있다. 이 경우 사업대상지 내에 확 보한 도로는 공공기여율에 포함하지 않는다
가) 면적 및 도로기준(예시)
(사업가능)
간선도로변
(사업가능)
이면도로변
4m도로
이면부 6m도로 진출입
간선도로연결도로 6m 확보
간선도로
6mn도로
간선도로변 0
간선도로
이면부차량 진출입
6m도로
이면도로변 0
이면부 6m도로진출입
간선도로연결도로 6r 확보
간선도로
6rn도로
해
이면도로변0
간선도로
이면부사량 진출입
6m도로
2m 확보
면적 1천n 이상
간선도로변 0
이면부 6m도로 진출입
간선도로연결도로 6m 확보
간선도로
(대지내 도로 확폭구간은 공공기여율에 포함하지 않음)
이면부 차량 진출입
6m도로
이면도로변 0
면적 1천n 이상
이면부 6m도로 진출입
간선도로연",bd8cba0e3f7fdb116d761ebc03208b857628020e42586a221df10a5474773fa5,VIS-BD8CBA0E3F7F,TRUE,자동 추출,PDF 페이지 렌더링 기반 자동 생성. 원본 대조 필요.
OCC-LAW1-057,LAW1,LAW1-3_3_2,39,페이지 배치 이미지,law-1_p039_occ057_xref01193.png,04_visuals/image_context_crops/law-1_p039_occ057_xref01193.png,xref:1193;occurrence:36,,298.827,573.868,541.2,753.799,741,551,,PDF 페이지에 실제 배치된 이미지와 주변 여백을 포함한 문맥 크롭.,"LAW1-3_3_2 / 3-3-2. 안심주택 조례 제7조 제3항에 따라 “간선도로변”의 용도지역 변경 기준은 3-3-1의 기준에 따르되 다음 각 목의 기준을 충족하여야 한다.
가. 용도지역 변경 기준
1) 간선도로변 직접 접하는 경우: 준주거지역으로 변경을 원칙으로 하되 3-3-1 나목의 인접 및 도로기준 1), 2)에 해당하는 경우는 통합심의위원회 심의를 통해 일반 또는 근린상업지역으로 변경할 수 있다.
2) 간선도로변에 직접 접하지 않는 경우(이면도로): 준주거지역, 다만, 간선도 로변에 직접 접한 대지의 용도지역을 초과할 수 없다.
나. 입지 기준
1) 제1종일반주거지역의 저층주거지(공원, 도로 등 제외)와 연접한 경우는 통 합심의위원회 자문을 거쳐 사업 추진여부을 결정할 수 있다.
2) 사업대상지가 간선도로변에 접한 경우 2면 이상(이면도로에 접한 경우 1면 이상)이 도로에 접하면서, 한 면은 최소 폭원 6m 이상의 도로에 접해야 한 다. 차량진출입은 이면도로에 계획하여야 하며, 도로 폭원 6m에 미달하는 경우, 사업대상지 내에 도로를 확보할 수 있다. 이 경우 사업대상지 내에 확 보한 도로는 공공기여율에 포함하지 않는다
가) 면적 및 도로기준(예시)
(사업가능)
간선도로변
(사업가능)
이면도로변
4m도로
이면부 6m도로 진출입
간선도로연결도로 6m 확보
간선도로
6mn도로
간선도로변 0
간선도로
이면부차량 진출입
6m도로
이면도로변 0
이면부 6m도로진출입
간선도로연결도로 6r 확보
간선도로
6rn도로
해
이면도로변0
간선도로
이면부사량 진출입
6m도로
2m 확보
면적 1천n 이상
간선도로변 0
이면부 6m도로 진출입
간선도로연결도로 6m 확보
간선도로
(대지내 도로 확폭구간은 공공기여율에 포함하지 않음)
이면부 차량 진출입
6m도로
이면도로변 0
면적 1천n 이상
이면부 6m도로 진출입
간선도로연",dce6cd347c85e1405f6f37103e518e8a16ef40e50c5bac1fb33d3baef46a2e99,VIS-DCE6CD347C85,TRUE,자동 추출,PDF 페이지 렌더링 기반 자동 생성. 원본 대조 필요.
OCC-LAW1-059,LAW1,LAW1-3_3_2,39,페이지 배치 이미지,law-1_p039_occ059_xref01195.png,04_visuals/image_context_crops/law-1_p039_occ059_xref01195.png,xref:1195;occurrence:37,,298.827,432.063,541.2,611.994,741,551,,PDF 페이지에 실제 배치된 이미지와 주변 여백을 포함한 문맥 크롭.,"LAW1-3_3_2 / 3-3-2. 안심주택 조례 제7조 제3항에 따라 “간선도로변”의 용도지역 변경 기준은 3-3-1의 기준에 따르되 다음 각 목의 기준을 충족하여야 한다.
가. 용도지역 변경 기준
1) 간선도로변 직접 접하는 경우: 준주거지역으로 변경을 원칙으로 하되 3-3-1 나목의 인접 및 도로기준 1), 2)에 해당하는 경우는 통합심의위원회 심의를 통해 일반 또는 근린상업지역으로 변경할 수 있다.
2) 간선도로변에 직접 접하지 않는 경우(이면도로): 준주거지역, 다만, 간선도 로변에 직접 접한 대지의 용도지역을 초과할 수 없다.
나. 입지 기준
1) 제1종일반주거지역의 저층주거지(공원, 도로 등 제외)와 연접한 경우는 통 합심의위원회 자문을 거쳐 사업 추진여부을 결정할 수 있다.
2) 사업대상지가 간선도로변에 접한 경우 2면 이상(이면도로에 접한 경우 1면 이상)이 도로에 접하면서, 한 면은 최소 폭원 6m 이상의 도로에 접해야 한 다. 차량진출입은 이면도로에 계획하여야 하며, 도로 폭원 6m에 미달하는 경우, 사업대상지 내에 도로를 확보할 수 있다. 이 경우 사업대상지 내에 확 보한 도로는 공공기여율에 포함하지 않는다
가) 면적 및 도로기준(예시)
(사업가능)
간선도로변
(사업가능)
이면도로변
4m도로
이면부 6m도로 진출입
간선도로연결도로 6m 확보
간선도로
6mn도로
간선도로변 0
간선도로
이면부차량 진출입
6m도로
이면도로변 0
이면부 6m도로진출입
간선도로연결도로 6r 확보
간선도로
6rn도로
해
이면도로변0
간선도로
이면부사량 진출입
6m도로
2m 확보
면적 1천n 이상
간선도로변 0
이면부 6m도로 진출입
간선도로연결도로 6m 확보
간선도로
(대지내 도로 확폭구간은 공공기여율에 포함하지 않음)
이면부 차량 진출입
6m도로
이면도로변 0
면적 1천n 이상
이면부 6m도로 진출입
간선도로연",d7ec1c42e0379fc0693f32c7ac48ed4f347e5ee0d1cf8e360b3992be96b3dd1d,VIS-D7EC1C42E037,TRUE,자동 추출,PDF 페이지 렌더링 기반 자동 생성. 원본 대조 필요.
OCC-LAW1-060,LAW1,LAW1-3_3_2,39,페이지 배치 이미지,law-1_p039_occ060_xref00763.png,04_visuals/image_context_crops/law-1_p039_occ060_xref00763.png,xref:763;occurrence:38,,52.96,191.606,297.852,389.997,750,607,,PDF 페이지에 실제 배치된 이미지와 주변 여백을 포함한 문맥 크롭.,"LAW1-3_3_2 / 3-3-2. 안심주택 조례 제7조 제3항에 따라 “간선도로변”의 용도지역 변경 기준은 3-3-1의 기준에 따르되 다음 각 목의 기준을 충족하여야 한다.
가. 용도지역 변경 기준
1) 간선도로변 직접 접하는 경우: 준주거지역으로 변경을 원칙으로 하되 3-3-1 나목의 인접 및 도로기준 1), 2)에 해당하는 경우는 통합심의위원회 심의를 통해 일반 또는 근린상업지역으로 변경할 수 있다.
2) 간선도로변에 직접 접하지 않는 경우(이면도로): 준주거지역, 다만, 간선도 로변에 직접 접한 대지의 용도지역을 초과할 수 없다.
나. 입지 기준
1) 제1종일반주거지역의 저층주거지(공원, 도로 등 제외)와 연접한 경우는 통 합심의위원회 자문을 거쳐 사업 추진여부을 결정할 수 있다.
2) 사업대상지가 간선도로변에 접한 경우 2면 이상(이면도로에 접한 경우 1면 이상)이 도로에 접하면서, 한 면은 최소 폭원 6m 이상의 도로에 접해야 한 다. 차량진출입은 이면도로에 계획하여야 하며, 도로 폭원 6m에 미달하는 경우, 사업대상지 내에 도로를 확보할 수 있다. 이 경우 사업대상지 내에 확 보한 도로는 공공기여율에 포함하지 않는다
가) 면적 및 도로기준(예시)
(사업가능)
간선도로변
(사업가능)
이면도로변
4m도로
이면부 6m도로 진출입
간선도로연결도로 6m 확보
간선도로
6mn도로
간선도로변 0
간선도로
이면부차량 진출입
6m도로
이면도로변 0
이면부 6m도로진출입
간선도로연결도로 6r 확보
간선도로
6rn도로
해
이면도로변0
간선도로
이면부사량 진출입
6m도로
2m 확보
면적 1천n 이상
간선도로변 0
이면부 6m도로 진출입
간선도로연결도로 6m 확보
간선도로
(대지내 도로 확폭구간은 공공기여율에 포함하지 않음)
이면부 차량 진출입
6m도로
이면도로변 0
면적 1천n 이상
이면부 6m도로 진출입
간선도로연",a95d9461b29a1511d209a58aab11b066dae7c03bc14ed5df65b16e5f30c2d9c5,VIS-A95D9461B29A,TRUE,자동 추출,PDF 페이지 렌더링 기반 자동 생성. 원본 대조 필요.
OCC-LAW1-061,LAW1,LAW1-3_3_2,39,페이지 배치 이미지,law-1_p039_occ061_xref00764.png,04_visuals/image_context_crops/law-1_p039_occ061_xref00764.png,xref:764;occurrence:39,,297.028,191.606,541.92,389.997,749,607,,PDF 페이지에 실제 배치된 이미지와 주변 여백을 포함한 문맥 크롭.,"LAW1-3_3_2 / 3-3-2. 안심주택 조례 제7조 제3항에 따라 “간선도로변”의 용도지역 변경 기준은 3-3-1의 기준에 따르되 다음 각 목의 기준을 충족하여야 한다.
가. 용도지역 변경 기준
1) 간선도로변 직접 접하는 경우: 준주거지역으로 변경을 원칙으로 하되 3-3-1 나목의 인접 및 도로기준 1), 2)에 해당하는 경우는 통합심의위원회 심의를 통해 일반 또는 근린상업지역으로 변경할 수 있다.
2) 간선도로변에 직접 접하지 않는 경우(이면도로): 준주거지역, 다만, 간선도 로변에 직접 접한 대지의 용도지역을 초과할 수 없다.
나. 입지 기준
1) 제1종일반주거지역의 저층주거지(공원, 도로 등 제외)와 연접한 경우는 통 합심의위원회 자문을 거쳐 사업 추진여부을 결정할 수 있다.
2) 사업대상지가 간선도로변에 접한 경우 2면 이상(이면도로에 접한 경우 1면 이상)이 도로에 접하면서, 한 면은 최소 폭원 6m 이상의 도로에 접해야 한 다. 차량진출입은 이면도로에 계획하여야 하며, 도로 폭원 6m에 미달하는 경우, 사업대상지 내에 도로를 확보할 수 있다. 이 경우 사업대상지 내에 확 보한 도로는 공공기여율에 포함하지 않는다
가) 면적 및 도로기준(예시)
(사업가능)
간선도로변
(사업가능)
이면도로변
4m도로
이면부 6m도로 진출입
간선도로연결도로 6m 확보
간선도로
6mn도로
간선도로변 0
간선도로
이면부차량 진출입
6m도로
이면도로변 0
이면부 6m도로진출입
간선도로연결도로 6r 확보
간선도로
6rn도로
해
이면도로변0
간선도로
이면부사량 진출입
6m도로
2m 확보
면적 1천n 이상
간선도로변 0
이면부 6m도로 진출입
간선도로연결도로 6m 확보
간선도로
(대지내 도로 확폭구간은 공공기여율에 포함하지 않음)
이면부 차량 진출입
6m도로
이면도로변 0
면적 1천n 이상
이면부 6m도로 진출입
간선도로연",cef2e4d2cafe8f3ed966bf7159c02f2409aed48e49330ae14b6498f35fa40885,VIS-CEF2E4D2CAFE,TRUE,자동 추출,PDF 페이지 렌더링 기반 자동 생성. 원본 대조 필요.
OCC-LAW1-064,LAW1,LAW1-3_3_3,40,페이지 배치 이미지,law-1_p040_occ064_xref00787.png,04_visuals/image_context_crops/law-1_p040_occ064_xref00787.png,xref:787;occurrence:40,,46.603,563.679,307.207,759.193,797,599,,PDF 페이지에 실제 배치된 이미지와 주변 여백을 포함한 문맥 크롭.,"LAW1-3_3_3 / 3-3-3. “의료시설 중심지역”의 용도지역 변경 기준은 3-3-1의 기준에 따르되 다음 의 요건을 충족하여야 한다.
가. 의료시설 대상부지에 의료시설 외 용도의 건축물이 있는 경우 의료시설 건축 물과 의료시설 외 건축물간의 중심선 또는 도로중심선을 경계로 한다. 해당 범위의 구체적인 사항은 시장이 별도로 정할 수 있다.
[의료시설 외의 건축물의 중심]
의로시설의대상부지
의료시설외
건축물의중심
용도의건축물
의학대학(원)
의로시설
중심지역
[해당 부지에 도로가 있는 경우]
의로시설의대상부지
의료시설외
의료시설
용도의건축물
중심지역
의학대학(원)
기숙사등
부지내도로중심선
나. 사업대상지는 최소 6m 이상의 도로에 접하고 이면도로에서 차량 진출입을 우선적으로 검토한다.",fc1b7549f31b74acf7aa8df28cbc3a79e4143f224cc416913f197461c40cf54d,VIS-FC1B7549F31B,TRUE,자동 추출,PDF 페이지 렌더링 기반 자동 생성. 원본 대조 필요.
OCC-LAW1-065,LAW1,LAW1-3_3_3,40,페이지 배치 이미지,law-1_p040_occ065_xref00789.png,04_visuals/image_context_crops/law-1_p040_occ065_xref00789.png,xref:789;occurrence:41,,290.672,563.679,551.276,759.193,797,599,,PDF 페이지에 실제 배치된 이미지와 주변 여백을 포함한 문맥 크롭.,"LAW1-3_3_3 / 3-3-3. “의료시설 중심지역”의 용도지역 변경 기준은 3-3-1의 기준에 따르되 다음 의 요건을 충족하여야 한다.
가. 의료시설 대상부지에 의료시설 외 용도의 건축물이 있는 경우 의료시설 건축 물과 의료시설 외 건축물간의 중심선 또는 도로중심선을 경계로 한다. 해당 범위의 구체적인 사항은 시장이 별도로 정할 수 있다.
[의료시설 외의 건축물의 중심]
의로시설의대상부지
의료시설외
건축물의중심
용도의건축물
의학대학(원)
의로시설
중심지역
[해당 부지에 도로가 있는 경우]
의로시설의대상부지
의료시설외
의료시설
용도의건축물
중심지역
의학대학(원)
기숙사등
부지내도로중심선
나. 사업대상지는 최소 6m 이상의 도로에 접하고 이면도로에서 차량 진출입을 우선적으로 검토한다.",2fada90954d9e084ea4edb388774deea54dd64e400018b9606bad1e04061133c,VIS-2FADA90954D9,TRUE,자동 추출,PDF 페이지 렌더링 기반 자동 생성. 원본 대조 필요.
OCC-LAW1-066,LAW1,LAW1-4_2_4,53,페이지 배치 이미지,law-1_p053_occ066_xref00533.png,04_visuals/image_context_crops/law-1_p053_occ066_xref00533.png,xref:533;occurrence:42,,49.362,233.92,565.908,379.569,1580,446,,PDF 페이지에 실제 배치된 이미지와 주변 여백을 포함한 문맥 크롭.,"LAW1-4_2_4 / 4-2-4. 안심주택 조례 제9조에 따른 사업계획의 결정절차는 다음과 같다.
가. 결정절차
사업제안서
통합심의위원회
주민열람공고
사업계획서접수
접수 및 검토
사전자문
관계부서 협의
서울시
서울시
서울시
서울시 자치구
착공 및 사용승인
통합심의위원회
지구계획승인 및 고시
심의
서울시
자치구
서울시
※ 통합심의위원회 사전자문 및 심의시 자치구 참석",978823fc9e01bfc6b0ef3b8a499c2cfb7a4a31e216a2a3b40d7bad86d101f296,VIS-978823FC9E01,TRUE,자동 추출,PDF 페이지 렌더링 기반 자동 생성. 원본 대조 필요.
OCC-LAW1-067,LAW1,LAW1-4_3_1,54,페이지 배치 이미지,law-1_p054_occ067_xref00569.png,04_visuals/image_context_crops/law-1_p054_occ067_xref00569.png,xref:569;occurrence:43,,73.349,139.344,303.369,309.446,703,520,,PDF 페이지에 실제 배치된 이미지와 주변 여백을 포함한 문맥 크롭.,"LAW1-4_3_1 / 4-3-1. 복합주택(안심주택 조례 제7조 제3항을 따른다)의 용도지역 변경 기준은 다 음과 같으며 구체적인 사항은 라목의 사례별 기준을 따른다.
가. 현재 용도지역 기준
※ 어르신에게 임대주택을 100% 공급하는 안심주택과 시니어용 서울형 공유주택을 복합 하는 경우만 적용
2) 준주거지역으로 변경 : 제2종·제3종일반주거지역
3) 일반 또는 근린상업지역으로 변경 : 제2종·제3종일반주거지역, 준주거지역 나. 인접 및 도로 기준
1) 준주거지역이나 일반 또는 근린상업지역에 바로 접하고 있어야 한다.
2) 준주거지역이나 일반 또는 근린상업지역과 폭 20m 이하의 도로를 사이에 두고 접하고 있어야 한다.
3) 20m 이상의 간선도로에 접하고 있어야 한다.
[인접 및 도로기준(예시)]
용도지역 변경 가능 대상지 범위
2)
2)
2)
2)
2)
2)
2)
20m 이하
상업지역
3)
3)
3)
1),3)
2),3)
3)
3)
3)
3)
20m 이상 간선도로
승강장 또는 의료시설
20m 이상 간선도로
[인접 사례(예시)]
상업지역에 20m 이하의 도로를 사이에 인접에 해당
두고
고
접
함:
인
접
에 해당
20m 이상의 간선도로에 접 함
다. 사업대상지 인정 기준
중교통 또는 의료시설 중심지역에 포함되지 않아 관련위원회의 심의를 통해 사업대상지로 인정받은 경우 추가 공공기여를 제공하여야 한다. 다만, 이 경 우 적용되는 역세권 및 의료시설 중심지역 범위는 승강장 경계로부터 250m 이내와 의료시설 대상부지 경계로부터 350m 이내를 말한 다.(1-3-1 가목을 인정받는 경우 승강장 경계로부터 350m 이내로 적용) 가) 검토 대상지 및 사업대상지 인정 시 추가 공공기여 기준
(1) 검토 대상지: 사업대상지 면적 중 대중교통 또는 의료시설 중심지역 내 면적이 50% 미만인 경우
(2) 추가 공공기",0a6b1879052fa4516bac8462bbd95dd31a84424174264db57b776f559f528bf7,VIS-0A6B1879052F,TRUE,자동 추출,PDF 페이지 렌더링 기반 자동 생성. 원본 대조 필요.
OCC-LAW1-068,LAW1,LAW1-4_3_1,54,페이지 배치 이미지,law-1_p054_occ068_xref00570.png,04_visuals/image_context_crops/law-1_p054_occ068_xref00570.png,xref:570;occurrence:44,,293.79,140.782,519.252,308.007,690,512,,PDF 페이지에 실제 배치된 이미지와 주변 여백을 포함한 문맥 크롭.,"LAW1-4_3_1 / 4-3-1. 복합주택(안심주택 조례 제7조 제3항을 따른다)의 용도지역 변경 기준은 다 음과 같으며 구체적인 사항은 라목의 사례별 기준을 따른다.
가. 현재 용도지역 기준
※ 어르신에게 임대주택을 100% 공급하는 안심주택과 시니어용 서울형 공유주택을 복합 하는 경우만 적용
2) 준주거지역으로 변경 : 제2종·제3종일반주거지역
3) 일반 또는 근린상업지역으로 변경 : 제2종·제3종일반주거지역, 준주거지역 나. 인접 및 도로 기준
1) 준주거지역이나 일반 또는 근린상업지역에 바로 접하고 있어야 한다.
2) 준주거지역이나 일반 또는 근린상업지역과 폭 20m 이하의 도로를 사이에 두고 접하고 있어야 한다.
3) 20m 이상의 간선도로에 접하고 있어야 한다.
[인접 및 도로기준(예시)]
용도지역 변경 가능 대상지 범위
2)
2)
2)
2)
2)
2)
2)
20m 이하
상업지역
3)
3)
3)
1),3)
2),3)
3)
3)
3)
3)
20m 이상 간선도로
승강장 또는 의료시설
20m 이상 간선도로
[인접 사례(예시)]
상업지역에 20m 이하의 도로를 사이에 인접에 해당
두고
고
접
함:
인
접
에 해당
20m 이상의 간선도로에 접 함
다. 사업대상지 인정 기준
중교통 또는 의료시설 중심지역에 포함되지 않아 관련위원회의 심의를 통해 사업대상지로 인정받은 경우 추가 공공기여를 제공하여야 한다. 다만, 이 경 우 적용되는 역세권 및 의료시설 중심지역 범위는 승강장 경계로부터 250m 이내와 의료시설 대상부지 경계로부터 350m 이내를 말한 다.(1-3-1 가목을 인정받는 경우 승강장 경계로부터 350m 이내로 적용) 가) 검토 대상지 및 사업대상지 인정 시 추가 공공기여 기준
(1) 검토 대상지: 사업대상지 면적 중 대중교통 또는 의료시설 중심지역 내 면적이 50% 미만인 경우
(2) 추가 공공기",18db770c65fa1ec590a45d493232ad3bea1eb0ada256d42e649d73e282fbee34,VIS-18DB770C65FA,TRUE,자동 추출,PDF 페이지 렌더링 기반 자동 생성. 원본 대조 필요.
OCC-LAW1-075,LAW1,LAW1-4_3_2,59,페이지 배치 이미지,law-1_p059_occ075_xref00727.png,04_visuals/image_context_crops/law-1_p059_occ075_xref00727.png,xref:727;occurrence:45,,54.879,488.641,303.489,675.884,761,573,,PDF 페이지에 실제 배치된 이미지와 주변 여백을 포함한 문맥 크롭.,"LAW1-4_3_2 / 4-3-2. 안심주택 조례 제7조 제3항에 따라 “간선도로변”의 용도지역 변경 기준은 4-3-1의 기준에 따르되 다음 각 목의 기준을 충족하여야 한다.
가. 용도지역 변경 기준
1) 간선도로변 직접 접하는 경우 : 준주거지역으로 변경을 원칙으로 하되 4-3-1 나목의 인접 및 도로기준 1), 2)에 해당하는 경우 관련 위원회의 심 의를 통해 일반 또는 근린상업지역으로 변경할 수 있다.
2) 간선도로변에 직접 접하지 않는 경우(이면도로) : 준주거지역, 다만, 간선도 로변에 직접 접한 대지의 용도지역을 초과할 수 없다.
나. 입지 및 면적 기준
1) 제1종일반주거지역의 저층주거지(공원, 도로 등 제외)와 연접한 경우는 관 련위원회의 자문을 거쳐 사업 추진여부을 결정할 수 있다.
2) 사업대상지가 간선도로변에 접한 경우 2면 이상(이면도로에 접한 경우 1면 이상)이 도로에 접하면서, 한 면은 최소 6m 이상의 도로에 접해야 한다. 차량진출입은 이면도로에 계획하여야 하며, 간선도로변에서 직접 연결되는 이면도로에 차량진출입구를 설치하는 경우, 간선도로변에서의 이격거리는 최 소 15m 이상으로 한다.
3) 간선도로변에 접한 경우 간선도로에 접한 대지의 길이는 최소 15m 이상으 로 한다.
가) 면적 및 도로기준(예시)
간선도로변
(사업가능)
간선도로변이
좀
간선도로
이면도로변
(사업가능)
이면도로변 0
간선도로
6mn도로
간선도로변 0
15m 이상
간선도로
6m도로
이면도로변0
간선도로
6mn도로
간선도로변 0
간선도로
6m도로
이면도로변 0
간선도로
(사업불가)
사업불가
4m도로
(사업불가)
4도로
사업불가
간선도로
간선도로
사업
불가
간선도로
(간선도로 연결도로 및 이면부 진출입도로 요건 미충족)
6m도로
사업불가
간선도로
(간선도로 연결도로 및 이면부 진출입도로 요건 미충족)
나) 저층주",795e48116e39959d6021e6d20ce770a10042ff355820cb7c7eb74fdd25b5bd2d,VIS-795E48116E39,TRUE,자동 추출,PDF 페이지 렌더링 기반 자동 생성. 원본 대조 필요.
OCC-LAW1-076,LAW1,LAW1-4_3_2,59,페이지 배치 이미지,law-1_p059_occ076_xref00729.png,04_visuals/image_context_crops/law-1_p059_occ076_xref00729.png,xref:729;occurrence:46,,54.879,307.4,303.489,494.643,761,573,,PDF 페이지에 실제 배치된 이미지와 주변 여백을 포함한 문맥 크롭.,"LAW1-4_3_2 / 4-3-2. 안심주택 조례 제7조 제3항에 따라 “간선도로변”의 용도지역 변경 기준은 4-3-1의 기준에 따르되 다음 각 목의 기준을 충족하여야 한다.
가. 용도지역 변경 기준
1) 간선도로변 직접 접하는 경우 : 준주거지역으로 변경을 원칙으로 하되 4-3-1 나목의 인접 및 도로기준 1), 2)에 해당하는 경우 관련 위원회의 심 의를 통해 일반 또는 근린상업지역으로 변경할 수 있다.
2) 간선도로변에 직접 접하지 않는 경우(이면도로) : 준주거지역, 다만, 간선도 로변에 직접 접한 대지의 용도지역을 초과할 수 없다.
나. 입지 및 면적 기준
1) 제1종일반주거지역의 저층주거지(공원, 도로 등 제외)와 연접한 경우는 관 련위원회의 자문을 거쳐 사업 추진여부을 결정할 수 있다.
2) 사업대상지가 간선도로변에 접한 경우 2면 이상(이면도로에 접한 경우 1면 이상)이 도로에 접하면서, 한 면은 최소 6m 이상의 도로에 접해야 한다. 차량진출입은 이면도로에 계획하여야 하며, 간선도로변에서 직접 연결되는 이면도로에 차량진출입구를 설치하는 경우, 간선도로변에서의 이격거리는 최 소 15m 이상으로 한다.
3) 간선도로변에 접한 경우 간선도로에 접한 대지의 길이는 최소 15m 이상으 로 한다.
가) 면적 및 도로기준(예시)
간선도로변
(사업가능)
간선도로변이
좀
간선도로
이면도로변
(사업가능)
이면도로변 0
간선도로
6mn도로
간선도로변 0
15m 이상
간선도로
6m도로
이면도로변0
간선도로
6mn도로
간선도로변 0
간선도로
6m도로
이면도로변 0
간선도로
(사업불가)
사업불가
4m도로
(사업불가)
4도로
사업불가
간선도로
간선도로
사업
불가
간선도로
(간선도로 연결도로 및 이면부 진출입도로 요건 미충족)
6m도로
사업불가
간선도로
(간선도로 연결도로 및 이면부 진출입도로 요건 미충족)
나) 저층주",a48bc24d8f7bf1945002a0e9661095bb00109e2c9ef3a780c22071e854be3e1a,VIS-A48BC24D8F7B,TRUE,자동 추출,PDF 페이지 렌더링 기반 자동 생성. 원본 대조 필요.
OCC-LAW1-077,LAW1,LAW1-4_3_2,59,페이지 배치 이미지,law-1_p059_occ077_xref00731.png,04_visuals/image_context_crops/law-1_p059_occ077_xref00731.png,xref:731;occurrence:47,,54.879,126.158,303.489,313.401,761,573,,PDF 페이지에 실제 배치된 이미지와 주변 여백을 포함한 문맥 크롭.,"LAW1-4_3_2 / 4-3-2. 안심주택 조례 제7조 제3항에 따라 “간선도로변”의 용도지역 변경 기준은 4-3-1의 기준에 따르되 다음 각 목의 기준을 충족하여야 한다.
가. 용도지역 변경 기준
1) 간선도로변 직접 접하는 경우 : 준주거지역으로 변경을 원칙으로 하되 4-3-1 나목의 인접 및 도로기준 1), 2)에 해당하는 경우 관련 위원회의 심 의를 통해 일반 또는 근린상업지역으로 변경할 수 있다.
2) 간선도로변에 직접 접하지 않는 경우(이면도로) : 준주거지역, 다만, 간선도 로변에 직접 접한 대지의 용도지역을 초과할 수 없다.
나. 입지 및 면적 기준
1) 제1종일반주거지역의 저층주거지(공원, 도로 등 제외)와 연접한 경우는 관 련위원회의 자문을 거쳐 사업 추진여부을 결정할 수 있다.
2) 사업대상지가 간선도로변에 접한 경우 2면 이상(이면도로에 접한 경우 1면 이상)이 도로에 접하면서, 한 면은 최소 6m 이상의 도로에 접해야 한다. 차량진출입은 이면도로에 계획하여야 하며, 간선도로변에서 직접 연결되는 이면도로에 차량진출입구를 설치하는 경우, 간선도로변에서의 이격거리는 최 소 15m 이상으로 한다.
3) 간선도로변에 접한 경우 간선도로에 접한 대지의 길이는 최소 15m 이상으 로 한다.
가) 면적 및 도로기준(예시)
간선도로변
(사업가능)
간선도로변이
좀
간선도로
이면도로변
(사업가능)
이면도로변 0
간선도로
6mn도로
간선도로변 0
15m 이상
간선도로
6m도로
이면도로변0
간선도로
6mn도로
간선도로변 0
간선도로
6m도로
이면도로변 0
간선도로
(사업불가)
사업불가
4m도로
(사업불가)
4도로
사업불가
간선도로
간선도로
사업
불가
간선도로
(간선도로 연결도로 및 이면부 진출입도로 요건 미충족)
6m도로
사업불가
간선도로
(간선도로 연결도로 및 이면부 진출입도로 요건 미충족)
나) 저층주",751244b6241508b3b744b46aecb908f3960a9855786220152f1bdc22b22400e3,VIS-751244B62415,TRUE,자동 추출,PDF 페이지 렌더링 기반 자동 생성. 원본 대조 필요.
OCC-LAW1-078,LAW1,LAW1-4_3_2,59,페이지 배치 이미지,law-1_p059_occ078_xref00733.png,04_visuals/image_context_crops/law-1_p059_occ078_xref00733.png,xref:733;occurrence:48,,297.148,488.641,545.758,675.884,761,573,,PDF 페이지에 실제 배치된 이미지와 주변 여백을 포함한 문맥 크롭.,"LAW1-4_3_2 / 4-3-2. 안심주택 조례 제7조 제3항에 따라 “간선도로변”의 용도지역 변경 기준은 4-3-1의 기준에 따르되 다음 각 목의 기준을 충족하여야 한다.
가. 용도지역 변경 기준
1) 간선도로변 직접 접하는 경우 : 준주거지역으로 변경을 원칙으로 하되 4-3-1 나목의 인접 및 도로기준 1), 2)에 해당하는 경우 관련 위원회의 심 의를 통해 일반 또는 근린상업지역으로 변경할 수 있다.
2) 간선도로변에 직접 접하지 않는 경우(이면도로) : 준주거지역, 다만, 간선도 로변에 직접 접한 대지의 용도지역을 초과할 수 없다.
나. 입지 및 면적 기준
1) 제1종일반주거지역의 저층주거지(공원, 도로 등 제외)와 연접한 경우는 관 련위원회의 자문을 거쳐 사업 추진여부을 결정할 수 있다.
2) 사업대상지가 간선도로변에 접한 경우 2면 이상(이면도로에 접한 경우 1면 이상)이 도로에 접하면서, 한 면은 최소 6m 이상의 도로에 접해야 한다. 차량진출입은 이면도로에 계획하여야 하며, 간선도로변에서 직접 연결되는 이면도로에 차량진출입구를 설치하는 경우, 간선도로변에서의 이격거리는 최 소 15m 이상으로 한다.
3) 간선도로변에 접한 경우 간선도로에 접한 대지의 길이는 최소 15m 이상으 로 한다.
가) 면적 및 도로기준(예시)
간선도로변
(사업가능)
간선도로변이
좀
간선도로
이면도로변
(사업가능)
이면도로변 0
간선도로
6mn도로
간선도로변 0
15m 이상
간선도로
6m도로
이면도로변0
간선도로
6mn도로
간선도로변 0
간선도로
6m도로
이면도로변 0
간선도로
(사업불가)
사업불가
4m도로
(사업불가)
4도로
사업불가
간선도로
간선도로
사업
불가
간선도로
(간선도로 연결도로 및 이면부 진출입도로 요건 미충족)
6m도로
사업불가
간선도로
(간선도로 연결도로 및 이면부 진출입도로 요건 미충족)
나) 저층주",14b4f24ecd796ebad10cb9b69de61c28b73c25e33d72ba243ba51443f3979e6c,VIS-14B4F24ECD79,TRUE,자동 추출,PDF 페이지 렌더링 기반 자동 생성. 원본 대조 필요.
OCC-LAW1-079,LAW1,LAW1-4_3_2,59,페이지 배치 이미지,law-1_p059_occ079_xref00735.png,04_visuals/image_context_crops/law-1_p059_occ079_xref00735.png,xref:735;occurrence:49,,297.148,307.4,545.758,494.643,761,573,,PDF 페이지에 실제 배치된 이미지와 주변 여백을 포함한 문맥 크롭.,"LAW1-4_3_2 / 4-3-2. 안심주택 조례 제7조 제3항에 따라 “간선도로변”의 용도지역 변경 기준은 4-3-1의 기준에 따르되 다음 각 목의 기준을 충족하여야 한다.
가. 용도지역 변경 기준
1) 간선도로변 직접 접하는 경우 : 준주거지역으로 변경을 원칙으로 하되 4-3-1 나목의 인접 및 도로기준 1), 2)에 해당하는 경우 관련 위원회의 심 의를 통해 일반 또는 근린상업지역으로 변경할 수 있다.
2) 간선도로변에 직접 접하지 않는 경우(이면도로) : 준주거지역, 다만, 간선도 로변에 직접 접한 대지의 용도지역을 초과할 수 없다.
나. 입지 및 면적 기준
1) 제1종일반주거지역의 저층주거지(공원, 도로 등 제외)와 연접한 경우는 관 련위원회의 자문을 거쳐 사업 추진여부을 결정할 수 있다.
2) 사업대상지가 간선도로변에 접한 경우 2면 이상(이면도로에 접한 경우 1면 이상)이 도로에 접하면서, 한 면은 최소 6m 이상의 도로에 접해야 한다. 차량진출입은 이면도로에 계획하여야 하며, 간선도로변에서 직접 연결되는 이면도로에 차량진출입구를 설치하는 경우, 간선도로변에서의 이격거리는 최 소 15m 이상으로 한다.
3) 간선도로변에 접한 경우 간선도로에 접한 대지의 길이는 최소 15m 이상으 로 한다.
가) 면적 및 도로기준(예시)
간선도로변
(사업가능)
간선도로변이
좀
간선도로
이면도로변
(사업가능)
이면도로변 0
간선도로
6mn도로
간선도로변 0
15m 이상
간선도로
6m도로
이면도로변0
간선도로
6mn도로
간선도로변 0
간선도로
6m도로
이면도로변 0
간선도로
(사업불가)
사업불가
4m도로
(사업불가)
4도로
사업불가
간선도로
간선도로
사업
불가
간선도로
(간선도로 연결도로 및 이면부 진출입도로 요건 미충족)
6m도로
사업불가
간선도로
(간선도로 연결도로 및 이면부 진출입도로 요건 미충족)
나) 저층주",44c9fe04eae66a0199b5948d4cc94a9382674947d369f446d3dfdfdd8a9a7d2a,VIS-44C9FE04EAE6,TRUE,자동 추출,PDF 페이지 렌더링 기반 자동 생성. 원본 대조 필요.
OCC-LAW1-080,LAW1,LAW1-4_3_2,59,페이지 배치 이미지,law-1_p059_occ080_xref00737.png,04_visuals/image_context_crops/law-1_p059_occ080_xref00737.png,xref:737;occurrence:50,,297.148,126.158,545.758,313.401,761,573,,PDF 페이지에 실제 배치된 이미지와 주변 여백을 포함한 문맥 크롭.,"LAW1-4_3_2 / 4-3-2. 안심주택 조례 제7조 제3항에 따라 “간선도로변”의 용도지역 변경 기준은 4-3-1의 기준에 따르되 다음 각 목의 기준을 충족하여야 한다.
가. 용도지역 변경 기준
1) 간선도로변 직접 접하는 경우 : 준주거지역으로 변경을 원칙으로 하되 4-3-1 나목의 인접 및 도로기준 1), 2)에 해당하는 경우 관련 위원회의 심 의를 통해 일반 또는 근린상업지역으로 변경할 수 있다.
2) 간선도로변에 직접 접하지 않는 경우(이면도로) : 준주거지역, 다만, 간선도 로변에 직접 접한 대지의 용도지역을 초과할 수 없다.
나. 입지 및 면적 기준
1) 제1종일반주거지역의 저층주거지(공원, 도로 등 제외)와 연접한 경우는 관 련위원회의 자문을 거쳐 사업 추진여부을 결정할 수 있다.
2) 사업대상지가 간선도로변에 접한 경우 2면 이상(이면도로에 접한 경우 1면 이상)이 도로에 접하면서, 한 면은 최소 6m 이상의 도로에 접해야 한다. 차량진출입은 이면도로에 계획하여야 하며, 간선도로변에서 직접 연결되는 이면도로에 차량진출입구를 설치하는 경우, 간선도로변에서의 이격거리는 최 소 15m 이상으로 한다.
3) 간선도로변에 접한 경우 간선도로에 접한 대지의 길이는 최소 15m 이상으 로 한다.
가) 면적 및 도로기준(예시)
간선도로변
(사업가능)
간선도로변이
좀
간선도로
이면도로변
(사업가능)
이면도로변 0
간선도로
6mn도로
간선도로변 0
15m 이상
간선도로
6m도로
이면도로변0
간선도로
6mn도로
간선도로변 0
간선도로
6m도로
이면도로변 0
간선도로
(사업불가)
사업불가
4m도로
(사업불가)
4도로
사업불가
간선도로
간선도로
사업
불가
간선도로
(간선도로 연결도로 및 이면부 진출입도로 요건 미충족)
6m도로
사업불가
간선도로
(간선도로 연결도로 및 이면부 진출입도로 요건 미충족)
나) 저층주",78a07df1a09f8962254657f8342a49f729cf84540c4e8f679c3742510c0da5b3,VIS-78A07DF1A09F,TRUE,자동 추출,PDF 페이지 렌더링 기반 자동 생성. 원본 대조 필요.
OCC-LAW1-085,LAW1,LAW1-4_3_2,60,페이지 배치 이미지,law-1_p060_occ085_xref00763.png,04_visuals/image_context_crops/law-1_p060_occ085_xref00763.png,xref:763;occurrence:51,,58.597,201.915,292.215,391.676,714,581,,PDF 페이지에 실제 배치된 이미지와 주변 여백을 포함한 문맥 크롭.,"LAW1-4_3_2 / 4-3-2. 안심주택 조례 제7조 제3항에 따라 “간선도로변”의 용도지역 변경 기준은 4-3-1의 기준에 따르되 다음 각 목의 기준을 충족하여야 한다.
가. 용도지역 변경 기준
1) 간선도로변 직접 접하는 경우 : 준주거지역으로 변경을 원칙으로 하되 4-3-1 나목의 인접 및 도로기준 1), 2)에 해당하는 경우 관련 위원회의 심 의를 통해 일반 또는 근린상업지역으로 변경할 수 있다.
2) 간선도로변에 직접 접하지 않는 경우(이면도로) : 준주거지역, 다만, 간선도 로변에 직접 접한 대지의 용도지역을 초과할 수 없다.
나. 입지 및 면적 기준
1) 제1종일반주거지역의 저층주거지(공원, 도로 등 제외)와 연접한 경우는 관 련위원회의 자문을 거쳐 사업 추진여부을 결정할 수 있다.
2) 사업대상지가 간선도로변에 접한 경우 2면 이상(이면도로에 접한 경우 1면 이상)이 도로에 접하면서, 한 면은 최소 6m 이상의 도로에 접해야 한다. 차량진출입은 이면도로에 계획하여야 하며, 간선도로변에서 직접 연결되는 이면도로에 차량진출입구를 설치하는 경우, 간선도로변에서의 이격거리는 최 소 15m 이상으로 한다.
3) 간선도로변에 접한 경우 간선도로에 접한 대지의 길이는 최소 15m 이상으 로 한다.
가) 면적 및 도로기준(예시)
간선도로변
(사업가능)
간선도로변이
좀
간선도로
이면도로변
(사업가능)
이면도로변 0
간선도로
6mn도로
간선도로변 0
15m 이상
간선도로
6m도로
이면도로변0
간선도로
6mn도로
간선도로변 0
간선도로
6m도로
이면도로변 0
간선도로
(사업불가)
사업불가
4m도로
(사업불가)
4도로
사업불가
간선도로
간선도로
사업
불가
간선도로
(간선도로 연결도로 및 이면부 진출입도로 요건 미충족)
6m도로
사업불가
간선도로
(간선도로 연결도로 및 이면부 진출입도로 요건 미충족)
나) 저층주",377de7ab26dc689839516355a08424bfe507a463ef779aba5c4ac6d9df8a6899,VIS-377DE7AB26DC,TRUE,자동 추출,PDF 페이지 렌더링 기반 자동 생성. 원본 대조 필요.
OCC-LAW1-086,LAW1,LAW1-4_3_2,60,페이지 배치 이미지,law-1_p060_occ086_xref00764.png,04_visuals/image_context_crops/law-1_p060_occ086_xref00764.png,xref:764;occurrence:52,,302.665,201.915,536.403,391.676,716,581,,PDF 페이지에 실제 배치된 이미지와 주변 여백을 포함한 문맥 크롭.,"LAW1-4_3_2 / 4-3-2. 안심주택 조례 제7조 제3항에 따라 “간선도로변”의 용도지역 변경 기준은 4-3-1의 기준에 따르되 다음 각 목의 기준을 충족하여야 한다.
가. 용도지역 변경 기준
1) 간선도로변 직접 접하는 경우 : 준주거지역으로 변경을 원칙으로 하되 4-3-1 나목의 인접 및 도로기준 1), 2)에 해당하는 경우 관련 위원회의 심 의를 통해 일반 또는 근린상업지역으로 변경할 수 있다.
2) 간선도로변에 직접 접하지 않는 경우(이면도로) : 준주거지역, 다만, 간선도 로변에 직접 접한 대지의 용도지역을 초과할 수 없다.
나. 입지 및 면적 기준
1) 제1종일반주거지역의 저층주거지(공원, 도로 등 제외)와 연접한 경우는 관 련위원회의 자문을 거쳐 사업 추진여부을 결정할 수 있다.
2) 사업대상지가 간선도로변에 접한 경우 2면 이상(이면도로에 접한 경우 1면 이상)이 도로에 접하면서, 한 면은 최소 6m 이상의 도로에 접해야 한다. 차량진출입은 이면도로에 계획하여야 하며, 간선도로변에서 직접 연결되는 이면도로에 차량진출입구를 설치하는 경우, 간선도로변에서의 이격거리는 최 소 15m 이상으로 한다.
3) 간선도로변에 접한 경우 간선도로에 접한 대지의 길이는 최소 15m 이상으 로 한다.
가) 면적 및 도로기준(예시)
간선도로변
(사업가능)
간선도로변이
좀
간선도로
이면도로변
(사업가능)
이면도로변 0
간선도로
6mn도로
간선도로변 0
15m 이상
간선도로
6m도로
이면도로변0
간선도로
6mn도로
간선도로변 0
간선도로
6m도로
이면도로변 0
간선도로
(사업불가)
사업불가
4m도로
(사업불가)
4도로
사업불가
간선도로
간선도로
사업
불가
간선도로
(간선도로 연결도로 및 이면부 진출입도로 요건 미충족)
6m도로
사업불가
간선도로
(간선도로 연결도로 및 이면부 진출입도로 요건 미충족)
나) 저층주",a7faf8c4b80379a26c5d4f3032895f74bdfd0cb1dd917507eff9aa311fa2bc7b,VIS-A7FAF8C4B803,TRUE,자동 추출,PDF 페이지 렌더링 기반 자동 생성. 원본 대조 필요.
OCC-LAW1-087,LAW1,LAW1-4_3_2,60,페이지 배치 이미지,law-1_p060_occ087_xref00740.png,04_visuals/image_context_crops/law-1_p060_occ087_xref00740.png,xref:740;occurrence:53,,54.879,580.101,303.489,767.344,761,573,,PDF 페이지에 실제 배치된 이미지와 주변 여백을 포함한 문맥 크롭.,"LAW1-4_3_2 / 4-3-2. 안심주택 조례 제7조 제3항에 따라 “간선도로변”의 용도지역 변경 기준은 4-3-1의 기준에 따르되 다음 각 목의 기준을 충족하여야 한다.
가. 용도지역 변경 기준
1) 간선도로변 직접 접하는 경우 : 준주거지역으로 변경을 원칙으로 하되 4-3-1 나목의 인접 및 도로기준 1), 2)에 해당하는 경우 관련 위원회의 심 의를 통해 일반 또는 근린상업지역으로 변경할 수 있다.
2) 간선도로변에 직접 접하지 않는 경우(이면도로) : 준주거지역, 다만, 간선도 로변에 직접 접한 대지의 용도지역을 초과할 수 없다.
나. 입지 및 면적 기준
1) 제1종일반주거지역의 저층주거지(공원, 도로 등 제외)와 연접한 경우는 관 련위원회의 자문을 거쳐 사업 추진여부을 결정할 수 있다.
2) 사업대상지가 간선도로변에 접한 경우 2면 이상(이면도로에 접한 경우 1면 이상)이 도로에 접하면서, 한 면은 최소 6m 이상의 도로에 접해야 한다. 차량진출입은 이면도로에 계획하여야 하며, 간선도로변에서 직접 연결되는 이면도로에 차량진출입구를 설치하는 경우, 간선도로변에서의 이격거리는 최 소 15m 이상으로 한다.
3) 간선도로변에 접한 경우 간선도로에 접한 대지의 길이는 최소 15m 이상으 로 한다.
가) 면적 및 도로기준(예시)
간선도로변
(사업가능)
간선도로변이
좀
간선도로
이면도로변
(사업가능)
이면도로변 0
간선도로
6mn도로
간선도로변 0
15m 이상
간선도로
6m도로
이면도로변0
간선도로
6mn도로
간선도로변 0
간선도로
6m도로
이면도로변 0
간선도로
(사업불가)
사업불가
4m도로
(사업불가)
4도로
사업불가
간선도로
간선도로
사업
불가
간선도로
(간선도로 연결도로 및 이면부 진출입도로 요건 미충족)
6m도로
사업불가
간선도로
(간선도로 연결도로 및 이면부 진출입도로 요건 미충족)
나) 저층주",59bf187adcd9f5800b0ea5057a26159421998da3e05f6b9da6c06e71c77f5e2c,VIS-59BF187ADCD9,TRUE,자동 추출,PDF 페이지 렌더링 기반 자동 생성. 원본 대조 필요.
OCC-LAW1-088,LAW1,LAW1-4_3_2,60,페이지 배치 이미지,law-1_p060_occ088_xref00766.png,04_visuals/image_context_crops/law-1_p060_occ088_xref00766.png,xref:766;occurrence:54,,54.879,430.745,303.489,617.988,761,573,,PDF 페이지에 실제 배치된 이미지와 주변 여백을 포함한 문맥 크롭.,"LAW1-4_3_2 / 4-3-2. 안심주택 조례 제7조 제3항에 따라 “간선도로변”의 용도지역 변경 기준은 4-3-1의 기준에 따르되 다음 각 목의 기준을 충족하여야 한다.
가. 용도지역 변경 기준
1) 간선도로변 직접 접하는 경우 : 준주거지역으로 변경을 원칙으로 하되 4-3-1 나목의 인접 및 도로기준 1), 2)에 해당하는 경우 관련 위원회의 심 의를 통해 일반 또는 근린상업지역으로 변경할 수 있다.
2) 간선도로변에 직접 접하지 않는 경우(이면도로) : 준주거지역, 다만, 간선도 로변에 직접 접한 대지의 용도지역을 초과할 수 없다.
나. 입지 및 면적 기준
1) 제1종일반주거지역의 저층주거지(공원, 도로 등 제외)와 연접한 경우는 관 련위원회의 자문을 거쳐 사업 추진여부을 결정할 수 있다.
2) 사업대상지가 간선도로변에 접한 경우 2면 이상(이면도로에 접한 경우 1면 이상)이 도로에 접하면서, 한 면은 최소 6m 이상의 도로에 접해야 한다. 차량진출입은 이면도로에 계획하여야 하며, 간선도로변에서 직접 연결되는 이면도로에 차량진출입구를 설치하는 경우, 간선도로변에서의 이격거리는 최 소 15m 이상으로 한다.
3) 간선도로변에 접한 경우 간선도로에 접한 대지의 길이는 최소 15m 이상으 로 한다.
가) 면적 및 도로기준(예시)
간선도로변
(사업가능)
간선도로변이
좀
간선도로
이면도로변
(사업가능)
이면도로변 0
간선도로
6mn도로
간선도로변 0
15m 이상
간선도로
6m도로
이면도로변0
간선도로
6mn도로
간선도로변 0
간선도로
6m도로
이면도로변 0
간선도로
(사업불가)
사업불가
4m도로
(사업불가)
4도로
사업불가
간선도로
간선도로
사업
불가
간선도로
(간선도로 연결도로 및 이면부 진출입도로 요건 미충족)
6m도로
사업불가
간선도로
(간선도로 연결도로 및 이면부 진출입도로 요건 미충족)
나) 저층주",0a451e90d1436a5abd5939db1f17f76f4c0d5f6b25ad3cb701d29fead8b7d5e9,VIS-0A451E90D143,TRUE,자동 추출,PDF 페이지 렌더링 기반 자동 생성. 원본 대조 필요.
OCC-LAW1-089,LAW1,LAW1-4_3_2,60,페이지 배치 이미지,law-1_p060_occ089_xref00742.png,04_visuals/image_context_crops/law-1_p060_occ089_xref00742.png,xref:742;occurrence:55,,297.148,580.101,545.758,767.344,761,573,,PDF 페이지에 실제 배치된 이미지와 주변 여백을 포함한 문맥 크롭.,"LAW1-4_3_2 / 4-3-2. 안심주택 조례 제7조 제3항에 따라 “간선도로변”의 용도지역 변경 기준은 4-3-1의 기준에 따르되 다음 각 목의 기준을 충족하여야 한다.
가. 용도지역 변경 기준
1) 간선도로변 직접 접하는 경우 : 준주거지역으로 변경을 원칙으로 하되 4-3-1 나목의 인접 및 도로기준 1), 2)에 해당하는 경우 관련 위원회의 심 의를 통해 일반 또는 근린상업지역으로 변경할 수 있다.
2) 간선도로변에 직접 접하지 않는 경우(이면도로) : 준주거지역, 다만, 간선도 로변에 직접 접한 대지의 용도지역을 초과할 수 없다.
나. 입지 및 면적 기준
1) 제1종일반주거지역의 저층주거지(공원, 도로 등 제외)와 연접한 경우는 관 련위원회의 자문을 거쳐 사업 추진여부을 결정할 수 있다.
2) 사업대상지가 간선도로변에 접한 경우 2면 이상(이면도로에 접한 경우 1면 이상)이 도로에 접하면서, 한 면은 최소 6m 이상의 도로에 접해야 한다. 차량진출입은 이면도로에 계획하여야 하며, 간선도로변에서 직접 연결되는 이면도로에 차량진출입구를 설치하는 경우, 간선도로변에서의 이격거리는 최 소 15m 이상으로 한다.
3) 간선도로변에 접한 경우 간선도로에 접한 대지의 길이는 최소 15m 이상으 로 한다.
가) 면적 및 도로기준(예시)
간선도로변
(사업가능)
간선도로변이
좀
간선도로
이면도로변
(사업가능)
이면도로변 0
간선도로
6mn도로
간선도로변 0
15m 이상
간선도로
6m도로
이면도로변0
간선도로
6mn도로
간선도로변 0
간선도로
6m도로
이면도로변 0
간선도로
(사업불가)
사업불가
4m도로
(사업불가)
4도로
사업불가
간선도로
간선도로
사업
불가
간선도로
(간선도로 연결도로 및 이면부 진출입도로 요건 미충족)
6m도로
사업불가
간선도로
(간선도로 연결도로 및 이면부 진출입도로 요건 미충족)
나) 저층주",7a015c4290583058d897aeba14bd784c9c42050e44f9cb5eaf088b551852bb82,VIS-7A015C429058,TRUE,자동 추출,PDF 페이지 렌더링 기반 자동 생성. 원본 대조 필요.
OCC-LAW1-090,LAW1,LAW1-4_3_2,60,페이지 배치 이미지,law-1_p060_occ090_xref00774.png,04_visuals/image_context_crops/law-1_p060_occ090_xref00774.png,xref:774;occurrence:56,,297.148,430.745,545.758,617.988,761,573,,PDF 페이지에 실제 배치된 이미지와 주변 여백을 포함한 문맥 크롭.,"LAW1-4_3_2 / 4-3-2. 안심주택 조례 제7조 제3항에 따라 “간선도로변”의 용도지역 변경 기준은 4-3-1의 기준에 따르되 다음 각 목의 기준을 충족하여야 한다.
가. 용도지역 변경 기준
1) 간선도로변 직접 접하는 경우 : 준주거지역으로 변경을 원칙으로 하되 4-3-1 나목의 인접 및 도로기준 1), 2)에 해당하는 경우 관련 위원회의 심 의를 통해 일반 또는 근린상업지역으로 변경할 수 있다.
2) 간선도로변에 직접 접하지 않는 경우(이면도로) : 준주거지역, 다만, 간선도 로변에 직접 접한 대지의 용도지역을 초과할 수 없다.
나. 입지 및 면적 기준
1) 제1종일반주거지역의 저층주거지(공원, 도로 등 제외)와 연접한 경우는 관 련위원회의 자문을 거쳐 사업 추진여부을 결정할 수 있다.
2) 사업대상지가 간선도로변에 접한 경우 2면 이상(이면도로에 접한 경우 1면 이상)이 도로에 접하면서, 한 면은 최소 6m 이상의 도로에 접해야 한다. 차량진출입은 이면도로에 계획하여야 하며, 간선도로변에서 직접 연결되는 이면도로에 차량진출입구를 설치하는 경우, 간선도로변에서의 이격거리는 최 소 15m 이상으로 한다.
3) 간선도로변에 접한 경우 간선도로에 접한 대지의 길이는 최소 15m 이상으 로 한다.
가) 면적 및 도로기준(예시)
간선도로변
(사업가능)
간선도로변이
좀
간선도로
이면도로변
(사업가능)
이면도로변 0
간선도로
6mn도로
간선도로변 0
15m 이상
간선도로
6m도로
이면도로변0
간선도로
6mn도로
간선도로변 0
간선도로
6m도로
이면도로변 0
간선도로
(사업불가)
사업불가
4m도로
(사업불가)
4도로
사업불가
간선도로
간선도로
사업
불가
간선도로
(간선도로 연결도로 및 이면부 진출입도로 요건 미충족)
6m도로
사업불가
간선도로
(간선도로 연결도로 및 이면부 진출입도로 요건 미충족)
나) 저층주",0045a965bd70b60595ccfc7c54f2bc1fec1dfaf5d3084dd24fc30aa14a9036f5,VIS-0045A965BD70,TRUE,자동 추출,PDF 페이지 렌더링 기반 자동 생성. 원본 대조 필요.
OCC-LAW1-093,LAW1,LAW1-4_3_3,61,페이지 배치 이미지,law-1_p061_occ093_xref00787.png,04_visuals/image_context_crops/law-1_p061_occ093_xref00787.png,xref:787;occurrence:57,,45.164,563.679,305.768,759.193,797,599,,PDF 페이지에 실제 배치된 이미지와 주변 여백을 포함한 문맥 크롭.,"LAW1-4_3_3 / 4-3-3. 안심주택 조례 제7조 제3항에 따라 “의료시설 중심지역”의 용도지역 변경 기준은 4-3-1의 기준에 따르되 다음의 요건을 충족하여야 한다.
가. 의료시설의 대상부지에 의료시설 외 용도의 건물이 있는 경우 의료시설 건물 과 의료시설 외의 건축물의 중심 또는 도로중심선을 경계로 한다. 해당 범위 의 구체적인 사항은 시장이 별도로 정할 수 있다.
[의료시설 외의 건축물의 중심]
의료시설의대상부지
의료시설외
건축물의중심
용도의건축물
의학대학(원)
기숙사등
의로시설
중심지역
[해당 부지에 도로가 있는 경우]
의로시설의대상부지
의료시설외
의료시설
용도의건축물
중심지역
의학대학원)
기숙사등
부지내도로중심선
나. 사업대상지는 최소 6m 이상의 도로에 접하고 이면도로에서 차량 진출입을 우선적으로 검토한다.",1d806818c52688f0225afc5ab0ded01c07d39fd00c5f68c3398842a1189f5b4e,VIS-1D806818C526,TRUE,자동 추출,PDF 페이지 렌더링 기반 자동 생성. 원본 대조 필요.
OCC-LAW1-094,LAW1,LAW1-4_3_3,61,페이지 배치 이미지,law-1_p061_occ094_xref00789.png,04_visuals/image_context_crops/law-1_p061_occ094_xref00789.png,xref:789;occurrence:58,,289.233,563.679,549.837,759.193,798,599,,PDF 페이지에 실제 배치된 이미지와 주변 여백을 포함한 문맥 크롭.,"LAW1-4_3_3 / 4-3-3. 안심주택 조례 제7조 제3항에 따라 “의료시설 중심지역”의 용도지역 변경 기준은 4-3-1의 기준에 따르되 다음의 요건을 충족하여야 한다.
가. 의료시설의 대상부지에 의료시설 외 용도의 건물이 있는 경우 의료시설 건물 과 의료시설 외의 건축물의 중심 또는 도로중심선을 경계로 한다. 해당 범위 의 구체적인 사항은 시장이 별도로 정할 수 있다.
[의료시설 외의 건축물의 중심]
의료시설의대상부지
의료시설외
건축물의중심
용도의건축물
의학대학(원)
기숙사등
의로시설
중심지역
[해당 부지에 도로가 있는 경우]
의로시설의대상부지
의료시설외
의료시설
용도의건축물
중심지역
의학대학원)
기숙사등
부지내도로중심선
나. 사업대상지는 최소 6m 이상의 도로에 접하고 이면도로에서 차량 진출입을 우선적으로 검토한다.",8aa6106028d126826f051b69f22d3c2b070e36bfb291cea6f09ddff9ee920e08,VIS-8AA6106028D1,TRUE,자동 추출,PDF 페이지 렌더링 기반 자동 생성. 원본 대조 필요.
OCC-LAW1-095,LAW1,LAW1-4_4_1,64,페이지 배치 이미지,law-1_p064_occ095_xref01376.png,04_visuals/image_context_crops/law-1_p064_occ095_xref01376.png,xref:1376;occurrence:59,,55.238,483.727,328.315,678.282,836,595,,PDF 페이지에 실제 배치된 이미지와 주변 여백을 포함한 문맥 크롭.,"LAW1-4_4_1 / 4-4-1. 안심주택 조례 제7조 제3항에 따라 용도지역 변경이 있는 경우 용적률, 공 공기여율 등 기준은 다음과 같다.
가. 준주거지역으로 변경되는 경우
1) 기본용적률 : 400% 이하
2) 공공기여율
가) 제2종일반주거지역에서 상향되는 경우 : 15% 이상
나) 제3종일반주거지역에서 상향되는 경우 : 10% 이상
3) 용도별 비율
가) 주거 비율 : 85% 이상
나. 근린상업지역으로 변경되는 경우
1) 기본용적률 : 540% 이하
2) 공공기여율
가) 제2종일반주거지역에서 상향되는 경우 : 25% 이상
나) 제3종일반주거지역에서 상향되는 경우 : 20% 이상
다) 준주거지역에서 상향되는 경우 : 10% 이상
3) 용도별 비율
가) 주거 비율 : 80% 이상
나) 비주거 비율 : 10% 이상 (가로변 비주거 설치 의무) 다. 일반상업지역으로 변경되는 경우
1) 기본용적률 : 680% 이하
2) 공공기여율
가) 제2종일반주거지역에서 상향되는 경우 : 30% 이상
나) 제3종일반주거지역에서 상향되는 경우 : 25% 이상
다) 준주거지역에서 상향되는 경우 : 20% 이상
3) 용도별 비율
가) 주거 비율 : 80% 이상
나) 비주거 비율 : 10% 이상 (가로변 비주거 설치 의무)
라. 근린상업지역에서 일반상업지역으로 변경되는 경우
1) 기본용적률 : 700% 이하
2) 공공기여율 : 10%
3) 용도별 비율
가) 주거 비율 : 80% 이상
나) 비주거 비율 : 10% 이상 (가로변 비주거 설치 의무)
마. 제2종일반주거지역으로 변경되는 경우
1) 기본용적률 : 200% 이하
2) 공공기여율
가) 자연녹지지역에서 상향되는 경우 : 30% 이상
나) 제1종일반주거지역에서 상향되는 경우 : 10% 이상
바. 기타
1) 공공기여율 산정기준 등
가) 기본용적률 부여에 따른 공공기여율은 부지면적",dd4b77851cff19c794d6687e4d4413b93eeaf2b9ee339c58815b5d31cdc232d6,VIS-DD4B77851CFF,TRUE,자동 추출,PDF 페이지 렌더링 기반 자동 생성. 원본 대조 필요.
OCC-LAW1-096,LAW1,LAW1-4_4_1,64,페이지 배치 이미지,law-1_p064_occ096_xref01377.png,04_visuals/image_context_crops/law-1_p064_occ096_xref01377.png,xref:1377;occurrence:60,,297.508,488.402,552.355,673.608,779,567,,PDF 페이지에 실제 배치된 이미지와 주변 여백을 포함한 문맥 크롭.,"LAW1-4_4_1 / 4-4-1. 안심주택 조례 제7조 제3항에 따라 용도지역 변경이 있는 경우 용적률, 공 공기여율 등 기준은 다음과 같다.
가. 준주거지역으로 변경되는 경우
1) 기본용적률 : 400% 이하
2) 공공기여율
가) 제2종일반주거지역에서 상향되는 경우 : 15% 이상
나) 제3종일반주거지역에서 상향되는 경우 : 10% 이상
3) 용도별 비율
가) 주거 비율 : 85% 이상
나. 근린상업지역으로 변경되는 경우
1) 기본용적률 : 540% 이하
2) 공공기여율
가) 제2종일반주거지역에서 상향되는 경우 : 25% 이상
나) 제3종일반주거지역에서 상향되는 경우 : 20% 이상
다) 준주거지역에서 상향되는 경우 : 10% 이상
3) 용도별 비율
가) 주거 비율 : 80% 이상
나) 비주거 비율 : 10% 이상 (가로변 비주거 설치 의무) 다. 일반상업지역으로 변경되는 경우
1) 기본용적률 : 680% 이하
2) 공공기여율
가) 제2종일반주거지역에서 상향되는 경우 : 30% 이상
나) 제3종일반주거지역에서 상향되는 경우 : 25% 이상
다) 준주거지역에서 상향되는 경우 : 20% 이상
3) 용도별 비율
가) 주거 비율 : 80% 이상
나) 비주거 비율 : 10% 이상 (가로변 비주거 설치 의무)
라. 근린상업지역에서 일반상업지역으로 변경되는 경우
1) 기본용적률 : 700% 이하
2) 공공기여율 : 10%
3) 용도별 비율
가) 주거 비율 : 80% 이상
나) 비주거 비율 : 10% 이상 (가로변 비주거 설치 의무)
마. 제2종일반주거지역으로 변경되는 경우
1) 기본용적률 : 200% 이하
2) 공공기여율
가) 자연녹지지역에서 상향되는 경우 : 30% 이상
나) 제1종일반주거지역에서 상향되는 경우 : 10% 이상
바. 기타
1) 공공기여율 산정기준 등
가) 기본용적률 부여에 따른 공공기여율은 부지면적",800ff49722e67fe0079c68d642eaecf7dbd692abcf8b3d4737707a610baa9892,VIS-800FF49722E6,TRUE,자동 추출,PDF 페이지 렌더링 기반 자동 생성. 원본 대조 필요.
OCC-LAW1-097,LAW1,LAW1-4_7_4,69,페이지 배치 이미지,law-1_p069_occ097_xref01433.png,04_visuals/image_context_crops/law-1_p069_occ097_xref01433.png,xref:1433;occurrence:61,,90.02,624.693,149.971,681.399,184,174,,PDF 페이지에 실제 배치된 이미지와 주변 여백을 포함한 문맥 크롭.,"LAW1-4_7_4 / 4-7-4. 입주대상자가 신혼부부인 민간임대주택의 경우 임차인이 10년 거주하면, 우
선 양도권을 부여할 수 있으며 매매가격은 시세가격으로 한다.
현금납부 예시
대상지: 부지면적:
3,000㎡(철도부지), 제3종일반주거지역 → 준주거지역
기본용적률 및 상한용적률 부여에 따른 공공기여량 산정
기본용적률 | 상한용적률
400% | 500%
구 분 | 산출근거
기본용적률 | 공공기여율 | 부지면적의 10%
공공기여 | 토지면적 | 300 ㎡ ( = 3,000 ㎡ × 0.1)
상한용적률 공공기여 | 완 화용적률 | 100% ( = 500% - 400%)
공공기여량 | 50% ( = 100% × 1/2)
공공기여율 | 10% ( = 50% / 500%)
토지면적 | 300 ㎡ ( = 3,000 ㎡ × 0.1)
공공기여 총 량(토지면적) | 600 ㎡ ( = 300 ㎡ + 300 ㎡ )
현 금 납부 | 감정평가 액 | 6,000,000원/ ㎡
납부 액 | 3,600,000,000원
구분 | 통합실외기 설치기준 | 유지 · 관리 기준 | 반영여부 (○, ×) 실외 규모
‧ 바닥 면적 6.5 x 1.03 = 6.7 ㎡ 이상 | ‧ 주택건설기준 관한 규 정 실외 기 열 교 환 및 유지보수 반영 ‧ 실외기를 공유하는 세대의 규모 에 따라 효 율적인 기기 선정 ‧ 실외기 보관장소의 입지와 면적의 적정 성 위원회에서 검토 | 등에 에 대해 | 실외기 실면적
‧ 에너지 효 율 등급 1등급~2등급 만족 | ‧ 주요시 책 사 항 중 에너지1등급을 선택 할 경우해당시설기준반 드 시준수 |  | 냉방 능력
‧ 단상 2선식 220 V 60H Z ‧ 실외기 및 실내기 전원은 반 드 시 주 전원차단기와 ELB ( 누 전차단기)를 설 치하고 각 개별 실외기용 전원차단기 와 ELB 를 설치해 야 한다 ‧ 배전반에서실외기간 ",20110160343efd8890ebf6eca79bbab4348dfbb705ead1cc2be35bf33ce241c6,VIS-20110160343E,TRUE,자동 추출,PDF 페이지 렌더링 기반 자동 생성. 원본 대조 필요.
OCC-LAW1-098,LAW1,LAW1-4_7_4,69,페이지 배치 이미지,law-1_p069_occ098_xref01433.png,04_visuals/image_context_crops/law-1_p069_occ098_xref01433.png,xref:1433;occurrence:62,,276.4,657.177,336.351,713.883,184,174,,PDF 페이지에 실제 배치된 이미지와 주변 여백을 포함한 문맥 크롭.,"LAW1-4_7_4 / 4-7-4. 입주대상자가 신혼부부인 민간임대주택의 경우 임차인이 10년 거주하면, 우
선 양도권을 부여할 수 있으며 매매가격은 시세가격으로 한다.
현금납부 예시
대상지: 부지면적:
3,000㎡(철도부지), 제3종일반주거지역 → 준주거지역
기본용적률 및 상한용적률 부여에 따른 공공기여량 산정
기본용적률 | 상한용적률
400% | 500%
구 분 | 산출근거
기본용적률 | 공공기여율 | 부지면적의 10%
공공기여 | 토지면적 | 300 ㎡ ( = 3,000 ㎡ × 0.1)
상한용적률 공공기여 | 완 화용적률 | 100% ( = 500% - 400%)
공공기여량 | 50% ( = 100% × 1/2)
공공기여율 | 10% ( = 50% / 500%)
토지면적 | 300 ㎡ ( = 3,000 ㎡ × 0.1)
공공기여 총 량(토지면적) | 600 ㎡ ( = 300 ㎡ + 300 ㎡ )
현 금 납부 | 감정평가 액 | 6,000,000원/ ㎡
납부 액 | 3,600,000,000원
구분 | 통합실외기 설치기준 | 유지 · 관리 기준 | 반영여부 (○, ×) 실외 규모
‧ 바닥 면적 6.5 x 1.03 = 6.7 ㎡ 이상 | ‧ 주택건설기준 관한 규 정 실외 기 열 교 환 및 유지보수 반영 ‧ 실외기를 공유하는 세대의 규모 에 따라 효 율적인 기기 선정 ‧ 실외기 보관장소의 입지와 면적의 적정 성 위원회에서 검토 | 등에 에 대해 | 실외기 실면적
‧ 에너지 효 율 등급 1등급~2등급 만족 | ‧ 주요시 책 사 항 중 에너지1등급을 선택 할 경우해당시설기준반 드 시준수 |  | 냉방 능력
‧ 단상 2선식 220 V 60H Z ‧ 실외기 및 실내기 전원은 반 드 시 주 전원차단기와 ELB ( 누 전차단기)를 설 치하고 각 개별 실외기용 전원차단기 와 ELB 를 설치해 야 한다 ‧ 배전반에서실외기간 ",88571ce0226870f7df53dcf357b823bb839c28c5dbd778e5a7eea7d787f357e4,VIS-88571CE02268,TRUE,자동 추출,PDF 페이지 렌더링 기반 자동 생성. 원본 대조 필요.
OCC-LAW1-099,LAW1,LAW1-4_7_4,69,페이지 배치 이미지,law-1_p069_occ099_xref01433.png,04_visuals/image_context_crops/law-1_p069_occ099_xref01433.png,xref:1433;occurrence:63,,276.4,631.165,336.351,687.871,184,175,,PDF 페이지에 실제 배치된 이미지와 주변 여백을 포함한 문맥 크롭.,"LAW1-4_7_4 / 4-7-4. 입주대상자가 신혼부부인 민간임대주택의 경우 임차인이 10년 거주하면, 우
선 양도권을 부여할 수 있으며 매매가격은 시세가격으로 한다.
현금납부 예시
대상지: 부지면적:
3,000㎡(철도부지), 제3종일반주거지역 → 준주거지역
기본용적률 및 상한용적률 부여에 따른 공공기여량 산정
기본용적률 | 상한용적률
400% | 500%
구 분 | 산출근거
기본용적률 | 공공기여율 | 부지면적의 10%
공공기여 | 토지면적 | 300 ㎡ ( = 3,000 ㎡ × 0.1)
상한용적률 공공기여 | 완 화용적률 | 100% ( = 500% - 400%)
공공기여량 | 50% ( = 100% × 1/2)
공공기여율 | 10% ( = 50% / 500%)
토지면적 | 300 ㎡ ( = 3,000 ㎡ × 0.1)
공공기여 총 량(토지면적) | 600 ㎡ ( = 300 ㎡ + 300 ㎡ )
현 금 납부 | 감정평가 액 | 6,000,000원/ ㎡
납부 액 | 3,600,000,000원
구분 | 통합실외기 설치기준 | 유지 · 관리 기준 | 반영여부 (○, ×) 실외 규모
‧ 바닥 면적 6.5 x 1.03 = 6.7 ㎡ 이상 | ‧ 주택건설기준 관한 규 정 실외 기 열 교 환 및 유지보수 반영 ‧ 실외기를 공유하는 세대의 규모 에 따라 효 율적인 기기 선정 ‧ 실외기 보관장소의 입지와 면적의 적정 성 위원회에서 검토 | 등에 에 대해 | 실외기 실면적
‧ 에너지 효 율 등급 1등급~2등급 만족 | ‧ 주요시 책 사 항 중 에너지1등급을 선택 할 경우해당시설기준반 드 시준수 |  | 냉방 능력
‧ 단상 2선식 220 V 60H Z ‧ 실외기 및 실내기 전원은 반 드 시 주 전원차단기와 ELB ( 누 전차단기)를 설 치하고 각 개별 실외기용 전원차단기 와 ELB 를 설치해 야 한다 ‧ 배전반에서실외기간 ",ef2862b8beadeb36c66ba6969cd5cca6a8b966dd73588c7326984ddcc2a83da3,VIS-EF2862B8BEAD,TRUE,자동 추출,PDF 페이지 렌더링 기반 자동 생성. 원본 대조 필요.
OCC-LAW1-100,LAW1,LAW1-4_7_4,69,페이지 배치 이미지,law-1_p069_occ100_xref01433.png,04_visuals/image_context_crops/law-1_p069_occ100_xref01433.png,xref:1433;occurrence:64,,276.4,605.274,336.351,661.98,184,174,,PDF 페이지에 실제 배치된 이미지와 주변 여백을 포함한 문맥 크롭.,"LAW1-4_7_4 / 4-7-4. 입주대상자가 신혼부부인 민간임대주택의 경우 임차인이 10년 거주하면, 우
선 양도권을 부여할 수 있으며 매매가격은 시세가격으로 한다.
현금납부 예시
대상지: 부지면적:
3,000㎡(철도부지), 제3종일반주거지역 → 준주거지역
기본용적률 및 상한용적률 부여에 따른 공공기여량 산정
기본용적률 | 상한용적률
400% | 500%
구 분 | 산출근거
기본용적률 | 공공기여율 | 부지면적의 10%
공공기여 | 토지면적 | 300 ㎡ ( = 3,000 ㎡ × 0.1)
상한용적률 공공기여 | 완 화용적률 | 100% ( = 500% - 400%)
공공기여량 | 50% ( = 100% × 1/2)
공공기여율 | 10% ( = 50% / 500%)
토지면적 | 300 ㎡ ( = 3,000 ㎡ × 0.1)
공공기여 총 량(토지면적) | 600 ㎡ ( = 300 ㎡ + 300 ㎡ )
현 금 납부 | 감정평가 액 | 6,000,000원/ ㎡
납부 액 | 3,600,000,000원
구분 | 통합실외기 설치기준 | 유지 · 관리 기준 | 반영여부 (○, ×) 실외 규모
‧ 바닥 면적 6.5 x 1.03 = 6.7 ㎡ 이상 | ‧ 주택건설기준 관한 규 정 실외 기 열 교 환 및 유지보수 반영 ‧ 실외기를 공유하는 세대의 규모 에 따라 효 율적인 기기 선정 ‧ 실외기 보관장소의 입지와 면적의 적정 성 위원회에서 검토 | 등에 에 대해 | 실외기 실면적
‧ 에너지 효 율 등급 1등급~2등급 만족 | ‧ 주요시 책 사 항 중 에너지1등급을 선택 할 경우해당시설기준반 드 시준수 |  | 냉방 능력
‧ 단상 2선식 220 V 60H Z ‧ 실외기 및 실내기 전원은 반 드 시 주 전원차단기와 ELB ( 누 전차단기)를 설 치하고 각 개별 실외기용 전원차단기 와 ELB 를 설치해 야 한다 ‧ 배전반에서실외기간 ",ed8e826759010a66a1848d333636acf79eb84cd64404c5752b7adef2876a3ad0,VIS-ED8E82675901,TRUE,자동 추출,PDF 페이지 렌더링 기반 자동 생성. 원본 대조 필요.
OCC-LAW1-101,LAW1,LAW1-4_7_4,69,페이지 배치 이미지,law-1_p069_occ101_xref01433.png,04_visuals/image_context_crops/law-1_p069_occ101_xref01433.png,xref:1433;occurrence:65,,90.02,561.642,149.971,618.348,184,174,,PDF 페이지에 실제 배치된 이미지와 주변 여백을 포함한 문맥 크롭.,"LAW1-4_7_4 / 4-7-4. 입주대상자가 신혼부부인 민간임대주택의 경우 임차인이 10년 거주하면, 우
선 양도권을 부여할 수 있으며 매매가격은 시세가격으로 한다.
현금납부 예시
대상지: 부지면적:
3,000㎡(철도부지), 제3종일반주거지역 → 준주거지역
기본용적률 및 상한용적률 부여에 따른 공공기여량 산정
기본용적률 | 상한용적률
400% | 500%
구 분 | 산출근거
기본용적률 | 공공기여율 | 부지면적의 10%
공공기여 | 토지면적 | 300 ㎡ ( = 3,000 ㎡ × 0.1)
상한용적률 공공기여 | 완 화용적률 | 100% ( = 500% - 400%)
공공기여량 | 50% ( = 100% × 1/2)
공공기여율 | 10% ( = 50% / 500%)
토지면적 | 300 ㎡ ( = 3,000 ㎡ × 0.1)
공공기여 총 량(토지면적) | 600 ㎡ ( = 300 ㎡ + 300 ㎡ )
현 금 납부 | 감정평가 액 | 6,000,000원/ ㎡
납부 액 | 3,600,000,000원
구분 | 통합실외기 설치기준 | 유지 · 관리 기준 | 반영여부 (○, ×) 실외 규모
‧ 바닥 면적 6.5 x 1.03 = 6.7 ㎡ 이상 | ‧ 주택건설기준 관한 규 정 실외 기 열 교 환 및 유지보수 반영 ‧ 실외기를 공유하는 세대의 규모 에 따라 효 율적인 기기 선정 ‧ 실외기 보관장소의 입지와 면적의 적정 성 위원회에서 검토 | 등에 에 대해 | 실외기 실면적
‧ 에너지 효 율 등급 1등급~2등급 만족 | ‧ 주요시 책 사 항 중 에너지1등급을 선택 할 경우해당시설기준반 드 시준수 |  | 냉방 능력
‧ 단상 2선식 220 V 60H Z ‧ 실외기 및 실내기 전원은 반 드 시 주 전원차단기와 ELB ( 누 전차단기)를 설 치하고 각 개별 실외기용 전원차단기 와 ELB 를 설치해 야 한다 ‧ 배전반에서실외기간 ",fdd99aec36f341c5221bfacc817d62a5d788a157421d4705089262f7f9ee725b,VIS-FDD99AEC36F3,TRUE,자동 추출,PDF 페이지 렌더링 기반 자동 생성. 원본 대조 필요.
OCC-LAW1-102,LAW1,LAW1-4_7_4,69,페이지 배치 이미지,law-1_p069_occ102_xref01433.png,04_visuals/image_context_crops/law-1_p069_occ102_xref01433.png,xref:1433;occurrence:66,,90.02,531.075,149.971,587.781,184,174,,PDF 페이지에 실제 배치된 이미지와 주변 여백을 포함한 문맥 크롭.,"LAW1-4_7_4 / 4-7-4. 입주대상자가 신혼부부인 민간임대주택의 경우 임차인이 10년 거주하면, 우
선 양도권을 부여할 수 있으며 매매가격은 시세가격으로 한다.
현금납부 예시
대상지: 부지면적:
3,000㎡(철도부지), 제3종일반주거지역 → 준주거지역
기본용적률 및 상한용적률 부여에 따른 공공기여량 산정
기본용적률 | 상한용적률
400% | 500%
구 분 | 산출근거
기본용적률 | 공공기여율 | 부지면적의 10%
공공기여 | 토지면적 | 300 ㎡ ( = 3,000 ㎡ × 0.1)
상한용적률 공공기여 | 완 화용적률 | 100% ( = 500% - 400%)
공공기여량 | 50% ( = 100% × 1/2)
공공기여율 | 10% ( = 50% / 500%)
토지면적 | 300 ㎡ ( = 3,000 ㎡ × 0.1)
공공기여 총 량(토지면적) | 600 ㎡ ( = 300 ㎡ + 300 ㎡ )
현 금 납부 | 감정평가 액 | 6,000,000원/ ㎡
납부 액 | 3,600,000,000원
구분 | 통합실외기 설치기준 | 유지 · 관리 기준 | 반영여부 (○, ×) 실외 규모
‧ 바닥 면적 6.5 x 1.03 = 6.7 ㎡ 이상 | ‧ 주택건설기준 관한 규 정 실외 기 열 교 환 및 유지보수 반영 ‧ 실외기를 공유하는 세대의 규모 에 따라 효 율적인 기기 선정 ‧ 실외기 보관장소의 입지와 면적의 적정 성 위원회에서 검토 | 등에 에 대해 | 실외기 실면적
‧ 에너지 효 율 등급 1등급~2등급 만족 | ‧ 주요시 책 사 항 중 에너지1등급을 선택 할 경우해당시설기준반 드 시준수 |  | 냉방 능력
‧ 단상 2선식 220 V 60H Z ‧ 실외기 및 실내기 전원은 반 드 시 주 전원차단기와 ELB ( 누 전차단기)를 설 치하고 각 개별 실외기용 전원차단기 와 ELB 를 설치해 야 한다 ‧ 배전반에서실외기간 ",7946b103ec991f6c636da5319b741f0c77428511b3645fb1507a5bca07a33c0b,VIS-7946B103EC99,TRUE,자동 추출,PDF 페이지 렌더링 기반 자동 생성. 원본 대조 필요.
OCC-LAW1-103,LAW1,LAW1-4_7_4,69,페이지 배치 이미지,law-1_p069_occ103_xref01433.png,04_visuals/image_context_crops/law-1_p069_occ103_xref01433.png,xref:1433;occurrence:67,,90.02,518.009,149.971,574.715,184,174,,PDF 페이지에 실제 배치된 이미지와 주변 여백을 포함한 문맥 크롭.,"LAW1-4_7_4 / 4-7-4. 입주대상자가 신혼부부인 민간임대주택의 경우 임차인이 10년 거주하면, 우
선 양도권을 부여할 수 있으며 매매가격은 시세가격으로 한다.
현금납부 예시
대상지: 부지면적:
3,000㎡(철도부지), 제3종일반주거지역 → 준주거지역
기본용적률 및 상한용적률 부여에 따른 공공기여량 산정
기본용적률 | 상한용적률
400% | 500%
구 분 | 산출근거
기본용적률 | 공공기여율 | 부지면적의 10%
공공기여 | 토지면적 | 300 ㎡ ( = 3,000 ㎡ × 0.1)
상한용적률 공공기여 | 완 화용적률 | 100% ( = 500% - 400%)
공공기여량 | 50% ( = 100% × 1/2)
공공기여율 | 10% ( = 50% / 500%)
토지면적 | 300 ㎡ ( = 3,000 ㎡ × 0.1)
공공기여 총 량(토지면적) | 600 ㎡ ( = 300 ㎡ + 300 ㎡ )
현 금 납부 | 감정평가 액 | 6,000,000원/ ㎡
납부 액 | 3,600,000,000원
구분 | 통합실외기 설치기준 | 유지 · 관리 기준 | 반영여부 (○, ×) 실외 규모
‧ 바닥 면적 6.5 x 1.03 = 6.7 ㎡ 이상 | ‧ 주택건설기준 관한 규 정 실외 기 열 교 환 및 유지보수 반영 ‧ 실외기를 공유하는 세대의 규모 에 따라 효 율적인 기기 선정 ‧ 실외기 보관장소의 입지와 면적의 적정 성 위원회에서 검토 | 등에 에 대해 | 실외기 실면적
‧ 에너지 효 율 등급 1등급~2등급 만족 | ‧ 주요시 책 사 항 중 에너지1등급을 선택 할 경우해당시설기준반 드 시준수 |  | 냉방 능력
‧ 단상 2선식 220 V 60H Z ‧ 실외기 및 실내기 전원은 반 드 시 주 전원차단기와 ELB ( 누 전차단기)를 설 치하고 각 개별 실외기용 전원차단기 와 ELB 를 설치해 야 한다 ‧ 배전반에서실외기간 ",8093a28cbb009790262e9351f04687a5e23063606177a77f0947ea2adf9c0852,VIS-8093A28CBB00,TRUE,자동 추출,PDF 페이지 렌더링 기반 자동 생성. 원본 대조 필요.
OCC-LAW1-104,LAW1,LAW1-4_7_4,69,페이지 배치 이미지,law-1_p069_occ104_xref01433.png,04_visuals/image_context_crops/law-1_p069_occ104_xref01433.png,xref:1433;occurrence:68,,90.02,466.106,149.971,522.812,184,174,,PDF 페이지에 실제 배치된 이미지와 주변 여백을 포함한 문맥 크롭.,"LAW1-4_7_4 / 4-7-4. 입주대상자가 신혼부부인 민간임대주택의 경우 임차인이 10년 거주하면, 우
선 양도권을 부여할 수 있으며 매매가격은 시세가격으로 한다.
현금납부 예시
대상지: 부지면적:
3,000㎡(철도부지), 제3종일반주거지역 → 준주거지역
기본용적률 및 상한용적률 부여에 따른 공공기여량 산정
기본용적률 | 상한용적률
400% | 500%
구 분 | 산출근거
기본용적률 | 공공기여율 | 부지면적의 10%
공공기여 | 토지면적 | 300 ㎡ ( = 3,000 ㎡ × 0.1)
상한용적률 공공기여 | 완 화용적률 | 100% ( = 500% - 400%)
공공기여량 | 50% ( = 100% × 1/2)
공공기여율 | 10% ( = 50% / 500%)
토지면적 | 300 ㎡ ( = 3,000 ㎡ × 0.1)
공공기여 총 량(토지면적) | 600 ㎡ ( = 300 ㎡ + 300 ㎡ )
현 금 납부 | 감정평가 액 | 6,000,000원/ ㎡
납부 액 | 3,600,000,000원
구분 | 통합실외기 설치기준 | 유지 · 관리 기준 | 반영여부 (○, ×) 실외 규모
‧ 바닥 면적 6.5 x 1.03 = 6.7 ㎡ 이상 | ‧ 주택건설기준 관한 규 정 실외 기 열 교 환 및 유지보수 반영 ‧ 실외기를 공유하는 세대의 규모 에 따라 효 율적인 기기 선정 ‧ 실외기 보관장소의 입지와 면적의 적정 성 위원회에서 검토 | 등에 에 대해 | 실외기 실면적
‧ 에너지 효 율 등급 1등급~2등급 만족 | ‧ 주요시 책 사 항 중 에너지1등급을 선택 할 경우해당시설기준반 드 시준수 |  | 냉방 능력
‧ 단상 2선식 220 V 60H Z ‧ 실외기 및 실내기 전원은 반 드 시 주 전원차단기와 ELB ( 누 전차단기)를 설 치하고 각 개별 실외기용 전원차단기 와 ELB 를 설치해 야 한다 ‧ 배전반에서실외기간 ",31bc9bad939aa3b288ea209f4c00f49b66275645e47cee0e34c858cdab54284e,VIS-31BC9BAD939A,TRUE,자동 추출,PDF 페이지 렌더링 기반 자동 생성. 원본 대조 필요.
OCC-LAW1-105,LAW1,LAW1-4_7_4,69,페이지 배치 이미지,law-1_p069_occ105_xref01433.png,04_visuals/image_context_crops/law-1_p069_occ105_xref01433.png,xref:1433;occurrence:69,,276.4,505.063,336.351,561.769,184,174,,PDF 페이지에 실제 배치된 이미지와 주변 여백을 포함한 문맥 크롭.,"LAW1-4_7_4 / 4-7-4. 입주대상자가 신혼부부인 민간임대주택의 경우 임차인이 10년 거주하면, 우
선 양도권을 부여할 수 있으며 매매가격은 시세가격으로 한다.
현금납부 예시
대상지: 부지면적:
3,000㎡(철도부지), 제3종일반주거지역 → 준주거지역
기본용적률 및 상한용적률 부여에 따른 공공기여량 산정
기본용적률 | 상한용적률
400% | 500%
구 분 | 산출근거
기본용적률 | 공공기여율 | 부지면적의 10%
공공기여 | 토지면적 | 300 ㎡ ( = 3,000 ㎡ × 0.1)
상한용적률 공공기여 | 완 화용적률 | 100% ( = 500% - 400%)
공공기여량 | 50% ( = 100% × 1/2)
공공기여율 | 10% ( = 50% / 500%)
토지면적 | 300 ㎡ ( = 3,000 ㎡ × 0.1)
공공기여 총 량(토지면적) | 600 ㎡ ( = 300 ㎡ + 300 ㎡ )
현 금 납부 | 감정평가 액 | 6,000,000원/ ㎡
납부 액 | 3,600,000,000원
구분 | 통합실외기 설치기준 | 유지 · 관리 기준 | 반영여부 (○, ×) 실외 규모
‧ 바닥 면적 6.5 x 1.03 = 6.7 ㎡ 이상 | ‧ 주택건설기준 관한 규 정 실외 기 열 교 환 및 유지보수 반영 ‧ 실외기를 공유하는 세대의 규모 에 따라 효 율적인 기기 선정 ‧ 실외기 보관장소의 입지와 면적의 적정 성 위원회에서 검토 | 등에 에 대해 | 실외기 실면적
‧ 에너지 효 율 등급 1등급~2등급 만족 | ‧ 주요시 책 사 항 중 에너지1등급을 선택 할 경우해당시설기준반 드 시준수 |  | 냉방 능력
‧ 단상 2선식 220 V 60H Z ‧ 실외기 및 실내기 전원은 반 드 시 주 전원차단기와 ELB ( 누 전차단기)를 설 치하고 각 개별 실외기용 전원차단기 와 ELB 를 설치해 야 한다 ‧ 배전반에서실외기간 ",e946f3f2816d30af3bdde750b3b7a58d9ea9e99388d88e43de7c7af01c94b052,VIS-E946F3F2816D,TRUE,자동 추출,PDF 페이지 렌더링 기반 자동 생성. 원본 대조 필요.
OCC-LAW1-106,LAW1,LAW1-4_7_4,69,페이지 배치 이미지,law-1_p069_occ106_xref01433.png,04_visuals/image_context_crops/law-1_p069_occ106_xref01433.png,xref:1433;occurrence:70,,90.02,416.001,149.971,472.707,184,174,,PDF 페이지에 실제 배치된 이미지와 주변 여백을 포함한 문맥 크롭.,"LAW1-4_7_4 / 4-7-4. 입주대상자가 신혼부부인 민간임대주택의 경우 임차인이 10년 거주하면, 우
선 양도권을 부여할 수 있으며 매매가격은 시세가격으로 한다.
현금납부 예시
대상지: 부지면적:
3,000㎡(철도부지), 제3종일반주거지역 → 준주거지역
기본용적률 및 상한용적률 부여에 따른 공공기여량 산정
기본용적률 | 상한용적률
400% | 500%
구 분 | 산출근거
기본용적률 | 공공기여율 | 부지면적의 10%
공공기여 | 토지면적 | 300 ㎡ ( = 3,000 ㎡ × 0.1)
상한용적률 공공기여 | 완 화용적률 | 100% ( = 500% - 400%)
공공기여량 | 50% ( = 100% × 1/2)
공공기여율 | 10% ( = 50% / 500%)
토지면적 | 300 ㎡ ( = 3,000 ㎡ × 0.1)
공공기여 총 량(토지면적) | 600 ㎡ ( = 300 ㎡ + 300 ㎡ )
현 금 납부 | 감정평가 액 | 6,000,000원/ ㎡
납부 액 | 3,600,000,000원
구분 | 통합실외기 설치기준 | 유지 · 관리 기준 | 반영여부 (○, ×) 실외 규모
‧ 바닥 면적 6.5 x 1.03 = 6.7 ㎡ 이상 | ‧ 주택건설기준 관한 규 정 실외 기 열 교 환 및 유지보수 반영 ‧ 실외기를 공유하는 세대의 규모 에 따라 효 율적인 기기 선정 ‧ 실외기 보관장소의 입지와 면적의 적정 성 위원회에서 검토 | 등에 에 대해 | 실외기 실면적
‧ 에너지 효 율 등급 1등급~2등급 만족 | ‧ 주요시 책 사 항 중 에너지1등급을 선택 할 경우해당시설기준반 드 시준수 |  | 냉방 능력
‧ 단상 2선식 220 V 60H Z ‧ 실외기 및 실내기 전원은 반 드 시 주 전원차단기와 ELB ( 누 전차단기)를 설 치하고 각 개별 실외기용 전원차단기 와 ELB 를 설치해 야 한다 ‧ 배전반에서실외기간 ",be6c88cfe29c500572d32a271b033cac0b3bdb4d6934bfb7de2dd3b77102fa75,VIS-BE6C88CFE29C,TRUE,자동 추출,PDF 페이지 렌더링 기반 자동 생성. 원본 대조 필요.
OCC-LAW1-107,LAW1,LAW1-4_7_4,69,페이지 배치 이미지,law-1_p069_occ107_xref01433.png,04_visuals/image_context_crops/law-1_p069_occ107_xref01433.png,xref:1433;occurrence:71,,276.4,429.067,336.351,485.773,184,174,,PDF 페이지에 실제 배치된 이미지와 주변 여백을 포함한 문맥 크롭.,"LAW1-4_7_4 / 4-7-4. 입주대상자가 신혼부부인 민간임대주택의 경우 임차인이 10년 거주하면, 우
선 양도권을 부여할 수 있으며 매매가격은 시세가격으로 한다.
현금납부 예시
대상지: 부지면적:
3,000㎡(철도부지), 제3종일반주거지역 → 준주거지역
기본용적률 및 상한용적률 부여에 따른 공공기여량 산정
기본용적률 | 상한용적률
400% | 500%
구 분 | 산출근거
기본용적률 | 공공기여율 | 부지면적의 10%
공공기여 | 토지면적 | 300 ㎡ ( = 3,000 ㎡ × 0.1)
상한용적률 공공기여 | 완 화용적률 | 100% ( = 500% - 400%)
공공기여량 | 50% ( = 100% × 1/2)
공공기여율 | 10% ( = 50% / 500%)
토지면적 | 300 ㎡ ( = 3,000 ㎡ × 0.1)
공공기여 총 량(토지면적) | 600 ㎡ ( = 300 ㎡ + 300 ㎡ )
현 금 납부 | 감정평가 액 | 6,000,000원/ ㎡
납부 액 | 3,600,000,000원
구분 | 통합실외기 설치기준 | 유지 · 관리 기준 | 반영여부 (○, ×) 실외 규모
‧ 바닥 면적 6.5 x 1.03 = 6.7 ㎡ 이상 | ‧ 주택건설기준 관한 규 정 실외 기 열 교 환 및 유지보수 반영 ‧ 실외기를 공유하는 세대의 규모 에 따라 효 율적인 기기 선정 ‧ 실외기 보관장소의 입지와 면적의 적정 성 위원회에서 검토 | 등에 에 대해 | 실외기 실면적
‧ 에너지 효 율 등급 1등급~2등급 만족 | ‧ 주요시 책 사 항 중 에너지1등급을 선택 할 경우해당시설기준반 드 시준수 |  | 냉방 능력
‧ 단상 2선식 220 V 60H Z ‧ 실외기 및 실내기 전원은 반 드 시 주 전원차단기와 ELB ( 누 전차단기)를 설 치하고 각 개별 실외기용 전원차단기 와 ELB 를 설치해 야 한다 ‧ 배전반에서실외기간 ",2f6ae1efab71ce8754db3216663276471052e139952bf563409a8ab6da4a577c,VIS-2F6AE1EFAB71,TRUE,자동 추출,PDF 페이지 렌더링 기반 자동 생성. 원본 대조 필요.
OCC-LAW1-108,LAW1,LAW1-4_7_4,69,페이지 배치 이미지,law-1_p069_occ108_xref01433.png,04_visuals/image_context_crops/law-1_p069_occ108_xref01433.png,xref:1433;occurrence:72,,90.02,378.961,149.971,435.667,184,174,,PDF 페이지에 실제 배치된 이미지와 주변 여백을 포함한 문맥 크롭.,"LAW1-4_7_4 / 4-7-4. 입주대상자가 신혼부부인 민간임대주택의 경우 임차인이 10년 거주하면, 우
선 양도권을 부여할 수 있으며 매매가격은 시세가격으로 한다.
현금납부 예시
대상지: 부지면적:
3,000㎡(철도부지), 제3종일반주거지역 → 준주거지역
기본용적률 및 상한용적률 부여에 따른 공공기여량 산정
기본용적률 | 상한용적률
400% | 500%
구 분 | 산출근거
기본용적률 | 공공기여율 | 부지면적의 10%
공공기여 | 토지면적 | 300 ㎡ ( = 3,000 ㎡ × 0.1)
상한용적률 공공기여 | 완 화용적률 | 100% ( = 500% - 400%)
공공기여량 | 50% ( = 100% × 1/2)
공공기여율 | 10% ( = 50% / 500%)
토지면적 | 300 ㎡ ( = 3,000 ㎡ × 0.1)
공공기여 총 량(토지면적) | 600 ㎡ ( = 300 ㎡ + 300 ㎡ )
현 금 납부 | 감정평가 액 | 6,000,000원/ ㎡
납부 액 | 3,600,000,000원
구분 | 통합실외기 설치기준 | 유지 · 관리 기준 | 반영여부 (○, ×) 실외 규모
‧ 바닥 면적 6.5 x 1.03 = 6.7 ㎡ 이상 | ‧ 주택건설기준 관한 규 정 실외 기 열 교 환 및 유지보수 반영 ‧ 실외기를 공유하는 세대의 규모 에 따라 효 율적인 기기 선정 ‧ 실외기 보관장소의 입지와 면적의 적정 성 위원회에서 검토 | 등에 에 대해 | 실외기 실면적
‧ 에너지 효 율 등급 1등급~2등급 만족 | ‧ 주요시 책 사 항 중 에너지1등급을 선택 할 경우해당시설기준반 드 시준수 |  | 냉방 능력
‧ 단상 2선식 220 V 60H Z ‧ 실외기 및 실내기 전원은 반 드 시 주 전원차단기와 ELB ( 누 전차단기)를 설 치하고 각 개별 실외기용 전원차단기 와 ELB 를 설치해 야 한다 ‧ 배전반에서실외기간 ",b978eee75a1d0b4d8c011ee2b5694839e1041614b068cc648a9e5dab926187b4,VIS-B978EEE75A1D,TRUE,자동 추출,PDF 페이지 렌더링 기반 자동 생성. 원본 대조 필요.
OCC-LAW1-109,LAW1,LAW1-4_7_4,69,페이지 배치 이미지,law-1_p069_occ109_xref01433.png,04_visuals/image_context_crops/law-1_p069_occ109_xref01433.png,xref:1433;occurrence:73,,90.02,352.95,149.971,409.656,184,175,,PDF 페이지에 실제 배치된 이미지와 주변 여백을 포함한 문맥 크롭.,"LAW1-4_7_4 / 4-7-4. 입주대상자가 신혼부부인 민간임대주택의 경우 임차인이 10년 거주하면, 우
선 양도권을 부여할 수 있으며 매매가격은 시세가격으로 한다.
현금납부 예시
대상지: 부지면적:
3,000㎡(철도부지), 제3종일반주거지역 → 준주거지역
기본용적률 및 상한용적률 부여에 따른 공공기여량 산정
기본용적률 | 상한용적률
400% | 500%
구 분 | 산출근거
기본용적률 | 공공기여율 | 부지면적의 10%
공공기여 | 토지면적 | 300 ㎡ ( = 3,000 ㎡ × 0.1)
상한용적률 공공기여 | 완 화용적률 | 100% ( = 500% - 400%)
공공기여량 | 50% ( = 100% × 1/2)
공공기여율 | 10% ( = 50% / 500%)
토지면적 | 300 ㎡ ( = 3,000 ㎡ × 0.1)
공공기여 총 량(토지면적) | 600 ㎡ ( = 300 ㎡ + 300 ㎡ )
현 금 납부 | 감정평가 액 | 6,000,000원/ ㎡
납부 액 | 3,600,000,000원
구분 | 통합실외기 설치기준 | 유지 · 관리 기준 | 반영여부 (○, ×) 실외 규모
‧ 바닥 면적 6.5 x 1.03 = 6.7 ㎡ 이상 | ‧ 주택건설기준 관한 규 정 실외 기 열 교 환 및 유지보수 반영 ‧ 실외기를 공유하는 세대의 규모 에 따라 효 율적인 기기 선정 ‧ 실외기 보관장소의 입지와 면적의 적정 성 위원회에서 검토 | 등에 에 대해 | 실외기 실면적
‧ 에너지 효 율 등급 1등급~2등급 만족 | ‧ 주요시 책 사 항 중 에너지1등급을 선택 할 경우해당시설기준반 드 시준수 |  | 냉방 능력
‧ 단상 2선식 220 V 60H Z ‧ 실외기 및 실내기 전원은 반 드 시 주 전원차단기와 ELB ( 누 전차단기)를 설 치하고 각 개별 실외기용 전원차단기 와 ELB 를 설치해 야 한다 ‧ 배전반에서실외기간 ",551c8642d02c3464292aadedb6c58507a56c07e9168334a0f8f035d2cd1f045c,VIS-551C8642D02C,TRUE,자동 추출,PDF 페이지 렌더링 기반 자동 생성. 원본 대조 필요.
OCC-LAW1-110,LAW1,LAW1-4_7_4,69,페이지 배치 이미지,law-1_p069_occ110_xref01433.png,04_visuals/image_context_crops/law-1_p069_occ110_xref01433.png,xref:1433;occurrence:74,,276.4,378.961,336.351,435.667,184,174,,PDF 페이지에 실제 배치된 이미지와 주변 여백을 포함한 문맥 크롭.,"LAW1-4_7_4 / 4-7-4. 입주대상자가 신혼부부인 민간임대주택의 경우 임차인이 10년 거주하면, 우
선 양도권을 부여할 수 있으며 매매가격은 시세가격으로 한다.
현금납부 예시
대상지: 부지면적:
3,000㎡(철도부지), 제3종일반주거지역 → 준주거지역
기본용적률 및 상한용적률 부여에 따른 공공기여량 산정
기본용적률 | 상한용적률
400% | 500%
구 분 | 산출근거
기본용적률 | 공공기여율 | 부지면적의 10%
공공기여 | 토지면적 | 300 ㎡ ( = 3,000 ㎡ × 0.1)
상한용적률 공공기여 | 완 화용적률 | 100% ( = 500% - 400%)
공공기여량 | 50% ( = 100% × 1/2)
공공기여율 | 10% ( = 50% / 500%)
토지면적 | 300 ㎡ ( = 3,000 ㎡ × 0.1)
공공기여 총 량(토지면적) | 600 ㎡ ( = 300 ㎡ + 300 ㎡ )
현 금 납부 | 감정평가 액 | 6,000,000원/ ㎡
납부 액 | 3,600,000,000원
구분 | 통합실외기 설치기준 | 유지 · 관리 기준 | 반영여부 (○, ×) 실외 규모
‧ 바닥 면적 6.5 x 1.03 = 6.7 ㎡ 이상 | ‧ 주택건설기준 관한 규 정 실외 기 열 교 환 및 유지보수 반영 ‧ 실외기를 공유하는 세대의 규모 에 따라 효 율적인 기기 선정 ‧ 실외기 보관장소의 입지와 면적의 적정 성 위원회에서 검토 | 등에 에 대해 | 실외기 실면적
‧ 에너지 효 율 등급 1등급~2등급 만족 | ‧ 주요시 책 사 항 중 에너지1등급을 선택 할 경우해당시설기준반 드 시준수 |  | 냉방 능력
‧ 단상 2선식 220 V 60H Z ‧ 실외기 및 실내기 전원은 반 드 시 주 전원차단기와 ELB ( 누 전차단기)를 설 치하고 각 개별 실외기용 전원차단기 와 ELB 를 설치해 야 한다 ‧ 배전반에서실외기간 ",b71f7e3b2f60eb0f4e5d172b23b9c4784a34ab3b089a3a23e6e68094027c2209,VIS-B71F7E3B2F60,TRUE,자동 추출,PDF 페이지 렌더링 기반 자동 생성. 원본 대조 필요.
OCC-LAW1-111,LAW1,LAW1-4_7_4,69,페이지 배치 이미지,law-1_p069_occ111_xref01433.png,04_visuals/image_context_crops/law-1_p069_occ111_xref01433.png,xref:1433;occurrence:75,,276.4,352.95,336.351,409.656,184,175,,PDF 페이지에 실제 배치된 이미지와 주변 여백을 포함한 문맥 크롭.,"LAW1-4_7_4 / 4-7-4. 입주대상자가 신혼부부인 민간임대주택의 경우 임차인이 10년 거주하면, 우
선 양도권을 부여할 수 있으며 매매가격은 시세가격으로 한다.
현금납부 예시
대상지: 부지면적:
3,000㎡(철도부지), 제3종일반주거지역 → 준주거지역
기본용적률 및 상한용적률 부여에 따른 공공기여량 산정
기본용적률 | 상한용적률
400% | 500%
구 분 | 산출근거
기본용적률 | 공공기여율 | 부지면적의 10%
공공기여 | 토지면적 | 300 ㎡ ( = 3,000 ㎡ × 0.1)
상한용적률 공공기여 | 완 화용적률 | 100% ( = 500% - 400%)
공공기여량 | 50% ( = 100% × 1/2)
공공기여율 | 10% ( = 50% / 500%)
토지면적 | 300 ㎡ ( = 3,000 ㎡ × 0.1)
공공기여 총 량(토지면적) | 600 ㎡ ( = 300 ㎡ + 300 ㎡ )
현 금 납부 | 감정평가 액 | 6,000,000원/ ㎡
납부 액 | 3,600,000,000원
구분 | 통합실외기 설치기준 | 유지 · 관리 기준 | 반영여부 (○, ×) 실외 규모
‧ 바닥 면적 6.5 x 1.03 = 6.7 ㎡ 이상 | ‧ 주택건설기준 관한 규 정 실외 기 열 교 환 및 유지보수 반영 ‧ 실외기를 공유하는 세대의 규모 에 따라 효 율적인 기기 선정 ‧ 실외기 보관장소의 입지와 면적의 적정 성 위원회에서 검토 | 등에 에 대해 | 실외기 실면적
‧ 에너지 효 율 등급 1등급~2등급 만족 | ‧ 주요시 책 사 항 중 에너지1등급을 선택 할 경우해당시설기준반 드 시준수 |  | 냉방 능력
‧ 단상 2선식 220 V 60H Z ‧ 실외기 및 실내기 전원은 반 드 시 주 전원차단기와 ELB ( 누 전차단기)를 설 치하고 각 개별 실외기용 전원차단기 와 ELB 를 설치해 야 한다 ‧ 배전반에서실외기간 ",58240fe15600093560611471e5de44308dd3df24ac7328cd85eaefc0f434e05e,VIS-58240FE15600,TRUE,자동 추출,PDF 페이지 렌더링 기반 자동 생성. 원본 대조 필요.
OCC-LAW1-112,LAW1,LAW1-4_7_4,69,페이지 배치 이미지,law-1_p069_occ112_xref01433.png,04_visuals/image_context_crops/law-1_p069_occ112_xref01433.png,xref:1433;occurrence:76,,90.02,315.91,149.971,372.616,184,174,,PDF 페이지에 실제 배치된 이미지와 주변 여백을 포함한 문맥 크롭.,"LAW1-4_7_4 / 4-7-4. 입주대상자가 신혼부부인 민간임대주택의 경우 임차인이 10년 거주하면, 우
선 양도권을 부여할 수 있으며 매매가격은 시세가격으로 한다.
현금납부 예시
대상지: 부지면적:
3,000㎡(철도부지), 제3종일반주거지역 → 준주거지역
기본용적률 및 상한용적률 부여에 따른 공공기여량 산정
기본용적률 | 상한용적률
400% | 500%
구 분 | 산출근거
기본용적률 | 공공기여율 | 부지면적의 10%
공공기여 | 토지면적 | 300 ㎡ ( = 3,000 ㎡ × 0.1)
상한용적률 공공기여 | 완 화용적률 | 100% ( = 500% - 400%)
공공기여량 | 50% ( = 100% × 1/2)
공공기여율 | 10% ( = 50% / 500%)
토지면적 | 300 ㎡ ( = 3,000 ㎡ × 0.1)
공공기여 총 량(토지면적) | 600 ㎡ ( = 300 ㎡ + 300 ㎡ )
현 금 납부 | 감정평가 액 | 6,000,000원/ ㎡
납부 액 | 3,600,000,000원
구분 | 통합실외기 설치기준 | 유지 · 관리 기준 | 반영여부 (○, ×) 실외 규모
‧ 바닥 면적 6.5 x 1.03 = 6.7 ㎡ 이상 | ‧ 주택건설기준 관한 규 정 실외 기 열 교 환 및 유지보수 반영 ‧ 실외기를 공유하는 세대의 규모 에 따라 효 율적인 기기 선정 ‧ 실외기 보관장소의 입지와 면적의 적정 성 위원회에서 검토 | 등에 에 대해 | 실외기 실면적
‧ 에너지 효 율 등급 1등급~2등급 만족 | ‧ 주요시 책 사 항 중 에너지1등급을 선택 할 경우해당시설기준반 드 시준수 |  | 냉방 능력
‧ 단상 2선식 220 V 60H Z ‧ 실외기 및 실내기 전원은 반 드 시 주 전원차단기와 ELB ( 누 전차단기)를 설 치하고 각 개별 실외기용 전원차단기 와 ELB 를 설치해 야 한다 ‧ 배전반에서실외기간 ",5cbb1870a44911e32fe7860a736af4eb32920ca734326ce627ff52a7144bc0b5,VIS-5CBB1870A449,TRUE,자동 추출,PDF 페이지 렌더링 기반 자동 생성. 원본 대조 필요.
OCC-LAW1-113,LAW1,LAW1-4_7_4,69,페이지 배치 이미지,law-1_p069_occ113_xref01433.png,04_visuals/image_context_crops/law-1_p069_occ113_xref01433.png,xref:1433;occurrence:77,,90.02,289.899,149.971,346.605,184,174,,PDF 페이지에 실제 배치된 이미지와 주변 여백을 포함한 문맥 크롭.,"LAW1-4_7_4 / 4-7-4. 입주대상자가 신혼부부인 민간임대주택의 경우 임차인이 10년 거주하면, 우
선 양도권을 부여할 수 있으며 매매가격은 시세가격으로 한다.
현금납부 예시
대상지: 부지면적:
3,000㎡(철도부지), 제3종일반주거지역 → 준주거지역
기본용적률 및 상한용적률 부여에 따른 공공기여량 산정
기본용적률 | 상한용적률
400% | 500%
구 분 | 산출근거
기본용적률 | 공공기여율 | 부지면적의 10%
공공기여 | 토지면적 | 300 ㎡ ( = 3,000 ㎡ × 0.1)
상한용적률 공공기여 | 완 화용적률 | 100% ( = 500% - 400%)
공공기여량 | 50% ( = 100% × 1/2)
공공기여율 | 10% ( = 50% / 500%)
토지면적 | 300 ㎡ ( = 3,000 ㎡ × 0.1)
공공기여 총 량(토지면적) | 600 ㎡ ( = 300 ㎡ + 300 ㎡ )
현 금 납부 | 감정평가 액 | 6,000,000원/ ㎡
납부 액 | 3,600,000,000원
구분 | 통합실외기 설치기준 | 유지 · 관리 기준 | 반영여부 (○, ×) 실외 규모
‧ 바닥 면적 6.5 x 1.03 = 6.7 ㎡ 이상 | ‧ 주택건설기준 관한 규 정 실외 기 열 교 환 및 유지보수 반영 ‧ 실외기를 공유하는 세대의 규모 에 따라 효 율적인 기기 선정 ‧ 실외기 보관장소의 입지와 면적의 적정 성 위원회에서 검토 | 등에 에 대해 | 실외기 실면적
‧ 에너지 효 율 등급 1등급~2등급 만족 | ‧ 주요시 책 사 항 중 에너지1등급을 선택 할 경우해당시설기준반 드 시준수 |  | 냉방 능력
‧ 단상 2선식 220 V 60H Z ‧ 실외기 및 실내기 전원은 반 드 시 주 전원차단기와 ELB ( 누 전차단기)를 설 치하고 각 개별 실외기용 전원차단기 와 ELB 를 설치해 야 한다 ‧ 배전반에서실외기간 ",06a5623848f69192969fe76f76456abf2c14754a0e72a871bb885276a87f12c4,VIS-06A5623848F6,TRUE,자동 추출,PDF 페이지 렌더링 기반 자동 생성. 원본 대조 필요.
OCC-LAW1-114,LAW1,LAW1-4_7_4,69,페이지 배치 이미지,law-1_p069_occ114_xref01433.png,04_visuals/image_context_crops/law-1_p069_occ114_xref01433.png,xref:1433;occurrence:78,,90.02,250.941,149.971,307.647,184,174,,PDF 페이지에 실제 배치된 이미지와 주변 여백을 포함한 문맥 크롭.,"LAW1-4_7_4 / 4-7-4. 입주대상자가 신혼부부인 민간임대주택의 경우 임차인이 10년 거주하면, 우
선 양도권을 부여할 수 있으며 매매가격은 시세가격으로 한다.
현금납부 예시
대상지: 부지면적:
3,000㎡(철도부지), 제3종일반주거지역 → 준주거지역
기본용적률 및 상한용적률 부여에 따른 공공기여량 산정
기본용적률 | 상한용적률
400% | 500%
구 분 | 산출근거
기본용적률 | 공공기여율 | 부지면적의 10%
공공기여 | 토지면적 | 300 ㎡ ( = 3,000 ㎡ × 0.1)
상한용적률 공공기여 | 완 화용적률 | 100% ( = 500% - 400%)
공공기여량 | 50% ( = 100% × 1/2)
공공기여율 | 10% ( = 50% / 500%)
토지면적 | 300 ㎡ ( = 3,000 ㎡ × 0.1)
공공기여 총 량(토지면적) | 600 ㎡ ( = 300 ㎡ + 300 ㎡ )
현 금 납부 | 감정평가 액 | 6,000,000원/ ㎡
납부 액 | 3,600,000,000원
구분 | 통합실외기 설치기준 | 유지 · 관리 기준 | 반영여부 (○, ×) 실외 규모
‧ 바닥 면적 6.5 x 1.03 = 6.7 ㎡ 이상 | ‧ 주택건설기준 관한 규 정 실외 기 열 교 환 및 유지보수 반영 ‧ 실외기를 공유하는 세대의 규모 에 따라 효 율적인 기기 선정 ‧ 실외기 보관장소의 입지와 면적의 적정 성 위원회에서 검토 | 등에 에 대해 | 실외기 실면적
‧ 에너지 효 율 등급 1등급~2등급 만족 | ‧ 주요시 책 사 항 중 에너지1등급을 선택 할 경우해당시설기준반 드 시준수 |  | 냉방 능력
‧ 단상 2선식 220 V 60H Z ‧ 실외기 및 실내기 전원은 반 드 시 주 전원차단기와 ELB ( 누 전차단기)를 설 치하고 각 개별 실외기용 전원차단기 와 ELB 를 설치해 야 한다 ‧ 배전반에서실외기간 ",51dbadbe5a0262dcc8cb62d32d28f3f632457aa956ba037db0e5455d80ffe342,VIS-51DBADBE5A02,TRUE,자동 추출,PDF 페이지 렌더링 기반 자동 생성. 원본 대조 필요.
OCC-LAW1-115,LAW1,LAW1-4_7_4,69,페이지 배치 이미지,law-1_p069_occ115_xref01444.png,04_visuals/image_context_crops/law-1_p069_occ115_xref01444.png,xref:1444;occurrence:79,,276.4,568.114,331.554,624.82,170,174,,PDF 페이지에 실제 배치된 이미지와 주변 여백을 포함한 문맥 크롭.,"LAW1-4_7_4 / 4-7-4. 입주대상자가 신혼부부인 민간임대주택의 경우 임차인이 10년 거주하면, 우
선 양도권을 부여할 수 있으며 매매가격은 시세가격으로 한다.
현금납부 예시
대상지: 부지면적:
3,000㎡(철도부지), 제3종일반주거지역 → 준주거지역
기본용적률 및 상한용적률 부여에 따른 공공기여량 산정
기본용적률 | 상한용적률
400% | 500%
구 분 | 산출근거
기본용적률 | 공공기여율 | 부지면적의 10%
공공기여 | 토지면적 | 300 ㎡ ( = 3,000 ㎡ × 0.1)
상한용적률 공공기여 | 완 화용적률 | 100% ( = 500% - 400%)
공공기여량 | 50% ( = 100% × 1/2)
공공기여율 | 10% ( = 50% / 500%)
토지면적 | 300 ㎡ ( = 3,000 ㎡ × 0.1)
공공기여 총 량(토지면적) | 600 ㎡ ( = 300 ㎡ + 300 ㎡ )
현 금 납부 | 감정평가 액 | 6,000,000원/ ㎡
납부 액 | 3,600,000,000원
구분 | 통합실외기 설치기준 | 유지 · 관리 기준 | 반영여부 (○, ×) 실외 규모
‧ 바닥 면적 6.5 x 1.03 = 6.7 ㎡ 이상 | ‧ 주택건설기준 관한 규 정 실외 기 열 교 환 및 유지보수 반영 ‧ 실외기를 공유하는 세대의 규모 에 따라 효 율적인 기기 선정 ‧ 실외기 보관장소의 입지와 면적의 적정 성 위원회에서 검토 | 등에 에 대해 | 실외기 실면적
‧ 에너지 효 율 등급 1등급~2등급 만족 | ‧ 주요시 책 사 항 중 에너지1등급을 선택 할 경우해당시설기준반 드 시준수 |  | 냉방 능력
‧ 단상 2선식 220 V 60H Z ‧ 실외기 및 실내기 전원은 반 드 시 주 전원차단기와 ELB ( 누 전차단기)를 설 치하고 각 개별 실외기용 전원차단기 와 ELB 를 설치해 야 한다 ‧ 배전반에서실외기간 ",c60e5836c48f9bb6e6ec393559ff33e924d29fab793512e960836ec75c07c150,VIS-C60E5836C48F,TRUE,자동 추출,PDF 페이지 렌더링 기반 자동 생성. 원본 대조 필요.
TBL-LAW1-001,LAW1,LAW1-2_2_2,6,표 크롭,law-1_p006_LAW1-T001.png,04_visuals/table_crops/law-1_p006_LAW1-T001.png,LAW1-T001,LAW1-T001,73.792,80.48,552.055,227.948,1462,451,,LAW1-T001의 PDF 페이지 렌더링 기반 표 크롭.,"LAW1-2_2_2 / 2-2-2. 안심주택은 분양 또는 SH선매입 중 하나의 방식을 선택하거나, 두 방식을 중복하여 사업을 추진할 수 있다.
< 안심주택의 사업방식 >
분양 방식 | SH선매입 방식
분양 [ 공공지원민간임대주택50%+공공임대주택 ( 공공기여 )] | 공공임대(SH선매입) (주택연면적의 30% 이하)
제외한주택 공공임대(공공기여) | 공공임대(공공기여)
공공지원민간임대(일반공급) | 공공지원민간임대(일반공급)
공공지원민간임대(특별공급) | 공공지원민간임대(특별공급)
가. SH공사의 선매입은 촉진지구내 공공지원민간임대주택 공급 기준(전체 주택 호수의 50% 이상)을 충족하는 범위내에서 전체 주택 연면적의 최대 30% 이내로 하되, 사업규모, 공공기여, 주변임대시장 여건 등을 고려하여 관련위원 회에서 비율을 조정할 수 있다. 다만, 기 승인된 건설·공급 호수 등 촉진계획 의 변경 없이 SH선매입 비율만 변경하는 경우는 관련위원회 심의를 생략할 수 있다.
나. 분양은 사업규모, 공공기여, 주변임대시장 여건 등을 고려하여 관련위원회에서 비율을 조정할 수 있다. 다만 기 승인된 건설·공급 호수 등 촉진계획의 변경 없이 분양 비율만 변경하는 경우는 관련위원회 심의를 생략할 수 있다.
다. 공공지원민간임대주택의 특별공급 및 일반공급의 비율은 관련법규에서 정한
비율의 범위에서 다음 기준에 따른다.
1) 공급비율
가) 특별공급 : 공공지원민간임대주택
총 공급 호수의 20% 이상
나) 일반공급 : 공공지원민간임대주택 총 공급 호수의 80% 미만
2) 임대료
가) 특별공급 : (20%~30%) 입주자 모집공고 전 조사 주변시세의 70% 이하 (30% 이상) 입주자 모집공고 전 조사 주변시세의 75% 이하
나) 일반공급 : 입주자
모집공고 전 조사 주변시세의 85% 이하",707c82e6b7f999f74c8b9be8abd3043b80d55503a571329fca91b2c03cd7941f,VIS-707C82E6B7F9,TRUE,자동 추출,PDF 페이지 렌더링 기반 자동 생성. 원본 대조 필요.
TBL-LAW1-002,LAW1,LAW1-2_3_1,10,표 크롭,law-1_p010_LAW1-T002.png,04_visuals/table_crops/law-1_p010_LAW1-T002.png,LAW1-T002,LAW1-T002,84.475,321.239,552.913,429.716,1432,333,,LAW1-T002의 PDF 페이지 렌더링 기반 표 크롭.,"LAW1-2_3_1 / 2-3-1. 안심주택(안심주택 조례 제7조 제3항을 따른다)의 용도지역 변경 기준은 다 음과 같으며 구체적인 사항은 라목의 사례별 기준을 따른다.
가. 현재 용도지역 기준
1) 제2종일반주거지역으로의 변경: 자연녹지지역, 제1종일반주거지역 ※ 어르신에게 임대주택을 100% 공급하는 경우만 적용
2) 준주거지역으로 변경: 제2종·제3종일반주거지역
3) 일반 또는 근린상업지역으로 변경: 제2종·제3종일반주거지역, 준주거지역 나. 인접 및 도로 기준
1) 준주거지역이나 일반 또는 근린상업지역에 바로 접하고 있어야 한다.
2) 준주거지역이나 일반 또는 근린상업지역과 폭 20m 이하의 도로를 사이에 두고 접하고 있어야 한다.
3) 20m 이상의 간선도로에 접하고 있어야 한다.
[인접 및 도로기준(예시)]
용도지역 변경 가능 대상지 범위
2)
2)
2)
2)
2)
2)
2)
20m 이하
상업지역
3)
3)
3)
1),3)
2),3)
3)
3)
3)
3)
20m 이상 간선도로
승강장 또는 의료시설
20m 이상 간선도로
[인접 사례(예시)]
상업지역에 20m 이하의 도로를 사이에 인접에 해당
두고
고
접
함:
인
접
에 해당
20m 이상의 간선도로에
접
함
다. 사업대상지 인정 기준
1) 안심주택(안심주택 조례 제5조 제2항을 따른다)의 사업대상지의 과반이 대 중교통 또는 의료시설 중심지역에 포함되지 않아 관련위원회의 심의를 통해 사업대상지로 인정 받은 경우 추가 공공기여를 제공하여야 한다. 다만, 이 경우 적용되는 역세권 및 의료시설 중심지역 범위는 승강장 경계로부터 250m 이내와 의료시설 대상부지 경계로부터 350m 이내를 말한 다.(1-3-1 가목을 인정받는 경우 승강장 경계로부터 350m 이내로 적용) 가) 검토 대상지 및 사업대상지 인정 시 추가 공공기여 기준
(1) 검토 대상지 : 사업",527852765ba35b448e92c733e89e54c2078bf9cfb69abbcd3cd2b04eca684579,VIS-527852765BA3,TRUE,자동 추출,PDF 페이지 렌더링 기반 자동 생성. 원본 대조 필요.
TBL-LAW1-003,LAW1,LAW1-2_3_1,12,표 크롭,law-1_p012_LAW1-T003.png,04_visuals/table_crops/law-1_p012_LAW1-T003.png,LAW1-T003,LAW1-T003,60.38,62.831,534.302,306.91,1449,747,,LAW1-T003의 PDF 페이지 렌더링 기반 표 크롭.,"LAW1-2_3_1 / 2-3-1. 안심주택(안심주택 조례 제7조 제3항을 따른다)의 용도지역 변경 기준은 다 음과 같으며 구체적인 사항은 라목의 사례별 기준을 따른다.
가. 현재 용도지역 기준
1) 제2종일반주거지역으로의 변경: 자연녹지지역, 제1종일반주거지역 ※ 어르신에게 임대주택을 100% 공급하는 경우만 적용
2) 준주거지역으로 변경: 제2종·제3종일반주거지역
3) 일반 또는 근린상업지역으로 변경: 제2종·제3종일반주거지역, 준주거지역 나. 인접 및 도로 기준
1) 준주거지역이나 일반 또는 근린상업지역에 바로 접하고 있어야 한다.
2) 준주거지역이나 일반 또는 근린상업지역과 폭 20m 이하의 도로를 사이에 두고 접하고 있어야 한다.
3) 20m 이상의 간선도로에 접하고 있어야 한다.
[인접 및 도로기준(예시)]
용도지역 변경 가능 대상지 범위
2)
2)
2)
2)
2)
2)
2)
20m 이하
상업지역
3)
3)
3)
1),3)
2),3)
3)
3)
3)
3)
20m 이상 간선도로
승강장 또는 의료시설
20m 이상 간선도로
[인접 사례(예시)]
상업지역에 20m 이하의 도로를 사이에 인접에 해당
두고
고
접
함:
인
접
에 해당
20m 이상의 간선도로에
접
함
다. 사업대상지 인정 기준
1) 안심주택(안심주택 조례 제5조 제2항을 따른다)의 사업대상지의 과반이 대 중교통 또는 의료시설 중심지역에 포함되지 않아 관련위원회의 심의를 통해 사업대상지로 인정 받은 경우 추가 공공기여를 제공하여야 한다. 다만, 이 경우 적용되는 역세권 및 의료시설 중심지역 범위는 승강장 경계로부터 250m 이내와 의료시설 대상부지 경계로부터 350m 이내를 말한 다.(1-3-1 가목을 인정받는 경우 승강장 경계로부터 350m 이내로 적용) 가) 검토 대상지 및 사업대상지 인정 시 추가 공공기여 기준
(1) 검토 대상지 : 사업",ab8652ab0c98da690fd17a9dde7534935ce6a4f601a0fe96580b296c096513ee,VIS-AB8652AB0C98,TRUE,자동 추출,PDF 페이지 렌더링 기반 자동 생성. 원본 대조 필요.
TBL-LAW1-004,LAW1,LAW1-2_3_1,13,표 크롭,law-1_p013_LAW1-T004.png,04_visuals/table_crops/law-1_p013_LAW1-T004.png,LAW1-T004,LAW1-T004,60.612,581.428,534.341,779.238,1448,606,,LAW1-T004의 PDF 페이지 렌더링 기반 표 크롭.,"LAW1-2_3_1 / 2-3-1. 안심주택(안심주택 조례 제7조 제3항을 따른다)의 용도지역 변경 기준은 다 음과 같으며 구체적인 사항은 라목의 사례별 기준을 따른다.
가. 현재 용도지역 기준
1) 제2종일반주거지역으로의 변경: 자연녹지지역, 제1종일반주거지역 ※ 어르신에게 임대주택을 100% 공급하는 경우만 적용
2) 준주거지역으로 변경: 제2종·제3종일반주거지역
3) 일반 또는 근린상업지역으로 변경: 제2종·제3종일반주거지역, 준주거지역 나. 인접 및 도로 기준
1) 준주거지역이나 일반 또는 근린상업지역에 바로 접하고 있어야 한다.
2) 준주거지역이나 일반 또는 근린상업지역과 폭 20m 이하의 도로를 사이에 두고 접하고 있어야 한다.
3) 20m 이상의 간선도로에 접하고 있어야 한다.
[인접 및 도로기준(예시)]
용도지역 변경 가능 대상지 범위
2)
2)
2)
2)
2)
2)
2)
20m 이하
상업지역
3)
3)
3)
1),3)
2),3)
3)
3)
3)
3)
20m 이상 간선도로
승강장 또는 의료시설
20m 이상 간선도로
[인접 사례(예시)]
상업지역에 20m 이하의 도로를 사이에 인접에 해당
두고
고
접
함:
인
접
에 해당
20m 이상의 간선도로에
접
함
다. 사업대상지 인정 기준
1) 안심주택(안심주택 조례 제5조 제2항을 따른다)의 사업대상지의 과반이 대 중교통 또는 의료시설 중심지역에 포함되지 않아 관련위원회의 심의를 통해 사업대상지로 인정 받은 경우 추가 공공기여를 제공하여야 한다. 다만, 이 경우 적용되는 역세권 및 의료시설 중심지역 범위는 승강장 경계로부터 250m 이내와 의료시설 대상부지 경계로부터 350m 이내를 말한 다.(1-3-1 가목을 인정받는 경우 승강장 경계로부터 350m 이내로 적용) 가) 검토 대상지 및 사업대상지 인정 시 추가 공공기여 기준
(1) 검토 대상지 : 사업",08aa0e18c15926a34d18848b38325d88f332394fe1ab257bf599fad7fd95a691,VIS-08AA0E18C159,TRUE,자동 추출,PDF 페이지 렌더링 기반 자동 생성. 원본 대조 필요.
TBL-LAW1-005,LAW1,LAW1-2_4_2,21,표 크롭,law-1_p021_LAW1-T005.png,04_visuals/table_crops/law-1_p021_LAW1-T005.png,LAW1-T005,LAW1-T005,44.048,569.149,551.04,755.49,1550,570,,LAW1-T005의 PDF 페이지 렌더링 기반 표 크롭.,"LAW1-2_4_2 / 2-4-2. 안심주택 조례 제7조 제3항에 따라 용도지역 변경이 없는 경우 용적률, 공 공기여율 등 기준은 다음과 같다.
가. 준주거지역의 경우
1) 기본용적률 및 공공기여율
가) 기본용적률 500% 이하 및 공공기여율 6% 이상
2) 용도별 비율은 준주거지역으로 변경되는 경우와 동일
※ 서울도심은 기본용적률 400% 이하 및 공공기여율 4% 이상으로 하며, 높이는 서울도 심기본계획의 높이계획을 따름
※ 기본용적률 적용은 관련 위원회 자문 또는 심의를 거쳐 허용
나. 준공업지역의 경우
1) 기본용적률 및 공공기여율
가) 기본용적률 : 400% 이하
나) 공공기여율
(1) 공장비율 10% 미만인 경우 : 10% 이상
(2) 공장비율 10% 이상인 경우 : 15% 이상 (단, 공공기여율의 2분의 1은 공공임대주택, 2분의1은 임대산업시설로 확보)
2) 용도별 비율 등
가) 용도별 비율은 준주거지역으로 변경되는 경우와 동일
나) 공장비율 10% 이상인 경우 산업부지 확보비율은 「도시계획 조례」 별표 17에도 불구하고 관련 위원회 심의를 통해 2분의 1까지 완화할 수 있다.
다) 공장의 범위는 「도시계획 조례」 별표 17의 1호에 따른다.
다. 근린상업지역의 경우
1) 기본용적률 및 공공기여율
가) 기본용적률 600% 이하인 경우 공공기여율 8% 이상
나) 기본용적률 700% 이하인 경우 공공기여율 10% 이상
다) 기본용적률 800% 이하인 경우 공공기여율 12% 이상
※ 서울도심은 기본용적률 500% 이하 및 공공기여율 6% 이상으로 하며, 높이는 서
울도심기본계획의 높이계획을 따름
※ 기본용적률 적용은 관련 위원회 자문 또는 심의를 거쳐 허용
2) 용도별 비율은 일반상업지역으로 변경되는 경우와 동일
라. 일반상업지역의 경우
1) 기본용적률 및 공공기여율
가) 기본용적률이 800% 이하인",28370e06b77c2704c1b2f2e29233034c2cf3516ce964374648886fd823cfe7bd,VIS-28370E06B77C,TRUE,자동 추출,PDF 페이지 렌더링 기반 자동 생성. 원본 대조 필요.
TBL-LAW1-006,LAW1,LAW1-2_5_8,24,표 크롭,law-1_p024_LAW1-T006.png,04_visuals/table_crops/law-1_p024_LAW1-T006.png,LAW1-T006,LAW1-T006,83.402,146.264,553.866,332.593,1439,570,,LAW1-T006의 PDF 페이지 렌더링 기반 표 크롭.,"LAW1-2_5_8 / 2-5-8. 단위세대 계획 시 민간임대주택, 공공임대주택 구분 없이 다음 항목을 의무 적으로 설치하여야 하며, 공공임대주택에 설치하는 냉장고, 세탁기, 에어컨의 설치비용을 공공임대주택 매입 계약금액에 실비로 반영하여 정산할 수 있다.
구 분 현관 | 가 구 | 가 전 - | 비
현관 | 수납장(신발장) | - | 
침실·거실·주방 | 붙박이장 (옷장 ), 싱크대 | 냉장고 : (1인) 150리터 이상 (2인) 400리터 이상 세탁기 : (1인) 9kg 이상 (2인) 12kg 이상 에어컨 : (1인) 1대 이상 (각 6평형 이상) (2인) 2대 이상 전자레인지 인덕션(쿡탑) : (1인) 2구 이상 (2인) 3구 이상 | 
욕실·화장실 | 수납장(욕실장) | - | 
가. 가전제품은 가능한 에너지효율 1등급을 적용한다.
나. 어르신 사용 가구는 어르신 신체특성을 고려하여 높이를 계획한다.
다. 인덕션은 다이얼식 또는 조작시 화재 위험이 적은 장치를 권장한다.
라. 에어컨은 천장 매립형으로 설치를 권장한다.
마. 에어컨 실외기는 개별제어 및 개별 요금 부과 등 요건을 만족하는 경우 통합 실외기 설치 허용
※ 통합실외기실 설치기준을 준수하고 관련위원회 심의 시 [붙임4] 체크리스트 제출",3432bad14991c75f10ecd9cbb55130e0ef91f0eddc5f3d00740aee57fc90d2f4,VIS-3432BAD14991,TRUE,자동 추출,PDF 페이지 렌더링 기반 자동 생성. 원본 대조 필요.
TBL-LAW1-007,LAW1,LAW1-2_5_9,25,표 크롭,law-1_p025_LAW1-T007.png,04_visuals/table_crops/law-1_p025_LAW1-T007.png,LAW1-T007,LAW1-T007,80.264,433.331,553.773,505.313,1448,221,,LAW1-T007의 PDF 페이지 렌더링 기반 표 크롭.,"LAW1-2_5_9 / 2-5-9. 발코니를 설치하는 경우 다음의 용도 및 규모 기준을 준수한다.
가. 발코니의 용도 : 발코니 확장시 「건축법 시행령」 제2조 제14호에 따른 용 도(거실 ・ 침실 ・ 창고 등) 기준을 준용하여 계획하며, 설비 ・ 배관 등이 들어가 는 유사 용도의 평면계획을 지양한다.
나. 발코니 확장 이전의 거실 폭원 : 발코니 확장 전 거실의 유효폭(안목)은 2.1m 이상으로 계획한다.
다. 2-5-3에서 규정하는 발코니의 설치기준은 다음과 같다.
주거전용면적 | 발코니면적 | 비고
44㎡이상 60㎡미만 | 발코니 1개소 면적 7㎡이상 | -",394de70d760669168666e15d55e3fe13df7a34b9f50c2500fa6681724347fac3,VIS-394DE70D7606,TRUE,자동 추출,PDF 페이지 렌더링 기반 자동 생성. 원본 대조 필요.
TBL-LAW1-008,LAW1,LAW1-2_5_12,26,표 크롭,law-1_p026_LAW1-T008.png,04_visuals/table_crops/law-1_p026_LAW1-T008.png,LAW1-T008,LAW1-T008,79.613,191.378,553.432,355.125,1449,501,,LAW1-T008의 PDF 페이지 렌더링 기반 표 크롭.,"LAW1-2_5_12 / 2-5-12. 안심주택 건립 시 다음 각 목의 기준에 따라 자주식 주차장으로 설치하여 야 한다. 다만, 사업대상지 면적, 사업여건 등을 감안하여 위원회가 특별히 인정하는 경우 자주식 주차장 비율과 진출입 방법에 대해 조정할 수 있다.
가. 자주식 주차장 비율
1) 대상지 면적 2,000㎡
미만 : 계획 주차대수의 10분의 3 이상 설치
2) 대상지 면적 2,000㎡
이상 : 계획 주차대수의 10분의 5 이상 설치
나. 주차장 진출입 방법
1) 대상지 면적 2,000㎡
미만 : 승강시설(카리프트)
트 ) 허 용
2) 대상지 면적 2,000㎡ 이상~3,000㎡ 미만 : 경사로 설치 또는 위원회 인 정시 승강시설(카리프트) 허용
3) 대상지 면적 3,000㎡ 이상 : 경사로 설치
사업면적(A,㎡) 의무 면적에 | 의무 자주식 주차비율(R,%) | 비 고
1,000㎡~2,000㎡  | 면적에 따라 30%~50% 의무 비율 비례        | 승강시설(카리프트) 허용
2,000㎡~3,000㎡ | 50% | 경사로 또는 위원회 인정시 승강시설(카리프트) 허용
3,000㎡ 이상 | 50% | 경사로",8c964d1df82f29b8f4ef6ad5c4a7261d88e97d544164178846fe8e0d9fb62a30,VIS-8C964D1DF82F,TRUE,자동 추출,PDF 페이지 렌더링 기반 자동 생성. 원본 대조 필요.
TBL-LAW1-009,LAW1,LAW1-2_6_3,28,표 크롭,law-1_p028_LAW1-T009.png,04_visuals/table_crops/law-1_p028_LAW1-T009.png,LAW1-T009,LAW1-T009,78.116,71.015,553.49,275.505,1454,626,,LAW1-T009의 PDF 페이지 렌더링 기반 표 크롭.,"LAW1-2_6_3 / 2-6-3. 안심주택의 부설주차장에 대한 주차공간 배분 및 운영 원칙은 다음과 같다. 다만, 지역 여건 및 실제 운영상황에 따라 입주자와 임대사업자가 협의하여 탄력적으로 운영할 수 있다.
가. 필수(입주자 등) 및 활용(외부개방 등) 배분에 따라 부설주차장을 이용하여 야 함
나. 부설주차장의 공간적 배분 및 배정원칙
1) 공간적 배분
구 분 | 비율(%) 예시 | 설정 기준
합계 | 100 | 
필수 주차공간 | 소계 | 15 | 
장애인, 국가유공자 | 3 | 법정 기준
비주거(상가등) | 12 | 법정 기준
활용가능 주차공간 | 소계 | 85 | 
거주자우선주차 | 10 | 자치구 수요조사 반영
나눔카 | - | 필요시 외부개방 주차공간 일부 활용
일반입주자 및 외부개방 | 75 | 
2) 배정원칙: 순위별 배정을 기본으로 하되 1순위 장애인, 국가유공자용을 제 외한 대상자별 배정 물량, 주차요금은 단지별 상황에 따라 입주자와 임대사 업자가 협의 결정할 수 있음
구분 | 1순위(3% 이하) | 2순위(10% | 이하) | 3순위 | 그 외
대상 | 입주자 필수 (장애인·국가유공자) | 거주자우선주차 | 나눔카 | 입주자 일반 | 외부인 (인근 거주자 등 )
주차요금 | 공영주차장 요금 | 공영주차장 요금 | 협의 요금 | 민영주차장 요금
70% | 100%
※ 운영자문위원회를 통해 유자녀 대상 1순위 포함 가능(10% 이하)
다. 부설주차장 수익은 전액 입주자 관리비 절감을 전제로 하며, 1순위 주차요금 징수 여부는 입주자 협의를 통해 결정, 거주자 우선주차 금액 수준 이내(장애 인, 국가유공자 50%)로 권장
라. 운영위원회의 자문을 거쳐 결정된 부설주차장의 운영계획은 협약서 및 입주 자 모집공고 내용에 포함하여야 한다.
징수 수입
필수 주차(입주자) 거주자 우선주차 나눔카 일반",c42f35a59377bee279622ff4db22f6c6f1565263a1a586a3b882c95dce32cab3,VIS-C42F35A59377,TRUE,자동 추출,PDF 페이지 렌더링 기반 자동 생성. 원본 대조 필요.
TBL-LAW1-010,LAW1,LAW1-2_6_3,29,표 크롭,law-1_p029_LAW1-T010.png,04_visuals/table_crops/law-1_p029_LAW1-T010.png,LAW1-T010,LAW1-T010,79.947,603.447,553.313,709.268,1447,324,,LAW1-T010의 PDF 페이지 렌더링 기반 표 크롭.,"LAW1-2_6_3 / 2-6-3. 안심주택의 부설주차장에 대한 주차공간 배분 및 운영 원칙은 다음과 같다. 다만, 지역 여건 및 실제 운영상황에 따라 입주자와 임대사업자가 협의하여 탄력적으로 운영할 수 있다.
가. 필수(입주자 등) 및 활용(외부개방 등) 배분에 따라 부설주차장을 이용하여 야 함
나. 부설주차장의 공간적 배분 및 배정원칙
1) 공간적 배분
구 분 | 비율(%) 예시 | 설정 기준
합계 | 100 | 
필수 주차공간 | 소계 | 15 | 
장애인, 국가유공자 | 3 | 법정 기준
비주거(상가등) | 12 | 법정 기준
활용가능 주차공간 | 소계 | 85 | 
거주자우선주차 | 10 | 자치구 수요조사 반영
나눔카 | - | 필요시 외부개방 주차공간 일부 활용
일반입주자 및 외부개방 | 75 | 
2) 배정원칙: 순위별 배정을 기본으로 하되 1순위 장애인, 국가유공자용을 제 외한 대상자별 배정 물량, 주차요금은 단지별 상황에 따라 입주자와 임대사 업자가 협의 결정할 수 있음
구분 | 1순위(3% 이하) | 2순위(10% | 이하) | 3순위 | 그 외
대상 | 입주자 필수 (장애인·국가유공자) | 거주자우선주차 | 나눔카 | 입주자 일반 | 외부인 (인근 거주자 등 )
주차요금 | 공영주차장 요금 | 공영주차장 요금 | 협의 요금 | 민영주차장 요금
70% | 100%
※ 운영자문위원회를 통해 유자녀 대상 1순위 포함 가능(10% 이하)
다. 부설주차장 수익은 전액 입주자 관리비 절감을 전제로 하며, 1순위 주차요금 징수 여부는 입주자 협의를 통해 결정, 거주자 우선주차 금액 수준 이내(장애 인, 국가유공자 50%)로 권장
라. 운영위원회의 자문을 거쳐 결정된 부설주차장의 운영계획은 협약서 및 입주 자 모집공고 내용에 포함하여야 한다.
징수 수입
필수 주차(입주자) 거주자 우선주차 나눔카 일반",04667c98b05b123332cc07308745635b1fc2ef6c2ae3e354a419c55e7444d8e9,VIS-04667C98B05B,TRUE,자동 추출,PDF 페이지 렌더링 기반 자동 생성. 원본 대조 필요.
TBL-LAW1-011,LAW1,LAW1-2_6_3,29,표 크롭,law-1_p029_LAW1-T011.png,04_visuals/table_crops/law-1_p029_LAW1-T011.png,LAW1-T011,LAW1-T011,74.387,77.961,520.823,261.263,1365,561,,LAW1-T011의 PDF 페이지 렌더링 기반 표 크롭.,"LAW1-2_6_3 / 2-6-3. 안심주택의 부설주차장에 대한 주차공간 배분 및 운영 원칙은 다음과 같다. 다만, 지역 여건 및 실제 운영상황에 따라 입주자와 임대사업자가 협의하여 탄력적으로 운영할 수 있다.
가. 필수(입주자 등) 및 활용(외부개방 등) 배분에 따라 부설주차장을 이용하여 야 함
나. 부설주차장의 공간적 배분 및 배정원칙
1) 공간적 배분
구 분 | 비율(%) 예시 | 설정 기준
합계 | 100 | 
필수 주차공간 | 소계 | 15 | 
장애인, 국가유공자 | 3 | 법정 기준
비주거(상가등) | 12 | 법정 기준
활용가능 주차공간 | 소계 | 85 | 
거주자우선주차 | 10 | 자치구 수요조사 반영
나눔카 | - | 필요시 외부개방 주차공간 일부 활용
일반입주자 및 외부개방 | 75 | 
2) 배정원칙: 순위별 배정을 기본으로 하되 1순위 장애인, 국가유공자용을 제 외한 대상자별 배정 물량, 주차요금은 단지별 상황에 따라 입주자와 임대사 업자가 협의 결정할 수 있음
구분 | 1순위(3% 이하) | 2순위(10% | 이하) | 3순위 | 그 외
대상 | 입주자 필수 (장애인·국가유공자) | 거주자우선주차 | 나눔카 | 입주자 일반 | 외부인 (인근 거주자 등 )
주차요금 | 공영주차장 요금 | 공영주차장 요금 | 협의 요금 | 민영주차장 요금
70% | 100%
※ 운영자문위원회를 통해 유자녀 대상 1순위 포함 가능(10% 이하)
다. 부설주차장 수익은 전액 입주자 관리비 절감을 전제로 하며, 1순위 주차요금 징수 여부는 입주자 협의를 통해 결정, 거주자 우선주차 금액 수준 이내(장애 인, 국가유공자 50%)로 권장
라. 운영위원회의 자문을 거쳐 결정된 부설주차장의 운영계획은 협약서 및 입주 자 모집공고 내용에 포함하여야 한다.
징수 수입
필수 주차(입주자) 거주자 우선주차 나눔카 일반",d66e22e0fb705597981e33e7bae482c5123b839cb80b6067ca7d205787fa7d3d,VIS-D66E22E0FB70,TRUE,자동 추출,PDF 페이지 렌더링 기반 자동 생성. 원본 대조 필요.
TBL-LAW1-012,LAW1,LAW1-3_2_2,31,표 크롭,law-1_p031_LAW1-T012.png,04_visuals/table_crops/law-1_p031_LAW1-T012.png,LAW1-T012,LAW1-T012,86.146,344.607,550.481,431.909,1420,267,,LAW1-T012의 PDF 페이지 렌더링 기반 표 크롭.,"LAW1-3_2_2 / 3-2-2. 서울형 공유주택은 임대 방식으로 사업을 추진하여야 한다.
< 서울형 공유주택의 사업방식 >
공공임대(공공기여)
공공지원민간임대(일반공급)
공공지원민간임대(특별공급)
가. 공공지원민간임대주택의 특별공급 및 일반공급의 비율은 관련법규에서 정한 비율의 범위에서 다음 기준에 따른다.
1) 공급비율
가) 특별공급 : 공공지원민간임대주택
총 공급 호수의 30% 이상
나) 일반공급 : 공공지원민간임대주택
총 공급 호수의 70% 미만
가. 결정절차
사업제안서
통합심의위원회
주민열람공고
사업계획서 접수
접수 및 검토
관계부서 협의
사전자분
서울시
서울시 자치구
서울시
착공 및 사용승인
통합심의위원회
축진지구 완료공고
지구계획승인및 고시
심의
자치구
서울시
서울시
※ 통합심의위원회 사전자문 및 심의시 자치구 참석",5d535b9961142a044539c14c6cd84e6c88f4a4520e43854c3e9d331b33b7357c,VIS-5D535B996114,TRUE,자동 추출,PDF 페이지 렌더링 기반 자동 생성. 원본 대조 필요.
TBL-LAW1-013,LAW1,LAW1-3_3_1,34,표 크롭,law-1_p034_LAW1-T013.png,04_visuals/table_crops/law-1_p034_LAW1-T013.png,LAW1-T013,LAW1-T013,84.329,345.999,553.246,477.965,1434,404,,LAW1-T013의 PDF 페이지 렌더링 기반 표 크롭.,"LAW1-3_3_1 / 3-3-1. 서울형 공유주택(안심주택 조례 제7조 제3항을 따른다)의 용도지역 변경 기 준은 다음과 같으며 구체적인 사항은 라목의 사례별 기준을 따른다.
가. 현재 용도지역 기준
1) 제3종일반주거지역으로의 변경 : 제2종일반주거지역
2) 준주거지역으로 변경 : 제2종·제3종일반주거지역
3) 일반 또는 근린상업지역으로 변경 : 제2종·제3종일반주거지역, 준주거지역 나. 인접 및 도로 기준
1) 제3종일반주거지역, 준주거지역이나 일반 또는 근린상업지역에 바로 접하고 있어야 한다.
2) 제3종일반주거지역, 준주거지역이나 일반 또는 근린상업지역과 폭 20m 이 하의 도로를 사이에 두고 접하고 있어야 한다.
3) 폭 20m 이상의 간선도로에 접하고 있어야 한다.
4) 폭 15m 이상의 도로에 접하고 있어야 한다.
[인접 및 도로기준(예시)]
용도지역 변경 가능 대상지 범위
2)
2)
2)
2)
2)
2)
2)
20m 이하
상업지역
3)
3)
3)
1),3)
2),3)
3)
3)
3)
3)
20m 이상 간선도로
승강장 또는 의료시설
20m 이상 간선도로
[인접 사례(예시)]
상업지역에 20m 이하의 도로를 사이에 인접에 해당
두고
고
접
함:
인
접
에 해당
20m 이상의 간선도로에 접 함
다. 사업대상지 인정 기준
1) 서울형 공유주택(안심주택 조례 제5조 제2항을 따른다)의 사업대상지의 과 반이 대중교통 또는 의료시설 중심지역에 포함되지 않아 관련위원회의 심의 를 통해 사업대상지로 인정받은 경우 추가 공공기여를 제공하여야 한다. 다 만, 이 경우 적용되는 역세권 및 의료시설 중심지역 범위는 승강장 경계로부 터 250m 이내와 의료시설 대상부지 경계로부터 350m 이내를 말한 다.(1-3-1 가목을 인정받는 경우 승강장 경계로부터 350m 이내로 적용) 가) 검토 대상지 및 사업대상지 인정 ",491f960438ec1979c263ec004c3f27c97740ccdffbe6df3951d37ae09f33a21b,VIS-491F960438EC,TRUE,자동 추출,PDF 페이지 렌더링 기반 자동 생성. 원본 대조 필요.
TBL-LAW1-014,LAW1,LAW1-3_3_1,37,표 크롭,law-1_p037_LAW1-T014.png,04_visuals/table_crops/law-1_p037_LAW1-T014.png,LAW1-T014,LAW1-T014,63.016,322.441,536.733,755.405,1449,1324,,LAW1-T014의 PDF 페이지 렌더링 기반 표 크롭.,"LAW1-3_3_1 / 3-3-1. 서울형 공유주택(안심주택 조례 제7조 제3항을 따른다)의 용도지역 변경 기 준은 다음과 같으며 구체적인 사항은 라목의 사례별 기준을 따른다.
가. 현재 용도지역 기준
1) 제3종일반주거지역으로의 변경 : 제2종일반주거지역
2) 준주거지역으로 변경 : 제2종·제3종일반주거지역
3) 일반 또는 근린상업지역으로 변경 : 제2종·제3종일반주거지역, 준주거지역 나. 인접 및 도로 기준
1) 제3종일반주거지역, 준주거지역이나 일반 또는 근린상업지역에 바로 접하고 있어야 한다.
2) 제3종일반주거지역, 준주거지역이나 일반 또는 근린상업지역과 폭 20m 이 하의 도로를 사이에 두고 접하고 있어야 한다.
3) 폭 20m 이상의 간선도로에 접하고 있어야 한다.
4) 폭 15m 이상의 도로에 접하고 있어야 한다.
[인접 및 도로기준(예시)]
용도지역 변경 가능 대상지 범위
2)
2)
2)
2)
2)
2)
2)
20m 이하
상업지역
3)
3)
3)
1),3)
2),3)
3)
3)
3)
3)
20m 이상 간선도로
승강장 또는 의료시설
20m 이상 간선도로
[인접 사례(예시)]
상업지역에 20m 이하의 도로를 사이에 인접에 해당
두고
고
접
함:
인
접
에 해당
20m 이상의 간선도로에 접 함
다. 사업대상지 인정 기준
1) 서울형 공유주택(안심주택 조례 제5조 제2항을 따른다)의 사업대상지의 과 반이 대중교통 또는 의료시설 중심지역에 포함되지 않아 관련위원회의 심의 를 통해 사업대상지로 인정받은 경우 추가 공공기여를 제공하여야 한다. 다 만, 이 경우 적용되는 역세권 및 의료시설 중심지역 범위는 승강장 경계로부 터 250m 이내와 의료시설 대상부지 경계로부터 350m 이내를 말한 다.(1-3-1 가목을 인정받는 경우 승강장 경계로부터 350m 이내로 적용) 가) 검토 대상지 및 사업대상지 인정 ",77d20a7671cff63ea9f309eb6797c2e2a2fa8fa4258111fb4ce962f9d6064999,VIS-77D20A7671CF,TRUE,자동 추출,PDF 페이지 렌더링 기반 자동 생성. 원본 대조 필요.
TBL-LAW1-015,LAW1,LAW1-3_4_1,42,표 크롭,law-1_p042_LAW1-T015.png,04_visuals/table_crops/law-1_p042_LAW1-T015.png,LAW1-T015,LAW1-T015,78.21,123.925,553.281,226.104,1453,314,,LAW1-T015의 PDF 페이지 렌더링 기반 표 크롭.,"LAW1-3_4_1 / 3-4-1. 용도지역 변경이 있는 경우 용적률, 공공기여율 등 기준은 다음과 같다.
가. 제3종일반주거지역으로 변경되는 경우
1) 기본용적률 : 250% 이하
2) 공공기여율
가) 제2종일반주거지역에서 상향되는 경우 : 10% 이상
나. 준주거지역으로 변경되는 경우
1) 기본용적률 : 400% 이하
2) 공공기여율
가) 제2종일반주거지역에서 상향되는 경우 : 15% 이상
나) 제3종일반주거지역에서 상향되는
경우 : 10% 이상
3) 용도별 비율
가) 주거 비율 : 85% 이상
다. 근린상업지역으로 변경되는 경우
1) 기본용적률 : 540% 이하
2) 공공기여율
가) 제2종일반주거지역에서 상향되는
경우 : 25% 이상
나) 제3종일반주거지역에서 상향되는 경우 : 20% 이상
다) 준주거지역에서 상향되는
경우 : 10% 이상
3) 용도별 비율
가) 주거 비율 : 80% 이상
나) 비주거 비율 : 10% 이상 (가로변 비주거 설치 의무)
라. 일반상업지역으로 변경되는 경우
1) 기본용적률 : 680% 이하
2) 공공기여율
가) 제2종일반주거지역에서 상향되는 경우 : 30% 이상
나) 제3종일반주거지역에서 상향되는 경우 : 25% 이상
다) 준주거지역에서 상향되는 경우: 20% 이상
3) 용도별 비율
가) 주거 비율 : 80% 이상
나) 비주거 비율 : 10% 이상 (가로변 비주거 설치 의무)
마. 근린상업지역에서 일반상업지역으로 변경되는 경우
1) 기본용적률 : 700% 이하
2) 공공기여율 : 10%
3) 용도별 비율
가) 주거 비율 : 80% 이상
나) 비주거 비율 : 10% 이상 (가로변 비주거 설치 의무)
바. 기타
1) 공공기여율 산정기준 등
가) 기본용적률 부여에 따른 공공기여율은 부지면적을 기준으로 한다. 이때
부지면적은 용도지역 또는 용적률이 상향되는 부지를 기준으로 한다.
",5177756e28662e7e9e1432dc49938fb1d572d65b3d7f23a032635105995606eb,VIS-5177756E2866,TRUE,자동 추출,PDF 페이지 렌더링 기반 자동 생성. 원본 대조 필요.
TBL-LAW1-016,LAW1,LAW1-3_4_1,43,표 크롭,law-1_p043_LAW1-T016.png,04_visuals/table_crops/law-1_p043_LAW1-T016.png,LAW1-T016,LAW1-T016,47.584,172.973,553.417,358.014,1546,567,,LAW1-T016의 PDF 페이지 렌더링 기반 표 크롭.,"LAW1-3_4_1 / 3-4-1. 용도지역 변경이 있는 경우 용적률, 공공기여율 등 기준은 다음과 같다.
가. 제3종일반주거지역으로 변경되는 경우
1) 기본용적률 : 250% 이하
2) 공공기여율
가) 제2종일반주거지역에서 상향되는 경우 : 10% 이상
나. 준주거지역으로 변경되는 경우
1) 기본용적률 : 400% 이하
2) 공공기여율
가) 제2종일반주거지역에서 상향되는 경우 : 15% 이상
나) 제3종일반주거지역에서 상향되는
경우 : 10% 이상
3) 용도별 비율
가) 주거 비율 : 85% 이상
다. 근린상업지역으로 변경되는 경우
1) 기본용적률 : 540% 이하
2) 공공기여율
가) 제2종일반주거지역에서 상향되는
경우 : 25% 이상
나) 제3종일반주거지역에서 상향되는 경우 : 20% 이상
다) 준주거지역에서 상향되는
경우 : 10% 이상
3) 용도별 비율
가) 주거 비율 : 80% 이상
나) 비주거 비율 : 10% 이상 (가로변 비주거 설치 의무)
라. 일반상업지역으로 변경되는 경우
1) 기본용적률 : 680% 이하
2) 공공기여율
가) 제2종일반주거지역에서 상향되는 경우 : 30% 이상
나) 제3종일반주거지역에서 상향되는 경우 : 25% 이상
다) 준주거지역에서 상향되는 경우: 20% 이상
3) 용도별 비율
가) 주거 비율 : 80% 이상
나) 비주거 비율 : 10% 이상 (가로변 비주거 설치 의무)
마. 근린상업지역에서 일반상업지역으로 변경되는 경우
1) 기본용적률 : 700% 이하
2) 공공기여율 : 10%
3) 용도별 비율
가) 주거 비율 : 80% 이상
나) 비주거 비율 : 10% 이상 (가로변 비주거 설치 의무)
바. 기타
1) 공공기여율 산정기준 등
가) 기본용적률 부여에 따른 공공기여율은 부지면적을 기준으로 한다. 이때
부지면적은 용도지역 또는 용적률이 상향되는 부지를 기준으로 한다.
",afb6bb4863cbb92c9a842d08819d95159f934c5155031f99450ebee3976c2607,VIS-AFB6BB4863CB,TRUE,자동 추출,PDF 페이지 렌더링 기반 자동 생성. 원본 대조 필요.
TBL-LAW1-017,LAW1,LAW1-3_4_2,45,표 크롭,law-1_p045_LAW1-T017.png,04_visuals/table_crops/law-1_p045_LAW1-T017.png,LAW1-T017,LAW1-T017,48.172,357.5,553.354,522.968,1544,507,,LAW1-T017의 PDF 페이지 렌더링 기반 표 크롭.,"LAW1-3_4_2 / 3-4-2. 안심주택 조례 제7조 제3항에 따라 용도지역 변경이 없는 경우 용적률, 공 공기여율 등 기준은 다음과 같다.
가. 제3종일반주거지역의 경우
1) 기본용적률 및 공공기여율 가) 기본용적률 300% 이하 및 공공기여율 3% 이상
2) 용도별 비율은 제3종일반주거지역으로 변경되는 경우와 동일
나. 준주거지역의 경우
1) 기본용적률 및 공공기여율 가) 기본용적률 500% 이하 및 공공기여율 6% 이상
2) 용도별 비율은 준주거지역으로 변경되는 경우와 동일
※ 서울도심은 기본용적률 400% 이하 및 공공기여율 4% 이상으로 하며, 높이는 서울도
심기본계획의 높이계획을 따름
※
기본용적률 적용은 관련 위원회 자문 또는 심의를 거쳐 허용
다. 준공업지역의 경우
1) 기본용적률 및 공공기여율
가) 기본용적률 : 400% 이하
나) 공공기여율
(1) 공장비율 10% 미만인 경우 : 10% 이상
(2) 공장비율 10% 이상인 경우 : 15% 이상
(단, 공공기여율의 2분의 1은 공공임대주택, 2분의 1은 임대산업시설로 확보)
2) 용도별 비율 등
가) 용도별 비율은 준주거지역으로 변경되는 경우와 동일
나) 공장비율 10% 이상인 경우 산업부지 확보비율은 「도시계획 조례」 별표 17에도 불구하고 관련 위원회 심의를 통해 2분의 1까지 완화할 수 있다.
다) 공장의 범위는 「도시계획 조례」 별표 17의 1호에 따른다. 라. 근린상업지역의 경우
1) 기본용적률 및 공공기여율
가) 기본용적률 600% 이하인 경우 공공기여율 8% 이상
나) 기본용적률 700% 이하인 경우 공공기여율 10% 이상
다) 기본용적률 800% 이하인 경우 공공기여율 12% 이상
※ 서울도심은 기본용적률 500% 이하 및 공공기여율 6% 이상으로 하며, 높이는 서
울도심기본계획의 높이계획을 따름
※ 기본용적률 적용은 관련 ",d21f1bc5eee48b02bb5124769003574ad4318e62429afd42a432a9edb7ad8480,VIS-D21F1BC5EEE4,TRUE,자동 추출,PDF 페이지 렌더링 기반 자동 생성. 원본 대조 필요.
TBL-LAW1-018,LAW1,LAW1-3_5_6,46,표 크롭,law-1_p046_LAW1-T018.png,04_visuals/table_crops/law-1_p046_LAW1-T018.png,LAW1-T018,LAW1-T018,78.252,69.7,553.439,219.432,1453,458,,LAW1-T018의 PDF 페이지 렌더링 기반 표 크롭.,"LAW1-3_5_6 / 3-5-6. 사업시행자는 서울형 공유주택 건립시 「기숙사 건축기준」 이외에 다음 각 목의 사항을 건축계획에 반영하여야 한다.
가. “개인공간”은 1-3-18 가목에 따른 공간을 말하며, 1인 1실을 기본으로 하고 최대 2인 1실을 넘지 않는 공간으로 계획한다.
나. “공유공간”은 1-3-18 나목에 따른 시설을 확보하기 위한 것으로, 다음의 기 준을 적용하여 계획한다.
1) 규모 : 전체 수용 인원에 따라 다음의 기준 면적 이상으로 설치해야 한다.
수용인원 | 공유공간 면적 | 비 고
150인 이하 6㎡ | 6 ㎡ / 인 | 
150인 초과 300인 이하 | 900㎡ + 150인 초과 인원 x 5㎡ / | 
300인 초과 500인 이하 | 1,650㎡ + 300인 초과 인원 x 4㎡ | 
500인 초과 | 2,450㎡ + 500인 초과 인원 x 2.5㎡ | 
가) 기본생활공간 : 기본적인 주거기능을 위한 공간
나) 지원생활공간 : 개인공간 활용도 제고 및 편의 지원을 위한 공간
다) 커뮤니티공간 : 휴식 및 자연스러운 공존을 위한 공간
라) 특화공간 : 여가, 취미, 업무, 특별활동을 위한 공간
구 분 | 공간 사례 | 비 율 | 비 고
 | 기본생활공간 | 공유주방, 공유식당, 공유세탁실, 운동시설 | 70% 이하 연습실, | 공간별 15%이상
 | 지원생활공간 | 개별창고, 택배보관실, 관리사무소 등
 | 커뮤니티공간 | 휴게공간, 라운지, 북카페, 루 프탑 등
특화공간 | 게 스 트 룸 , 공유 취 사실, 스 터 디룸 , 연 습 실, 게임 존 , 반 려 동물 목욕실 등 | 30% 이상 | 1개소 이상 의무
※ 필수공간은 「기숙사 건축기준」 면적 이상으로 확보하여야 하고, 비율은 관련위원회에서 인정 하는 경우 변경할 수 있다.
※ 특화공간 면적은 최대 1/2에 한하여 외부에 설치할",539606c066573fd52d364d5baabe881f5ac0060e64d97ec741313327b3d4bd79,VIS-539606C06657,TRUE,자동 추출,PDF 페이지 렌더링 기반 자동 생성. 원본 대조 필요.
TBL-LAW1-019,LAW1,LAW1-3_5_6,47,표 크롭,law-1_p047_LAW1-T019.png,04_visuals/table_crops/law-1_p047_LAW1-T019.png,LAW1-T019,LAW1-T019,81.371,490.096,553.447,631.004,1444,432,,LAW1-T019의 PDF 페이지 렌더링 기반 표 크롭.,"LAW1-3_5_6 / 3-5-6. 사업시행자는 서울형 공유주택 건립시 「기숙사 건축기준」 이외에 다음 각 목의 사항을 건축계획에 반영하여야 한다.
가. “개인공간”은 1-3-18 가목에 따른 공간을 말하며, 1인 1실을 기본으로 하고 최대 2인 1실을 넘지 않는 공간으로 계획한다.
나. “공유공간”은 1-3-18 나목에 따른 시설을 확보하기 위한 것으로, 다음의 기 준을 적용하여 계획한다.
1) 규모 : 전체 수용 인원에 따라 다음의 기준 면적 이상으로 설치해야 한다.
수용인원 | 공유공간 면적 | 비 고
150인 이하 6㎡ | 6 ㎡ / 인 | 
150인 초과 300인 이하 | 900㎡ + 150인 초과 인원 x 5㎡ / | 
300인 초과 500인 이하 | 1,650㎡ + 300인 초과 인원 x 4㎡ | 
500인 초과 | 2,450㎡ + 500인 초과 인원 x 2.5㎡ | 
가) 기본생활공간 : 기본적인 주거기능을 위한 공간
나) 지원생활공간 : 개인공간 활용도 제고 및 편의 지원을 위한 공간
다) 커뮤니티공간 : 휴식 및 자연스러운 공존을 위한 공간
라) 특화공간 : 여가, 취미, 업무, 특별활동을 위한 공간
구 분 | 공간 사례 | 비 율 | 비 고
 | 기본생활공간 | 공유주방, 공유식당, 공유세탁실, 운동시설 | 70% 이하 연습실, | 공간별 15%이상
 | 지원생활공간 | 개별창고, 택배보관실, 관리사무소 등
 | 커뮤니티공간 | 휴게공간, 라운지, 북카페, 루 프탑 등
특화공간 | 게 스 트 룸 , 공유 취 사실, 스 터 디룸 , 연 습 실, 게임 존 , 반 려 동물 목욕실 등 | 30% 이상 | 1개소 이상 의무
※ 필수공간은 「기숙사 건축기준」 면적 이상으로 확보하여야 하고, 비율은 관련위원회에서 인정 하는 경우 변경할 수 있다.
※ 특화공간 면적은 최대 1/2에 한하여 외부에 설치할",9a160e279d025b88f1a126dd6a66af415bde23b901c2be51202b172cc579ee6c,VIS-9A160E279D02,TRUE,자동 추출,PDF 페이지 렌더링 기반 자동 생성. 원본 대조 필요.
TBL-LAW1-020,LAW1,LAW1-3_5_12,49,표 크롭,law-1_p049_LAW1-T020.png,04_visuals/table_crops/law-1_p049_LAW1-T020.png,LAW1-T020,LAW1-T020,79.503,569.349,553.411,712.953,1449,440,,LAW1-T020의 PDF 페이지 렌더링 기반 표 크롭.,"LAW1-3_5_12 / 3-5-12. 서울형 공유주택 건립 시 다음 각 목의 기준에 따라 계획 주차대수의 10 분의 3~10분의 5 이상을 자주식 주차장으로 설치하여야 하고, 주차장 진출 입을 위한 경사로를 설치하여야 한다. 다만, 사업대상지 면적, 사업여건 등을 감안하여 위원회가 특별히 인정하는 경우 자주식 주차장 비율과 진출입 방법 에 대해 조정할 수 있다.
가. 자주식 주차장 비율
1) 대상지 면적 2,000㎡
미만 : 계획 주차대수의 10분의 3 이상 설치
2) 대상지 면적 2,000㎡ 이상 : 계획 주차대수의 10분의 5 이상 설치
나. 주차장 진출입 방법
1) 대상지 면적 2,000㎡
미만 : 승강시설(카리프트)
트 ) 허 용
3) 대상지 면적 3,000㎡ 이상 : 경사로 설치
사업면적(A,㎡) 의무 면적에 | 의무 자주식 주차비율(R,%) | 비 고
1,000㎡~2,000㎡  | 면적에 따라 30%~50% 의무 비율 비례        | 승강시설(카리프트) 허용
2,000㎡~3,000㎡ | 50% | 경사로 또는 위원회 인정시 승강시설(카리프트) 허용
3,000㎡ 이상 | 50% | 경사로",1bb2ac627faffdde14b3ad0cd354a0264a42bad0a480dfc9ec0371a113b12934,VIS-1BB2AC627FAF,TRUE,자동 추출,PDF 페이지 렌더링 기반 자동 생성. 원본 대조 필요.
TBL-LAW1-021,LAW1,LAW1-3_6_3,50,표 크롭,law-1_p050_LAW1-T021.png,04_visuals/table_crops/law-1_p050_LAW1-T021.png,LAW1-T021,LAW1-T021,78.346,573.353,553.459,779.063,1453,629,,LAW1-T021의 PDF 페이지 렌더링 기반 표 크롭.,"LAW1-3_6_3 / 3-6-3. 서울형 공유주택의 부설주차장에 대한 주차공간 배분 및 운영 원칙은 다음 과 같다. 다만, 지역 여건 및 실제 운영상황에 따라 입주자와 임대사업자가 협의하여 탄력적으로 운영할 수 있다.
가. 필수(입주자 등) 및 활용(외부개방 등) 배분에 따라 부설주차장을 이용하여 야 함
나. 부설주차장의 공간적 배분 및 배정원칙
구 분 | 비율(%) 예시 | 설정 기준
합계 | 100 | 
필수 주차공간 | 소계 | 15 | 
장애인, 국가유공자 | 3 | 법정 기준
비주거(상가등) | 12 | 법정 기준
활용가능 주차공간 | 소계 | 85 | 
거주자우선주차 | 10 | 자치구 수요조사 반영
나눔카 | - | 필요시 외부개방 주차공간 일부 활용
일반입주자 및 외부개방 | 75 | 
2) 배정원칙: 순위별 배정을 기본으로 하되 1순위 장애인, 국가유공자용을 제 외한 대상자별 배정 물량, 주차요금은 단지별 상황에 따라 입주자와 임대사 업자가 협의 결정할 수 있음
구분 | 1순위 | 2순위(25% | 이하) | 3순위 | 그 외
대상 | 입주자 필수 (장애인·국가유공자) | 거주자우선주차 | 나눔카 | 입주자 일반 | 외부인 (인근 거주자 등 )
주차요금 | 공영주차장 요금 | 공영주차장 요금 | 협의 요금 | 민영주차장 요금
70% | 100%
다. 부설주차장 수익은 전액 입주자 관리비 절감을 전제로 하며, 1순위 주차요금 징수 여부는 입주자 협의를 통해 결정, 거주자 우선주차 금액 수준 이내(장애 인, 국가유공자 50%)로 권장
라. 운영위원회의 자문을 거쳐 결정된 부설주차장의 운영계획은 협약서 및 입주 자 모집공고 내용에 포함하여야 한다.
징수 수입
필수 주차(입주자) 거주자 우선주차 나눔카 일반 입주자 , 외부개방 주차
지출 비용
입주자 관리비 인하
일반관리비, 인건비, 운영비(보험등",067b2e7f7217771af2d79cae6675b73a095629a34d975597cae908a07cd11f3f,VIS-067B2E7F7217,TRUE,자동 추출,PDF 페이지 렌더링 기반 자동 생성. 원본 대조 필요.
TBL-LAW1-022,LAW1,LAW1-3_6_3,50,표 크롭,law-1_p050_LAW1-T022.png,04_visuals/table_crops/law-1_p050_LAW1-T022.png,LAW1-T022,LAW1-T022,79.892,406.407,553.318,512.099,1447,324,,LAW1-T022의 PDF 페이지 렌더링 기반 표 크롭.,"LAW1-3_6_3 / 3-6-3. 서울형 공유주택의 부설주차장에 대한 주차공간 배분 및 운영 원칙은 다음 과 같다. 다만, 지역 여건 및 실제 운영상황에 따라 입주자와 임대사업자가 협의하여 탄력적으로 운영할 수 있다.
가. 필수(입주자 등) 및 활용(외부개방 등) 배분에 따라 부설주차장을 이용하여 야 함
나. 부설주차장의 공간적 배분 및 배정원칙
구 분 | 비율(%) 예시 | 설정 기준
합계 | 100 | 
필수 주차공간 | 소계 | 15 | 
장애인, 국가유공자 | 3 | 법정 기준
비주거(상가등) | 12 | 법정 기준
활용가능 주차공간 | 소계 | 85 | 
거주자우선주차 | 10 | 자치구 수요조사 반영
나눔카 | - | 필요시 외부개방 주차공간 일부 활용
일반입주자 및 외부개방 | 75 | 
2) 배정원칙: 순위별 배정을 기본으로 하되 1순위 장애인, 국가유공자용을 제 외한 대상자별 배정 물량, 주차요금은 단지별 상황에 따라 입주자와 임대사 업자가 협의 결정할 수 있음
구분 | 1순위 | 2순위(25% | 이하) | 3순위 | 그 외
대상 | 입주자 필수 (장애인·국가유공자) | 거주자우선주차 | 나눔카 | 입주자 일반 | 외부인 (인근 거주자 등 )
주차요금 | 공영주차장 요금 | 공영주차장 요금 | 협의 요금 | 민영주차장 요금
70% | 100%
다. 부설주차장 수익은 전액 입주자 관리비 절감을 전제로 하며, 1순위 주차요금 징수 여부는 입주자 협의를 통해 결정, 거주자 우선주차 금액 수준 이내(장애 인, 국가유공자 50%)로 권장
라. 운영위원회의 자문을 거쳐 결정된 부설주차장의 운영계획은 협약서 및 입주 자 모집공고 내용에 포함하여야 한다.
징수 수입
필수 주차(입주자) 거주자 우선주차 나눔카 일반 입주자 , 외부개방 주차
지출 비용
입주자 관리비 인하
일반관리비, 인건비, 운영비(보험등",f637b881dd968a9c60d11c31956e3c95956a2023c139cb979ad762c911f3a565,VIS-F637B881DD96,TRUE,자동 추출,PDF 페이지 렌더링 기반 자동 생성. 원본 대조 필요.
TBL-LAW1-023,LAW1,LAW1-3_6_3,51,표 크롭,law-1_p051_LAW1-T023.png,04_visuals/table_crops/law-1_p051_LAW1-T023.png,LAW1-T023,LAW1-T023,74.331,575.807,521.114,779.126,1366,622,,LAW1-T023의 PDF 페이지 렌더링 기반 표 크롭.,"LAW1-3_6_3 / 3-6-3. 서울형 공유주택의 부설주차장에 대한 주차공간 배분 및 운영 원칙은 다음 과 같다. 다만, 지역 여건 및 실제 운영상황에 따라 입주자와 임대사업자가 협의하여 탄력적으로 운영할 수 있다.
가. 필수(입주자 등) 및 활용(외부개방 등) 배분에 따라 부설주차장을 이용하여 야 함
나. 부설주차장의 공간적 배분 및 배정원칙
구 분 | 비율(%) 예시 | 설정 기준
합계 | 100 | 
필수 주차공간 | 소계 | 15 | 
장애인, 국가유공자 | 3 | 법정 기준
비주거(상가등) | 12 | 법정 기준
활용가능 주차공간 | 소계 | 85 | 
거주자우선주차 | 10 | 자치구 수요조사 반영
나눔카 | - | 필요시 외부개방 주차공간 일부 활용
일반입주자 및 외부개방 | 75 | 
2) 배정원칙: 순위별 배정을 기본으로 하되 1순위 장애인, 국가유공자용을 제 외한 대상자별 배정 물량, 주차요금은 단지별 상황에 따라 입주자와 임대사 업자가 협의 결정할 수 있음
구분 | 1순위 | 2순위(25% | 이하) | 3순위 | 그 외
대상 | 입주자 필수 (장애인·국가유공자) | 거주자우선주차 | 나눔카 | 입주자 일반 | 외부인 (인근 거주자 등 )
주차요금 | 공영주차장 요금 | 공영주차장 요금 | 협의 요금 | 민영주차장 요금
70% | 100%
다. 부설주차장 수익은 전액 입주자 관리비 절감을 전제로 하며, 1순위 주차요금 징수 여부는 입주자 협의를 통해 결정, 거주자 우선주차 금액 수준 이내(장애 인, 국가유공자 50%)로 권장
라. 운영위원회의 자문을 거쳐 결정된 부설주차장의 운영계획은 협약서 및 입주 자 모집공고 내용에 포함하여야 한다.
징수 수입
필수 주차(입주자) 거주자 우선주차 나눔카 일반 입주자 , 외부개방 주차
지출 비용
입주자 관리비 인하
일반관리비, 인건비, 운영비(보험등",fde40bd7568db2fc6ab906a380e3d9049f1ec3f0330a52c2de98828877eaa1d0,VIS-FDE40BD7568D,TRUE,자동 추출,PDF 페이지 렌더링 기반 자동 생성. 원본 대조 필요.
TBL-LAW1-024,LAW1,LAW1-4_1_1,52,표 크롭,law-1_p052_LAW1-T024.png,04_visuals/table_crops/law-1_p052_LAW1-T024.png,LAW1-T024,LAW1-T024,76.605,631.978,552.208,777.563,1454,446,,LAW1-T024의 PDF 페이지 렌더링 기반 표 크롭.,"LAW1-4_1_1 / 4-1-1. 복합주택의 사업대상지는 1-3-1 가목의 “역세권” 또는 나목의 “간선도로변” 또는 1-3-2의 “의료시설 중심지역” 중 하나로 한다. 이 경우 의료시설 중심 지역은 분양주택을 제외한 임대주택을 어르신에게 100% 공급하는 안심주택 과 시니어용 서울형 공유주택을 복합하는 경우에만 적용한다.
구 분 | (복합주택)
임차인 자격 | 청년, 신혼부부, 어르신(고령자), 1인가구
공급방식 | 임대 + 분양
분양주택 | 입주대상 공급비율에 따라 결정 (신혼 최대 30%, 어르신 최대 30%)
사업대상지 | 역세권250m (심 의시350m )또는 간선도로변50m이내 또는 의료시설 중심지역 350m 이내 ※ 의료시설 중심지역은 어르신에게 임대주택 100% 공급하는 안심주택과 시니어용 서울형 공유주택을 복 합하는 경우만 적용",a6741a4272d258b10e09f97b40f46aa60a0dfe25f69e58a3f030ed07e895e12e,VIS-A6741A4272D2,TRUE,자동 추출,PDF 페이지 렌더링 기반 자동 생성. 원본 대조 필요.
TBL-LAW1-025,LAW1,LAW1-4_3_1,55,표 크롭,law-1_p055_LAW1-T025.png,04_visuals/table_crops/law-1_p055_LAW1-T025.png,LAW1-T025,LAW1-T025,84.391,134.842,553.309,244.281,1434,335,,LAW1-T025의 PDF 페이지 렌더링 기반 표 크롭.,"LAW1-4_3_1 / 4-3-1. 복합주택(안심주택 조례 제7조 제3항을 따른다)의 용도지역 변경 기준은 다 음과 같으며 구체적인 사항은 라목의 사례별 기준을 따른다.
가. 현재 용도지역 기준
※ 어르신에게 임대주택을 100% 공급하는 안심주택과 시니어용 서울형 공유주택을 복합 하는 경우만 적용
2) 준주거지역으로 변경 : 제2종·제3종일반주거지역
3) 일반 또는 근린상업지역으로 변경 : 제2종·제3종일반주거지역, 준주거지역 나. 인접 및 도로 기준
1) 준주거지역이나 일반 또는 근린상업지역에 바로 접하고 있어야 한다.
2) 준주거지역이나 일반 또는 근린상업지역과 폭 20m 이하의 도로를 사이에 두고 접하고 있어야 한다.
3) 20m 이상의 간선도로에 접하고 있어야 한다.
[인접 및 도로기준(예시)]
용도지역 변경 가능 대상지 범위
2)
2)
2)
2)
2)
2)
2)
20m 이하
상업지역
3)
3)
3)
1),3)
2),3)
3)
3)
3)
3)
20m 이상 간선도로
승강장 또는 의료시설
20m 이상 간선도로
[인접 사례(예시)]
상업지역에 20m 이하의 도로를 사이에 인접에 해당
두고
고
접
함:
인
접
에 해당
20m 이상의 간선도로에 접 함
다. 사업대상지 인정 기준
중교통 또는 의료시설 중심지역에 포함되지 않아 관련위원회의 심의를 통해 사업대상지로 인정받은 경우 추가 공공기여를 제공하여야 한다. 다만, 이 경 우 적용되는 역세권 및 의료시설 중심지역 범위는 승강장 경계로부터 250m 이내와 의료시설 대상부지 경계로부터 350m 이내를 말한 다.(1-3-1 가목을 인정받는 경우 승강장 경계로부터 350m 이내로 적용) 가) 검토 대상지 및 사업대상지 인정 시 추가 공공기여 기준
(1) 검토 대상지: 사업대상지 면적 중 대중교통 또는 의료시설 중심지역 내 면적이 50% 미만인 경우
(2) 추가 공공기",516de1107ee1c49eecc3a98a92f2fb47b9574f32a15446409e780956d1a01578,VIS-516DE1107EE1,TRUE,자동 추출,PDF 페이지 렌더링 기반 자동 생성. 원본 대조 필요.
TBL-LAW1-026,LAW1,LAW1-4_3_1,58,표 크롭,law-1_p058_LAW1-T026.png,04_visuals/table_crops/law-1_p058_LAW1-T026.png,LAW1-T026,LAW1-T026,79.904,467.941,553.263,763.428,1447,903,,LAW1-T026의 PDF 페이지 렌더링 기반 표 크롭.,"LAW1-4_3_1 / 4-3-1. 복합주택(안심주택 조례 제7조 제3항을 따른다)의 용도지역 변경 기준은 다 음과 같으며 구체적인 사항은 라목의 사례별 기준을 따른다.
가. 현재 용도지역 기준
※ 어르신에게 임대주택을 100% 공급하는 안심주택과 시니어용 서울형 공유주택을 복합 하는 경우만 적용
2) 준주거지역으로 변경 : 제2종·제3종일반주거지역
3) 일반 또는 근린상업지역으로 변경 : 제2종·제3종일반주거지역, 준주거지역 나. 인접 및 도로 기준
1) 준주거지역이나 일반 또는 근린상업지역에 바로 접하고 있어야 한다.
2) 준주거지역이나 일반 또는 근린상업지역과 폭 20m 이하의 도로를 사이에 두고 접하고 있어야 한다.
3) 20m 이상의 간선도로에 접하고 있어야 한다.
[인접 및 도로기준(예시)]
용도지역 변경 가능 대상지 범위
2)
2)
2)
2)
2)
2)
2)
20m 이하
상업지역
3)
3)
3)
1),3)
2),3)
3)
3)
3)
3)
20m 이상 간선도로
승강장 또는 의료시설
20m 이상 간선도로
[인접 사례(예시)]
상업지역에 20m 이하의 도로를 사이에 인접에 해당
두고
고
접
함:
인
접
에 해당
20m 이상의 간선도로에 접 함
다. 사업대상지 인정 기준
중교통 또는 의료시설 중심지역에 포함되지 않아 관련위원회의 심의를 통해 사업대상지로 인정받은 경우 추가 공공기여를 제공하여야 한다. 다만, 이 경 우 적용되는 역세권 및 의료시설 중심지역 범위는 승강장 경계로부터 250m 이내와 의료시설 대상부지 경계로부터 350m 이내를 말한 다.(1-3-1 가목을 인정받는 경우 승강장 경계로부터 350m 이내로 적용) 가) 검토 대상지 및 사업대상지 인정 시 추가 공공기여 기준
(1) 검토 대상지: 사업대상지 면적 중 대중교통 또는 의료시설 중심지역 내 면적이 50% 미만인 경우
(2) 추가 공공기",2ac9aca5c21cb456ab639189e7291623ee21f5c95aa82b1f391c07f9908998bf,VIS-2AC9ACA5C21C,TRUE,자동 추출,PDF 페이지 렌더링 기반 자동 생성. 원본 대조 필요.
TBL-LAW1-027,LAW1,LAW1-4_4_1,65,표 크롭,law-1_p065_LAW1-T027.png,04_visuals/table_crops/law-1_p065_LAW1-T027.png,LAW1-T027,LAW1-T027,45.163,557.753,553.162,737.097,1554,549,,LAW1-T027의 PDF 페이지 렌더링 기반 표 크롭.,"LAW1-4_4_1 / 4-4-1. 안심주택 조례 제7조 제3항에 따라 용도지역 변경이 있는 경우 용적률, 공 공기여율 등 기준은 다음과 같다.
가. 준주거지역으로 변경되는 경우
1) 기본용적률 : 400% 이하
2) 공공기여율
가) 제2종일반주거지역에서 상향되는 경우 : 15% 이상
나) 제3종일반주거지역에서 상향되는 경우 : 10% 이상
3) 용도별 비율
가) 주거 비율 : 85% 이상
나. 근린상업지역으로 변경되는 경우
1) 기본용적률 : 540% 이하
2) 공공기여율
가) 제2종일반주거지역에서 상향되는 경우 : 25% 이상
나) 제3종일반주거지역에서 상향되는 경우 : 20% 이상
다) 준주거지역에서 상향되는 경우 : 10% 이상
3) 용도별 비율
가) 주거 비율 : 80% 이상
나) 비주거 비율 : 10% 이상 (가로변 비주거 설치 의무) 다. 일반상업지역으로 변경되는 경우
1) 기본용적률 : 680% 이하
2) 공공기여율
가) 제2종일반주거지역에서 상향되는 경우 : 30% 이상
나) 제3종일반주거지역에서 상향되는 경우 : 25% 이상
다) 준주거지역에서 상향되는 경우 : 20% 이상
3) 용도별 비율
가) 주거 비율 : 80% 이상
나) 비주거 비율 : 10% 이상 (가로변 비주거 설치 의무)
라. 근린상업지역에서 일반상업지역으로 변경되는 경우
1) 기본용적률 : 700% 이하
2) 공공기여율 : 10%
3) 용도별 비율
가) 주거 비율 : 80% 이상
나) 비주거 비율 : 10% 이상 (가로변 비주거 설치 의무)
마. 제2종일반주거지역으로 변경되는 경우
1) 기본용적률 : 200% 이하
2) 공공기여율
가) 자연녹지지역에서 상향되는 경우 : 30% 이상
나) 제1종일반주거지역에서 상향되는 경우 : 10% 이상
바. 기타
1) 공공기여율 산정기준 등
가) 기본용적률 부여에 따른 공공기여율은 부지면적",ae60b8d81b70ef3a746ad69d14dbafcdacc9451d663fbf5700e8d87204200636,VIS-AE60B8D81B70,TRUE,자동 추출,PDF 페이지 렌더링 기반 자동 생성. 원본 대조 필요.
TBL-LAW1-028,LAW1,LAW1-4_4_2,66,표 크롭,law-1_p066_LAW1-T028.png,04_visuals/table_crops/law-1_p066_LAW1-T028.png,LAW1-T028,LAW1-T028,41.452,73.315,548.074,253.609,1549,552,,LAW1-T028의 PDF 페이지 렌더링 기반 표 크롭.,"LAW1-4_4_2 / 4-4-2. 안심주택 조례 제7조 제3항에 따라 용도지역 변경이 없는 경우 용적률, 공 공기여율 등 기준은 다음과 같다.
가. 준주거지역의 경우
1) 기본용적률 및 공공기여율 가) 기본용적률 500% 이하 및 공공기여율 6% 이상
2) 용도별 비율은 준주거지역으로 변경되는 경우와 동일
※ 서울도심은 기본용적률 400% 이하 및 공공기여율 4% 이상으로 하며, 높이는 서울도 심기본계획의 높이계획을 따름
※ 기본용적률 적용은 관련 위원회 자문 또는 심의를 거쳐 허용
나. 준공업지역의 경우
1) 기본용적률 및 공공기여율
가) 기본용적률 : 400% 이하
나) 공공기여율
(1) 공장비율 10% 미만인 경우 : 10% 이상
(2) 공장비율 10% 이상인 경우 : 15% 이상
(단, 공공기여율의 2분의 1은 공공임대주택, 2분의1은 임대산업시설로 확보)
2) 용도별 비율 등
가) 용도별 비율은 준주거지역으로 변경되는 경우와 동일
나) 공장비율 10% 이상인 경우 산업부지 확보비율은 「도시계획 조례」 별표 17에도 불구하고 관련 위원회 심의를 통해 2분의 1까지 완화할 수 있다.
다) 공장의 범위는 「도시계획 조례」 별표 17의 1호에 따른다.
다. 근린상업지역의 경우
1) 기본용적률 및 공공기여율
가) 기본용적률 600% 이하인 경우 공공기여율 8% 이상
나) 기본용적률 700% 이하인 경우 공공기여율 10% 이상
다) 기본용적률 800% 이하인 경우 공공기여율 12% 이상
※ 서울도심은 기본용적률 500% 이하 및 공공기여율 6% 이상으로 하며, 높이는 서 울도심기본계획의 높이계획을 따름
※ 기본용적률 적용은 관련 위원회 자문 또는 심의를 거쳐 허용
2) 용도별 비율은 일반상업지역으로 변경되는 경우와 동일
라. 일반상업지역의 경우
1) 기본용적률 및 공공기여율
가) 기본용적률이 800% 이하인",b968caf762f8996a73ad8e6991606c6701297af7c806c86300c57521b9d2cdbe,VIS-B968CAF762F8,TRUE,자동 추출,PDF 페이지 렌더링 기반 자동 생성. 원본 대조 필요.
TBL-LAW1-029,LAW1,LAW1-4_7_4,68,표 크롭,law-1_p068_LAW1-T029.png,04_visuals/table_crops/law-1_p068_LAW1-T029.png,LAW1-T029,LAW1-T029,70.612,620.645,524.597,682.42,1388,190,,LAW1-T029의 PDF 페이지 렌더링 기반 표 크롭.,"LAW1-4_7_4 / 4-7-4. 입주대상자가 신혼부부인 민간임대주택의 경우 임차인이 10년 거주하면, 우
선 양도권을 부여할 수 있으며 매매가격은 시세가격으로 한다.
현금납부 예시
대상지: 부지면적:
3,000㎡(철도부지), 제3종일반주거지역 → 준주거지역
기본용적률 및 상한용적률 부여에 따른 공공기여량 산정
기본용적률 | 상한용적률
400% | 500%
구 분 | 산출근거
기본용적률 | 공공기여율 | 부지면적의 10%
공공기여 | 토지면적 | 300 ㎡ ( = 3,000 ㎡ × 0.1)
상한용적률 공공기여 | 완 화용적률 | 100% ( = 500% - 400%)
공공기여량 | 50% ( = 100% × 1/2)
공공기여율 | 10% ( = 50% / 500%)
토지면적 | 300 ㎡ ( = 3,000 ㎡ × 0.1)
공공기여 총 량(토지면적) | 600 ㎡ ( = 300 ㎡ + 300 ㎡ )
현 금 납부 | 감정평가 액 | 6,000,000원/ ㎡
납부 액 | 3,600,000,000원
구분 | 통합실외기 설치기준 | 유지 · 관리 기준 | 반영여부 (○, ×) 실외 규모
‧ 바닥 면적 6.5 x 1.03 = 6.7 ㎡ 이상 | ‧ 주택건설기준 관한 규 정 실외 기 열 교 환 및 유지보수 반영 ‧ 실외기를 공유하는 세대의 규모 에 따라 효 율적인 기기 선정 ‧ 실외기 보관장소의 입지와 면적의 적정 성 위원회에서 검토 | 등에 에 대해 | 실외기 실면적
‧ 에너지 효 율 등급 1등급~2등급 만족 | ‧ 주요시 책 사 항 중 에너지1등급을 선택 할 경우해당시설기준반 드 시준수 |  | 냉방 능력
‧ 단상 2선식 220 V 60H Z ‧ 실외기 및 실내기 전원은 반 드 시 주 전원차단기와 ELB ( 누 전차단기)를 설 치하고 각 개별 실외기용 전원차단기 와 ELB 를 설치해 야 한다 ‧ 배전반에서실외기간 ",8efee15f722305429c8b540b9b73ff58436ed19d434bd4d0d8e552970121107c,VIS-8EFEE15F7223,TRUE,자동 추출,PDF 페이지 렌더링 기반 자동 생성. 원본 대조 필요.
TBL-LAW1-030,LAW1,LAW1-4_7_4,68,표 크롭,law-1_p068_LAW1-T030.png,04_visuals/table_crops/law-1_p068_LAW1-T030.png,LAW1-T030,LAW1-T030,74.722,394.853,526.358,625.663,1381,707,,LAW1-T030의 PDF 페이지 렌더링 기반 표 크롭.,"LAW1-4_7_4 / 4-7-4. 입주대상자가 신혼부부인 민간임대주택의 경우 임차인이 10년 거주하면, 우
선 양도권을 부여할 수 있으며 매매가격은 시세가격으로 한다.
현금납부 예시
대상지: 부지면적:
3,000㎡(철도부지), 제3종일반주거지역 → 준주거지역
기본용적률 및 상한용적률 부여에 따른 공공기여량 산정
기본용적률 | 상한용적률
400% | 500%
구 분 | 산출근거
기본용적률 | 공공기여율 | 부지면적의 10%
공공기여 | 토지면적 | 300 ㎡ ( = 3,000 ㎡ × 0.1)
상한용적률 공공기여 | 완 화용적률 | 100% ( = 500% - 400%)
공공기여량 | 50% ( = 100% × 1/2)
공공기여율 | 10% ( = 50% / 500%)
토지면적 | 300 ㎡ ( = 3,000 ㎡ × 0.1)
공공기여 총 량(토지면적) | 600 ㎡ ( = 300 ㎡ + 300 ㎡ )
현 금 납부 | 감정평가 액 | 6,000,000원/ ㎡
납부 액 | 3,600,000,000원
구분 | 통합실외기 설치기준 | 유지 · 관리 기준 | 반영여부 (○, ×) 실외 규모
‧ 바닥 면적 6.5 x 1.03 = 6.7 ㎡ 이상 | ‧ 주택건설기준 관한 규 정 실외 기 열 교 환 및 유지보수 반영 ‧ 실외기를 공유하는 세대의 규모 에 따라 효 율적인 기기 선정 ‧ 실외기 보관장소의 입지와 면적의 적정 성 위원회에서 검토 | 등에 에 대해 | 실외기 실면적
‧ 에너지 효 율 등급 1등급~2등급 만족 | ‧ 주요시 책 사 항 중 에너지1등급을 선택 할 경우해당시설기준반 드 시준수 |  | 냉방 능력
‧ 단상 2선식 220 V 60H Z ‧ 실외기 및 실내기 전원은 반 드 시 주 전원차단기와 ELB ( 누 전차단기)를 설 치하고 각 개별 실외기용 전원차단기 와 ELB 를 설치해 야 한다 ‧ 배전반에서실외기간 ",543f8a8898206664646020b83860adc515f97454864fe90e9b244a1ce37e548c,VIS-543F8A889820,TRUE,자동 추출,PDF 페이지 렌더링 기반 자동 생성. 원본 대조 필요.
TBL-LAW1-031,LAW1,LAW1-4_7_4,69,표 크롭,law-1_p069_LAW1-T031.png,04_visuals/table_crops/law-1_p069_LAW1-T031.png,LAW1-T031,LAW1-T031,52.773,243.332,542.207,733.979,1496,1500,,LAW1-T031의 PDF 페이지 렌더링 기반 표 크롭.,"LAW1-4_7_4 / 4-7-4. 입주대상자가 신혼부부인 민간임대주택의 경우 임차인이 10년 거주하면, 우
선 양도권을 부여할 수 있으며 매매가격은 시세가격으로 한다.
현금납부 예시
대상지: 부지면적:
3,000㎡(철도부지), 제3종일반주거지역 → 준주거지역
기본용적률 및 상한용적률 부여에 따른 공공기여량 산정
기본용적률 | 상한용적률
400% | 500%
구 분 | 산출근거
기본용적률 | 공공기여율 | 부지면적의 10%
공공기여 | 토지면적 | 300 ㎡ ( = 3,000 ㎡ × 0.1)
상한용적률 공공기여 | 완 화용적률 | 100% ( = 500% - 400%)
공공기여량 | 50% ( = 100% × 1/2)
공공기여율 | 10% ( = 50% / 500%)
토지면적 | 300 ㎡ ( = 3,000 ㎡ × 0.1)
공공기여 총 량(토지면적) | 600 ㎡ ( = 300 ㎡ + 300 ㎡ )
현 금 납부 | 감정평가 액 | 6,000,000원/ ㎡
납부 액 | 3,600,000,000원
구분 | 통합실외기 설치기준 | 유지 · 관리 기준 | 반영여부 (○, ×) 실외 규모
‧ 바닥 면적 6.5 x 1.03 = 6.7 ㎡ 이상 | ‧ 주택건설기준 관한 규 정 실외 기 열 교 환 및 유지보수 반영 ‧ 실외기를 공유하는 세대의 규모 에 따라 효 율적인 기기 선정 ‧ 실외기 보관장소의 입지와 면적의 적정 성 위원회에서 검토 | 등에 에 대해 | 실외기 실면적
‧ 에너지 효 율 등급 1등급~2등급 만족 | ‧ 주요시 책 사 항 중 에너지1등급을 선택 할 경우해당시설기준반 드 시준수 |  | 냉방 능력
‧ 단상 2선식 220 V 60H Z ‧ 실외기 및 실내기 전원은 반 드 시 주 전원차단기와 ELB ( 누 전차단기)를 설 치하고 각 개별 실외기용 전원차단기 와 ELB 를 설치해 야 한다 ‧ 배전반에서실외기간 ",c037c0ef2dac6f4611b687605e96f54ef098ddfe07b600923da60d7718479ba8,VIS-C037C0EF2DAC,TRUE,자동 추출,PDF 페이지 렌더링 기반 자동 생성. 원본 대조 필요.
TBL-LAW1-032,LAW1,LAW1-4_7_4,70,표 크롭,law-1_p070_LAW1-T032.png,04_visuals/table_crops/law-1_p070_LAW1-T032.png,LAW1-T032,LAW1-T032,44.802,72.555,554.071,735.32,1557,2027,,LAW1-T032의 PDF 페이지 렌더링 기반 표 크롭.,"LAW1-4_7_4 / 4-7-4. 입주대상자가 신혼부부인 민간임대주택의 경우 임차인이 10년 거주하면, 우
선 양도권을 부여할 수 있으며 매매가격은 시세가격으로 한다.
현금납부 예시
대상지: 부지면적:
3,000㎡(철도부지), 제3종일반주거지역 → 준주거지역
기본용적률 및 상한용적률 부여에 따른 공공기여량 산정
기본용적률 | 상한용적률
400% | 500%
구 분 | 산출근거
기본용적률 | 공공기여율 | 부지면적의 10%
공공기여 | 토지면적 | 300 ㎡ ( = 3,000 ㎡ × 0.1)
상한용적률 공공기여 | 완 화용적률 | 100% ( = 500% - 400%)
공공기여량 | 50% ( = 100% × 1/2)
공공기여율 | 10% ( = 50% / 500%)
토지면적 | 300 ㎡ ( = 3,000 ㎡ × 0.1)
공공기여 총 량(토지면적) | 600 ㎡ ( = 300 ㎡ + 300 ㎡ )
현 금 납부 | 감정평가 액 | 6,000,000원/ ㎡
납부 액 | 3,600,000,000원
구분 | 통합실외기 설치기준 | 유지 · 관리 기준 | 반영여부 (○, ×) 실외 규모
‧ 바닥 면적 6.5 x 1.03 = 6.7 ㎡ 이상 | ‧ 주택건설기준 관한 규 정 실외 기 열 교 환 및 유지보수 반영 ‧ 실외기를 공유하는 세대의 규모 에 따라 효 율적인 기기 선정 ‧ 실외기 보관장소의 입지와 면적의 적정 성 위원회에서 검토 | 등에 에 대해 | 실외기 실면적
‧ 에너지 효 율 등급 1등급~2등급 만족 | ‧ 주요시 책 사 항 중 에너지1등급을 선택 할 경우해당시설기준반 드 시준수 |  | 냉방 능력
‧ 단상 2선식 220 V 60H Z ‧ 실외기 및 실내기 전원은 반 드 시 주 전원차단기와 ELB ( 누 전차단기)를 설 치하고 각 개별 실외기용 전원차단기 와 ELB 를 설치해 야 한다 ‧ 배전반에서실외기간 ",97e392f2ea7b7c18742c04fc770f8a0e946eb2c6fb475eb5b98ebb2f8f1579a5,VIS-97E392F2EA7B,TRUE,자동 추출,PDF 페이지 렌더링 기반 자동 생성. 원본 대조 필요.
TBL-LAW1-033,LAW1,LAW1-4_7_4,71,표 크롭,law-1_p071_LAW1-T033.png,04_visuals/table_crops/law-1_p071_LAW1-T033.png,LAW1-T033,LAW1-T033,44.798,74.227,553.812,777.813,1557,2150,,LAW1-T033의 PDF 페이지 렌더링 기반 표 크롭.,"LAW1-4_7_4 / 4-7-4. 입주대상자가 신혼부부인 민간임대주택의 경우 임차인이 10년 거주하면, 우
선 양도권을 부여할 수 있으며 매매가격은 시세가격으로 한다.
현금납부 예시
대상지: 부지면적:
3,000㎡(철도부지), 제3종일반주거지역 → 준주거지역
기본용적률 및 상한용적률 부여에 따른 공공기여량 산정
기본용적률 | 상한용적률
400% | 500%
구 분 | 산출근거
기본용적률 | 공공기여율 | 부지면적의 10%
공공기여 | 토지면적 | 300 ㎡ ( = 3,000 ㎡ × 0.1)
상한용적률 공공기여 | 완 화용적률 | 100% ( = 500% - 400%)
공공기여량 | 50% ( = 100% × 1/2)
공공기여율 | 10% ( = 50% / 500%)
토지면적 | 300 ㎡ ( = 3,000 ㎡ × 0.1)
공공기여 총 량(토지면적) | 600 ㎡ ( = 300 ㎡ + 300 ㎡ )
현 금 납부 | 감정평가 액 | 6,000,000원/ ㎡
납부 액 | 3,600,000,000원
구분 | 통합실외기 설치기준 | 유지 · 관리 기준 | 반영여부 (○, ×) 실외 규모
‧ 바닥 면적 6.5 x 1.03 = 6.7 ㎡ 이상 | ‧ 주택건설기준 관한 규 정 실외 기 열 교 환 및 유지보수 반영 ‧ 실외기를 공유하는 세대의 규모 에 따라 효 율적인 기기 선정 ‧ 실외기 보관장소의 입지와 면적의 적정 성 위원회에서 검토 | 등에 에 대해 | 실외기 실면적
‧ 에너지 효 율 등급 1등급~2등급 만족 | ‧ 주요시 책 사 항 중 에너지1등급을 선택 할 경우해당시설기준반 드 시준수 |  | 냉방 능력
‧ 단상 2선식 220 V 60H Z ‧ 실외기 및 실내기 전원은 반 드 시 주 전원차단기와 ELB ( 누 전차단기)를 설 치하고 각 개별 실외기용 전원차단기 와 ELB 를 설치해 야 한다 ‧ 배전반에서실외기간 ",847ad3ec7798bc7c51f7465d725edc7d0ed3bf534a7c51824e4246d7d3903755,VIS-847AD3EC7798,TRUE,자동 추출,PDF 페이지 렌더링 기반 자동 생성. 원본 대조 필요.
TBL-LAW1-034,LAW1,LAW1-4_7_4,72,표 크롭,law-1_p072_LAW1-T034.png,04_visuals/table_crops/law-1_p072_LAW1-T034.png,LAW1-T034,LAW1-T034,44.774,76.362,554.455,777.516,1559,2144,,LAW1-T034의 PDF 페이지 렌더링 기반 표 크롭.,"LAW1-4_7_4 / 4-7-4. 입주대상자가 신혼부부인 민간임대주택의 경우 임차인이 10년 거주하면, 우
선 양도권을 부여할 수 있으며 매매가격은 시세가격으로 한다.
현금납부 예시
대상지: 부지면적:
3,000㎡(철도부지), 제3종일반주거지역 → 준주거지역
기본용적률 및 상한용적률 부여에 따른 공공기여량 산정
기본용적률 | 상한용적률
400% | 500%
구 분 | 산출근거
기본용적률 | 공공기여율 | 부지면적의 10%
공공기여 | 토지면적 | 300 ㎡ ( = 3,000 ㎡ × 0.1)
상한용적률 공공기여 | 완 화용적률 | 100% ( = 500% - 400%)
공공기여량 | 50% ( = 100% × 1/2)
공공기여율 | 10% ( = 50% / 500%)
토지면적 | 300 ㎡ ( = 3,000 ㎡ × 0.1)
공공기여 총 량(토지면적) | 600 ㎡ ( = 300 ㎡ + 300 ㎡ )
현 금 납부 | 감정평가 액 | 6,000,000원/ ㎡
납부 액 | 3,600,000,000원
구분 | 통합실외기 설치기준 | 유지 · 관리 기준 | 반영여부 (○, ×) 실외 규모
‧ 바닥 면적 6.5 x 1.03 = 6.7 ㎡ 이상 | ‧ 주택건설기준 관한 규 정 실외 기 열 교 환 및 유지보수 반영 ‧ 실외기를 공유하는 세대의 규모 에 따라 효 율적인 기기 선정 ‧ 실외기 보관장소의 입지와 면적의 적정 성 위원회에서 검토 | 등에 에 대해 | 실외기 실면적
‧ 에너지 효 율 등급 1등급~2등급 만족 | ‧ 주요시 책 사 항 중 에너지1등급을 선택 할 경우해당시설기준반 드 시준수 |  | 냉방 능력
‧ 단상 2선식 220 V 60H Z ‧ 실외기 및 실내기 전원은 반 드 시 주 전원차단기와 ELB ( 누 전차단기)를 설 치하고 각 개별 실외기용 전원차단기 와 ELB 를 설치해 야 한다 ‧ 배전반에서실외기간 ",d42859df7e1898dadd87a533b28dcb2eca28fd07372d24c569e301ad51349730,VIS-D42859DF7E18,TRUE,자동 추출,PDF 페이지 렌더링 기반 자동 생성. 원본 대조 필요.
TBL-LAW1-035,LAW1,LAW1-4_7_4,73,표 크롭,law-1_p073_LAW1-T035.png,04_visuals/table_crops/law-1_p073_LAW1-T035.png,LAW1-T035,LAW1-T035,44.226,70.943,554.492,778.148,1560,2161,,LAW1-T035의 PDF 페이지 렌더링 기반 표 크롭.,"LAW1-4_7_4 / 4-7-4. 입주대상자가 신혼부부인 민간임대주택의 경우 임차인이 10년 거주하면, 우
선 양도권을 부여할 수 있으며 매매가격은 시세가격으로 한다.
현금납부 예시
대상지: 부지면적:
3,000㎡(철도부지), 제3종일반주거지역 → 준주거지역
기본용적률 및 상한용적률 부여에 따른 공공기여량 산정
기본용적률 | 상한용적률
400% | 500%
구 분 | 산출근거
기본용적률 | 공공기여율 | 부지면적의 10%
공공기여 | 토지면적 | 300 ㎡ ( = 3,000 ㎡ × 0.1)
상한용적률 공공기여 | 완 화용적률 | 100% ( = 500% - 400%)
공공기여량 | 50% ( = 100% × 1/2)
공공기여율 | 10% ( = 50% / 500%)
토지면적 | 300 ㎡ ( = 3,000 ㎡ × 0.1)
공공기여 총 량(토지면적) | 600 ㎡ ( = 300 ㎡ + 300 ㎡ )
현 금 납부 | 감정평가 액 | 6,000,000원/ ㎡
납부 액 | 3,600,000,000원
구분 | 통합실외기 설치기준 | 유지 · 관리 기준 | 반영여부 (○, ×) 실외 규모
‧ 바닥 면적 6.5 x 1.03 = 6.7 ㎡ 이상 | ‧ 주택건설기준 관한 규 정 실외 기 열 교 환 및 유지보수 반영 ‧ 실외기를 공유하는 세대의 규모 에 따라 효 율적인 기기 선정 ‧ 실외기 보관장소의 입지와 면적의 적정 성 위원회에서 검토 | 등에 에 대해 | 실외기 실면적
‧ 에너지 효 율 등급 1등급~2등급 만족 | ‧ 주요시 책 사 항 중 에너지1등급을 선택 할 경우해당시설기준반 드 시준수 |  | 냉방 능력
‧ 단상 2선식 220 V 60H Z ‧ 실외기 및 실내기 전원은 반 드 시 주 전원차단기와 ELB ( 누 전차단기)를 설 치하고 각 개별 실외기용 전원차단기 와 ELB 를 설치해 야 한다 ‧ 배전반에서실외기간 ",33c4b50b4643923b5c5d29c64aa5bdafcfe308ee06dc8429ea0c7f57deff7cdc,VIS-33C4B50B4643,TRUE,자동 추출,PDF 페이지 렌더링 기반 자동 생성. 원본 대조 필요.
TBL-LAW1-036,LAW1,LAW1-4_7_4,74,표 크롭,law-1_p074_LAW1-T036.png,04_visuals/table_crops/law-1_p074_LAW1-T036.png,LAW1-T036,LAW1-T036,43.043,626.866,554.316,777.567,1563,462,,LAW1-T036의 PDF 페이지 렌더링 기반 표 크롭.,"LAW1-4_7_4 / 4-7-4. 입주대상자가 신혼부부인 민간임대주택의 경우 임차인이 10년 거주하면, 우
선 양도권을 부여할 수 있으며 매매가격은 시세가격으로 한다.
현금납부 예시
대상지: 부지면적:
3,000㎡(철도부지), 제3종일반주거지역 → 준주거지역
기본용적률 및 상한용적률 부여에 따른 공공기여량 산정
기본용적률 | 상한용적률
400% | 500%
구 분 | 산출근거
기본용적률 | 공공기여율 | 부지면적의 10%
공공기여 | 토지면적 | 300 ㎡ ( = 3,000 ㎡ × 0.1)
상한용적률 공공기여 | 완 화용적률 | 100% ( = 500% - 400%)
공공기여량 | 50% ( = 100% × 1/2)
공공기여율 | 10% ( = 50% / 500%)
토지면적 | 300 ㎡ ( = 3,000 ㎡ × 0.1)
공공기여 총 량(토지면적) | 600 ㎡ ( = 300 ㎡ + 300 ㎡ )
현 금 납부 | 감정평가 액 | 6,000,000원/ ㎡
납부 액 | 3,600,000,000원
구분 | 통합실외기 설치기준 | 유지 · 관리 기준 | 반영여부 (○, ×) 실외 규모
‧ 바닥 면적 6.5 x 1.03 = 6.7 ㎡ 이상 | ‧ 주택건설기준 관한 규 정 실외 기 열 교 환 및 유지보수 반영 ‧ 실외기를 공유하는 세대의 규모 에 따라 효 율적인 기기 선정 ‧ 실외기 보관장소의 입지와 면적의 적정 성 위원회에서 검토 | 등에 에 대해 | 실외기 실면적
‧ 에너지 효 율 등급 1등급~2등급 만족 | ‧ 주요시 책 사 항 중 에너지1등급을 선택 할 경우해당시설기준반 드 시준수 |  | 냉방 능력
‧ 단상 2선식 220 V 60H Z ‧ 실외기 및 실내기 전원은 반 드 시 주 전원차단기와 ELB ( 누 전차단기)를 설 치하고 각 개별 실외기용 전원차단기 와 ELB 를 설치해 야 한다 ‧ 배전반에서실외기간 ",61dc19880c659222d17ce7c8ef12fd38f6b76f5365d20536d865242ea2d76437,VIS-61DC19880C65,TRUE,자동 추출,PDF 페이지 렌더링 기반 자동 생성. 원본 대조 필요.
TBL-LAW1-037,LAW1,LAW1-4_7_4,75,표 크롭,law-1_p075_LAW1-T037.png,04_visuals/table_crops/law-1_p075_LAW1-T037.png,LAW1-T037,LAW1-T037,43.726,69.799,554.144,735.593,1561,2035,,LAW1-T037의 PDF 페이지 렌더링 기반 표 크롭.,"LAW1-4_7_4 / 4-7-4. 입주대상자가 신혼부부인 민간임대주택의 경우 임차인이 10년 거주하면, 우
선 양도권을 부여할 수 있으며 매매가격은 시세가격으로 한다.
현금납부 예시
대상지: 부지면적:
3,000㎡(철도부지), 제3종일반주거지역 → 준주거지역
기본용적률 및 상한용적률 부여에 따른 공공기여량 산정
기본용적률 | 상한용적률
400% | 500%
구 분 | 산출근거
기본용적률 | 공공기여율 | 부지면적의 10%
공공기여 | 토지면적 | 300 ㎡ ( = 3,000 ㎡ × 0.1)
상한용적률 공공기여 | 완 화용적률 | 100% ( = 500% - 400%)
공공기여량 | 50% ( = 100% × 1/2)
공공기여율 | 10% ( = 50% / 500%)
토지면적 | 300 ㎡ ( = 3,000 ㎡ × 0.1)
공공기여 총 량(토지면적) | 600 ㎡ ( = 300 ㎡ + 300 ㎡ )
현 금 납부 | 감정평가 액 | 6,000,000원/ ㎡
납부 액 | 3,600,000,000원
구분 | 통합실외기 설치기준 | 유지 · 관리 기준 | 반영여부 (○, ×) 실외 규모
‧ 바닥 면적 6.5 x 1.03 = 6.7 ㎡ 이상 | ‧ 주택건설기준 관한 규 정 실외 기 열 교 환 및 유지보수 반영 ‧ 실외기를 공유하는 세대의 규모 에 따라 효 율적인 기기 선정 ‧ 실외기 보관장소의 입지와 면적의 적정 성 위원회에서 검토 | 등에 에 대해 | 실외기 실면적
‧ 에너지 효 율 등급 1등급~2등급 만족 | ‧ 주요시 책 사 항 중 에너지1등급을 선택 할 경우해당시설기준반 드 시준수 |  | 냉방 능력
‧ 단상 2선식 220 V 60H Z ‧ 실외기 및 실내기 전원은 반 드 시 주 전원차단기와 ELB ( 누 전차단기)를 설 치하고 각 개별 실외기용 전원차단기 와 ELB 를 설치해 야 한다 ‧ 배전반에서실외기간 ",a8c9c6fd46b74f6aec126543831c9fca8c7fdac7bb45767e26facaa132f67f1c,VIS-A8C9C6FD46B7,TRUE,자동 추출,PDF 페이지 렌더링 기반 자동 생성. 원본 대조 필요.
TBL-LAW1-038,LAW1,LAW1-4_7_4,76,표 크롭,law-1_p076_LAW1-T038.png,04_visuals/table_crops/law-1_p076_LAW1-T038.png,LAW1-T038,LAW1-T038,44.717,69.047,554.281,778.014,1558,2167,,LAW1-T038의 PDF 페이지 렌더링 기반 표 크롭.,"LAW1-4_7_4 / 4-7-4. 입주대상자가 신혼부부인 민간임대주택의 경우 임차인이 10년 거주하면, 우
선 양도권을 부여할 수 있으며 매매가격은 시세가격으로 한다.
현금납부 예시
대상지: 부지면적:
3,000㎡(철도부지), 제3종일반주거지역 → 준주거지역
기본용적률 및 상한용적률 부여에 따른 공공기여량 산정
기본용적률 | 상한용적률
400% | 500%
구 분 | 산출근거
기본용적률 | 공공기여율 | 부지면적의 10%
공공기여 | 토지면적 | 300 ㎡ ( = 3,000 ㎡ × 0.1)
상한용적률 공공기여 | 완 화용적률 | 100% ( = 500% - 400%)
공공기여량 | 50% ( = 100% × 1/2)
공공기여율 | 10% ( = 50% / 500%)
토지면적 | 300 ㎡ ( = 3,000 ㎡ × 0.1)
공공기여 총 량(토지면적) | 600 ㎡ ( = 300 ㎡ + 300 ㎡ )
현 금 납부 | 감정평가 액 | 6,000,000원/ ㎡
납부 액 | 3,600,000,000원
구분 | 통합실외기 설치기준 | 유지 · 관리 기준 | 반영여부 (○, ×) 실외 규모
‧ 바닥 면적 6.5 x 1.03 = 6.7 ㎡ 이상 | ‧ 주택건설기준 관한 규 정 실외 기 열 교 환 및 유지보수 반영 ‧ 실외기를 공유하는 세대의 규모 에 따라 효 율적인 기기 선정 ‧ 실외기 보관장소의 입지와 면적의 적정 성 위원회에서 검토 | 등에 에 대해 | 실외기 실면적
‧ 에너지 효 율 등급 1등급~2등급 만족 | ‧ 주요시 책 사 항 중 에너지1등급을 선택 할 경우해당시설기준반 드 시준수 |  | 냉방 능력
‧ 단상 2선식 220 V 60H Z ‧ 실외기 및 실내기 전원은 반 드 시 주 전원차단기와 ELB ( 누 전차단기)를 설 치하고 각 개별 실외기용 전원차단기 와 ELB 를 설치해 야 한다 ‧ 배전반에서실외기간 ",f3f04e92d5fa8264f9ed4c40440881898f22711659bf26006015f8d52d5dd41d,VIS-F3F04E92D5FA,TRUE,자동 추출,PDF 페이지 렌더링 기반 자동 생성. 원본 대조 필요.
TBL-LAW1-039,LAW1,LAW1-4_7_4,77,표 크롭,law-1_p077_LAW1-T039.png,04_visuals/table_crops/law-1_p077_LAW1-T039.png,LAW1-T039,LAW1-T039,45.593,69.004,554.39,777.996,1555,2167,,LAW1-T039의 PDF 페이지 렌더링 기반 표 크롭.,"LAW1-4_7_4 / 4-7-4. 입주대상자가 신혼부부인 민간임대주택의 경우 임차인이 10년 거주하면, 우
선 양도권을 부여할 수 있으며 매매가격은 시세가격으로 한다.
현금납부 예시
대상지: 부지면적:
3,000㎡(철도부지), 제3종일반주거지역 → 준주거지역
기본용적률 및 상한용적률 부여에 따른 공공기여량 산정
기본용적률 | 상한용적률
400% | 500%
구 분 | 산출근거
기본용적률 | 공공기여율 | 부지면적의 10%
공공기여 | 토지면적 | 300 ㎡ ( = 3,000 ㎡ × 0.1)
상한용적률 공공기여 | 완 화용적률 | 100% ( = 500% - 400%)
공공기여량 | 50% ( = 100% × 1/2)
공공기여율 | 10% ( = 50% / 500%)
토지면적 | 300 ㎡ ( = 3,000 ㎡ × 0.1)
공공기여 총 량(토지면적) | 600 ㎡ ( = 300 ㎡ + 300 ㎡ )
현 금 납부 | 감정평가 액 | 6,000,000원/ ㎡
납부 액 | 3,600,000,000원
구분 | 통합실외기 설치기준 | 유지 · 관리 기준 | 반영여부 (○, ×) 실외 규모
‧ 바닥 면적 6.5 x 1.03 = 6.7 ㎡ 이상 | ‧ 주택건설기준 관한 규 정 실외 기 열 교 환 및 유지보수 반영 ‧ 실외기를 공유하는 세대의 규모 에 따라 효 율적인 기기 선정 ‧ 실외기 보관장소의 입지와 면적의 적정 성 위원회에서 검토 | 등에 에 대해 | 실외기 실면적
‧ 에너지 효 율 등급 1등급~2등급 만족 | ‧ 주요시 책 사 항 중 에너지1등급을 선택 할 경우해당시설기준반 드 시준수 |  | 냉방 능력
‧ 단상 2선식 220 V 60H Z ‧ 실외기 및 실내기 전원은 반 드 시 주 전원차단기와 ELB ( 누 전차단기)를 설 치하고 각 개별 실외기용 전원차단기 와 ELB 를 설치해 야 한다 ‧ 배전반에서실외기간 ",cd2c59d3775d825c30ab37ac42e84e990db6754831bce14ae3f49cf096ce9cd8,VIS-CD2C59D3775D,TRUE,자동 추출,PDF 페이지 렌더링 기반 자동 생성. 원본 대조 필요.
TBL-LAW1-040,LAW1,LAW1-4_7_4,78,표 크롭,law-1_p078_LAW1-T040.png,04_visuals/table_crops/law-1_p078_LAW1-T040.png,LAW1-T040,LAW1-T040,43.893,88.302,554.315,777.943,1560,2108,,LAW1-T040의 PDF 페이지 렌더링 기반 표 크롭.,"LAW1-4_7_4 / 4-7-4. 입주대상자가 신혼부부인 민간임대주택의 경우 임차인이 10년 거주하면, 우
선 양도권을 부여할 수 있으며 매매가격은 시세가격으로 한다.
현금납부 예시
대상지: 부지면적:
3,000㎡(철도부지), 제3종일반주거지역 → 준주거지역
기본용적률 및 상한용적률 부여에 따른 공공기여량 산정
기본용적률 | 상한용적률
400% | 500%
구 분 | 산출근거
기본용적률 | 공공기여율 | 부지면적의 10%
공공기여 | 토지면적 | 300 ㎡ ( = 3,000 ㎡ × 0.1)
상한용적률 공공기여 | 완 화용적률 | 100% ( = 500% - 400%)
공공기여량 | 50% ( = 100% × 1/2)
공공기여율 | 10% ( = 50% / 500%)
토지면적 | 300 ㎡ ( = 3,000 ㎡ × 0.1)
공공기여 총 량(토지면적) | 600 ㎡ ( = 300 ㎡ + 300 ㎡ )
현 금 납부 | 감정평가 액 | 6,000,000원/ ㎡
납부 액 | 3,600,000,000원
구분 | 통합실외기 설치기준 | 유지 · 관리 기준 | 반영여부 (○, ×) 실외 규모
‧ 바닥 면적 6.5 x 1.03 = 6.7 ㎡ 이상 | ‧ 주택건설기준 관한 규 정 실외 기 열 교 환 및 유지보수 반영 ‧ 실외기를 공유하는 세대의 규모 에 따라 효 율적인 기기 선정 ‧ 실외기 보관장소의 입지와 면적의 적정 성 위원회에서 검토 | 등에 에 대해 | 실외기 실면적
‧ 에너지 효 율 등급 1등급~2등급 만족 | ‧ 주요시 책 사 항 중 에너지1등급을 선택 할 경우해당시설기준반 드 시준수 |  | 냉방 능력
‧ 단상 2선식 220 V 60H Z ‧ 실외기 및 실내기 전원은 반 드 시 주 전원차단기와 ELB ( 누 전차단기)를 설 치하고 각 개별 실외기용 전원차단기 와 ELB 를 설치해 야 한다 ‧ 배전반에서실외기간 ",dc4007255b6c69f8464cf5f915181586ed48348de14004a523aba54d6a363be9,VIS-DC4007255B6C,TRUE,자동 추출,PDF 페이지 렌더링 기반 자동 생성. 원본 대조 필요.
TBL-LAW1-041,LAW1,LAW1-4_7_4,79,표 크롭,law-1_p079_LAW1-T041.png,04_visuals/table_crops/law-1_p079_LAW1-T041.png,LAW1-T041,LAW1-T041,39.947,62.259,798.484,492.165,2318,1314,,LAW1-T041의 PDF 페이지 렌더링 기반 표 크롭.,"LAW1-4_7_4 / 4-7-4. 입주대상자가 신혼부부인 민간임대주택의 경우 임차인이 10년 거주하면, 우
선 양도권을 부여할 수 있으며 매매가격은 시세가격으로 한다.
현금납부 예시
대상지: 부지면적:
3,000㎡(철도부지), 제3종일반주거지역 → 준주거지역
기본용적률 및 상한용적률 부여에 따른 공공기여량 산정
기본용적률 | 상한용적률
400% | 500%
구 분 | 산출근거
기본용적률 | 공공기여율 | 부지면적의 10%
공공기여 | 토지면적 | 300 ㎡ ( = 3,000 ㎡ × 0.1)
상한용적률 공공기여 | 완 화용적률 | 100% ( = 500% - 400%)
공공기여량 | 50% ( = 100% × 1/2)
공공기여율 | 10% ( = 50% / 500%)
토지면적 | 300 ㎡ ( = 3,000 ㎡ × 0.1)
공공기여 총 량(토지면적) | 600 ㎡ ( = 300 ㎡ + 300 ㎡ )
현 금 납부 | 감정평가 액 | 6,000,000원/ ㎡
납부 액 | 3,600,000,000원
구분 | 통합실외기 설치기준 | 유지 · 관리 기준 | 반영여부 (○, ×) 실외 규모
‧ 바닥 면적 6.5 x 1.03 = 6.7 ㎡ 이상 | ‧ 주택건설기준 관한 규 정 실외 기 열 교 환 및 유지보수 반영 ‧ 실외기를 공유하는 세대의 규모 에 따라 효 율적인 기기 선정 ‧ 실외기 보관장소의 입지와 면적의 적정 성 위원회에서 검토 | 등에 에 대해 | 실외기 실면적
‧ 에너지 효 율 등급 1등급~2등급 만족 | ‧ 주요시 책 사 항 중 에너지1등급을 선택 할 경우해당시설기준반 드 시준수 |  | 냉방 능력
‧ 단상 2선식 220 V 60H Z ‧ 실외기 및 실내기 전원은 반 드 시 주 전원차단기와 ELB ( 누 전차단기)를 설 치하고 각 개별 실외기용 전원차단기 와 ELB 를 설치해 야 한다 ‧ 배전반에서실외기간 ",ebd49d6bbafa5a491dd4ff0782a79d80801e3252251158e81be1a9f36bcc578d,VIS-EBD49D6BBAFA,TRUE,자동 추출,PDF 페이지 렌더링 기반 자동 생성. 원본 대조 필요.
TBL-LAW1-042,LAW1,LAW1-4_7_4,80,표 크롭,law-1_p080_LAW1-T042.png,04_visuals/table_crops/law-1_p080_LAW1-T042.png,LAW1-T042,LAW1-T042,39.909,62.21,798.663,534.349,2320,1443,,LAW1-T042의 PDF 페이지 렌더링 기반 표 크롭.,"LAW1-4_7_4 / 4-7-4. 입주대상자가 신혼부부인 민간임대주택의 경우 임차인이 10년 거주하면, 우
선 양도권을 부여할 수 있으며 매매가격은 시세가격으로 한다.
현금납부 예시
대상지: 부지면적:
3,000㎡(철도부지), 제3종일반주거지역 → 준주거지역
기본용적률 및 상한용적률 부여에 따른 공공기여량 산정
기본용적률 | 상한용적률
400% | 500%
구 분 | 산출근거
기본용적률 | 공공기여율 | 부지면적의 10%
공공기여 | 토지면적 | 300 ㎡ ( = 3,000 ㎡ × 0.1)
상한용적률 공공기여 | 완 화용적률 | 100% ( = 500% - 400%)
공공기여량 | 50% ( = 100% × 1/2)
공공기여율 | 10% ( = 50% / 500%)
토지면적 | 300 ㎡ ( = 3,000 ㎡ × 0.1)
공공기여 총 량(토지면적) | 600 ㎡ ( = 300 ㎡ + 300 ㎡ )
현 금 납부 | 감정평가 액 | 6,000,000원/ ㎡
납부 액 | 3,600,000,000원
구분 | 통합실외기 설치기준 | 유지 · 관리 기준 | 반영여부 (○, ×) 실외 규모
‧ 바닥 면적 6.5 x 1.03 = 6.7 ㎡ 이상 | ‧ 주택건설기준 관한 규 정 실외 기 열 교 환 및 유지보수 반영 ‧ 실외기를 공유하는 세대의 규모 에 따라 효 율적인 기기 선정 ‧ 실외기 보관장소의 입지와 면적의 적정 성 위원회에서 검토 | 등에 에 대해 | 실외기 실면적
‧ 에너지 효 율 등급 1등급~2등급 만족 | ‧ 주요시 책 사 항 중 에너지1등급을 선택 할 경우해당시설기준반 드 시준수 |  | 냉방 능력
‧ 단상 2선식 220 V 60H Z ‧ 실외기 및 실내기 전원은 반 드 시 주 전원차단기와 ELB ( 누 전차단기)를 설 치하고 각 개별 실외기용 전원차단기 와 ELB 를 설치해 야 한다 ‧ 배전반에서실외기간 ",1be64c3aa05867fac87b64768b437a628a6da06226eaf5b5d975b5fbb9d83774,VIS-1BE64C3AA058,TRUE,자동 추출,PDF 페이지 렌더링 기반 자동 생성. 원본 대조 필요.
TBL-LAW1-043,LAW1,LAW1-4_7_4,81,표 크롭,law-1_p081_LAW1-T043.png,04_visuals/table_crops/law-1_p081_LAW1-T043.png,LAW1-T043,LAW1-T043,39.314,61.952,798.666,534.53,2321,1445,,LAW1-T043의 PDF 페이지 렌더링 기반 표 크롭.,"LAW1-4_7_4 / 4-7-4. 입주대상자가 신혼부부인 민간임대주택의 경우 임차인이 10년 거주하면, 우
선 양도권을 부여할 수 있으며 매매가격은 시세가격으로 한다.
현금납부 예시
대상지: 부지면적:
3,000㎡(철도부지), 제3종일반주거지역 → 준주거지역
기본용적률 및 상한용적률 부여에 따른 공공기여량 산정
기본용적률 | 상한용적률
400% | 500%
구 분 | 산출근거
기본용적률 | 공공기여율 | 부지면적의 10%
공공기여 | 토지면적 | 300 ㎡ ( = 3,000 ㎡ × 0.1)
상한용적률 공공기여 | 완 화용적률 | 100% ( = 500% - 400%)
공공기여량 | 50% ( = 100% × 1/2)
공공기여율 | 10% ( = 50% / 500%)
토지면적 | 300 ㎡ ( = 3,000 ㎡ × 0.1)
공공기여 총 량(토지면적) | 600 ㎡ ( = 300 ㎡ + 300 ㎡ )
현 금 납부 | 감정평가 액 | 6,000,000원/ ㎡
납부 액 | 3,600,000,000원
구분 | 통합실외기 설치기준 | 유지 · 관리 기준 | 반영여부 (○, ×) 실외 규모
‧ 바닥 면적 6.5 x 1.03 = 6.7 ㎡ 이상 | ‧ 주택건설기준 관한 규 정 실외 기 열 교 환 및 유지보수 반영 ‧ 실외기를 공유하는 세대의 규모 에 따라 효 율적인 기기 선정 ‧ 실외기 보관장소의 입지와 면적의 적정 성 위원회에서 검토 | 등에 에 대해 | 실외기 실면적
‧ 에너지 효 율 등급 1등급~2등급 만족 | ‧ 주요시 책 사 항 중 에너지1등급을 선택 할 경우해당시설기준반 드 시준수 |  | 냉방 능력
‧ 단상 2선식 220 V 60H Z ‧ 실외기 및 실내기 전원은 반 드 시 주 전원차단기와 ELB ( 누 전차단기)를 설 치하고 각 개별 실외기용 전원차단기 와 ELB 를 설치해 야 한다 ‧ 배전반에서실외기간 ",971c22a526057f3cc92f7a3f1d9ae1ded5762c760e1a62712f680183ab5124af,VIS-971C22A52605,TRUE,자동 추출,PDF 페이지 렌더링 기반 자동 생성. 원본 대조 필요.
TBL-LAW1-044,LAW1,LAW1-4_7_4,82,표 크롭,law-1_p082_LAW1-T044.png,04_visuals/table_crops/law-1_p082_LAW1-T044.png,LAW1-T044,LAW1-T044,39.613,62.117,798.769,534.445,2320,1444,,LAW1-T044의 PDF 페이지 렌더링 기반 표 크롭.,"LAW1-4_7_4 / 4-7-4. 입주대상자가 신혼부부인 민간임대주택의 경우 임차인이 10년 거주하면, 우
선 양도권을 부여할 수 있으며 매매가격은 시세가격으로 한다.
현금납부 예시
대상지: 부지면적:
3,000㎡(철도부지), 제3종일반주거지역 → 준주거지역
기본용적률 및 상한용적률 부여에 따른 공공기여량 산정
기본용적률 | 상한용적률
400% | 500%
구 분 | 산출근거
기본용적률 | 공공기여율 | 부지면적의 10%
공공기여 | 토지면적 | 300 ㎡ ( = 3,000 ㎡ × 0.1)
상한용적률 공공기여 | 완 화용적률 | 100% ( = 500% - 400%)
공공기여량 | 50% ( = 100% × 1/2)
공공기여율 | 10% ( = 50% / 500%)
토지면적 | 300 ㎡ ( = 3,000 ㎡ × 0.1)
공공기여 총 량(토지면적) | 600 ㎡ ( = 300 ㎡ + 300 ㎡ )
현 금 납부 | 감정평가 액 | 6,000,000원/ ㎡
납부 액 | 3,600,000,000원
구분 | 통합실외기 설치기준 | 유지 · 관리 기준 | 반영여부 (○, ×) 실외 규모
‧ 바닥 면적 6.5 x 1.03 = 6.7 ㎡ 이상 | ‧ 주택건설기준 관한 규 정 실외 기 열 교 환 및 유지보수 반영 ‧ 실외기를 공유하는 세대의 규모 에 따라 효 율적인 기기 선정 ‧ 실외기 보관장소의 입지와 면적의 적정 성 위원회에서 검토 | 등에 에 대해 | 실외기 실면적
‧ 에너지 효 율 등급 1등급~2등급 만족 | ‧ 주요시 책 사 항 중 에너지1등급을 선택 할 경우해당시설기준반 드 시준수 |  | 냉방 능력
‧ 단상 2선식 220 V 60H Z ‧ 실외기 및 실내기 전원은 반 드 시 주 전원차단기와 ELB ( 누 전차단기)를 설 치하고 각 개별 실외기용 전원차단기 와 ELB 를 설치해 야 한다 ‧ 배전반에서실외기간 ",729865c047933086119d7b7834776fa87a546338fc09ecccf2f8ec5d1506bc36,VIS-729865C04793,TRUE,자동 추출,PDF 페이지 렌더링 기반 자동 생성. 원본 대조 필요.
TBL-LAW1-045,LAW1,LAW1-4_7_4,83,표 크롭,law-1_p083_LAW1-T045.png,04_visuals/table_crops/law-1_p083_LAW1-T045.png,LAW1-T045,LAW1-T045,40.517,67.206,798.767,534.397,2318,1428,,LAW1-T045의 PDF 페이지 렌더링 기반 표 크롭.,"LAW1-4_7_4 / 4-7-4. 입주대상자가 신혼부부인 민간임대주택의 경우 임차인이 10년 거주하면, 우
선 양도권을 부여할 수 있으며 매매가격은 시세가격으로 한다.
현금납부 예시
대상지: 부지면적:
3,000㎡(철도부지), 제3종일반주거지역 → 준주거지역
기본용적률 및 상한용적률 부여에 따른 공공기여량 산정
기본용적률 | 상한용적률
400% | 500%
구 분 | 산출근거
기본용적률 | 공공기여율 | 부지면적의 10%
공공기여 | 토지면적 | 300 ㎡ ( = 3,000 ㎡ × 0.1)
상한용적률 공공기여 | 완 화용적률 | 100% ( = 500% - 400%)
공공기여량 | 50% ( = 100% × 1/2)
공공기여율 | 10% ( = 50% / 500%)
토지면적 | 300 ㎡ ( = 3,000 ㎡ × 0.1)
공공기여 총 량(토지면적) | 600 ㎡ ( = 300 ㎡ + 300 ㎡ )
현 금 납부 | 감정평가 액 | 6,000,000원/ ㎡
납부 액 | 3,600,000,000원
구분 | 통합실외기 설치기준 | 유지 · 관리 기준 | 반영여부 (○, ×) 실외 규모
‧ 바닥 면적 6.5 x 1.03 = 6.7 ㎡ 이상 | ‧ 주택건설기준 관한 규 정 실외 기 열 교 환 및 유지보수 반영 ‧ 실외기를 공유하는 세대의 규모 에 따라 효 율적인 기기 선정 ‧ 실외기 보관장소의 입지와 면적의 적정 성 위원회에서 검토 | 등에 에 대해 | 실외기 실면적
‧ 에너지 효 율 등급 1등급~2등급 만족 | ‧ 주요시 책 사 항 중 에너지1등급을 선택 할 경우해당시설기준반 드 시준수 |  | 냉방 능력
‧ 단상 2선식 220 V 60H Z ‧ 실외기 및 실내기 전원은 반 드 시 주 전원차단기와 ELB ( 누 전차단기)를 설 치하고 각 개별 실외기용 전원차단기 와 ELB 를 설치해 야 한다 ‧ 배전반에서실외기간 ",92c2fd3193e6ee2b4ae19f30bb8d436a8dac19a13a6675a798e0fc81ba57b4a3,VIS-92C2FD3193E6,TRUE,자동 추출,PDF 페이지 렌더링 기반 자동 생성. 원본 대조 필요.
TBL-LAW1-046,LAW1,LAW1-4_7_4,84,표 크롭,law-1_p084_LAW1-T046.png,04_visuals/table_crops/law-1_p084_LAW1-T046.png,LAW1-T046,LAW1-T046,39.63,254.506,798.515,534.292,2319,856,,LAW1-T046의 PDF 페이지 렌더링 기반 표 크롭.,"LAW1-4_7_4 / 4-7-4. 입주대상자가 신혼부부인 민간임대주택의 경우 임차인이 10년 거주하면, 우
선 양도권을 부여할 수 있으며 매매가격은 시세가격으로 한다.
현금납부 예시
대상지: 부지면적:
3,000㎡(철도부지), 제3종일반주거지역 → 준주거지역
기본용적률 및 상한용적률 부여에 따른 공공기여량 산정
기본용적률 | 상한용적률
400% | 500%
구 분 | 산출근거
기본용적률 | 공공기여율 | 부지면적의 10%
공공기여 | 토지면적 | 300 ㎡ ( = 3,000 ㎡ × 0.1)
상한용적률 공공기여 | 완 화용적률 | 100% ( = 500% - 400%)
공공기여량 | 50% ( = 100% × 1/2)
공공기여율 | 10% ( = 50% / 500%)
토지면적 | 300 ㎡ ( = 3,000 ㎡ × 0.1)
공공기여 총 량(토지면적) | 600 ㎡ ( = 300 ㎡ + 300 ㎡ )
현 금 납부 | 감정평가 액 | 6,000,000원/ ㎡
납부 액 | 3,600,000,000원
구분 | 통합실외기 설치기준 | 유지 · 관리 기준 | 반영여부 (○, ×) 실외 규모
‧ 바닥 면적 6.5 x 1.03 = 6.7 ㎡ 이상 | ‧ 주택건설기준 관한 규 정 실외 기 열 교 환 및 유지보수 반영 ‧ 실외기를 공유하는 세대의 규모 에 따라 효 율적인 기기 선정 ‧ 실외기 보관장소의 입지와 면적의 적정 성 위원회에서 검토 | 등에 에 대해 | 실외기 실면적
‧ 에너지 효 율 등급 1등급~2등급 만족 | ‧ 주요시 책 사 항 중 에너지1등급을 선택 할 경우해당시설기준반 드 시준수 |  | 냉방 능력
‧ 단상 2선식 220 V 60H Z ‧ 실외기 및 실내기 전원은 반 드 시 주 전원차단기와 ELB ( 누 전차단기)를 설 치하고 각 개별 실외기용 전원차단기 와 ELB 를 설치해 야 한다 ‧ 배전반에서실외기간 ",2fd36280d5a6c32e6e61b7c24490acf7da4a93c6eedf904be5c3f2288ef8976d,VIS-2FD36280D5A6,TRUE,자동 추출,PDF 페이지 렌더링 기반 자동 생성. 원본 대조 필요.
COMP-LAW1-001,LAW1,LAW1-1_3_1,2,복합 도식,law-1_p002_clause0004_composite001.png,04_visuals/composite_diagrams/law-1_p002_clause0004_composite001.png,xref:233;occurrence:1;xref:234;occurrence:2;xref:248;occurrence:3,,58.707,45.782,583.188,631.395,1603,1790,,같은 페이지·조항의 시각요소 3개(image)를 통합한 복합 도식 크롭.,"LAW1-1_3_1 / 1-3-1. “대중교통 중심지역”이란 안심주택 조례 제2조제1호의 지역으로 지하철 및 버스 등 대중교통의 편리한 이용이 가능한 지역으로 다음 각 목의 어느 하나 를 말한다.
가. “역세권”이란 안심주택 조례 제2조제1호 가목의 지역을 말하며, 지하철, 국 철 및 경전철 등의 역(개통이 예정된 역을 포함한다)의 각 승강장 경계로부터 직각으로 250미터 이내의 지역을 말한다. 서울특별시장(이하 ‘시장’이라 한
다)은 다음 어느 하나에 해당하는 경우 안심주택 조례 제20조에 따른 공공지 원민간임대주택 통합심의위원회의 심의를 거쳐 역의 각 승강장 경계 및 출입 구로부터 350미터 이내의 토지를 사업대상지로 지정할 수 있다. 이 경우 용 도지역 변경에 관한 사항도 350미터를 기준으로 한다.
1) 승강장 위치가 도로의 선형과 일치하지 않는 역의 경우(해당역은 충무로역, 신이문역, 왕십리역, 길음역, 신금호역, 신도림역, 신길역, 동작역, 개화산 역, 발산역, 종합운동장역, 일원역, 구룡역, 양재시민의숲역을 말한다)
[일반적인 경우]
역세권
범위
25Om
25Om
승강장
승강장 경계
[승강장이 도로선형과 일치하지 않는 경우]
역세권
25Om
범위
25Om
지하철 출입구 _
25Om
25Om
25Om
승강장
25Om
승강장 경계
지하철 출입구
2) 주변지역 여건을 고려하여 사업추진이 필요하다고 인정되는 경우
3) 개통이 예정된 역이란 지하철, 국철 및 경전철 등의 역으로서 재정사업은 사업계획이 승인된 경우, 민자사업은 사업시행자가 지정된 경우를 말한다.
나. “간선도로변”이란 안심주택 조례 제2조제1호나목의 지역을 말하며, 도로법 제14조(특별시도의 지정 ⸱ 고시)에 따라 고시 ⸱ 운영 중인 특별시도 중 1-3-1.가 목의 역세권 외부에 위치한 폭 20m 이상의 주간선도로, 보조간선도로의 경 계로",8e21d4a360ff28f5dac4313b60314eb8f15a99675f0503341c21eb055f709751,VIS-8E21D4A360FF,TRUE,자동 추출,PDF 페이지 렌더링 기반 자동 생성. 원본 대조 필요.
COMP-LAW1-002,LAW1,LAW1-2_2_4,8,복합 도식,law-1_p008_clause0031_composite002.png,04_visuals/composite_diagrams/law-1_p008_clause0031_composite002.png,xref:533;occurrence:5;xref:534;occurrence:6,,21.167,373.743,573.713,761.333,1690,1185,,같은 페이지·조항의 시각요소 2개(image)를 통합한 복합 도식 크롭.,"LAW1-2_2_4 / 2-2-4. 안심주택 조례 제9조에 따른 사업계획의 결정절차는 다음과 같다. 다만 운
영기준 시행일로부터 1년간 2-2-4 나목의 사업대상은 2-2-4 가목의 결정
절차를 따른다. 다만, 청년에게 100% 공급하는 주택의 경우는 제외한다. 가. 사업면적 2,000㎡ 초과[촉진지구 지정과 인·허가 통합승인(시)]
통합심의위원회
사업제안서
주민열람공고
사업계획서 접수
접수 및 검토
사전자문
서물시 자치구
서울시
서울시
서울시
착공 및 사용승인
속진지구 지정
통합심의위원회
축진지구 완료공고
지구계획승인및 고시
심의
자치구
서울시
서울시
나. 사업면적 1,000㎡ 이상 ~ 2,000㎡ 이하[촉진지구지정(시) 인허가(자치구)]
자문결과 통보(시-구)
주민열람공고
통합심의위원회
사업제안서
사업계획서접수
접수 및 검토
사전자문
관계부서 협의
자치구
서울시
자치구
자치구
착공 및 사용승인
사업계획승인
통합심의위원회
축진지구완료공고
(건축히가)
지구계획승인및 고시
심의
자치구
자치구
서울시
서울시
※ 통합심의위원회 사전자문 및 심의시 자치구 참석",99c810c9d2eba7f2321d7a178cde0e3028a0464870234d1b10f7351ac772f11a,VIS-99C810C9D2EB,TRUE,자동 추출,PDF 페이지 렌더링 기반 자동 생성. 원본 대조 필요.
COMP-LAW1-003,LAW1,LAW1-2_3_1,9,복합 도식,law-1_p009_clause0032_composite003.png,04_visuals/composite_diagrams/law-1_p009_clause0032_composite003.png,xref:569;occurrence:7;xref:570;occurrence:8,,44.315,307.815,550.325,537.538,1547,703,,같은 페이지·조항의 시각요소 2개(image)를 통합한 복합 도식 크롭.,"LAW1-2_3_1 / 2-3-1. 안심주택(안심주택 조례 제7조 제3항을 따른다)의 용도지역 변경 기준은 다 음과 같으며 구체적인 사항은 라목의 사례별 기준을 따른다.
가. 현재 용도지역 기준
1) 제2종일반주거지역으로의 변경: 자연녹지지역, 제1종일반주거지역 ※ 어르신에게 임대주택을 100% 공급하는 경우만 적용
2) 준주거지역으로 변경: 제2종·제3종일반주거지역
3) 일반 또는 근린상업지역으로 변경: 제2종·제3종일반주거지역, 준주거지역 나. 인접 및 도로 기준
1) 준주거지역이나 일반 또는 근린상업지역에 바로 접하고 있어야 한다.
2) 준주거지역이나 일반 또는 근린상업지역과 폭 20m 이하의 도로를 사이에 두고 접하고 있어야 한다.
3) 20m 이상의 간선도로에 접하고 있어야 한다.
[인접 및 도로기준(예시)]
용도지역 변경 가능 대상지 범위
2)
2)
2)
2)
2)
2)
2)
20m 이하
상업지역
3)
3)
3)
1),3)
2),3)
3)
3)
3)
3)
20m 이상 간선도로
승강장 또는 의료시설
20m 이상 간선도로
[인접 사례(예시)]
상업지역에 20m 이하의 도로를 사이에 인접에 해당
두고
고
접
함:
인
접
에 해당
20m 이상의 간선도로에
접
함
다. 사업대상지 인정 기준
1) 안심주택(안심주택 조례 제5조 제2항을 따른다)의 사업대상지의 과반이 대 중교통 또는 의료시설 중심지역에 포함되지 않아 관련위원회의 심의를 통해 사업대상지로 인정 받은 경우 추가 공공기여를 제공하여야 한다. 다만, 이 경우 적용되는 역세권 및 의료시설 중심지역 범위는 승강장 경계로부터 250m 이내와 의료시설 대상부지 경계로부터 350m 이내를 말한 다.(1-3-1 가목을 인정받는 경우 승강장 경계로부터 350m 이내로 적용) 가) 검토 대상지 및 사업대상지 인정 시 추가 공공기여 기준
(1) 검토 대상지 : 사업",48b25ee6d2b09ed6868c651ec9d98275181bbc8017cdfb16179dd6a20a95f09c,VIS-48B25EE6D2B0,TRUE,자동 추출,PDF 페이지 렌더링 기반 자동 생성. 원본 대조 필요.
COMP-LAW1-004,LAW1,LAW1-2_3_2,14,복합 도식,law-1_p014_clause0033_composite004.png,04_visuals/composite_diagrams/law-1_p014_clause0033_composite004.png,xref:727;occurrence:9;xref:729;occurrence:10;xref:731;occurrence:11;xref:733;occurrence:12;xref:735;occurrence:13;xref:737;occurrence:14;xref:740;occurrence:15;xref:742;occurrence:16,,36.879,89.654,563.758,787.344,1611,2133,,같은 페이지·조항의 시각요소 8개(image)를 통합한 복합 도식 크롭.,"LAW1-2_3_2 / 2-3-2. 안심주택 조례 제7조 제3항에 따라 “간선도로변”의 용도지역 변경 기준은 2-3-1의 기준에 따르되 다음 각 목의 기준을 충족하여야 한다.
가. 용도지역 변경 기준
1) 간선도로변 직접 접하는 경우 : 준주거지역으로 변경을 원칙으로 하되 2-3-1 나목의 인접 및 도로기준 1), 2)에 해당하는 경우 관련 위원회의 심 의를 통해 일반 또는 근린상업지역으로 변경할 수 있다.
2) 간선도로변에 직접 접하지 않는 경우(이면도로) : 준주거지역, 다만, 간선도 로변에 직접 접한 대지의 용도지역을 초과할 수 없다.
나. 입지 및 면적 기준
1) 제1종일반주거지역의 저층주거지(공원, 도로 등 제외)와 연접한 경우는 관 련위원회의 자문을 거쳐 사업 추진여부을 결정할 수 있다.
2) 사업대상지가 간선도로변에 접한 경우 2면 이상(이면도로에 접한 경우 1면 이상)이 도로에 접하면서, 한 면은 최소 6m 이상의 도로에 접해야 한다. 차량진출입은 이면도로에 계획하여야 하며, 간선도로변에서 직접 연결되는 이면도로에 차량진출입구를 설치하는 경우, 간선도로변에서의 이격거리는 최 소 15m 이상으로 한다.
3) 간선도로변에 접한 경우 간선도로에 접한 대지의 길이는 최소 15m 이상으 로 한다.
가) 면적 및 도로기준(예시)
간선도로변
이면도로변
(사업가능)
좀
간선도로변이
간선도로
(사업가능)
6mn도로
이면도로변 0
간선도로
6mn도로
간선도로변 0
이면도로변0
간선도로
15m 이상
간선도로변 0
간선도로
(사업불가)
(사업불가)
간선도로
6mn도로
이면도로변 0
간선도로
사업불가
4m도로
사업물가
간선도로
간선도로
4m도로
사업
불가
간선도로
(간선도로 연결도로 및 이면부 진출입도로 요건 미충족)
6mn도로
사업불가
간선도로
(간선도로 연결도로 및 이면부 진출입도로 요건 미충족)
나) 저층주거지",07a618cb02d7163caa2f6ee7438c3d0a68cf8fd6ba5f5302e613dfcebd6dec15,VIS-07A618CB02D7,TRUE,자동 추출,PDF 페이지 렌더링 기반 자동 생성. 원본 대조 필요.
COMP-LAW1-005,LAW1,LAW1-2_3_2,15,복합 도식,law-1_p015_clause0033_composite005.png,04_visuals/composite_diagrams/law-1_p015_clause0033_composite005.png,xref:763;occurrence:17;xref:764;occurrence:18;xref:766;occurrence:19;xref:774;occurrence:20,,33.88,340.06,563.758,808.321,1620,1432,,같은 페이지·조항의 시각요소 4개(image)를 통합한 복합 도식 크롭.,"LAW1-2_3_2 / 2-3-2. 안심주택 조례 제7조 제3항에 따라 “간선도로변”의 용도지역 변경 기준은 2-3-1의 기준에 따르되 다음 각 목의 기준을 충족하여야 한다.
가. 용도지역 변경 기준
1) 간선도로변 직접 접하는 경우 : 준주거지역으로 변경을 원칙으로 하되 2-3-1 나목의 인접 및 도로기준 1), 2)에 해당하는 경우 관련 위원회의 심 의를 통해 일반 또는 근린상업지역으로 변경할 수 있다.
2) 간선도로변에 직접 접하지 않는 경우(이면도로) : 준주거지역, 다만, 간선도 로변에 직접 접한 대지의 용도지역을 초과할 수 없다.
나. 입지 및 면적 기준
1) 제1종일반주거지역의 저층주거지(공원, 도로 등 제외)와 연접한 경우는 관 련위원회의 자문을 거쳐 사업 추진여부을 결정할 수 있다.
2) 사업대상지가 간선도로변에 접한 경우 2면 이상(이면도로에 접한 경우 1면 이상)이 도로에 접하면서, 한 면은 최소 6m 이상의 도로에 접해야 한다. 차량진출입은 이면도로에 계획하여야 하며, 간선도로변에서 직접 연결되는 이면도로에 차량진출입구를 설치하는 경우, 간선도로변에서의 이격거리는 최 소 15m 이상으로 한다.
3) 간선도로변에 접한 경우 간선도로에 접한 대지의 길이는 최소 15m 이상으 로 한다.
가) 면적 및 도로기준(예시)
간선도로변
이면도로변
(사업가능)
좀
간선도로변이
간선도로
(사업가능)
6mn도로
이면도로변 0
간선도로
6mn도로
간선도로변 0
이면도로변0
간선도로
15m 이상
간선도로변 0
간선도로
(사업불가)
(사업불가)
간선도로
6mn도로
이면도로변 0
간선도로
사업불가
4m도로
사업물가
간선도로
간선도로
4m도로
사업
불가
간선도로
(간선도로 연결도로 및 이면부 진출입도로 요건 미충족)
6mn도로
사업불가
간선도로
(간선도로 연결도로 및 이면부 진출입도로 요건 미충족)
나) 저층주거지",993411a43e237964efe619526e88285753ce48d960459c15fa8ac6442b42c8dc,VIS-993411A43E23,TRUE,자동 추출,PDF 페이지 렌더링 기반 자동 생성. 원본 대조 필요.
COMP-LAW1-006,LAW1,LAW1-2_3_3,16,복합 도식,law-1_p016_clause0034_composite006.png,04_visuals/composite_diagrams/law-1_p016_clause0034_composite006.png,xref:787;occurrence:21;xref:789;occurrence:22,,46.114,544.436,586.786,781.95,1653,727,,같은 페이지·조항의 시각요소 2개(image)를 통합한 복합 도식 크롭.,"LAW1-2_3_3 / 2-3-3. 안심주택 조례 제7조 제3항에 따라 “의료시설 중심지역”의 용도지역 변경 기준은 2-3-1의 기준에 따르되 다음의 요건을 충족하여야 한다.
가. 의료시설의 대상부지에 의료시설 외 용도의 건물이 있는 경우 의료시설 건물 과 의료시설 외의 건축물의 중심 또는 도로중심선을 경계로 한다. 해당 범위 의 구체적인 사항은 시장이 별도로 정할 수 있다.
[의료시설 외의 건축물의 중심]
의료시설의대상부지
의료시설외
건축물의중심
용도의건축물
의학대학(원)
기숙사등
의로시설
중심지역
[해당 부지에 도로가 있는 경우]
의료시설의대상부지
의료시설외
의료시설
용도의건축물
중심지역
의학다학(원)
가숙사등
부지내도로중심선
나. 사업대상지는 최소 6m 이상의 도로에 접하고 이면도로에서 차량 진출입을 우선적으로 검토한다.",3f0b472113d130f90fc808dfd54f95320b9224c52616f01d3d7173a950f5ef30,VIS-3F0B472113D1,TRUE,자동 추출,PDF 페이지 렌더링 기반 자동 생성. 원본 대조 필요.
COMP-LAW1-007,LAW1,LAW1-2_5_3,21,복합 도식,law-1_p021_clause0039_composite007.png,04_visuals/composite_diagrams/law-1_p021_clause0039_composite007.png,xref:880;occurrence:23;xref:882;occurrence:24,,227.816,182.792,491.677,285.334,807,315,,같은 페이지·조항의 시각요소 2개(image)를 통합한 복합 도식 크롭.,"LAW1-2_5_3 / 2-5-3. 건축물의 주거환경을 미래지향적으로 조성하기 위하여 지속가능형 공동주택, 친환경 건축물, 커뮤니티 지원시설 설치, 상생형 임차시설 설치, 공공시설물 (의무 공공기여 제외) 설치, ｢서울특별시 건축물 심의기준｣에 규정한 발코니 (개방형 발코니, 돌출개방형 발코니, 돌출형 발코니) 설치 중 2가지 사항 이 상을 의무적으로 이행하여야 한다.
가. “지속가능형 공동주택”은 건축물의 노후화 억제, 기능향상 등을 통해 건축물 의 내구연한을 증대시켜 자원의 절약 및 건설폐기물 최소화 등 친환경성을 지 속적으로 유지하기 위하여 「건축법」 제8조에 의한 “리모델링이 쉬운 구조” 인 공동주택 또는 「주택법」 제38조에 의한 “장수명 주택”으로 계획하여야
하며, 적합 여부는 「서울특별시 건축물 심의기준」을 참조하여 관련위원회에 서 결정한다.
나. “친환경 건축물”은 녹색건축물 활성화 도모를 위한 것으로 「서울특별시 녹색 건축물 설계기준(서울특별시 고시)」을 다음과 같이 적용한다.
1) 「서울특별시 녹색건축물 설계기준(서울특별시 고시)」에 의한 해당 적용대 상의 구분을 적용하여 ㉠ 환경성능부문 ㉡ 에너지성능부문 ㉢ 에너지관리부 문 ㉣ 신·재생에너지부문 중 2가지 이상을 적용대상의 구분에서 상향단계를 적용한다.
(예시 :  기준 →  기준으로 ㉠~㉣중 2가지 이상 적용)
※「서울특별시 녹색건축물 설계기준(서울특별시 고시)」: 적용대상의 구분
※ 단, 「서울특별시 녹색건축물 설계기준(서울특별시 고시)」 적용대상의 구분이 최상일 경우(  )는 해당 적용대상의 구분과 동일 고시의 녹색건축물 인센티브의 제로에너지 건축물 인증 등급 5등급을 추가 적용한다.
2) 친환경 건축물의 적용은 사업계획승인 또는 건축허가 시 계획내용을 제출·확 인하고 착공 전까지 예비인증을 받아야 하며, 사용승인 시 인증받아야",78eb960bb21b3cbbba8ece96b3f0d1565e9a134b46eda9f7bee212676a280c2c,VIS-78EB960BB21B,TRUE,자동 추출,PDF 페이지 렌더링 기반 자동 생성. 원본 대조 필요.
COMP-LAW1-008,LAW1,LAW1-2_6_3,29,복합 도식,law-1_p029_clause0054_composite008.png,04_visuals/composite_diagrams/law-1_p029_clause0054_composite008.png,LAW1-T010;LAW1-T011,,56.387,55.961,571.313,729.268,1574,2058,,같은 페이지·조항의 시각요소 2개(table)를 통합한 복합 도식 크롭.,"LAW1-2_6_3 / 2-6-3. 안심주택의 부설주차장에 대한 주차공간 배분 및 운영 원칙은 다음과 같다. 다만, 지역 여건 및 실제 운영상황에 따라 입주자와 임대사업자가 협의하여 탄력적으로 운영할 수 있다.
가. 필수(입주자 등) 및 활용(외부개방 등) 배분에 따라 부설주차장을 이용하여 야 함
나. 부설주차장의 공간적 배분 및 배정원칙
1) 공간적 배분
구 분 | 비율(%) 예시 | 설정 기준
합계 | 100 | 
필수 주차공간 | 소계 | 15 | 
장애인, 국가유공자 | 3 | 법정 기준
비주거(상가등) | 12 | 법정 기준
활용가능 주차공간 | 소계 | 85 | 
거주자우선주차 | 10 | 자치구 수요조사 반영
나눔카 | - | 필요시 외부개방 주차공간 일부 활용
일반입주자 및 외부개방 | 75 | 
2) 배정원칙: 순위별 배정을 기본으로 하되 1순위 장애인, 국가유공자용을 제 외한 대상자별 배정 물량, 주차요금은 단지별 상황에 따라 입주자와 임대사 업자가 협의 결정할 수 있음
구분 | 1순위(3% 이하) | 2순위(10% | 이하) | 3순위 | 그 외
대상 | 입주자 필수 (장애인·국가유공자) | 거주자우선주차 | 나눔카 | 입주자 일반 | 외부인 (인근 거주자 등 )
주차요금 | 공영주차장 요금 | 공영주차장 요금 | 협의 요금 | 민영주차장 요금
70% | 100%
※ 운영자문위원회를 통해 유자녀 대상 1순위 포함 가능(10% 이하)
다. 부설주차장 수익은 전액 입주자 관리비 절감을 전제로 하며, 1순위 주차요금 징수 여부는 입주자 협의를 통해 결정, 거주자 우선주차 금액 수준 이내(장애 인, 국가유공자 50%)로 권장
라. 운영위원회의 자문을 거쳐 결정된 부설주차장의 운영계획은 협약서 및 입주 자 모집공고 내용에 포함하여야 한다.
징수 수입
필수 주차(입주자) 거주자 우선주차 나눔카 일반",5281ecb95df4d6b05479abda63bc11543b53be8e6e83e953b2c7a87731ae6bae,VIS-5281ECB95DF4,TRUE,자동 추출,PDF 페이지 렌더링 기반 자동 생성. 원본 대조 필요.
COMP-LAW1-009,LAW1,LAW1-3_3_1,33,복합 도식,law-1_p033_clause0064_composite009.png,04_visuals/composite_diagrams/law-1_p033_clause0064_composite009.png,xref:569;occurrence:26;xref:570;occurrence:27,,55.349,350.728,537.252,562.83,1473,650,,같은 페이지·조항의 시각요소 2개(image)를 통합한 복합 도식 크롭.,"LAW1-3_3_1 / 3-3-1. 서울형 공유주택(안심주택 조례 제7조 제3항을 따른다)의 용도지역 변경 기 준은 다음과 같으며 구체적인 사항은 라목의 사례별 기준을 따른다.
가. 현재 용도지역 기준
1) 제3종일반주거지역으로의 변경 : 제2종일반주거지역
2) 준주거지역으로 변경 : 제2종·제3종일반주거지역
3) 일반 또는 근린상업지역으로 변경 : 제2종·제3종일반주거지역, 준주거지역 나. 인접 및 도로 기준
1) 제3종일반주거지역, 준주거지역이나 일반 또는 근린상업지역에 바로 접하고 있어야 한다.
2) 제3종일반주거지역, 준주거지역이나 일반 또는 근린상업지역과 폭 20m 이 하의 도로를 사이에 두고 접하고 있어야 한다.
3) 폭 20m 이상의 간선도로에 접하고 있어야 한다.
4) 폭 15m 이상의 도로에 접하고 있어야 한다.
[인접 및 도로기준(예시)]
용도지역 변경 가능 대상지 범위
2)
2)
2)
2)
2)
2)
2)
20m 이하
상업지역
3)
3)
3)
1),3)
2),3)
3)
3)
3)
3)
20m 이상 간선도로
승강장 또는 의료시설
20m 이상 간선도로
[인접 사례(예시)]
상업지역에 20m 이하의 도로를 사이에 인접에 해당
두고
고
접
함:
인
접
에 해당
20m 이상의 간선도로에 접 함
다. 사업대상지 인정 기준
1) 서울형 공유주택(안심주택 조례 제5조 제2항을 따른다)의 사업대상지의 과 반이 대중교통 또는 의료시설 중심지역에 포함되지 않아 관련위원회의 심의 를 통해 사업대상지로 인정받은 경우 추가 공공기여를 제공하여야 한다. 다 만, 이 경우 적용되는 역세권 및 의료시설 중심지역 범위는 승강장 경계로부 터 250m 이내와 의료시설 대상부지 경계로부터 350m 이내를 말한 다.(1-3-1 가목을 인정받는 경우 승강장 경계로부터 350m 이내로 적용) 가) 검토 대상지 및 사업대상지 인정 ",c7f71f93295904fa87566445af786a7f22f3a8d361c3731f9aa179243ee0dfeb,VIS-C7F71F932959,TRUE,자동 추출,PDF 페이지 렌더링 기반 자동 생성. 원본 대조 필요.
COMP-LAW1-010,LAW1,LAW1-3_3_2,38,복합 도식,law-1_p038_clause0065_composite010.png,04_visuals/composite_diagrams/law-1_p038_clause0065_composite010.png,xref:1159;occurrence:28;xref:1161;occurrence:29;xref:1163;occurrence:30;xref:1167;occurrence:31;xref:1169;occurrence:32;xref:1171;occurrence:33,,35.799,52.974,559.2,558.635,1600,1546,,같은 페이지·조항의 시각요소 6개(image)를 통합한 복합 도식 크롭.,"LAW1-3_3_2 / 3-3-2. 안심주택 조례 제7조 제3항에 따라 “간선도로변”의 용도지역 변경 기준은 3-3-1의 기준에 따르되 다음 각 목의 기준을 충족하여야 한다.
가. 용도지역 변경 기준
1) 간선도로변 직접 접하는 경우: 준주거지역으로 변경을 원칙으로 하되 3-3-1 나목의 인접 및 도로기준 1), 2)에 해당하는 경우는 통합심의위원회 심의를 통해 일반 또는 근린상업지역으로 변경할 수 있다.
2) 간선도로변에 직접 접하지 않는 경우(이면도로): 준주거지역, 다만, 간선도 로변에 직접 접한 대지의 용도지역을 초과할 수 없다.
나. 입지 기준
1) 제1종일반주거지역의 저층주거지(공원, 도로 등 제외)와 연접한 경우는 통 합심의위원회 자문을 거쳐 사업 추진여부을 결정할 수 있다.
2) 사업대상지가 간선도로변에 접한 경우 2면 이상(이면도로에 접한 경우 1면 이상)이 도로에 접하면서, 한 면은 최소 폭원 6m 이상의 도로에 접해야 한 다. 차량진출입은 이면도로에 계획하여야 하며, 도로 폭원 6m에 미달하는 경우, 사업대상지 내에 도로를 확보할 수 있다. 이 경우 사업대상지 내에 확 보한 도로는 공공기여율에 포함하지 않는다
가) 면적 및 도로기준(예시)
(사업가능)
간선도로변
(사업가능)
이면도로변
4m도로
이면부 6m도로 진출입
간선도로연결도로 6m 확보
간선도로
6mn도로
간선도로변 0
간선도로
이면부차량 진출입
6m도로
이면도로변 0
이면부 6m도로진출입
간선도로연결도로 6r 확보
간선도로
6rn도로
해
이면도로변0
간선도로
이면부사량 진출입
6m도로
2m 확보
면적 1천n 이상
간선도로변 0
이면부 6m도로 진출입
간선도로연결도로 6m 확보
간선도로
(대지내 도로 확폭구간은 공공기여율에 포함하지 않음)
이면부 차량 진출입
6m도로
이면도로변 0
면적 1천n 이상
이면부 6m도로 진출입
간선도로연",1dfa0b9da2f8d1744735c17b57985b07dcb457d3fdd903c155195792191b437f,VIS-1DFA0B9DA2F8,TRUE,자동 추출,PDF 페이지 렌더링 기반 자동 생성. 원본 대조 필요.
COMP-LAW1-011,LAW1,LAW1-3_3_2,39,복합 도식,law-1_p039_clause0065_composite011.png,04_visuals/composite_diagrams/law-1_p039_clause0065_composite011.png,xref:1189;occurrence:34;xref:1191;occurrence:35;xref:1193;occurrence:36;xref:1195;occurrence:37;xref:763;occurrence:38;xref:764;occurrence:39,,34.96,169.606,559.92,773.799,1605,1847,,같은 페이지·조항의 시각요소 6개(image)를 통합한 복합 도식 크롭.,"LAW1-3_3_2 / 3-3-2. 안심주택 조례 제7조 제3항에 따라 “간선도로변”의 용도지역 변경 기준은 3-3-1의 기준에 따르되 다음 각 목의 기준을 충족하여야 한다.
가. 용도지역 변경 기준
1) 간선도로변 직접 접하는 경우: 준주거지역으로 변경을 원칙으로 하되 3-3-1 나목의 인접 및 도로기준 1), 2)에 해당하는 경우는 통합심의위원회 심의를 통해 일반 또는 근린상업지역으로 변경할 수 있다.
2) 간선도로변에 직접 접하지 않는 경우(이면도로): 준주거지역, 다만, 간선도 로변에 직접 접한 대지의 용도지역을 초과할 수 없다.
나. 입지 기준
1) 제1종일반주거지역의 저층주거지(공원, 도로 등 제외)와 연접한 경우는 통 합심의위원회 자문을 거쳐 사업 추진여부을 결정할 수 있다.
2) 사업대상지가 간선도로변에 접한 경우 2면 이상(이면도로에 접한 경우 1면 이상)이 도로에 접하면서, 한 면은 최소 폭원 6m 이상의 도로에 접해야 한 다. 차량진출입은 이면도로에 계획하여야 하며, 도로 폭원 6m에 미달하는 경우, 사업대상지 내에 도로를 확보할 수 있다. 이 경우 사업대상지 내에 확 보한 도로는 공공기여율에 포함하지 않는다
가) 면적 및 도로기준(예시)
(사업가능)
간선도로변
(사업가능)
이면도로변
4m도로
이면부 6m도로 진출입
간선도로연결도로 6m 확보
간선도로
6mn도로
간선도로변 0
간선도로
이면부차량 진출입
6m도로
이면도로변 0
이면부 6m도로진출입
간선도로연결도로 6r 확보
간선도로
6rn도로
해
이면도로변0
간선도로
이면부사량 진출입
6m도로
2m 확보
면적 1천n 이상
간선도로변 0
이면부 6m도로 진출입
간선도로연결도로 6m 확보
간선도로
(대지내 도로 확폭구간은 공공기여율에 포함하지 않음)
이면부 차량 진출입
6m도로
이면도로변 0
면적 1천n 이상
이면부 6m도로 진출입
간선도로연",4cf2cc9b2392df1b029a065e41ba4ad33b9fd084057b454ed03fa664205af747,VIS-4CF2CC9B2392,TRUE,자동 추출,PDF 페이지 렌더링 기반 자동 생성. 원본 대조 필요.
COMP-LAW1-012,LAW1,LAW1-3_3_3,40,복합 도식,law-1_p040_clause0066_composite012.png,04_visuals/composite_diagrams/law-1_p040_clause0066_composite012.png,xref:787;occurrence:40;xref:789;occurrence:41,,28.603,541.679,569.276,779.193,1653,727,,같은 페이지·조항의 시각요소 2개(image)를 통합한 복합 도식 크롭.,"LAW1-3_3_3 / 3-3-3. “의료시설 중심지역”의 용도지역 변경 기준은 3-3-1의 기준에 따르되 다음 의 요건을 충족하여야 한다.
가. 의료시설 대상부지에 의료시설 외 용도의 건축물이 있는 경우 의료시설 건축 물과 의료시설 외 건축물간의 중심선 또는 도로중심선을 경계로 한다. 해당 범위의 구체적인 사항은 시장이 별도로 정할 수 있다.
[의료시설 외의 건축물의 중심]
의로시설의대상부지
의료시설외
건축물의중심
용도의건축물
의학대학(원)
의로시설
중심지역
[해당 부지에 도로가 있는 경우]
의로시설의대상부지
의료시설외
의료시설
용도의건축물
중심지역
의학대학(원)
기숙사등
부지내도로중심선
나. 사업대상지는 최소 6m 이상의 도로에 접하고 이면도로에서 차량 진출입을 우선적으로 검토한다.",2174e649880442383ab62c1f99e60739824a0a52dd8ba214da033c38f204e5e0,VIS-2174E6498804,TRUE,자동 추출,PDF 페이지 렌더링 기반 자동 생성. 원본 대조 필요.
COMP-LAW1-013,LAW1,LAW1-3_6_3,50,복합 도식,law-1_p050_clause0084_composite013.png,04_visuals/composite_diagrams/law-1_p050_clause0084_composite013.png,LAW1-T021;LAW1-T022,,60.346,384.407,571.459,799.063,1563,1268,,같은 페이지·조항의 시각요소 2개(table)를 통합한 복합 도식 크롭.,"LAW1-3_6_3 / 3-6-3. 서울형 공유주택의 부설주차장에 대한 주차공간 배분 및 운영 원칙은 다음 과 같다. 다만, 지역 여건 및 실제 운영상황에 따라 입주자와 임대사업자가 협의하여 탄력적으로 운영할 수 있다.
가. 필수(입주자 등) 및 활용(외부개방 등) 배분에 따라 부설주차장을 이용하여 야 함
나. 부설주차장의 공간적 배분 및 배정원칙
구 분 | 비율(%) 예시 | 설정 기준
합계 | 100 | 
필수 주차공간 | 소계 | 15 | 
장애인, 국가유공자 | 3 | 법정 기준
비주거(상가등) | 12 | 법정 기준
활용가능 주차공간 | 소계 | 85 | 
거주자우선주차 | 10 | 자치구 수요조사 반영
나눔카 | - | 필요시 외부개방 주차공간 일부 활용
일반입주자 및 외부개방 | 75 | 
2) 배정원칙: 순위별 배정을 기본으로 하되 1순위 장애인, 국가유공자용을 제 외한 대상자별 배정 물량, 주차요금은 단지별 상황에 따라 입주자와 임대사 업자가 협의 결정할 수 있음
구분 | 1순위 | 2순위(25% | 이하) | 3순위 | 그 외
대상 | 입주자 필수 (장애인·국가유공자) | 거주자우선주차 | 나눔카 | 입주자 일반 | 외부인 (인근 거주자 등 )
주차요금 | 공영주차장 요금 | 공영주차장 요금 | 협의 요금 | 민영주차장 요금
70% | 100%
다. 부설주차장 수익은 전액 입주자 관리비 절감을 전제로 하며, 1순위 주차요금 징수 여부는 입주자 협의를 통해 결정, 거주자 우선주차 금액 수준 이내(장애 인, 국가유공자 50%)로 권장
라. 운영위원회의 자문을 거쳐 결정된 부설주차장의 운영계획은 협약서 및 입주 자 모집공고 내용에 포함하여야 한다.
징수 수입
필수 주차(입주자) 거주자 우선주차 나눔카 일반 입주자 , 외부개방 주차
지출 비용
입주자 관리비 인하
일반관리비, 인건비, 운영비(보험등",698501868537563f20e4ee5e557ec1c629e4f59d861654b9502a98d42a058ad1,VIS-698501868537,TRUE,자동 추출,PDF 페이지 렌더링 기반 자동 생성. 원본 대조 필요.
COMP-LAW1-014,LAW1,LAW1-4_3_1,54,복합 도식,law-1_p054_clause0097_composite014.png,04_visuals/composite_diagrams/law-1_p054_clause0097_composite014.png,xref:569;occurrence:43;xref:570;occurrence:44,,55.349,117.344,537.252,329.446,1473,649,,같은 페이지·조항의 시각요소 2개(image)를 통합한 복합 도식 크롭.,"LAW1-4_3_1 / 4-3-1. 복합주택(안심주택 조례 제7조 제3항을 따른다)의 용도지역 변경 기준은 다 음과 같으며 구체적인 사항은 라목의 사례별 기준을 따른다.
가. 현재 용도지역 기준
※ 어르신에게 임대주택을 100% 공급하는 안심주택과 시니어용 서울형 공유주택을 복합 하는 경우만 적용
2) 준주거지역으로 변경 : 제2종·제3종일반주거지역
3) 일반 또는 근린상업지역으로 변경 : 제2종·제3종일반주거지역, 준주거지역 나. 인접 및 도로 기준
1) 준주거지역이나 일반 또는 근린상업지역에 바로 접하고 있어야 한다.
2) 준주거지역이나 일반 또는 근린상업지역과 폭 20m 이하의 도로를 사이에 두고 접하고 있어야 한다.
3) 20m 이상의 간선도로에 접하고 있어야 한다.
[인접 및 도로기준(예시)]
용도지역 변경 가능 대상지 범위
2)
2)
2)
2)
2)
2)
2)
20m 이하
상업지역
3)
3)
3)
1),3)
2),3)
3)
3)
3)
3)
20m 이상 간선도로
승강장 또는 의료시설
20m 이상 간선도로
[인접 사례(예시)]
상업지역에 20m 이하의 도로를 사이에 인접에 해당
두고
고
접
함:
인
접
에 해당
20m 이상의 간선도로에 접 함
다. 사업대상지 인정 기준
중교통 또는 의료시설 중심지역에 포함되지 않아 관련위원회의 심의를 통해 사업대상지로 인정받은 경우 추가 공공기여를 제공하여야 한다. 다만, 이 경 우 적용되는 역세권 및 의료시설 중심지역 범위는 승강장 경계로부터 250m 이내와 의료시설 대상부지 경계로부터 350m 이내를 말한 다.(1-3-1 가목을 인정받는 경우 승강장 경계로부터 350m 이내로 적용) 가) 검토 대상지 및 사업대상지 인정 시 추가 공공기여 기준
(1) 검토 대상지: 사업대상지 면적 중 대중교통 또는 의료시설 중심지역 내 면적이 50% 미만인 경우
(2) 추가 공공기",1d396e9f7a55c7a8ca506690774f8f1240b0d246fa80cc4fa4028616ea2bc361,VIS-1D396E9F7A55,TRUE,자동 추출,PDF 페이지 렌더링 기반 자동 생성. 원본 대조 필요.
COMP-LAW1-015,LAW1,LAW1-4_3_2,59,복합 도식,law-1_p059_clause0098_composite015.png,04_visuals/composite_diagrams/law-1_p059_clause0098_composite015.png,xref:727;occurrence:45;xref:729;occurrence:46;xref:731;occurrence:47;xref:733;occurrence:48;xref:735;occurrence:49;xref:737;occurrence:50,,36.879,104.158,563.758,695.884,1611,1809,,같은 페이지·조항의 시각요소 6개(image)를 통합한 복합 도식 크롭.,"LAW1-4_3_2 / 4-3-2. 안심주택 조례 제7조 제3항에 따라 “간선도로변”의 용도지역 변경 기준은 4-3-1의 기준에 따르되 다음 각 목의 기준을 충족하여야 한다.
가. 용도지역 변경 기준
1) 간선도로변 직접 접하는 경우 : 준주거지역으로 변경을 원칙으로 하되 4-3-1 나목의 인접 및 도로기준 1), 2)에 해당하는 경우 관련 위원회의 심 의를 통해 일반 또는 근린상업지역으로 변경할 수 있다.
2) 간선도로변에 직접 접하지 않는 경우(이면도로) : 준주거지역, 다만, 간선도 로변에 직접 접한 대지의 용도지역을 초과할 수 없다.
나. 입지 및 면적 기준
1) 제1종일반주거지역의 저층주거지(공원, 도로 등 제외)와 연접한 경우는 관 련위원회의 자문을 거쳐 사업 추진여부을 결정할 수 있다.
2) 사업대상지가 간선도로변에 접한 경우 2면 이상(이면도로에 접한 경우 1면 이상)이 도로에 접하면서, 한 면은 최소 6m 이상의 도로에 접해야 한다. 차량진출입은 이면도로에 계획하여야 하며, 간선도로변에서 직접 연결되는 이면도로에 차량진출입구를 설치하는 경우, 간선도로변에서의 이격거리는 최 소 15m 이상으로 한다.
3) 간선도로변에 접한 경우 간선도로에 접한 대지의 길이는 최소 15m 이상으 로 한다.
가) 면적 및 도로기준(예시)
간선도로변
(사업가능)
간선도로변이
좀
간선도로
이면도로변
(사업가능)
이면도로변 0
간선도로
6mn도로
간선도로변 0
15m 이상
간선도로
6m도로
이면도로변0
간선도로
6mn도로
간선도로변 0
간선도로
6m도로
이면도로변 0
간선도로
(사업불가)
사업불가
4m도로
(사업불가)
4도로
사업불가
간선도로
간선도로
사업
불가
간선도로
(간선도로 연결도로 및 이면부 진출입도로 요건 미충족)
6m도로
사업불가
간선도로
(간선도로 연결도로 및 이면부 진출입도로 요건 미충족)
나) 저층주",223f5a10e84eb182868309545fb15d889bc83ae7ab90e98b3d2c4dd23bb406f4,VIS-223F5A10E84E,TRUE,자동 추출,PDF 페이지 렌더링 기반 자동 생성. 원본 대조 필요.
COMP-LAW1-016,LAW1,LAW1-4_3_2,60,복합 도식,law-1_p060_clause0098_composite016.png,04_visuals/composite_diagrams/law-1_p060_clause0098_composite016.png,xref:763;occurrence:51;xref:764;occurrence:52;xref:740;occurrence:53;xref:766;occurrence:54;xref:742;occurrence:55;xref:774;occurrence:56,,36.879,179.915,563.758,787.344,1611,1857,,같은 페이지·조항의 시각요소 6개(image)를 통합한 복합 도식 크롭.,"LAW1-4_3_2 / 4-3-2. 안심주택 조례 제7조 제3항에 따라 “간선도로변”의 용도지역 변경 기준은 4-3-1의 기준에 따르되 다음 각 목의 기준을 충족하여야 한다.
가. 용도지역 변경 기준
1) 간선도로변 직접 접하는 경우 : 준주거지역으로 변경을 원칙으로 하되 4-3-1 나목의 인접 및 도로기준 1), 2)에 해당하는 경우 관련 위원회의 심 의를 통해 일반 또는 근린상업지역으로 변경할 수 있다.
2) 간선도로변에 직접 접하지 않는 경우(이면도로) : 준주거지역, 다만, 간선도 로변에 직접 접한 대지의 용도지역을 초과할 수 없다.
나. 입지 및 면적 기준
1) 제1종일반주거지역의 저층주거지(공원, 도로 등 제외)와 연접한 경우는 관 련위원회의 자문을 거쳐 사업 추진여부을 결정할 수 있다.
2) 사업대상지가 간선도로변에 접한 경우 2면 이상(이면도로에 접한 경우 1면 이상)이 도로에 접하면서, 한 면은 최소 6m 이상의 도로에 접해야 한다. 차량진출입은 이면도로에 계획하여야 하며, 간선도로변에서 직접 연결되는 이면도로에 차량진출입구를 설치하는 경우, 간선도로변에서의 이격거리는 최 소 15m 이상으로 한다.
3) 간선도로변에 접한 경우 간선도로에 접한 대지의 길이는 최소 15m 이상으 로 한다.
가) 면적 및 도로기준(예시)
간선도로변
(사업가능)
간선도로변이
좀
간선도로
이면도로변
(사업가능)
이면도로변 0
간선도로
6mn도로
간선도로변 0
15m 이상
간선도로
6m도로
이면도로변0
간선도로
6mn도로
간선도로변 0
간선도로
6m도로
이면도로변 0
간선도로
(사업불가)
사업불가
4m도로
(사업불가)
4도로
사업불가
간선도로
간선도로
사업
불가
간선도로
(간선도로 연결도로 및 이면부 진출입도로 요건 미충족)
6m도로
사업불가
간선도로
(간선도로 연결도로 및 이면부 진출입도로 요건 미충족)
나) 저층주",b47c561e50f16c10e095c9a2c2d1aed4f574fc414f29b6ae5614d0ccec911c69,VIS-B47C561E50F1,TRUE,자동 추출,PDF 페이지 렌더링 기반 자동 생성. 원본 대조 필요.
COMP-LAW1-017,LAW1,LAW1-4_3_3,61,복합 도식,law-1_p061_clause0099_composite017.png,04_visuals/composite_diagrams/law-1_p061_clause0099_composite017.png,xref:787;occurrence:57;xref:789;occurrence:58,,27.164,541.679,567.837,779.193,1653,727,,같은 페이지·조항의 시각요소 2개(image)를 통합한 복합 도식 크롭.,"LAW1-4_3_3 / 4-3-3. 안심주택 조례 제7조 제3항에 따라 “의료시설 중심지역”의 용도지역 변경 기준은 4-3-1의 기준에 따르되 다음의 요건을 충족하여야 한다.
가. 의료시설의 대상부지에 의료시설 외 용도의 건물이 있는 경우 의료시설 건물 과 의료시설 외의 건축물의 중심 또는 도로중심선을 경계로 한다. 해당 범위 의 구체적인 사항은 시장이 별도로 정할 수 있다.
[의료시설 외의 건축물의 중심]
의료시설의대상부지
의료시설외
건축물의중심
용도의건축물
의학대학(원)
기숙사등
의로시설
중심지역
[해당 부지에 도로가 있는 경우]
의로시설의대상부지
의료시설외
의료시설
용도의건축물
중심지역
의학대학원)
기숙사등
부지내도로중심선
나. 사업대상지는 최소 6m 이상의 도로에 접하고 이면도로에서 차량 진출입을 우선적으로 검토한다.",dea5eb5611f1d8f11a9d6f555a717fa58407d4b21ca41c13cffbf51be3b9f0c0,VIS-DEA5EB5611F1,TRUE,자동 추출,PDF 페이지 렌더링 기반 자동 생성. 원본 대조 필요.
COMP-LAW1-018,LAW1,LAW1-4_4_1,64,복합 도식,law-1_p064_clause0100_composite018.png,04_visuals/composite_diagrams/law-1_p064_clause0100_composite018.png,xref:1376;occurrence:59;xref:1377;occurrence:60,,37.238,461.727,570.355,698.282,1630,723,,같은 페이지·조항의 시각요소 2개(image)를 통합한 복합 도식 크롭.,"LAW1-4_4_1 / 4-4-1. 안심주택 조례 제7조 제3항에 따라 용도지역 변경이 있는 경우 용적률, 공 공기여율 등 기준은 다음과 같다.
가. 준주거지역으로 변경되는 경우
1) 기본용적률 : 400% 이하
2) 공공기여율
가) 제2종일반주거지역에서 상향되는 경우 : 15% 이상
나) 제3종일반주거지역에서 상향되는 경우 : 10% 이상
3) 용도별 비율
가) 주거 비율 : 85% 이상
나. 근린상업지역으로 변경되는 경우
1) 기본용적률 : 540% 이하
2) 공공기여율
가) 제2종일반주거지역에서 상향되는 경우 : 25% 이상
나) 제3종일반주거지역에서 상향되는 경우 : 20% 이상
다) 준주거지역에서 상향되는 경우 : 10% 이상
3) 용도별 비율
가) 주거 비율 : 80% 이상
나) 비주거 비율 : 10% 이상 (가로변 비주거 설치 의무) 다. 일반상업지역으로 변경되는 경우
1) 기본용적률 : 680% 이하
2) 공공기여율
가) 제2종일반주거지역에서 상향되는 경우 : 30% 이상
나) 제3종일반주거지역에서 상향되는 경우 : 25% 이상
다) 준주거지역에서 상향되는 경우 : 20% 이상
3) 용도별 비율
가) 주거 비율 : 80% 이상
나) 비주거 비율 : 10% 이상 (가로변 비주거 설치 의무)
라. 근린상업지역에서 일반상업지역으로 변경되는 경우
1) 기본용적률 : 700% 이하
2) 공공기여율 : 10%
3) 용도별 비율
가) 주거 비율 : 80% 이상
나) 비주거 비율 : 10% 이상 (가로변 비주거 설치 의무)
마. 제2종일반주거지역으로 변경되는 경우
1) 기본용적률 : 200% 이하
2) 공공기여율
가) 자연녹지지역에서 상향되는 경우 : 30% 이상
나) 제1종일반주거지역에서 상향되는 경우 : 10% 이상
바. 기타
1) 공공기여율 산정기준 등
가) 기본용적률 부여에 따른 공공기여율은 부지면적",910adaa439fb4b74d670ea01ae3b657b3e7afd056442e2ddc3cadbdec82533c3,VIS-910ADAA439FB,TRUE,자동 추출,PDF 페이지 렌더링 기반 자동 생성. 원본 대조 필요.
COMP-LAW1-019,LAW1,LAW1-4_7_4,68,복합 도식,law-1_p068_clause0109_composite019.png,04_visuals/composite_diagrams/law-1_p068_clause0109_composite019.png,LAW1-T029;LAW1-T030,,52.612,372.853,544.358,702.42,1504,1008,,같은 페이지·조항의 시각요소 2개(table)를 통합한 복합 도식 크롭.,"LAW1-4_7_4 / 4-7-4. 입주대상자가 신혼부부인 민간임대주택의 경우 임차인이 10년 거주하면, 우
선 양도권을 부여할 수 있으며 매매가격은 시세가격으로 한다.
현금납부 예시
대상지: 부지면적:
3,000㎡(철도부지), 제3종일반주거지역 → 준주거지역
기본용적률 및 상한용적률 부여에 따른 공공기여량 산정
기본용적률 | 상한용적률
400% | 500%
구 분 | 산출근거
기본용적률 | 공공기여율 | 부지면적의 10%
공공기여 | 토지면적 | 300 ㎡ ( = 3,000 ㎡ × 0.1)
상한용적률 공공기여 | 완 화용적률 | 100% ( = 500% - 400%)
공공기여량 | 50% ( = 100% × 1/2)
공공기여율 | 10% ( = 50% / 500%)
토지면적 | 300 ㎡ ( = 3,000 ㎡ × 0.1)
공공기여 총 량(토지면적) | 600 ㎡ ( = 300 ㎡ + 300 ㎡ )
현 금 납부 | 감정평가 액 | 6,000,000원/ ㎡
납부 액 | 3,600,000,000원
구분 | 통합실외기 설치기준 | 유지 · 관리 기준 | 반영여부 (○, ×) 실외 규모
‧ 바닥 면적 6.5 x 1.03 = 6.7 ㎡ 이상 | ‧ 주택건설기준 관한 규 정 실외 기 열 교 환 및 유지보수 반영 ‧ 실외기를 공유하는 세대의 규모 에 따라 효 율적인 기기 선정 ‧ 실외기 보관장소의 입지와 면적의 적정 성 위원회에서 검토 | 등에 에 대해 | 실외기 실면적
‧ 에너지 효 율 등급 1등급~2등급 만족 | ‧ 주요시 책 사 항 중 에너지1등급을 선택 할 경우해당시설기준반 드 시준수 |  | 냉방 능력
‧ 단상 2선식 220 V 60H Z ‧ 실외기 및 실내기 전원은 반 드 시 주 전원차단기와 ELB ( 누 전차단기)를 설 치하고 각 개별 실외기용 전원차단기 와 ELB 를 설치해 야 한다 ‧ 배전반에서실외기간 ",d28f8b62aac637b0425c35f80fbcb5b4024bc1900cb2c4245eed794384eef722,VIS-D28F8B62AAC6,TRUE,자동 추출,PDF 페이지 렌더링 기반 자동 생성. 원본 대조 필요.
COMP-LAW1-020,LAW1,LAW1-4_7_4,69,복합 도식,law-1_p069_clause0109_composite020.png,04_visuals/composite_diagrams/law-1_p069_clause0109_composite020.png,xref:1433;occurrence:61;xref:1433;occurrence:62;xref:1433;occurrence:63;xref:1433;occurrence:64;xref:1433;occurrence:65;xref:1433;occurrence:66;xref:1433;occurrence:67;xref:1433;occurrence:68;xref:1433;occurrence:69;xref:1433;occurrence:70;xref:1433;occurrence:71;xref:1433;occurrence:72;xref:1433;occurrence:73;xref:1433;occurrence:74;xref:1433;occurrence:75;xref:1433;occurrence:76;xref:1433;occurrence:77;xref:1433;occurrence:78;xref:1444;occurrence:79;LAW1-T031,,34.773,221.332,560.207,753.979,1606,1629,,"같은 페이지·조항의 시각요소 20개(image, table)를 통합한 복합 도식 크롭.","LAW1-4_7_4 / 4-7-4. 입주대상자가 신혼부부인 민간임대주택의 경우 임차인이 10년 거주하면, 우
선 양도권을 부여할 수 있으며 매매가격은 시세가격으로 한다.
현금납부 예시
대상지: 부지면적:
3,000㎡(철도부지), 제3종일반주거지역 → 준주거지역
기본용적률 및 상한용적률 부여에 따른 공공기여량 산정
기본용적률 | 상한용적률
400% | 500%
구 분 | 산출근거
기본용적률 | 공공기여율 | 부지면적의 10%
공공기여 | 토지면적 | 300 ㎡ ( = 3,000 ㎡ × 0.1)
상한용적률 공공기여 | 완 화용적률 | 100% ( = 500% - 400%)
공공기여량 | 50% ( = 100% × 1/2)
공공기여율 | 10% ( = 50% / 500%)
토지면적 | 300 ㎡ ( = 3,000 ㎡ × 0.1)
공공기여 총 량(토지면적) | 600 ㎡ ( = 300 ㎡ + 300 ㎡ )
현 금 납부 | 감정평가 액 | 6,000,000원/ ㎡
납부 액 | 3,600,000,000원
구분 | 통합실외기 설치기준 | 유지 · 관리 기준 | 반영여부 (○, ×) 실외 규모
‧ 바닥 면적 6.5 x 1.03 = 6.7 ㎡ 이상 | ‧ 주택건설기준 관한 규 정 실외 기 열 교 환 및 유지보수 반영 ‧ 실외기를 공유하는 세대의 규모 에 따라 효 율적인 기기 선정 ‧ 실외기 보관장소의 입지와 면적의 적정 성 위원회에서 검토 | 등에 에 대해 | 실외기 실면적
‧ 에너지 효 율 등급 1등급~2등급 만족 | ‧ 주요시 책 사 항 중 에너지1등급을 선택 할 경우해당시설기준반 드 시준수 |  | 냉방 능력
‧ 단상 2선식 220 V 60H Z ‧ 실외기 및 실내기 전원은 반 드 시 주 전원차단기와 ELB ( 누 전차단기)를 설 치하고 각 개별 실외기용 전원차단기 와 ELB 를 설치해 야 한다 ‧ 배전반에서실외기간 ",556eb47825bef7dcfa278944e613f2400b6b3e9cbd38ba44550a097bdec637da,VIS-556EB47825BE,TRUE,자동 추출,PDF 페이지 렌더링 기반 자동 생성. 원본 대조 필요.
PAGE-LAW1-002,LAW1,,2,페이지 전체,law-1_page_002.png,04_visuals/page_renders/law-1_page_002.png,page:2,,0,0,595,841,1240,1753,,시각자료 위치 확인용 PDF 전체 페이지 렌더링.,,bdd90720d9aac31c098efa9e92da09e47ec5b1b66e8ab6b2b24de50a05a8f5f9,VIS-BDD90720D9AA,TRUE,자동 추출,문맥 확인용. 규칙·사례의 직접 근거로 사용할 때는 세부 크롭과 원본 PDF를 함께 확인.
PAGE-LAW1-003,LAW1,,3,페이지 전체,law-1_page_003.png,04_visuals/page_renders/law-1_page_003.png,page:3,,0,0,595,841,1240,1753,,시각자료 위치 확인용 PDF 전체 페이지 렌더링.,,26a51a946499cfacfa3880d11baa8188d34dbfd6c261aed8d0ce7d8a666a8e73,VIS-26A51A946499,TRUE,자동 추출,문맥 확인용. 규칙·사례의 직접 근거로 사용할 때는 세부 크롭과 원본 PDF를 함께 확인.
PAGE-LAW1-006,LAW1,,6,페이지 전체,law-1_page_006.png,04_visuals/page_renders/law-1_page_006.png,page:6,,0,0,595,841,1240,1753,,시각자료 위치 확인용 PDF 전체 페이지 렌더링.,,b64061a03b236e27c82bcaa2063ebbd711d4075f2826424e07ca164d99f006f9,VIS-B64061A03B23,TRUE,자동 추출,문맥 확인용. 규칙·사례의 직접 근거로 사용할 때는 세부 크롭과 원본 PDF를 함께 확인.
PAGE-LAW1-008,LAW1,,8,페이지 전체,law-1_page_008.png,04_visuals/page_renders/law-1_page_008.png,page:8,,0,0,595,841,1240,1753,,시각자료 위치 확인용 PDF 전체 페이지 렌더링.,,dc585deed0def3446e3d462290f5b9674436edf72efb3172558a1be583dd2d67,VIS-DC585DEED0DE,TRUE,자동 추출,문맥 확인용. 규칙·사례의 직접 근거로 사용할 때는 세부 크롭과 원본 PDF를 함께 확인.
PAGE-LAW1-009,LAW1,,9,페이지 전체,law-1_page_009.png,04_visuals/page_renders/law-1_page_009.png,page:9,,0,0,595,841,1240,1753,,시각자료 위치 확인용 PDF 전체 페이지 렌더링.,,ad0e64f4b20dcf4a1f2ed1b0d9638b7e6a58cc2cc0928e2968c8b77a404dcff2,VIS-AD0E64F4B20D,TRUE,자동 추출,문맥 확인용. 규칙·사례의 직접 근거로 사용할 때는 세부 크롭과 원본 PDF를 함께 확인.
PAGE-LAW1-010,LAW1,,10,페이지 전체,law-1_page_010.png,04_visuals/page_renders/law-1_page_010.png,page:10,,0,0,595,841,1240,1753,,시각자료 위치 확인용 PDF 전체 페이지 렌더링.,,364be064cc17306639bf15ae9e7ee1cae44af7a384497d29c272da79854977f6,VIS-364BE064CC17,TRUE,자동 추출,문맥 확인용. 규칙·사례의 직접 근거로 사용할 때는 세부 크롭과 원본 PDF를 함께 확인.
PAGE-LAW1-012,LAW1,,12,페이지 전체,law-1_page_012.png,04_visuals/page_renders/law-1_page_012.png,page:12,,0,0,595,841,1240,1753,,시각자료 위치 확인용 PDF 전체 페이지 렌더링.,,d8df3870961d84919d66cde6c7a3b92e58e9b83ef291ed3036afb6b1a146d3ba,VIS-D8DF3870961D,TRUE,자동 추출,문맥 확인용. 규칙·사례의 직접 근거로 사용할 때는 세부 크롭과 원본 PDF를 함께 확인.
PAGE-LAW1-013,LAW1,,13,페이지 전체,law-1_page_013.png,04_visuals/page_renders/law-1_page_013.png,page:13,,0,0,595,841,1240,1753,,시각자료 위치 확인용 PDF 전체 페이지 렌더링.,,26c2456a57b8384b8d59bb5ea8f5efa8c60f0f056c49dfe132dd71c7f3973762,VIS-26C2456A57B8,TRUE,자동 추출,문맥 확인용. 규칙·사례의 직접 근거로 사용할 때는 세부 크롭과 원본 PDF를 함께 확인.
PAGE-LAW1-014,LAW1,,14,페이지 전체,law-1_page_014.png,04_visuals/page_renders/law-1_page_014.png,page:14,,0,0,595,841,1240,1753,,시각자료 위치 확인용 PDF 전체 페이지 렌더링.,,61f7e83eb8cf3909e619b839293aedfeb7a405612090a23330edcfdf6ed9e13a,VIS-61F7E83EB8CF,TRUE,자동 추출,문맥 확인용. 규칙·사례의 직접 근거로 사용할 때는 세부 크롭과 원본 PDF를 함께 확인.
PAGE-LAW1-015,LAW1,,15,페이지 전체,law-1_page_015.png,04_visuals/page_renders/law-1_page_015.png,page:15,,0,0,595,841,1240,1753,,시각자료 위치 확인용 PDF 전체 페이지 렌더링.,,8494e0a167f1cde7cac0d9cea0d0df5c8718d6ecb2398ff2e8186db28b360d49,VIS-8494E0A167F1,TRUE,자동 추출,문맥 확인용. 규칙·사례의 직접 근거로 사용할 때는 세부 크롭과 원본 PDF를 함께 확인.
PAGE-LAW1-016,LAW1,,16,페이지 전체,law-1_page_016.png,04_visuals/page_renders/law-1_page_016.png,page:16,,0,0,595,841,1240,1753,,시각자료 위치 확인용 PDF 전체 페이지 렌더링.,,dcfbb1cd96f1e81985295dc258fd44d194e7f9057e30dc12e2cbebaa63f91e3e,VIS-DCFBB1CD96F1,TRUE,자동 추출,문맥 확인용. 규칙·사례의 직접 근거로 사용할 때는 세부 크롭과 원본 PDF를 함께 확인.
PAGE-LAW1-021,LAW1,,21,페이지 전체,law-1_page_021.png,04_visuals/page_renders/law-1_page_021.png,page:21,,0,0,595,841,1240,1753,,시각자료 위치 확인용 PDF 전체 페이지 렌더링.,,a0d29c8cdaa2408f37f865e819ed48bd2c797b45d83467081436bd686432f470,VIS-A0D29C8CDAA2,TRUE,자동 추출,문맥 확인용. 규칙·사례의 직접 근거로 사용할 때는 세부 크롭과 원본 PDF를 함께 확인.
PAGE-LAW1-024,LAW1,,24,페이지 전체,law-1_page_024.png,04_visuals/page_renders/law-1_page_024.png,page:24,,0,0,595,841,1240,1753,,시각자료 위치 확인용 PDF 전체 페이지 렌더링.,,806006d4a8af3edded0c4070b444e6d8316605c9a45f9dbc173470ff815f7a35,VIS-806006D4A8AF,TRUE,자동 추출,문맥 확인용. 규칙·사례의 직접 근거로 사용할 때는 세부 크롭과 원본 PDF를 함께 확인.
PAGE-LAW1-025,LAW1,,25,페이지 전체,law-1_page_025.png,04_visuals/page_renders/law-1_page_025.png,page:25,,0,0,595,841,1240,1753,,시각자료 위치 확인용 PDF 전체 페이지 렌더링.,,feba8edd350f0ccc16b1f6b7cbf04be7f9df693ffea1933963f072421b3aac35,VIS-FEBA8EDD350F,TRUE,자동 추출,문맥 확인용. 규칙·사례의 직접 근거로 사용할 때는 세부 크롭과 원본 PDF를 함께 확인.
PAGE-LAW1-026,LAW1,,26,페이지 전체,law-1_page_026.png,04_visuals/page_renders/law-1_page_026.png,page:26,,0,0,595,841,1240,1753,,시각자료 위치 확인용 PDF 전체 페이지 렌더링.,,7831749ad409eceb446f1199fe0bf489f43fafd316e13488a7f4231f3cc212a9,VIS-7831749AD409,TRUE,자동 추출,문맥 확인용. 규칙·사례의 직접 근거로 사용할 때는 세부 크롭과 원본 PDF를 함께 확인.
PAGE-LAW1-028,LAW1,,28,페이지 전체,law-1_page_028.png,04_visuals/page_renders/law-1_page_028.png,page:28,,0,0,595,841,1240,1753,,시각자료 위치 확인용 PDF 전체 페이지 렌더링.,,1f5a97983f9a8fec806ea6f3e021452cfc749a33939831ef84cd3ce8ec07bd1d,VIS-1F5A97983F9A,TRUE,자동 추출,문맥 확인용. 규칙·사례의 직접 근거로 사용할 때는 세부 크롭과 원본 PDF를 함께 확인.
PAGE-LAW1-029,LAW1,,29,페이지 전체,law-1_page_029.png,04_visuals/page_renders/law-1_page_029.png,page:29,,0,0,595,841,1240,1753,,시각자료 위치 확인용 PDF 전체 페이지 렌더링.,,080b94db0ec92f50f5ab46a3601d47b57a274a0545d5a3c55bd7c1e4cf2590ec,VIS-080B94DB0EC9,TRUE,자동 추출,문맥 확인용. 규칙·사례의 직접 근거로 사용할 때는 세부 크롭과 원본 PDF를 함께 확인.
PAGE-LAW1-031,LAW1,,31,페이지 전체,law-1_page_031.png,04_visuals/page_renders/law-1_page_031.png,page:31,,0,0,595,841,1240,1753,,시각자료 위치 확인용 PDF 전체 페이지 렌더링.,,09f0dfa8178ab1ca67e688de870772b3cf4f5cd39767b2147353528c4625417f,VIS-09F0DFA8178A,TRUE,자동 추출,문맥 확인용. 규칙·사례의 직접 근거로 사용할 때는 세부 크롭과 원본 PDF를 함께 확인.
PAGE-LAW1-032,LAW1,,32,페이지 전체,law-1_page_032.png,04_visuals/page_renders/law-1_page_032.png,page:32,,0,0,595,841,1240,1753,,시각자료 위치 확인용 PDF 전체 페이지 렌더링.,,46209a49a03fb20769361eab97ec0911676a342fd44f64babee2b5172093944d,VIS-46209A49A03F,TRUE,자동 추출,문맥 확인용. 규칙·사례의 직접 근거로 사용할 때는 세부 크롭과 원본 PDF를 함께 확인.
PAGE-LAW1-033,LAW1,,33,페이지 전체,law-1_page_033.png,04_visuals/page_renders/law-1_page_033.png,page:33,,0,0,595,841,1240,1753,,시각자료 위치 확인용 PDF 전체 페이지 렌더링.,,2f5f668eec75911fdb9cb2de2667ebcfd85686ba13029c56faf800932062cce1,VIS-2F5F668EEC75,TRUE,자동 추출,문맥 확인용. 규칙·사례의 직접 근거로 사용할 때는 세부 크롭과 원본 PDF를 함께 확인.
PAGE-LAW1-034,LAW1,,34,페이지 전체,law-1_page_034.png,04_visuals/page_renders/law-1_page_034.png,page:34,,0,0,595,841,1240,1753,,시각자료 위치 확인용 PDF 전체 페이지 렌더링.,,3b3c3cc74093283c4cde13272146e375d31410ed20aadc3add2e59f106b3428e,VIS-3B3C3CC74093,TRUE,자동 추출,문맥 확인용. 규칙·사례의 직접 근거로 사용할 때는 세부 크롭과 원본 PDF를 함께 확인.
PAGE-LAW1-037,LAW1,,37,페이지 전체,law-1_page_037.png,04_visuals/page_renders/law-1_page_037.png,page:37,,0,0,595,841,1240,1753,,시각자료 위치 확인용 PDF 전체 페이지 렌더링.,,16970b8208f4d641ab1a74066763bcce35e23ebaede003a89b2ce021f2d6b15c,VIS-16970B8208F4,TRUE,자동 추출,문맥 확인용. 규칙·사례의 직접 근거로 사용할 때는 세부 크롭과 원본 PDF를 함께 확인.
PAGE-LAW1-038,LAW1,,38,페이지 전체,law-1_page_038.png,04_visuals/page_renders/law-1_page_038.png,page:38,,0,0,595,841,1240,1753,,시각자료 위치 확인용 PDF 전체 페이지 렌더링.,,9987c5427df7a00ff7d0f6bccacbc60d5b270c8bc81cd12c6f8d41257f54a947,VIS-9987C5427DF7,TRUE,자동 추출,문맥 확인용. 규칙·사례의 직접 근거로 사용할 때는 세부 크롭과 원본 PDF를 함께 확인.
PAGE-LAW1-039,LAW1,,39,페이지 전체,law-1_page_039.png,04_visuals/page_renders/law-1_page_039.png,page:39,,0,0,595,841,1240,1753,,시각자료 위치 확인용 PDF 전체 페이지 렌더링.,,db7f919992d188499dbb8f2a6fa329f99e6d19bd4d291112f3d780a5e86144fd,VIS-DB7F919992D1,TRUE,자동 추출,문맥 확인용. 규칙·사례의 직접 근거로 사용할 때는 세부 크롭과 원본 PDF를 함께 확인.
PAGE-LAW1-040,LAW1,,40,페이지 전체,law-1_page_040.png,04_visuals/page_renders/law-1_page_040.png,page:40,,0,0,595,841,1240,1753,,시각자료 위치 확인용 PDF 전체 페이지 렌더링.,,c917a9d18e838d5bd7f8a2b327dab47e774ff22851aed3545e99a2e5490a56d3,VIS-C917A9D18E83,TRUE,자동 추출,문맥 확인용. 규칙·사례의 직접 근거로 사용할 때는 세부 크롭과 원본 PDF를 함께 확인.
PAGE-LAW1-042,LAW1,,42,페이지 전체,law-1_page_042.png,04_visuals/page_renders/law-1_page_042.png,page:42,,0,0,595,841,1240,1753,,시각자료 위치 확인용 PDF 전체 페이지 렌더링.,,e2d5271220f81fe52f47ce59b95bbba77c001c631e737a750895029b059eb80f,VIS-E2D5271220F8,TRUE,자동 추출,문맥 확인용. 규칙·사례의 직접 근거로 사용할 때는 세부 크롭과 원본 PDF를 함께 확인.
PAGE-LAW1-043,LAW1,,43,페이지 전체,law-1_page_043.png,04_visuals/page_renders/law-1_page_043.png,page:43,,0,0,595,841,1240,1753,,시각자료 위치 확인용 PDF 전체 페이지 렌더링.,,415b24a2afef0337ea13e09a6dece2ce779d503b5057f50b6fddafc44843daa1,VIS-415B24A2AFEF,TRUE,자동 추출,문맥 확인용. 규칙·사례의 직접 근거로 사용할 때는 세부 크롭과 원본 PDF를 함께 확인.
PAGE-LAW1-045,LAW1,,45,페이지 전체,law-1_page_045.png,04_visuals/page_renders/law-1_page_045.png,page:45,,0,0,595,841,1240,1753,,시각자료 위치 확인용 PDF 전체 페이지 렌더링.,,7e1a470ba2174e8801b7e5adb9568e277446920422954b7be6d69f4e21d62a17,VIS-7E1A470BA217,TRUE,자동 추출,문맥 확인용. 규칙·사례의 직접 근거로 사용할 때는 세부 크롭과 원본 PDF를 함께 확인.
PAGE-LAW1-046,LAW1,,46,페이지 전체,law-1_page_046.png,04_visuals/page_renders/law-1_page_046.png,page:46,,0,0,595,841,1240,1753,,시각자료 위치 확인용 PDF 전체 페이지 렌더링.,,6cd231eb7967e0936494de589c8ac08a1f74f5026721324aa6e951e770bf797e,VIS-6CD231EB7967,TRUE,자동 추출,문맥 확인용. 규칙·사례의 직접 근거로 사용할 때는 세부 크롭과 원본 PDF를 함께 확인.
PAGE-LAW1-047,LAW1,,47,페이지 전체,law-1_page_047.png,04_visuals/page_renders/law-1_page_047.png,page:47,,0,0,595,841,1240,1753,,시각자료 위치 확인용 PDF 전체 페이지 렌더링.,,35453416ec997d4375f17048aef0bb2d592103ed5231dc038f15be69278f2551,VIS-35453416EC99,TRUE,자동 추출,문맥 확인용. 규칙·사례의 직접 근거로 사용할 때는 세부 크롭과 원본 PDF를 함께 확인.
PAGE-LAW1-049,LAW1,,49,페이지 전체,law-1_page_049.png,04_visuals/page_renders/law-1_page_049.png,page:49,,0,0,595,841,1240,1753,,시각자료 위치 확인용 PDF 전체 페이지 렌더링.,,4c4864c30cc8b2777eaf55c932702c57df936123185494074fb491d531771c6c,VIS-4C4864C30CC8,TRUE,자동 추출,문맥 확인용. 규칙·사례의 직접 근거로 사용할 때는 세부 크롭과 원본 PDF를 함께 확인.
PAGE-LAW1-050,LAW1,,50,페이지 전체,law-1_page_050.png,04_visuals/page_renders/law-1_page_050.png,page:50,,0,0,595,841,1240,1753,,시각자료 위치 확인용 PDF 전체 페이지 렌더링.,,bab6501a57d0d537a7e8c6a28325afead0d151758ed57752714797287a0bb270,VIS-BAB6501A57D0,TRUE,자동 추출,문맥 확인용. 규칙·사례의 직접 근거로 사용할 때는 세부 크롭과 원본 PDF를 함께 확인.
PAGE-LAW1-051,LAW1,,51,페이지 전체,law-1_page_051.png,04_visuals/page_renders/law-1_page_051.png,page:51,,0,0,595,841,1240,1753,,시각자료 위치 확인용 PDF 전체 페이지 렌더링.,,a4a6cadbfe4589cbc3992074d60418e4703b267071cdee4f0360fea8215650c1,VIS-A4A6CADBFE45,TRUE,자동 추출,문맥 확인용. 규칙·사례의 직접 근거로 사용할 때는 세부 크롭과 원본 PDF를 함께 확인.
PAGE-LAW1-052,LAW1,,52,페이지 전체,law-1_page_052.png,04_visuals/page_renders/law-1_page_052.png,page:52,,0,0,595,841,1240,1753,,시각자료 위치 확인용 PDF 전체 페이지 렌더링.,,abaf2a3f95077b01d0e5676dc2d8e7a4876df942d2563e08d1bbf21b373e8125,VIS-ABAF2A3F9507,TRUE,자동 추출,문맥 확인용. 규칙·사례의 직접 근거로 사용할 때는 세부 크롭과 원본 PDF를 함께 확인.
PAGE-LAW1-053,LAW1,,53,페이지 전체,law-1_page_053.png,04_visuals/page_renders/law-1_page_053.png,page:53,,0,0,595,841,1240,1753,,시각자료 위치 확인용 PDF 전체 페이지 렌더링.,,689894c7c5a68aaf9a53f6da7281e35b361f8785a0ede89c9bbfa11c7f9bbd76,VIS-689894C7C5A6,TRUE,자동 추출,문맥 확인용. 규칙·사례의 직접 근거로 사용할 때는 세부 크롭과 원본 PDF를 함께 확인.
PAGE-LAW1-054,LAW1,,54,페이지 전체,law-1_page_054.png,04_visuals/page_renders/law-1_page_054.png,page:54,,0,0,595,841,1240,1753,,시각자료 위치 확인용 PDF 전체 페이지 렌더링.,,e46fd456f8bbb3e1ba5ae6893acac64bd87decfd269a3a0a17c7e99ff13aa892,VIS-E46FD456F8BB,TRUE,자동 추출,문맥 확인용. 규칙·사례의 직접 근거로 사용할 때는 세부 크롭과 원본 PDF를 함께 확인.
PAGE-LAW1-055,LAW1,,55,페이지 전체,law-1_page_055.png,04_visuals/page_renders/law-1_page_055.png,page:55,,0,0,595,841,1240,1753,,시각자료 위치 확인용 PDF 전체 페이지 렌더링.,,07323f6ae7acfb0fb0d786b3ee417ddbd9597bffc815a4477e2f5629ea272430,VIS-07323F6AE7AC,TRUE,자동 추출,문맥 확인용. 규칙·사례의 직접 근거로 사용할 때는 세부 크롭과 원본 PDF를 함께 확인.
PAGE-LAW1-058,LAW1,,58,페이지 전체,law-1_page_058.png,04_visuals/page_renders/law-1_page_058.png,page:58,,0,0,595,841,1240,1753,,시각자료 위치 확인용 PDF 전체 페이지 렌더링.,,8eba5b9b47381cb84cef8e204598396964a89fc3444f47dd78c58db278c16bf4,VIS-8EBA5B9B4738,TRUE,자동 추출,문맥 확인용. 규칙·사례의 직접 근거로 사용할 때는 세부 크롭과 원본 PDF를 함께 확인.
PAGE-LAW1-059,LAW1,,59,페이지 전체,law-1_page_059.png,04_visuals/page_renders/law-1_page_059.png,page:59,,0,0,595,841,1240,1753,,시각자료 위치 확인용 PDF 전체 페이지 렌더링.,,7baa316bf413aa917cc6e9f4fb476ae75ccfbd7aa7115f0ae06f27bd9cdce411,VIS-7BAA316BF413,TRUE,자동 추출,문맥 확인용. 규칙·사례의 직접 근거로 사용할 때는 세부 크롭과 원본 PDF를 함께 확인.
PAGE-LAW1-060,LAW1,,60,페이지 전체,law-1_page_060.png,04_visuals/page_renders/law-1_page_060.png,page:60,,0,0,595,841,1240,1753,,시각자료 위치 확인용 PDF 전체 페이지 렌더링.,,6d59113586ae85240abb3a162f1c1048d865eeba24157fb801a4776a9ce9a7e2,VIS-6D59113586AE,TRUE,자동 추출,문맥 확인용. 규칙·사례의 직접 근거로 사용할 때는 세부 크롭과 원본 PDF를 함께 확인.
PAGE-LAW1-061,LAW1,,61,페이지 전체,law-1_page_061.png,04_visuals/page_renders/law-1_page_061.png,page:61,,0,0,595,841,1240,1753,,시각자료 위치 확인용 PDF 전체 페이지 렌더링.,,ada911753e0276da4f44270d7303a698206c9d2798b0786925c4f3aaefd53ee1,VIS-ADA911753E02,TRUE,자동 추출,문맥 확인용. 규칙·사례의 직접 근거로 사용할 때는 세부 크롭과 원본 PDF를 함께 확인.
PAGE-LAW1-064,LAW1,,64,페이지 전체,law-1_page_064.png,04_visuals/page_renders/law-1_page_064.png,page:64,,0,0,595,841,1240,1753,,시각자료 위치 확인용 PDF 전체 페이지 렌더링.,,bbc384ba5ec28a4c556aa7612d98e22c24b6710916bfbb10d25c366fd62f7524,VIS-BBC384BA5EC2,TRUE,자동 추출,문맥 확인용. 규칙·사례의 직접 근거로 사용할 때는 세부 크롭과 원본 PDF를 함께 확인.
PAGE-LAW1-065,LAW1,,65,페이지 전체,law-1_page_065.png,04_visuals/page_renders/law-1_page_065.png,page:65,,0,0,595,841,1240,1753,,시각자료 위치 확인용 PDF 전체 페이지 렌더링.,,f40e3bedc5443a60b2a95ccff90bd518922f99a626196ae2ae1065a6ed73178b,VIS-F40E3BEDC544,TRUE,자동 추출,문맥 확인용. 규칙·사례의 직접 근거로 사용할 때는 세부 크롭과 원본 PDF를 함께 확인.
PAGE-LAW1-066,LAW1,,66,페이지 전체,law-1_page_066.png,04_visuals/page_renders/law-1_page_066.png,page:66,,0,0,595,841,1240,1753,,시각자료 위치 확인용 PDF 전체 페이지 렌더링.,,f2a7258e6364e21235c61427f19b10b7fbff0bfe58f38296607f06eb5ccc9094,VIS-F2A7258E6364,TRUE,자동 추출,문맥 확인용. 규칙·사례의 직접 근거로 사용할 때는 세부 크롭과 원본 PDF를 함께 확인.
PAGE-LAW1-068,LAW1,,68,페이지 전체,law-1_page_068.png,04_visuals/page_renders/law-1_page_068.png,page:68,,0,0,595,841,1240,1753,,시각자료 위치 확인용 PDF 전체 페이지 렌더링.,,6697e682a764cd94b5c497f4a2d9de9b2ccc89ec332157b43381c257daafa823,VIS-6697E682A764,TRUE,자동 추출,문맥 확인용. 규칙·사례의 직접 근거로 사용할 때는 세부 크롭과 원본 PDF를 함께 확인.
PAGE-LAW1-069,LAW1,,69,페이지 전체,law-1_page_069.png,04_visuals/page_renders/law-1_page_069.png,page:69,,0,0,595,841,1240,1753,,시각자료 위치 확인용 PDF 전체 페이지 렌더링.,,c87b1cc5b6f297b468a8f19c685aae2f36beb89fca5bf32e787af356314d8112,VIS-C87B1CC5B6F2,TRUE,자동 추출,문맥 확인용. 규칙·사례의 직접 근거로 사용할 때는 세부 크롭과 원본 PDF를 함께 확인.
PAGE-LAW1-070,LAW1,,70,페이지 전체,law-1_page_070.png,04_visuals/page_renders/law-1_page_070.png,page:70,,0,0,595,841,1240,1753,,시각자료 위치 확인용 PDF 전체 페이지 렌더링.,,22dd130740046fb24b60168a37c15d07b1cb4a2fbd01ed1afc04c6e9156ed80a,VIS-22DD13074004,TRUE,자동 추출,문맥 확인용. 규칙·사례의 직접 근거로 사용할 때는 세부 크롭과 원본 PDF를 함께 확인.
PAGE-LAW1-071,LAW1,,71,페이지 전체,law-1_page_071.png,04_visuals/page_renders/law-1_page_071.png,page:71,,0,0,595,841,1240,1753,,시각자료 위치 확인용 PDF 전체 페이지 렌더링.,,ccb7a7a6251e4156744ad7796c8d1d180e27df745c02181709499d18d53b4096,VIS-CCB7A7A6251E,TRUE,자동 추출,문맥 확인용. 규칙·사례의 직접 근거로 사용할 때는 세부 크롭과 원본 PDF를 함께 확인.
PAGE-LAW1-072,LAW1,,72,페이지 전체,law-1_page_072.png,04_visuals/page_renders/law-1_page_072.png,page:72,,0,0,595,841,1240,1753,,시각자료 위치 확인용 PDF 전체 페이지 렌더링.,,d7b99d61331c817c23a8840c96cbbbc1193699a474c38bb1cc3464824f398cdb,VIS-D7B99D61331C,TRUE,자동 추출,문맥 확인용. 규칙·사례의 직접 근거로 사용할 때는 세부 크롭과 원본 PDF를 함께 확인.
PAGE-LAW1-073,LAW1,,73,페이지 전체,law-1_page_073.png,04_visuals/page_renders/law-1_page_073.png,page:73,,0,0,595,841,1240,1753,,시각자료 위치 확인용 PDF 전체 페이지 렌더링.,,4d2226eb570914208923d8d3b0b4b8826650c181478e57b31c8891ac7f3d88f9,VIS-4D2226EB5709,TRUE,자동 추출,문맥 확인용. 규칙·사례의 직접 근거로 사용할 때는 세부 크롭과 원본 PDF를 함께 확인.
PAGE-LAW1-074,LAW1,,74,페이지 전체,law-1_page_074.png,04_visuals/page_renders/law-1_page_074.png,page:74,,0,0,595,841,1240,1753,,시각자료 위치 확인용 PDF 전체 페이지 렌더링.,,b8bb7224f5af18dc594b0d0a621aa722b2b66ab8470387a0551b9c038d58e82e,VIS-B8BB7224F5AF,TRUE,자동 추출,문맥 확인용. 규칙·사례의 직접 근거로 사용할 때는 세부 크롭과 원본 PDF를 함께 확인.
PAGE-LAW1-075,LAW1,,75,페이지 전체,law-1_page_075.png,04_visuals/page_renders/law-1_page_075.png,page:75,,0,0,595,841,1240,1753,,시각자료 위치 확인용 PDF 전체 페이지 렌더링.,,523444e64af4e0bba799b980ac2c1140993f81d8489162b23d0ead096c76b087,VIS-523444E64AF4,TRUE,자동 추출,문맥 확인용. 규칙·사례의 직접 근거로 사용할 때는 세부 크롭과 원본 PDF를 함께 확인.
PAGE-LAW1-076,LAW1,,76,페이지 전체,law-1_page_076.png,04_visuals/page_renders/law-1_page_076.png,page:76,,0,0,595,841,1240,1753,,시각자료 위치 확인용 PDF 전체 페이지 렌더링.,,407005c52cc6582edec6850dfc1f3c6745ecd9954e6d5660992bf6ec1377519b,VIS-407005C52CC6,TRUE,자동 추출,문맥 확인용. 규칙·사례의 직접 근거로 사용할 때는 세부 크롭과 원본 PDF를 함께 확인.
PAGE-LAW1-077,LAW1,,77,페이지 전체,law-1_page_077.png,04_visuals/page_renders/law-1_page_077.png,page:77,,0,0,595,841,1240,1753,,시각자료 위치 확인용 PDF 전체 페이지 렌더링.,,5e62917fa493da1d3a36bd22dfdffb0a6f5709f5fdd419b2d19dcc94b4c7cf1f,VIS-5E62917FA493,TRUE,자동 추출,문맥 확인용. 규칙·사례의 직접 근거로 사용할 때는 세부 크롭과 원본 PDF를 함께 확인.
PAGE-LAW1-078,LAW1,,78,페이지 전체,law-1_page_078.png,04_visuals/page_renders/law-1_page_078.png,page:78,,0,0,595,841,1240,1753,,시각자료 위치 확인용 PDF 전체 페이지 렌더링.,,e2aeefaac131890fa3b1ea804430e3ff662ac5996077d698db78cc02be1ba918,VIS-E2AEEFAAC131,TRUE,자동 추출,문맥 확인용. 규칙·사례의 직접 근거로 사용할 때는 세부 크롭과 원본 PDF를 함께 확인.
PAGE-LAW1-079,LAW1,,79,페이지 전체,law-1_page_079.png,04_visuals/page_renders/law-1_page_079.png,page:79,,0,0,841,595,1753,1240,,시각자료 위치 확인용 PDF 전체 페이지 렌더링.,,a91e712f385ff7828728c8e8db38b42f88a95a66ce78c783b9078afe93f66ef8,VIS-A91E712F385F,TRUE,자동 추출,문맥 확인용. 규칙·사례의 직접 근거로 사용할 때는 세부 크롭과 원본 PDF를 함께 확인.
PAGE-LAW1-080,LAW1,,80,페이지 전체,law-1_page_080.png,04_visuals/page_renders/law-1_page_080.png,page:80,,0,0,841,595,1753,1240,,시각자료 위치 확인용 PDF 전체 페이지 렌더링.,,3d1d681f59e4f539572198703db57221a9aa4b1863a839c95c4a378cb87fdc20,VIS-3D1D681F59E4,TRUE,자동 추출,문맥 확인용. 규칙·사례의 직접 근거로 사용할 때는 세부 크롭과 원본 PDF를 함께 확인.
PAGE-LAW1-081,LAW1,,81,페이지 전체,law-1_page_081.png,04_visuals/page_renders/law-1_page_081.png,page:81,,0,0,841,595,1753,1240,,시각자료 위치 확인용 PDF 전체 페이지 렌더링.,,348facaa050450aee5fe8cf96d7813febe6d6117dcf0713c221051a5b18905e3,VIS-348FACAA0504,TRUE,자동 추출,문맥 확인용. 규칙·사례의 직접 근거로 사용할 때는 세부 크롭과 원본 PDF를 함께 확인.
PAGE-LAW1-082,LAW1,,82,페이지 전체,law-1_page_082.png,04_visuals/page_renders/law-1_page_082.png,page:82,,0,0,841,595,1753,1240,,시각자료 위치 확인용 PDF 전체 페이지 렌더링.,,980e1a5d142639460eae34fc3cc0c691806c4b122cabdde10a5a84f2f2dc572d,VIS-980E1A5D1426,TRUE,자동 추출,문맥 확인용. 규칙·사례의 직접 근거로 사용할 때는 세부 크롭과 원본 PDF를 함께 확인.
PAGE-LAW1-083,LAW1,,83,페이지 전체,law-1_page_083.png,04_visuals/page_renders/law-1_page_083.png,page:83,,0,0,841,595,1753,1240,,시각자료 위치 확인용 PDF 전체 페이지 렌더링.,,17567eade9c79aa23caa7df4f69af547fefcd279bded3e96478b1cd85d00ffb3,VIS-17567EADE9C7,TRUE,자동 추출,문맥 확인용. 규칙·사례의 직접 근거로 사용할 때는 세부 크롭과 원본 PDF를 함께 확인.
PAGE-LAW1-084,LAW1,,84,페이지 전체,law-1_page_084.png,04_visuals/page_renders/law-1_page_084.png,page:84,,0,0,841,595,1753,1240,,시각자료 위치 확인용 PDF 전체 페이지 렌더링.,,558f281f5fda274fac5886332a26a4b68b600bdf8e3f783ad148d3fd8cc47185,VIS-558F281F5FDA,TRUE,자동 추출,문맥 확인용. 규칙·사례의 직접 근거로 사용할 때는 세부 크롭과 원본 PDF를 함께 확인.
PDF-LAW2-U001,LAW2,LAW2-1,1,PDF 고유 이미지,xref_00003.png,03_extracted_images/pdf_embedded/law-2/02_visible_unique_images/xref_00003.png,xref:3,,505,720,575,790,200,200,,PDF 내부에서 직접 추출하고 투명 마스크를 합성한 고유 이미지.,"LAW2-1 / 제1조(목적) 이 조례는 대중교통 또는 의료시설 중심지역의 효율적인 개발을 통해 임대주택 공급촉진에 필요한 사 항을 규정함으로써 청년, 신혼부부, 어르신 및 1인가구의 주거안정을 도모하는 것을 목적으로 한다.",cc6cf3d67c7b432d8e616f7464ee703601e65360da717859279cb64a91abee96,VIS-CC6CF3D67C7B,TRUE,자동 추출,동일 이미지가 여러 페이지에 배치될 수 있음. 정확한 위치는 페이지 배치 이미지 레코드 확인.
OCC-LAW2-001,LAW2,LAW2-1,1,페이지 배치 이미지,law-2_p001_occ001_xref00003.png,04_visuals/image_context_crops/law-2_p001_occ001_xref00003.png,xref:3;occurrence:1,,483,698,595,812,344,349,,PDF 페이지에 실제 배치된 이미지와 주변 여백을 포함한 문맥 크롭.,"LAW2-1 / 제1조(목적) 이 조례는 대중교통 또는 의료시설 중심지역의 효율적인 개발을 통해 임대주택 공급촉진에 필요한 사 항을 규정함으로써 청년, 신혼부부, 어르신 및 1인가구의 주거안정을 도모하는 것을 목적으로 한다.",011bc791f6b289237d24298603ea0f2fd4cb1f1d4a718fc1e74690c7ddbf14c5,VIS-011BC791F6B2,TRUE,자동 추출,PDF 페이지 렌더링 기반 자동 생성. 원본 대조 필요.
PAGE-LAW2-001,LAW2,,1,페이지 전체,law-2_page_001.png,04_visuals/page_renders/law-2_page_001.png,page:1,,0,0,595,842,1240,1755,,시각자료 위치 확인용 PDF 전체 페이지 렌더링.,,664d0a8ff021aaa0a98c26dd09cdc2fddbf203ae9ac3d29550be178811be95a7,VIS-664D0A8FF021,TRUE,자동 추출,문맥 확인용. 규칙·사례의 직접 근거로 사용할 때는 세부 크롭과 원본 PDF를 함께 확인.
